instance,condition,seed,method,T,clash_events,k0,k_final,periods_added,total_D,total_W,cum_dP_raw,P0_raw,rel_repair_dP,P_final,n_single,n_double,n_kempe,n_new,n_recompute,max_D,lat_clash_median_us,lat_clash_p95_us,lat_all_median_us,valid,hash
car-f-92,tight,0,RECOMPUTE,200,6,30,30,0,745,48329,-3264,180006,-0.018132728909036364,9.681578804495357,0,0,0,0,6,260,19174.59,38805.48,3.13,1,2be1a5d27b682f2269cf2b3ea2a8c8c2166128687d3172e602197fbf39903ff6
car-f-92,tight,0,ONE_BLOCKER,200,5,30,30,0,5,360,-1943,180006,-0.010794084641623057,9.748737716488408,5,0,0,0,0,1,91.84,203.15,3.37,1,75f99423d5bd8b6784853bea34abf8e8b6a53b7b1dbc57fe838e29b3c8772f1f
car-f-92,tight,0,SINGLE,200,5,30,30,0,5,360,-1943,180006,-0.010794084641623057,9.748737716488408,5,0,0,0,0,1,77.79,219.71,3.21,1,75f99423d5bd8b6784853bea34abf8e8b6a53b7b1dbc57fe838e29b3c8772f1f
car-f-92,tight,0,TBR_B16,200,5,30,30,0,5,360,-1943,180006,-0.010794084641623057,9.748737716488408,5,0,0,0,0,1,81.33,207.71,3.35,1,75f99423d5bd8b6784853bea34abf8e8b6a53b7b1dbc57fe838e29b3c8772f1f
car-f-92,tight,0,TBR_B2,200,5,30,30,0,5,360,-1943,180006,-0.010794084641623057,9.748737716488408,5,0,0,0,0,1,96.89,207.33,3.24,1,75f99423d5bd8b6784853bea34abf8e8b6a53b7b1dbc57fe838e29b3c8772f1f
car-f-92,tight,0,TBR_B4,200,5,30,30,0,5,360,-1943,180006,-0.010794084641623057,9.748737716488408,5,0,0,0,0,1,86.65,213.7,3.25,1,75f99423d5bd8b6784853bea34abf8e8b6a53b7b1dbc57fe838e29b3c8772f1f
car-f-92,tight,0,TBR_NOT2,200,5,30,30,0,5,360,-1943,180006,-0.010794084641623057,9.748737716488408,5,0,0,0,0,1,92.67,244.58,4.08,1,75f99423d5bd8b6784853bea34abf8e8b6a53b7b1dbc57fe838e29b3c8772f1f
car-f-92,tight,0,TBR,200,5,30,30,0,5,360,-1943,180006,-0.010794084641623057,9.748737716488408,5,0,0,0,0,1,95.61,247.42,3.75,1,75f99423d5bd8b6784853bea34abf8e8b6a53b7b1dbc57fe838e29b3c8772f1f
car-f-92,tight,0,TBR_NOPROX,200,5,30,30,0,5,360,-752,180006,-0.004177638523160339,9.813616374396004,5,0,0,0,0,1,43.46,48.26,4.04,1,920c4bc39f0b891ee977c583cefd66bf607482c4438484464ebbd26327d1b117
car-f-92,tight,0,TBR_B32,200,5,30,30,0,5,360,-1943,180006,-0.010794084641623057,9.748737716488408,5,0,0,0,0,1,92.95,234.52,3.94,1,75f99423d5bd8b6784853bea34abf8e8b6a53b7b1dbc57fe838e29b3c8772f1f
car-f-92,official,0,RECOMPUTE,200,6,32,32,0,745,48329,-3264,180006,-0.018132728909036364,9.681578804495357,0,0,0,0,6,260,24305.89,42698.94,3.79,1,bae201742ddb596c5b36d0f578e6859e589c22c3b52f6702efa0e98085c2e042
car-f-92,official,0,ONE_BLOCKER,200,5,32,32,0,5,360,-2232,180006,-0.012399586680443985,9.73304739670992,5,0,0,0,0,1,194.67,251.62,3.85,1,9fb7e26f83956a710b7dec3c5dfb61ad4fc9bb53d5cd92f4e16625a15fe29a3c
car-f-92,official,0,SINGLE,200,5,32,32,0,5,360,-2232,180006,-0.012399586680443985,9.73304739670992,5,0,0,0,0,1,222.95,273.08,3.75,1,9fb7e26f83956a710b7dec3c5dfb61ad4fc9bb53d5cd92f4e16625a15fe29a3c
car-f-92,official,0,TBR_B16,200,5,32,32,0,5,360,-2232,180006,-0.012399586680443985,9.73304739670992,5,0,0,0,0,1,206.05,260.99,3.91,1,9fb7e26f83956a710b7dec3c5dfb61ad4fc9bb53d5cd92f4e16625a15fe29a3c
car-f-92,official,0,TBR_B2,200,5,32,32,0,5,360,-2232,180006,-0.012399586680443985,9.73304739670992,5,0,0,0,0,1,184.22,269.48,4.05,1,9fb7e26f83956a710b7dec3c5dfb61ad4fc9bb53d5cd92f4e16625a15fe29a3c
car-f-92,official,0,TBR_B4,200,5,32,32,0,5,360,-2232,180006,-0.012399586680443985,9.73304739670992,5,0,0,0,0,1,203.25,287.04,3.99,1,9fb7e26f83956a710b7dec3c5dfb61ad4fc9bb53d5cd92f4e16625a15fe29a3c
car-f-92,official,0,TBR_NOT2,200,5,32,32,0,5,360,-2232,180006,-0.012399586680443985,9.73304739670992,5,0,0,0,0,1,196.98,243.16,4.39,1,9fb7e26f83956a710b7dec3c5dfb61ad4fc9bb53d5cd92f4e16625a15fe29a3c
car-f-92,official,0,TBR,200,5,32,32,0,5,360,-2232,180006,-0.012399586680443985,9.73304739670992,5,0,0,0,0,1,185.34,239.92,4.14,1,9fb7e26f83956a710b7dec3c5dfb61ad4fc9bb53d5cd92f4e16625a15fe29a3c
car-f-92,official,0,TBR_NOPROX,200,5,32,32,0,5,360,-752,180006,-0.004177638523160339,9.813616374396004,5,0,0,0,0,1,45.83,55.95,3.86,1,b6557a35f0091e6be963700acfeffc5998e87363001c79a16932d71053d33ce8
car-f-92,official,0,TBR_B32,200,5,32,32,0,5,360,-2232,180006,-0.012399586680443985,9.73304739670992,5,0,0,0,0,1,195.13,251.9,4.03,1,9fb7e26f83956a710b7dec3c5dfb61ad4fc9bb53d5cd92f4e16625a15fe29a3c
car-f-92,tight,1,TBR_B32,200,3,28,28,0,3,141,-309,186151,-0.0016599427346616457,10.169987512894293,3,0,0,0,0,1,98.58,140.5,4.37,1,2c10ca5ca8ac26f3f8928ef43d1561ee82422a7435be72f16be33263bf6174da
car-f-92,tight,1,TBR_B4,200,3,28,28,0,3,141,-309,186151,-0.0016599427346616457,10.169987512894293,3,0,0,0,0,1,106.51,157.09,4.65,1,2c10ca5ca8ac26f3f8928ef43d1561ee82422a7435be72f16be33263bf6174da
car-f-92,tight,1,ONE_BLOCKER,200,3,28,28,0,3,141,-309,186151,-0.0016599427346616457,10.169987512894293,3,0,0,0,0,1,98.22,129.31,3.99,1,2c10ca5ca8ac26f3f8928ef43d1561ee82422a7435be72f16be33263bf6174da
car-f-92,tight,1,TBR,200,3,28,28,0,3,141,-309,186151,-0.0016599427346616457,10.169987512894293,3,0,0,0,0,1,94.17,126.47,3.91,1,2c10ca5ca8ac26f3f8928ef43d1561ee82422a7435be72f16be33263bf6174da
car-f-92,tight,1,TBR_B2,200,3,28,28,0,3,141,-309,186151,-0.0016599427346616457,10.169987512894293,3,0,0,0,0,1,97.98,137.95,4.07,1,2c10ca5ca8ac26f3f8928ef43d1561ee82422a7435be72f16be33263bf6174da
car-f-92,tight,1,TBR_NOPROX,200,3,28,28,0,3,141,-265,186151,-0.0014235754844185635,10.172376350507628,3,0,0,0,0,1,46.62,50.06,3.95,1,e35d3ba12cc9e696c5c59569f4a55bb8269cca374c7e3d5aa36def636320815f
car-f-92,tight,1,RECOMPUTE,200,6,28,30,2,977,65196,-12039,186151,-0.06467330285628334,9.52760736196319,0,0,0,0,6,319,23783.66,43551.77,3.79,1,7087c93f11a1420c58e822bc6c7c8ff5c5360b6b31b0a026453a9fe7b5ef874a
car-f-92,tight,1,TBR_B16,200,3,28,28,0,3,141,-309,186151,-0.0016599427346616457,10.169987512894293,3,0,0,0,0,1,100.37,167.07,4.31,1,2c10ca5ca8ac26f3f8928ef43d1561ee82422a7435be72f16be33263bf6174da
car-f-92,tight,1,SINGLE,200,3,28,28,0,3,141,-309,186151,-0.0016599427346616457,10.169987512894293,3,0,0,0,0,1,120.64,130.63,3.92,1,2c10ca5ca8ac26f3f8928ef43d1561ee82422a7435be72f16be33263bf6174da
car-f-92,tight,1,TBR_NOT2,200,3,28,28,0,3,141,-309,186151,-0.0016599427346616457,10.169987512894293,3,0,0,0,0,1,96.11,135.33,4.02,1,2c10ca5ca8ac26f3f8928ef43d1561ee82422a7435be72f16be33263bf6174da
car-f-92,official,1,TBR_B32,200,3,32,32,0,3,141,-665,186151,-0.0035723686684465835,10.150659644931864,3,0,0,0,0,1,192.99,281.06,4.72,1,1c8307bc0921d1e86255f09ce56458f7b8791a9fd44d8e54deb2cb0415a87ab0
car-f-92,official,1,TBR_B4,200,3,32,32,0,3,141,-665,186151,-0.0035723686684465835,10.150659644931864,3,0,0,0,0,1,149.13,251.23,4.54,1,1c8307bc0921d1e86255f09ce56458f7b8791a9fd44d8e54deb2cb0415a87ab0
car-f-92,official,1,ONE_BLOCKER,200,3,32,32,0,3,141,-665,186151,-0.0035723686684465835,10.150659644931864,3,0,0,0,0,1,179.54,283.93,4.28,1,1c8307bc0921d1e86255f09ce56458f7b8791a9fd44d8e54deb2cb0415a87ab0
car-f-92,official,1,TBR,200,3,32,32,0,3,141,-665,186151,-0.0035723686684465835,10.150659644931864,3,0,0,0,0,1,157.05,260.57,4.0,1,1c8307bc0921d1e86255f09ce56458f7b8791a9fd44d8e54deb2cb0415a87ab0
car-f-92,official,1,TBR_B2,200,3,32,32,0,3,141,-665,186151,-0.0035723686684465835,10.150659644931864,3,0,0,0,0,1,170.38,294.88,4.62,1,1c8307bc0921d1e86255f09ce56458f7b8791a9fd44d8e54deb2cb0415a87ab0
car-f-92,official,1,TBR_NOPROX,200,3,32,32,0,3,141,-265,186151,-0.0014235754844185635,10.172376350507628,3,0,0,0,0,1,50.56,58.3,3.98,1,6a29ce689ee3e0889eed0cf8a9ab903f6dad33df812477edf5e8aed83d3b40d4
car-f-92,official,1,RECOMPUTE,200,6,32,32,0,977,65196,-12039,186151,-0.06467330285628334,9.52760736196319,0,0,0,0,6,319,25642.91,44788.38,3.63,1,c5c5fc2bd6bd263860ee41dccbeefe7a423c1f1c7485c146dece7cf088a10dfe
car-f-92,official,1,TBR_B16,200,3,32,32,0,3,141,-665,186151,-0.0035723686684465835,10.150659644931864,3,0,0,0,0,1,140.23,261.93,4.02,1,1c8307bc0921d1e86255f09ce56458f7b8791a9fd44d8e54deb2cb0415a87ab0
car-f-92,official,1,SINGLE,200,3,32,32,0,3,141,-665,186151,-0.0035723686684465835,10.150659644931864,3,0,0,0,0,1,170.21,252.5,3.71,1,1c8307bc0921d1e86255f09ce56458f7b8791a9fd44d8e54deb2cb0415a87ab0
car-f-92,official,1,TBR_NOT2,200,3,32,32,0,3,141,-665,186151,-0.0035723686684465835,10.150659644931864,3,0,0,0,0,1,141.94,239.03,3.79,1,1c8307bc0921d1e86255f09ce56458f7b8791a9fd44d8e54deb2cb0415a87ab0
car-f-92,tight,2,TBR_B16,200,4,29,30,1,4,231,-1006,187973,-0.005351832444021216,10.220478853357946,3,0,0,1,0,1,406.89,6672.56,3.99,1,c7328fc6f0d46445f070de58b3af8f72925067fbac403a7267fe3af12e8e0e1d
car-f-92,tight,2,TBR_B4,200,4,29,30,1,4,231,-1006,187973,-0.005351832444021216,10.220478853357946,3,0,0,1,0,1,236.13,1090.36,4.08,1,c7328fc6f0d46445f070de58b3af8f72925067fbac403a7267fe3af12e8e0e1d
car-f-92,tight,2,TBR_B32,200,4,29,30,1,4,231,-1006,187973,-0.005351832444021216,10.220478853357946,3,0,0,1,0,1,400.78,10138.06,4.19,1,c7328fc6f0d46445f070de58b3af8f72925067fbac403a7267fe3af12e8e0e1d
car-f-92,tight,2,TBR_NOT2,200,4,29,30,1,4,231,-1006,187973,-0.005351832444021216,10.220478853357946,3,0,0,1,0,1,254.53,2042.54,3.92,1,c7328fc6f0d46445f070de58b3af8f72925067fbac403a7267fe3af12e8e0e1d
car-f-92,tight,2,ONE_BLOCKER,200,4,29,30,1,4,231,-1006,187973,-0.005351832444021216,10.220478853357946,3,0,0,1,0,1,279.65,475.38,3.96,1,c7328fc6f0d46445f070de58b3af8f72925067fbac403a7267fe3af12e8e0e1d
car-f-92,tight,2,TBR,200,4,29,30,1,4,231,-1006,187973,-0.005351832444021216,10.220478853357946,3,0,0,1,0,1,447.45,2159.03,3.85,1,c7328fc6f0d46445f070de58b3af8f72925067fbac403a7267fe3af12e8e0e1d
car-f-92,tight,2,TBR_NOPROX,200,4,29,30,1,4,231,-578,187973,-0.003074909694477398,10.243715728324013,3,0,0,1,0,1,210.44,2332.64,4.41,1,570e4eda8aae93b5b3f91d5a1419880831af97589c521388bb86ffa42bd924fa
car-f-92,tight,2,SINGLE,200,4,29,30,1,4,231,-1006,187973,-0.005351832444021216,10.220478853357946,3,0,0,1,0,1,149.69,291.45,3.9,1,c7328fc6f0d46445f070de58b3af8f72925067fbac403a7267fe3af12e8e0e1d
car-f-92,tight,2,RECOMPUTE,200,7,29,29,0,653,34479,-3770,187973,-0.020056071882664,10.07725718008578,0,0,0,0,7,220,22066.69,23282.46,3.52,1,0d7d8cbe44e2b5bb0877e5247bfed99074def5786fde1603365d6f55197e993e
car-f-92,tight,2,TBR_B2,200,4,29,30,1,4,231,-1006,187973,-0.005351832444021216,10.220478853357946,3,0,0,1,0,1,269.86,489.04,3.98,1,c7328fc6f0d46445f070de58b3af8f72925067fbac403a7267fe3af12e8e0e1d
car-f-92,official,2,TBR_B16,200,4,32,32,0,4,231,-1213,187973,-0.006453054428029558,10.209240458222487,4,0,0,0,0,1,222.51,294.03,4.54,1,ecb7855170aee16f095109ad40e017934cc5dd5b90ac147e5aafe9fccde973ef
car-f-92,official,2,TBR_B4,200,4,32,32,0,4,231,-1213,187973,-0.006453054428029558,10.209240458222487,4,0,0,0,0,1,209.62,296.16,4.45,1,ecb7855170aee16f095109ad40e017934cc5dd5b90ac147e5aafe9fccde973ef
car-f-92,official,2,TBR_B32,200,4,32,32,0,4,231,-1213,187973,-0.006453054428029558,10.209240458222487,4,0,0,0,0,1,228.91,316.51,4.36,1,ecb7855170aee16f095109ad40e017934cc5dd5b90ac147e5aafe9fccde973ef
car-f-92,official,2,TBR_NOT2,200,4,32,32,0,4,231,-1213,187973,-0.006453054428029558,10.209240458222487,4,0,0,0,0,1,246.87,319.31,4.09,1,ecb7855170aee16f095109ad40e017934cc5dd5b90ac147e5aafe9fccde973ef
car-f-92,official,2,ONE_BLOCKER,200,4,32,32,0,4,231,-1213,187973,-0.006453054428029558,10.209240458222487,4,0,0,0,0,1,207.79,294.17,4.12,1,ecb7855170aee16f095109ad40e017934cc5dd5b90ac147e5aafe9fccde973ef
car-f-92,official,2,TBR,200,4,32,32,0,4,231,-1213,187973,-0.006453054428029558,10.209240458222487,4,0,0,0,0,1,237.92,296.34,4.14,1,ecb7855170aee16f095109ad40e017934cc5dd5b90ac147e5aafe9fccde973ef
car-f-92,official,2,TBR_NOPROX,200,4,32,32,0,4,231,-578,187973,-0.003074909694477398,10.243715728324013,4,0,0,0,0,1,52.55,54.95,4.2,1,05ee5c5e33cb049ae411e2b36fbc83ad34ab04a34e1a616de05cc6f2114b8121
car-f-92,official,2,SINGLE,200,4,32,32,0,4,231,-1213,187973,-0.006453054428029558,10.209240458222487,4,0,0,0,0,1,213.07,292.65,3.83,1,ecb7855170aee16f095109ad40e017934cc5dd5b90ac147e5aafe9fccde973ef
car-f-92,official,2,RECOMPUTE,200,7,32,32,0,653,34479,-3770,187973,-0.020056071882664,10.07725718008578,0,0,0,0,7,220,22100.76,25591.36,3.7,1,5676c85a50feed88a05fc837ed7dbcfc7c07ed2a397beb8be2e41526e7bf6064
car-f-92,official,2,TBR_B2,200,4,32,32,0,4,231,-1213,187973,-0.006453054428029558,10.209240458222487,4,0,0,0,0,1,194.91,273.39,4.19,1,ecb7855170aee16f095109ad40e017934cc5dd5b90ac147e5aafe9fccde973ef
car-f-92,tight,3,TBR_B16,200,3,29,30,1,3,246,-910,189076,-0.0048128794770356895,10.29833324284706,2,0,0,1,0,1,166.25,6915.52,4.73,1,089cbe7cdb6ae46ded190667f22e897d775fa1d0dfa2bf94a7e7478710c1c918
car-f-92,tight,3,TBR_NOPROX,200,3,29,30,1,3,246,-815,189076,-0.004310436015147348,10.303490960421303,2,0,0,1,0,1,58.18,1900.07,3.83,1,4427689033616aabe16afe4ef85d687fc90e24e168df8b0b257337bd81ad205f
car-f-92,tight,3,TBR_B4,200,3,29,30,1,3,246,-910,189076,-0.0048128794770356895,10.29833324284706,2,0,0,1,0,1,142.7,952.88,4.25,1,089cbe7cdb6ae46ded190667f22e897d775fa1d0dfa2bf94a7e7478710c1c918
car-f-92,tight,3,ONE_BLOCKER,200,3,29,30,1,3,246,-910,189076,-0.0048128794770356895,10.29833324284706,2,0,0,1,0,1,139.01,267.36,3.83,1,089cbe7cdb6ae46ded190667f22e897d775fa1d0dfa2bf94a7e7478710c1c918
car-f-92,tight,3,TBR_NOT2,200,3,29,30,1,3,246,-910,189076,-0.0048128794770356895,10.29833324284706,2,0,0,1,0,1,136.34,1895.13,3.91,1,089cbe7cdb6ae46ded190667f22e897d775fa1d0dfa2bf94a7e7478710c1c918
car-f-92,tight,3,TBR_B32,200,3,29,30,1,3,246,-910,189076,-0.0048128794770356895,10.29833324284706,2,0,0,1,0,1,164.26,11512.95,4.25,1,089cbe7cdb6ae46ded190667f22e897d775fa1d0dfa2bf94a7e7478710c1c918
car-f-92,tight,3,SINGLE,200,3,29,30,1,3,246,-910,189076,-0.0048128794770356895,10.29833324284706,2,0,0,1,0,1,110.75,133.01,4.0,1,089cbe7cdb6ae46ded190667f22e897d775fa1d0dfa2bf94a7e7478710c1c918
car-f-92,tight,3,TBR_B2,200,3,29,30,1,3,246,-910,189076,-0.0048128794770356895,10.29833324284706,2,0,0,1,0,1,150.77,271.93,4.15,1,089cbe7cdb6ae46ded190667f22e897d775fa1d0dfa2bf94a7e7478710c1c918
car-f-92,tight,3,TBR,200,3,29,30,1,3,246,-910,189076,-0.0048128794770356895,10.29833324284706,2,0,0,1,0,1,163.59,2015.21,3.87,1,089cbe7cdb6ae46ded190667f22e897d775fa1d0dfa2bf94a7e7478710c1c918
car-f-92,tight,3,RECOMPUTE,200,5,29,29,0,429,23787,-12093,189076,-0.06395840825911274,9.6870079808893,0,0,0,0,5,259,21930.88,23970.46,3.14,1,17c43444776ac07108bc8adbe904f479ffd1628918e43203a10a3fb24332b97b
car-f-92,official,3,TBR_B16,200,3,32,32,0,3,246,-1161,189076,-0.006140387992130149,10.284706010098269,3,0,0,0,0,1,179.37,254.31,4.76,1,b55069bf0facbd6bc3af3e125cda3e24c321c6e223cb4e59fffa310cb35ff83c
car-f-92,official,3,TBR_NOPROX,200,3,32,32,0,3,246,-815,189076,-0.004310436015147348,10.303490960421303,3,0,0,0,0,1,52.31,52.84,4.35,1,333513cd723f3a19842706ce022f580aac47231630a3b15c5d4946c088cb65d1
car-f-92,official,3,TBR_B4,200,3,32,32,0,3,246,-1161,189076,-0.006140387992130149,10.284706010098269,3,0,0,0,0,1,139.56,222.95,4.19,1,b55069bf0facbd6bc3af3e125cda3e24c321c6e223cb4e59fffa310cb35ff83c
car-f-92,official,3,ONE_BLOCKER,200,3,32,32,0,3,246,-1161,189076,-0.006140387992130149,10.284706010098269,3,0,0,0,0,1,142.65,238.05,4.63,1,b55069bf0facbd6bc3af3e125cda3e24c321c6e223cb4e59fffa310cb35ff83c
car-f-92,official,3,TBR_NOT2,200,3,32,32,0,3,246,-1161,189076,-0.006140387992130149,10.284706010098269,3,0,0,0,0,1,186.74,242.67,4.64,1,b55069bf0facbd6bc3af3e125cda3e24c321c6e223cb4e59fffa310cb35ff83c
car-f-92,official,3,TBR_B32,200,3,32,32,0,3,246,-1161,189076,-0.006140387992130149,10.284706010098269,3,0,0,0,0,1,146.93,226.4,4.48,1,b55069bf0facbd6bc3af3e125cda3e24c321c6e223cb4e59fffa310cb35ff83c
car-f-92,official,3,SINGLE,200,3,32,32,0,3,246,-1161,189076,-0.006140387992130149,10.284706010098269,3,0,0,0,0,1,143.81,256.38,4.26,1,b55069bf0facbd6bc3af3e125cda3e24c321c6e223cb4e59fffa310cb35ff83c
car-f-92,official,3,TBR_B2,200,3,32,32,0,3,246,-1161,189076,-0.006140387992130149,10.284706010098269,3,0,0,0,0,1,257.67,1739.73,4.54,1,b55069bf0facbd6bc3af3e125cda3e24c321c6e223cb4e59fffa310cb35ff83c
car-f-92,official,3,TBR,200,3,32,32,0,3,246,-1161,189076,-0.006140387992130149,10.284706010098269,3,0,0,0,0,1,156.26,222.06,4.24,1,b55069bf0facbd6bc3af3e125cda3e24c321c6e223cb4e59fffa310cb35ff83c
car-f-92,official,3,RECOMPUTE,200,5,32,32,0,429,23787,-12093,189076,-0.06395840825911274,9.6870079808893,0,0,0,0,5,259,23534.56,25284.71,3.43,1,988e1155f37826135d9259c8034d84bb307edb5a0f8474140ac8d9cf96e770fe
car-f-92,tight,4,TBR,200,7,29,30,1,7,1073,-3612,173690,-0.020795670447348726,9.306368423910094,6,0,0,1,0,1,154.23,1629.13,4.82,1,d69af772e9d732082793b6ff247bdf603baf315e6893b6e2dd3ecaf7dc4a5253
car-f-92,tight,4,TBR_B16,200,7,29,30,1,7,1073,-3612,173690,-0.020795670447348726,9.306368423910094,6,0,0,1,0,1,139.79,2500.92,4.24,1,d69af772e9d732082793b6ff247bdf603baf315e6893b6e2dd3ecaf7dc4a5253
car-f-92,tight,4,RECOMPUTE,200,6,29,29,0,694,43803,-3860,173690,-0.022223501640854397,9.291492480590694,0,0,0,0,6,357,25603.9,28724.48,3.58,1,68479371ca6f761b9a4938a99ae119195f8afb5312c33444158edeaf272aecbe
car-f-92,tight,4,ONE_BLOCKER,200,7,29,30,1,7,1073,-3612,173690,-0.020795670447348726,9.306368423910094,6,0,0,1,0,1,165.51,426.56,4.09,1,d69af772e9d732082793b6ff247bdf603baf315e6893b6e2dd3ecaf7dc4a5253
car-f-92,tight,4,TBR_NOPROX,200,7,29,30,1,7,1073,-2437,173690,-0.01403074442973113,9.370704164178294,6,0,0,1,0,1,42.41,1170.96,4.03,1,54f5858d5ed2fb28877ea1fadb41640ea9a75d752f3128532b83160c90857e61
car-f-92,tight,4,TBR_NOT2,200,7,29,30,1,7,1073,-3612,173690,-0.020795670447348726,9.306368423910094,6,0,0,1,0,1,141.89,1196.93,4.1,1,d69af772e9d732082793b6ff247bdf603baf315e6893b6e2dd3ecaf7dc4a5253
car-f-92,tight,4,TBR_B2,200,7,29,30,1,7,1073,-3612,173690,-0.020795670447348726,9.306368423910094,6,0,0,1,0,1,135.34,400.13,4.18,1,d69af772e9d732082793b6ff247bdf603baf315e6893b6e2dd3ecaf7dc4a5253
car-f-92,tight,4,SINGLE,200,7,29,30,1,7,1073,-3612,173690,-0.020795670447348726,9.306368423910094,6,0,0,1,0,1,121.71,161.98,3.99,1,d69af772e9d732082793b6ff247bdf603baf315e6893b6e2dd3ecaf7dc4a5253
car-f-92,tight,4,TBR_B4,200,7,29,30,1,7,1073,-3612,173690,-0.020795670447348726,9.306368423910094,6,0,0,1,0,1,159.63,1023.17,4.28,1,d69af772e9d732082793b6ff247bdf603baf315e6893b6e2dd3ecaf7dc4a5253
car-f-92,tight,4,TBR_B32,200,7,29,30,1,7,1073,-3612,173690,-0.020795670447348726,9.306368423910094,6,0,0,1,0,1,161.41,7877.78,4.89,1,d69af772e9d732082793b6ff247bdf603baf315e6893b6e2dd3ecaf7dc4a5253
car-f-92,official,4,TBR,200,7,32,32,0,7,727,-3594,173690,-0.02069203753814267,9.307399967424942,7,0,0,0,0,1,260.1,415.15,5.05,1,6634d0ab19600aca7ced1de44773dcee34b6381ec1425a417a6b57882230cc30
car-f-92,official,4,TBR_B16,200,7,32,32,0,7,727,-3594,173690,-0.02069203753814267,9.307399967424942,7,0,0,0,0,1,229.75,423.33,4.34,1,6634d0ab19600aca7ced1de44773dcee34b6381ec1425a417a6b57882230cc30
car-f-92,official,4,RECOMPUTE,200,6,32,32,0,694,43803,-3860,173690,-0.022223501640854397,9.291492480590694,0,0,0,0,6,357,23579.76,27661.07,4.17,1,04a14be52138b16e94cbf722e0d4c9aebebcd5b606681a01c8933bea7685e294
car-f-92,official,4,ONE_BLOCKER,200,7,32,32,0,7,727,-3594,173690,-0.02069203753814267,9.307399967424942,7,0,0,0,0,1,264.16,405.28,4.19,1,6634d0ab19600aca7ced1de44773dcee34b6381ec1425a417a6b57882230cc30
car-f-92,official,4,TBR_NOPROX,200,7,32,32,0,7,727,-1952,173690,-0.011238413265012378,9.397089961452847,7,0,0,0,0,1,47.58,78.01,4.12,1,2b62f9f692e0532b51429d4a8d5c2379444164e116ee2c81013d11099fc67fa0
car-f-92,official,4,TBR_NOT2,200,7,32,32,0,7,727,-3594,173690,-0.02069203753814267,9.307399967424942,7,0,0,0,0,1,260.6,394.09,4.1,1,6634d0ab19600aca7ced1de44773dcee34b6381ec1425a417a6b57882230cc30
car-f-92,official,4,TBR_B2,200,7,32,32,0,7,727,-3594,173690,-0.02069203753814267,9.307399967424942,7,0,0,0,0,1,260.36,422.46,5.0,1,6634d0ab19600aca7ced1de44773dcee34b6381ec1425a417a6b57882230cc30
car-f-92,official,4,SINGLE,200,7,32,32,0,7,727,-3594,173690,-0.02069203753814267,9.307399967424942,7,0,0,0,0,1,252.51,451.02,4.34,1,6634d0ab19600aca7ced1de44773dcee34b6381ec1425a417a6b57882230cc30
car-f-92,official,4,TBR_B4,200,7,32,32,0,7,727,-3594,173690,-0.02069203753814267,9.307399967424942,7,0,0,0,0,1,239.06,418.2,4.54,1,6634d0ab19600aca7ced1de44773dcee34b6381ec1425a417a6b57882230cc30
car-f-92,official,4,TBR_B32,200,7,32,32,0,7,727,-3594,173690,-0.02069203753814267,9.307399967424942,7,0,0,0,0,1,291.08,585.07,5.21,1,6634d0ab19600aca7ced1de44773dcee34b6381ec1425a417a6b57882230cc30
car-f-92,tight,5,TBR_NOPROX,200,9,29,30,1,11,860,-2022,181812,-0.011121378126856313,9.841359465769044,7,0,1,1,0,3,44.86,1719.39,4.67,1,7cc7b4535c603f48a7b689efa61e86cd3ffd26df84d50c71c87dbbfdf09dc40b
car-f-92,tight,5,TBR_NOT2,200,9,29,30,1,11,860,-3359,181812,-0.01847512815435725,9.768771377382052,7,0,1,1,0,3,125.92,1773.01,4.75,1,0c4cdfce3fb141bda5a6f2242e1e2becda9c9460b72f165227662112d1d7237a
car-f-92,tight,5,TBR_B32,200,9,29,30,1,11,860,-3359,181812,-0.01847512815435725,9.768771377382052,7,0,1,1,0,3,115.68,9779.36,4.71,1,0c4cdfce3fb141bda5a6f2242e1e2becda9c9460b72f165227662112d1d7237a
car-f-92,tight,5,TBR,200,9,29,30,1,11,860,-3359,181812,-0.01847512815435725,9.768771377382052,7,0,1,1,0,3,112.5,1997.18,4.33,1,0c4cdfce3fb141bda5a6f2242e1e2becda9c9460b72f165227662112d1d7237a
car-f-92,tight,5,TBR_B2,200,9,29,30,1,10,671,-3251,181812,-0.01788110795767056,9.774580596123569,7,1,0,1,0,2,109.67,435.51,4.65,1,4adbb661ed576eef10f8b45bc64f6be4351eb6d5b7cc435e64c2ef6227d416bd
car-f-92,tight,5,RECOMPUTE,200,9,29,29,0,671,43301,-1579,181812,-0.008684795283039623,9.859710081980564,0,0,0,0,9,316,23826.81,41599.24,3.89,1,554c9b075de7df727a4b4f43deead8616c7a36d2efb66e9a727fc0138977931e
car-f-92,tight,5,ONE_BLOCKER,200,9,29,30,1,10,671,-3251,181812,-0.01788110795767056,9.774580596123569,7,1,0,1,0,2,116.24,477.56,4.59,1,4adbb661ed576eef10f8b45bc64f6be4351eb6d5b7cc435e64c2ef6227d416bd
car-f-92,tight,5,SINGLE,200,9,29,31,2,9,522,-3596,181812,-0.019778672474864145,9.755849937564472,7,0,0,2,0,1,99.46,160.13,4.39,1,f1f39a2765bd5a52d91ee5fcbeb826429af06fbd5bf36115f2412ca389c018ad
car-f-92,tight,5,TBR_B4,200,9,29,30,1,11,860,-3359,181812,-0.01847512815435725,9.768771377382052,7,0,1,1,0,3,111.64,1274.04,4.72,1,0c4cdfce3fb141bda5a6f2242e1e2becda9c9460b72f165227662112d1d7237a
car-f-92,tight,5,TBR_B16,200,9,29,30,1,11,860,-3359,181812,-0.01847512815435725,9.768771377382052,7,0,1,1,0,3,114.04,4623.79,4.33,1,0c4cdfce3fb141bda5a6f2242e1e2becda9c9460b72f165227662112d1d7237a
car-f-92,official,5,TBR_NOPROX,200,9,32,32,0,9,522,-2021,181812,-0.011115877939849955,9.841359465769044,9,0,0,0,0,1,47.38,65.08,4.97,1,b43bc061f4d3a3dc3f76777959378f33ec6cfd680ef1e2b91a0f6083872b6a00
car-f-92,official,5,TBR_NOT2,200,9,32,32,0,9,522,-3857,181812,-0.02121422128352364,9.741679787176285,9,0,0,0,0,1,189.8,315.51,4.45,1,dfff802ebbd55afcef458de2fb629ecaca338e18cb729096d8d935c0fb1b8684
car-f-92,official,5,TBR_B32,200,9,32,32,0,9,522,-3857,181812,-0.02121422128352364,9.741679787176285,9,0,0,0,0,1,181.85,312.5,4.64,1,dfff802ebbd55afcef458de2fb629ecaca338e18cb729096d8d935c0fb1b8684
car-f-92,official,5,TBR,200,9,32,32,0,9,522,-3857,181812,-0.02121422128352364,9.741679787176285,9,0,0,0,0,1,176.02,337.67,4.71,1,dfff802ebbd55afcef458de2fb629ecaca338e18cb729096d8d935c0fb1b8684
car-f-92,official,5,TBR_B2,200,9,32,32,0,9,522,-3857,181812,-0.02121422128352364,9.741679787176285,9,0,0,0,0,1,190.83,325.24,4.89,1,dfff802ebbd55afcef458de2fb629ecaca338e18cb729096d8d935c0fb1b8684
car-f-92,official,5,RECOMPUTE,200,9,32,32,0,671,43301,-1579,181812,-0.008684795283039623,9.859710081980564,0,0,0,0,9,316,25950.89,48725.32,4.43,1,cb7379cdc35da9574158fbd9df417960697e12d8c13f038b3972710257382ac4
car-f-92,official,5,ONE_BLOCKER,200,9,32,32,0,9,522,-3857,181812,-0.02121422128352364,9.741679787176285,9,0,0,0,0,1,187.82,337.58,4.71,1,dfff802ebbd55afcef458de2fb629ecaca338e18cb729096d8d935c0fb1b8684
car-f-92,official,5,SINGLE,200,9,32,32,0,9,522,-3857,181812,-0.02121422128352364,9.741679787176285,9,0,0,0,0,1,234.16,335.15,4.62,1,dfff802ebbd55afcef458de2fb629ecaca338e18cb729096d8d935c0fb1b8684
car-f-92,official,5,TBR_B4,200,9,32,32,0,9,522,-3857,181812,-0.02121422128352364,9.741679787176285,9,0,0,0,0,1,182.74,341.53,4.56,1,dfff802ebbd55afcef458de2fb629ecaca338e18cb729096d8d935c0fb1b8684
car-f-92,official,5,TBR_B16,200,9,32,32,0,9,522,-3857,181812,-0.02121422128352364,9.741679787176285,9,0,0,0,0,1,182.98,314.17,4.31,1,dfff802ebbd55afcef458de2fb629ecaca338e18cb729096d8d935c0fb1b8684
car-f-92,tight,6,TBR_B32,200,4,29,29,0,4,416,-2301,190756,-0.01206253014321961,10.31038601444161,4,0,0,0,0,1,99.25,163.2,5.02,1,8b765784e6e100b93ff59aecaec21a153be1e31344c79630ebf770738c5a90b4
car-f-92,tight,6,TBR_B4,200,4,29,29,0,4,416,-2301,190756,-0.01206253014321961,10.31038601444161,4,0,0,0,0,1,113.32,158.97,4.7,1,8b765784e6e100b93ff59aecaec21a153be1e31344c79630ebf770738c5a90b4
car-f-92,tight,6,TBR_B16,200,4,29,29,0,4,416,-2301,190756,-0.01206253014321961,10.31038601444161,4,0,0,0,0,1,86.06,151.76,4.41,1,8b765784e6e100b93ff59aecaec21a153be1e31344c79630ebf770738c5a90b4
car-f-92,tight,6,SINGLE,200,4,29,29,0,4,416,-2301,190756,-0.01206253014321961,10.31038601444161,4,0,0,0,0,1,95.76,148.31,4.49,1,8b765784e6e100b93ff59aecaec21a153be1e31344c79630ebf770738c5a90b4
car-f-92,tight,6,TBR_B2,200,4,29,29,0,4,416,-2301,190756,-0.01206253014321961,10.31038601444161,4,0,0,0,0,1,90.89,150.16,4.83,1,8b765784e6e100b93ff59aecaec21a153be1e31344c79630ebf770738c5a90b4
car-f-92,tight,6,TBR_NOPROX,200,4,29,29,0,4,416,-1709,190756,-0.008959089098114869,10.34252673869374,4,0,0,0,0,1,65.02,77.94,5.06,1,f159f07c24aab6ea5888712dff43409bfe3b82339f8e16ab229a445a1d9d1931
car-f-92,tight,6,TBR_NOT2,200,4,29,29,0,4,416,-2301,190756,-0.01206253014321961,10.31038601444161,4,0,0,0,0,1,100.75,166.84,4.43,1,8b765784e6e100b93ff59aecaec21a153be1e31344c79630ebf770738c5a90b4
car-f-92,tight,6,ONE_BLOCKER,200,4,29,29,0,4,416,-2301,190756,-0.01206253014321961,10.31038601444161,4,0,0,0,0,1,111.63,169.3,4.57,1,8b765784e6e100b93ff59aecaec21a153be1e31344c79630ebf770738c5a90b4
car-f-92,tight,6,TBR,200,4,29,29,0,4,416,-2301,190756,-0.01206253014321961,10.31038601444161,4,0,0,0,0,1,85.7,143.86,4.13,1,8b765784e6e100b93ff59aecaec21a153be1e31344c79630ebf770738c5a90b4
car-f-92,tight,6,RECOMPUTE,200,8,29,29,0,912,51254,-11481,190756,-0.0601868355385938,9.806124110972366,0,0,0,0,8,255,25906.79,48352.11,4.07,1,d487c350303ac9b152f08d1fbfcd40efe5ebc2f83e258392d3344f8fdc7d62b1
car-f-92,official,6,TBR_B32,200,4,32,32,0,4,416,-2696,190756,-0.014133238272976996,10.288560725337966,4,0,0,0,0,1,280.75,300.51,4.0,1,1533895573c34cce714880864c148d277c85b776c565c6f843cd2b8bb7b44ff1
car-f-92,official,6,TBR_B4,200,4,32,32,0,4,416,-2696,190756,-0.014133238272976996,10.288560725337966,4,0,0,0,0,1,319.78,407.78,4.31,1,1533895573c34cce714880864c148d277c85b776c565c6f843cd2b8bb7b44ff1
car-f-92,official,6,TBR_B16,200,4,32,32,0,4,416,-2696,190756,-0.014133238272976996,10.288560725337966,4,0,0,0,0,1,293.04,325.23,3.9,1,1533895573c34cce714880864c148d277c85b776c565c6f843cd2b8bb7b44ff1
car-f-92,official,6,SINGLE,200,4,32,32,0,4,416,-2696,190756,-0.014133238272976996,10.288560725337966,4,0,0,0,0,1,312.3,338.87,3.88,1,1533895573c34cce714880864c148d277c85b776c565c6f843cd2b8bb7b44ff1
car-f-92,official,6,TBR_B2,200,4,32,32,0,4,416,-2696,190756,-0.014133238272976996,10.288560725337966,4,0,0,0,0,1,289.93,423.09,4.08,1,1533895573c34cce714880864c148d277c85b776c565c6f843cd2b8bb7b44ff1
car-f-92,official,6,TBR_NOPROX,200,4,32,32,0,4,416,-1709,190756,-0.008959089098114869,10.34252673869374,4,0,0,0,0,1,65.72,132.59,4.79,1,ca59dc75e3029620b6a27557596d95f2c570b10441e187c844c04caa9974049f
car-f-92,official,6,TBR_NOT2,200,4,32,32,0,4,416,-2696,190756,-0.014133238272976996,10.288560725337966,4,0,0,0,0,1,279.3,316.04,4.17,1,1533895573c34cce714880864c148d277c85b776c565c6f843cd2b8bb7b44ff1
car-f-92,official,6,ONE_BLOCKER,200,4,32,32,0,4,416,-2696,190756,-0.014133238272976996,10.288560725337966,4,0,0,0,0,1,261.09,288.87,3.63,1,1533895573c34cce714880864c148d277c85b776c565c6f843cd2b8bb7b44ff1
car-f-92,official,6,TBR,200,4,32,32,0,4,416,-2696,190756,-0.014133238272976996,10.288560725337966,4,0,0,0,0,1,318.08,341.94,3.8,1,1533895573c34cce714880864c148d277c85b776c565c6f843cd2b8bb7b44ff1
car-f-92,official,6,RECOMPUTE,200,8,32,32,0,912,51254,-11481,190756,-0.0601868355385938,9.806124110972366,0,0,0,0,8,255,19573.66,22139.71,3.17,1,0d417ff2e4c2d0ddd8e81218bbda3e59b05a0f758c92da657e73b4ccd90a3bfc
car-f-92,tight,7,TBR,200,4,29,29,0,4,183,-1094,187119,-0.005846546849865594,10.169227428199143,4,0,0,0,0,1,99.12,128.76,3.45,1,fd54b4f191d8140709b5f0e87d636a1385b29ad0bb0fcdf4b6531a9f20e4cbf9
car-f-92,tight,7,TBR_B2,200,4,29,29,0,4,183,-1094,187119,-0.005846546849865594,10.169227428199143,4,0,0,0,0,1,123.07,178.0,4.71,1,fd54b4f191d8140709b5f0e87d636a1385b29ad0bb0fcdf4b6531a9f20e4cbf9
car-f-92,tight,7,TBR_NOT2,200,4,29,29,0,4,183,-1094,187119,-0.005846546849865594,10.169227428199143,4,0,0,0,0,1,118.01,150.59,4.22,1,fd54b4f191d8140709b5f0e87d636a1385b29ad0bb0fcdf4b6531a9f20e4cbf9
car-f-92,tight,7,RECOMPUTE,200,4,29,29,0,17,561,948,187119,0.005066294710852452,10.280416960747054,0,0,0,0,4,10,25521.74,49730.42,3.95,1,849c36cc4df3017e7c355e9c7c0f4b1ac0d2a3a63d3a19229a26dfd547940a1d
car-f-92,tight,7,TBR_B4,200,4,29,29,0,4,183,-1094,187119,-0.005846546849865594,10.169227428199143,4,0,0,0,0,1,119.03,153.01,4.37,1,fd54b4f191d8140709b5f0e87d636a1385b29ad0bb0fcdf4b6531a9f20e4cbf9
car-f-92,tight,7,SINGLE,200,4,29,29,0,4,183,-1094,187119,-0.005846546849865594,10.169227428199143,4,0,0,0,0,1,115.22,170.01,3.98,1,fd54b4f191d8140709b5f0e87d636a1385b29ad0bb0fcdf4b6531a9f20e4cbf9
car-f-92,tight,7,TBR_B16,200,4,29,29,0,4,183,-1094,187119,-0.005846546849865594,10.169227428199143,4,0,0,0,0,1,118.83,150.89,4.33,1,fd54b4f191d8140709b5f0e87d636a1385b29ad0bb0fcdf4b6531a9f20e4cbf9
car-f-92,tight,7,ONE_BLOCKER,200,4,29,29,0,4,183,-1094,187119,-0.005846546849865594,10.169227428199143,4,0,0,0,0,1,136.7,215.47,4.13,1,fd54b4f191d8140709b5f0e87d636a1385b29ad0bb0fcdf4b6531a9f20e4cbf9
car-f-92,tight,7,TBR_B32,200,4,29,29,0,4,183,-1094,187119,-0.005846546849865594,10.169227428199143,4,0,0,0,0,1,141.49,146.14,4.17,1,fd54b4f191d8140709b5f0e87d636a1385b29ad0bb0fcdf4b6531a9f20e4cbf9
car-f-92,tight,7,TBR_NOPROX,200,4,29,29,0,4,183,-499,187119,-0.002666752173750394,10.20153102774309,4,0,0,0,0,1,48.11,79.99,4.55,1,1bcc15f0c10644454f57ec4385fcf471a3937ea32e82526247b35e825a78a2de
car-f-92,official,7,TBR,200,4,32,32,0,4,183,-1252,187119,-0.006690929301674336,10.160649329496716,4,0,0,0,0,1,150.13,171.45,4.36,1,1b6f293ca84c0fed2b310eb701d4e427aa95f3e8164eedea8d5de99d0508fed6
car-f-92,official,7,TBR_B2,200,4,32,32,0,4,183,-1252,187119,-0.006690929301674336,10.160649329496716,4,0,0,0,0,1,143.61,168.6,4.33,1,1b6f293ca84c0fed2b310eb701d4e427aa95f3e8164eedea8d5de99d0508fed6
car-f-92,official,7,TBR_NOT2,200,4,32,32,0,4,183,-1252,187119,-0.006690929301674336,10.160649329496716,4,0,0,0,0,1,141.38,167.08,4.45,1,1b6f293ca84c0fed2b310eb701d4e427aa95f3e8164eedea8d5de99d0508fed6
car-f-92,official,7,RECOMPUTE,200,4,32,32,0,17,561,948,187119,0.005066294710852452,10.280416960747054,0,0,0,0,4,10,25274.85,30892.53,3.86,1,e4900258b3984e42382c99ec0b8d765274b8cab6c489d46b4ada489be7e569c6
car-f-92,official,7,TBR_B4,200,4,32,32,0,4,183,-1252,187119,-0.006690929301674336,10.160649329496716,4,0,0,0,0,1,143.34,167.71,4.61,1,1b6f293ca84c0fed2b310eb701d4e427aa95f3e8164eedea8d5de99d0508fed6
car-f-92,official,7,SINGLE,200,4,32,32,0,4,183,-1252,187119,-0.006690929301674336,10.160649329496716,4,0,0,0,0,1,171.68,193.22,4.0,1,1b6f293ca84c0fed2b310eb701d4e427aa95f3e8164eedea8d5de99d0508fed6
car-f-92,official,7,TBR_B16,200,4,32,32,0,4,183,-1252,187119,-0.006690929301674336,10.160649329496716,4,0,0,0,0,1,162.25,198.28,4.36,1,1b6f293ca84c0fed2b310eb701d4e427aa95f3e8164eedea8d5de99d0508fed6
car-f-92,official,7,ONE_BLOCKER,200,4,32,32,0,4,183,-1252,187119,-0.006690929301674336,10.160649329496716,4,0,0,0,0,1,157.5,183.88,3.96,1,1b6f293ca84c0fed2b310eb701d4e427aa95f3e8164eedea8d5de99d0508fed6
car-f-92,official,7,TBR_B32,200,4,32,32,0,4,183,-1252,187119,-0.006690929301674336,10.160649329496716,4,0,0,0,0,1,148.73,191.31,4.24,1,1b6f293ca84c0fed2b310eb701d4e427aa95f3e8164eedea8d5de99d0508fed6
car-f-92,official,7,TBR_NOPROX,200,4,32,32,0,4,183,-499,187119,-0.002666752173750394,10.20153102774309,4,0,0,0,0,1,48.66,55.89,4.25,1,b148c1a7528a5918cd5b6f0d7e0ffcd91db9f543ee910a09e8aea6b50277ef8d
car-f-92,tight,8,SINGLE,200,1,30,30,0,1,63,106,191476,0.0005535941841275147,10.484119659047723,1,0,0,0,0,1,240.99,240.99,4.74,1,82fdc5daa4a93875c2f1ae4856556e62058445f0725c7e6d9dfdee6735481987
car-f-92,tight,8,RECOMPUTE,200,1,30,30,0,293,23517,-10686,191476,-0.055808560864024734,9.898040067321787,0,0,0,0,1,293,24773.07,24773.07,2.9,1,3b9e1ec31227170460b60588c8544f5253cb1875422a1b022579a10777dd1605
car-f-92,tight,8,TBR_NOPROX,200,1,30,30,0,1,63,106,191476,0.0005535941841275147,10.484119659047723,1,0,0,0,0,1,48.16,48.16,3.3,1,82fdc5daa4a93875c2f1ae4856556e62058445f0725c7e6d9dfdee6735481987
car-f-92,tight,8,TBR,200,1,30,30,0,1,63,106,191476,0.0005535941841275147,10.484119659047723,1,0,0,0,0,1,172.66,172.66,3.31,1,82fdc5daa4a93875c2f1ae4856556e62058445f0725c7e6d9dfdee6735481987
car-f-92,tight,8,TBR_NOT2,200,1,30,30,0,1,63,106,191476,0.0005535941841275147,10.484119659047723,1,0,0,0,0,1,183.38,183.38,3.23,1,82fdc5daa4a93875c2f1ae4856556e62058445f0725c7e6d9dfdee6735481987
car-f-92,tight,8,TBR_B2,200,1,30,30,0,1,63,106,191476,0.0005535941841275147,10.484119659047723,1,0,0,0,0,1,165.03,165.03,3.76,1,82fdc5daa4a93875c2f1ae4856556e62058445f0725c7e6d9dfdee6735481987
car-f-92,tight,8,TBR_B32,200,1,30,30,0,1,63,106,191476,0.0005535941841275147,10.484119659047723,1,0,0,0,0,1,160.58,160.58,3.41,1,82fdc5daa4a93875c2f1ae4856556e62058445f0725c7e6d9dfdee6735481987
car-f-92,tight,8,TBR_B16,200,1,30,30,0,1,63,106,191476,0.0005535941841275147,10.484119659047723,1,0,0,0,0,1,170.98,170.98,3.44,1,82fdc5daa4a93875c2f1ae4856556e62058445f0725c7e6d9dfdee6735481987
car-f-92,tight,8,TBR_B4,200,1,30,30,0,1,63,106,191476,0.0005535941841275147,10.484119659047723,1,0,0,0,0,1,169.08,169.08,3.34,1,82fdc5daa4a93875c2f1ae4856556e62058445f0725c7e6d9dfdee6735481987
car-f-92,tight,8,ONE_BLOCKER,200,1,30,30,0,1,63,106,191476,0.0005535941841275147,10.484119659047723,1,0,0,0,0,1,171.65,171.65,3.35,1,82fdc5daa4a93875c2f1ae4856556e62058445f0725c7e6d9dfdee6735481987
car-f-92,official,8,SINGLE,200,1,32,32,0,1,63,-130,191476,-0.0006789362635526123,10.471306802758022,1,0,0,0,0,1,183.53,183.53,3.84,1,2bacfc966d096175f8b4dfc27192c3f7bd33ef437852dd28c509f41f2593e642
car-f-92,official,8,RECOMPUTE,200,1,32,32,0,293,23517,-10686,191476,-0.055808560864024734,9.898040067321787,0,0,0,0,1,293,23636.46,23636.46,3.09,1,98c17d45bd88dcf9fe63b5ddbe0e978b83d833d221ac8552f6d119959dbf6e1f
car-f-92,official,8,TBR_NOPROX,200,1,32,32,0,1,63,106,191476,0.0005535941841275147,10.484119659047723,1,0,0,0,0,1,50.76,50.76,3.3,1,a6400d44802ac69b9f7b194a692e086196bc7ebb5ecb1d61c17cdc10f4c00710
car-f-92,official,8,TBR,200,1,32,32,0,1,63,-130,191476,-0.0006789362635526123,10.471306802758022,1,0,0,0,0,1,169.98,169.98,3.34,1,2bacfc966d096175f8b4dfc27192c3f7bd33ef437852dd28c509f41f2593e642
car-f-92,official,8,TBR_NOT2,200,1,32,32,0,1,63,-130,191476,-0.0006789362635526123,10.471306802758022,1,0,0,0,0,1,169.0,169.0,3.26,1,2bacfc966d096175f8b4dfc27192c3f7bd33ef437852dd28c509f41f2593e642
car-f-92,official,8,TBR_B2,200,1,32,32,0,1,63,-130,191476,-0.0006789362635526123,10.471306802758022,1,0,0,0,0,1,172.53,172.53,3.52,1,2bacfc966d096175f8b4dfc27192c3f7bd33ef437852dd28c509f41f2593e642
car-f-92,official,8,TBR_B32,200,1,32,32,0,1,63,-130,191476,-0.0006789362635526123,10.471306802758022,1,0,0,0,0,1,175.94,175.94,3.45,1,2bacfc966d096175f8b4dfc27192c3f7bd33ef437852dd28c509f41f2593e642
car-f-92,official,8,TBR_B16,200,1,32,32,0,1,63,-130,191476,-0.0006789362635526123,10.471306802758022,1,0,0,0,0,1,175.44,175.44,3.38,1,2bacfc966d096175f8b4dfc27192c3f7bd33ef437852dd28c509f41f2593e642
car-f-92,official,8,TBR_B4,200,1,32,32,0,1,63,-130,191476,-0.0006789362635526123,10.471306802758022,1,0,0,0,0,1,174.12,174.12,3.51,1,2bacfc966d096175f8b4dfc27192c3f7bd33ef437852dd28c509f41f2593e642
car-f-92,official,8,ONE_BLOCKER,200,1,32,32,0,1,63,-130,191476,-0.0006789362635526123,10.471306802758022,1,0,0,0,0,1,173.64,173.64,3.22,1,2bacfc966d096175f8b4dfc27192c3f7bd33ef437852dd28c509f41f2593e642
car-f-92,tight,9,TBR_B4,200,5,29,30,1,7,555,-2136,186843,-0.01143205793099019,10.099733970356697,2,2,0,1,0,2,310.83,841.85,3.63,1,7636387e7a1070d19302b815e4604e6e5abf01721b0005785430d4160345c2e3
car-f-92,tight,9,ONE_BLOCKER,200,5,29,30,1,7,555,-2136,186843,-0.01143205793099019,10.099733970356697,2,2,0,1,0,2,304.76,423.38,3.42,1,7636387e7a1070d19302b815e4604e6e5abf01721b0005785430d4160345c2e3
car-f-92,tight,9,SINGLE,200,5,29,30,1,5,320,-1900,186843,-0.010168965388053071,10.11232965959064,4,0,0,1,0,1,84.67,157.69,3.81,1,32faca4741847be1230f9289e19d5f64afbaa744ea18c2ab77f6a7cbc3334e32
car-f-92,tight,9,TBR_NOPROX,200,5,29,30,1,7,555,-1895,186843,-0.010142204952821353,10.112818285466094,2,2,0,1,0,2,97.75,1070.26,3.56,1,663342be135c5f50fef22bcd4b395e5c700119e543b673bd869111aa7c15b357
car-f-92,tight,9,TBR_B16,200,5,29,30,1,7,555,-2136,186843,-0.01143205793099019,10.099733970356697,2,2,0,1,0,2,266.38,2455.32,3.51,1,7636387e7a1070d19302b815e4604e6e5abf01721b0005785430d4160345c2e3
car-f-92,tight,9,TBR_B2,200,5,29,30,1,7,555,-2136,186843,-0.01143205793099019,10.099733970356697,2,2,0,1,0,2,266.16,387.24,3.58,1,7636387e7a1070d19302b815e4604e6e5abf01721b0005785430d4160345c2e3
car-f-92,tight,9,TBR,200,5,29,30,1,7,555,-2136,186843,-0.01143205793099019,10.099733970356697,2,2,0,1,0,2,264.75,1328.31,3.35,1,7636387e7a1070d19302b815e4604e6e5abf01721b0005785430d4160345c2e3
car-f-92,tight,9,TBR_B32,200,5,29,30,1,7,555,-2136,186843,-0.01143205793099019,10.099733970356697,2,2,0,1,0,2,285.38,6972.21,3.23,1,7636387e7a1070d19302b815e4604e6e5abf01721b0005785430d4160345c2e3
car-f-92,tight,9,RECOMPUTE,200,7,29,29,0,549,32317,-3295,186843,-0.017635126817702563,10.034909604213041,0,0,0,0,7,268,17536.46,42126.71,3.32,1,27a04287a9cd03a358c2817123adb07d6a1fb835d939b319a8f206ce0d3a443e
car-f-92,tight,9,TBR_NOT2,200,5,29,30,1,5,320,-1900,186843,-0.010168965388053071,10.11232965959064,4,0,0,1,0,1,103.13,900.3,3.46,1,32faca4741847be1230f9289e19d5f64afbaa744ea18c2ab77f6a7cbc3334e32
car-f-92,official,9,TBR_B4,200,5,32,32,0,5,320,-2163,186843,-0.01157656428124147,10.098050925674576,5,0,0,0,0,1,185.79,272.91,3.68,1,91da8b98e30668b01398337c7baf9147218c1d6b6b466632f230838b50610a5c
car-f-92,official,9,ONE_BLOCKER,200,5,32,32,0,5,320,-2163,186843,-0.01157656428124147,10.098050925674576,5,0,0,0,0,1,179.73,274.55,3.36,1,91da8b98e30668b01398337c7baf9147218c1d6b6b466632f230838b50610a5c
car-f-92,official,9,SINGLE,200,5,32,32,0,5,320,-2163,186843,-0.01157656428124147,10.098050925674576,5,0,0,0,0,1,189.88,276.36,3.32,1,91da8b98e30668b01398337c7baf9147218c1d6b6b466632f230838b50610a5c
car-f-92,official,9,TBR_NOPROX,200,5,32,32,0,5,320,-1658,186843,-0.008873760322837891,10.125468266463978,5,0,0,0,0,1,38.75,78.25,3.79,1,caa2b1d375c8878ffdd624d73008b47ee5104f253393dbe1ef34f59608f34c64
car-f-92,official,9,TBR_B16,200,5,32,32,0,5,320,-2163,186843,-0.01157656428124147,10.098050925674576,5,0,0,0,0,1,190.66,268.19,3.67,1,91da8b98e30668b01398337c7baf9147218c1d6b6b466632f230838b50610a5c
car-f-92,official,9,TBR_B2,200,5,32,32,0,5,320,-2163,186843,-0.01157656428124147,10.098050925674576,5,0,0,0,0,1,182.3,288.96,3.45,1,91da8b98e30668b01398337c7baf9147218c1d6b6b466632f230838b50610a5c
car-f-92,official,9,TBR,200,5,32,32,0,5,320,-2163,186843,-0.01157656428124147,10.098050925674576,5,0,0,0,0,1,187.33,287.13,3.42,1,91da8b98e30668b01398337c7baf9147218c1d6b6b466632f230838b50610a5c
car-f-92,official,9,TBR_B32,200,5,32,32,0,5,320,-2163,186843,-0.01157656428124147,10.098050925674576,5,0,0,0,0,1,192.43,282.43,3.44,1,91da8b98e30668b01398337c7baf9147218c1d6b6b466632f230838b50610a5c
car-f-92,official,9,RECOMPUTE,200,7,32,32,0,549,32317,-3295,186843,-0.017635126817702563,10.034909604213041,0,0,0,0,7,268,17656.72,42375.32,3.1,1,1c1430fad58ef1891e6097ae6fadde1d5f029151f0fae4b08b6c8cbf43e2e03a
car-f-92,official,9,TBR_NOT2,200,5,32,32,0,5,320,-2163,186843,-0.01157656428124147,10.098050925674576,5,0,0,0,0,1,183.8,285.95,3.58,1,91da8b98e30668b01398337c7baf9147218c1d6b6b466632f230838b50610a5c
car-s-91,tight,0,RECOMPUTE,200,6,30,31,1,1882,112445,-16212,218560,-0.07417642752562226,12.049748892171344,0,0,0,0,6,477,37002.59,60548.54,4.06,1,b4a6eff2c06b1a51913b0bf9f1ff8a6eb2d398299abef5616443313c7dffc1b3
car-s-91,tight,0,ONE_BLOCKER,200,10,30,31,1,10,716,-3540,218560,-0.01619692532942899,12.796100443131463,9,0,0,1,0,1,83.28,259.06,3.74,1,48bceb42b91283e9d90241758b9bf172cc3aca5f040e9a9e1df989ed799867ab
car-s-91,tight,0,SINGLE,200,10,30,31,1,10,716,-3540,218560,-0.01619692532942899,12.796100443131463,9,0,0,1,0,1,82.49,151.98,3.62,1,48bceb42b91283e9d90241758b9bf172cc3aca5f040e9a9e1df989ed799867ab
car-s-91,tight,0,TBR_B16,200,10,30,31,1,10,716,-3540,218560,-0.01619692532942899,12.796100443131463,9,0,0,1,0,1,85.0,2211.13,3.83,1,48bceb42b91283e9d90241758b9bf172cc3aca5f040e9a9e1df989ed799867ab
car-s-91,tight,0,TBR_B2,200,10,30,31,1,10,716,-3540,218560,-0.01619692532942899,12.796100443131463,9,0,0,1,0,1,90.37,271.03,4.58,1,48bceb42b91283e9d90241758b9bf172cc3aca5f040e9a9e1df989ed799867ab
car-s-91,tight,0,TBR_B4,200,10,30,31,1,10,716,-3540,218560,-0.01619692532942899,12.796100443131463,9,0,0,1,0,1,87.33,646.29,3.89,1,48bceb42b91283e9d90241758b9bf172cc3aca5f040e9a9e1df989ed799867ab
car-s-91,tight,0,TBR_NOT2,200,10,30,31,1,10,716,-3540,218560,-0.01619692532942899,12.796100443131463,9,0,0,1,0,1,85.02,842.29,3.61,1,48bceb42b91283e9d90241758b9bf172cc3aca5f040e9a9e1df989ed799867ab
car-s-91,tight,0,TBR,200,10,30,31,1,10,716,-3540,218560,-0.01619692532942899,12.796100443131463,9,0,0,1,0,1,88.2,1025.97,3.9,1,48bceb42b91283e9d90241758b9bf172cc3aca5f040e9a9e1df989ed799867ab
car-s-91,tight,0,TBR_NOPROX,200,9,30,31,1,9,628,-2551,218560,-0.011671852122986822,12.85559822747415,8,0,0,1,0,1,40.98,867.83,3.58,1,77cc33560bb7dc242f58f583da9146a7169ff93bd74bcc4437697f88b582bc0c
car-s-91,tight,0,TBR_B32,200,10,30,31,1,10,716,-3540,218560,-0.01619692532942899,12.796100443131463,9,0,0,1,0,1,87.11,7274.12,3.88,1,48bceb42b91283e9d90241758b9bf172cc3aca5f040e9a9e1df989ed799867ab
car-s-91,official,0,RECOMPUTE,200,6,35,35,0,1882,112445,-16212,218560,-0.07417642752562226,12.049748892171344,0,0,0,0,6,477,37018.22,58242.18,4.04,1,a5934c43b274f44adac661b6bd340778eb6e9fabd22ac8c584c29fd4d00e9c5f
car-s-91,official,0,ONE_BLOCKER,200,9,35,35,0,9,628,-4768,218560,-0.021815519765739384,12.721299852289512,9,0,0,0,0,1,196.36,307.41,3.62,1,fef5c5cf706c8f8162fded93dfbaf1666ede5da6485c29d6897e072121ef55ee
car-s-91,official,0,SINGLE,200,9,35,35,0,9,628,-4768,218560,-0.021815519765739384,12.721299852289512,9,0,0,0,0,1,193.58,309.43,3.57,1,fef5c5cf706c8f8162fded93dfbaf1666ede5da6485c29d6897e072121ef55ee
car-s-91,official,0,TBR_B16,200,9,35,35,0,9,628,-4768,218560,-0.021815519765739384,12.721299852289512,9,0,0,0,0,1,202.11,322.76,3.6,1,fef5c5cf706c8f8162fded93dfbaf1666ede5da6485c29d6897e072121ef55ee
car-s-91,official,0,TBR_B2,200,9,35,35,0,9,628,-4768,218560,-0.021815519765739384,12.721299852289512,9,0,0,0,0,1,203.84,299.82,3.67,1,fef5c5cf706c8f8162fded93dfbaf1666ede5da6485c29d6897e072121ef55ee
car-s-91,official,0,TBR_B4,200,9,35,35,0,9,628,-4768,218560,-0.021815519765739384,12.721299852289512,9,0,0,0,0,1,197.05,338.03,4.37,1,fef5c5cf706c8f8162fded93dfbaf1666ede5da6485c29d6897e072121ef55ee
car-s-91,official,0,TBR_NOT2,200,9,35,35,0,9,628,-4768,218560,-0.021815519765739384,12.721299852289512,9,0,0,0,0,1,194.12,305.46,3.71,1,fef5c5cf706c8f8162fded93dfbaf1666ede5da6485c29d6897e072121ef55ee
car-s-91,official,0,TBR,200,9,35,35,0,9,628,-4768,218560,-0.021815519765739384,12.721299852289512,9,0,0,0,0,1,191.83,306.41,3.67,1,fef5c5cf706c8f8162fded93dfbaf1666ede5da6485c29d6897e072121ef55ee
car-s-91,official,0,TBR_NOPROX,200,9,35,35,0,9,628,-2551,218560,-0.011671852122986822,12.85559822747415,9,0,0,0,0,1,40.65,74.68,3.5,1,8e2ad43882adab507ce00ce98599cd7525f56a3e5cb75e0b1d2f6d3bf3e7b987
car-s-91,official,0,TBR_B32,200,9,35,35,0,9,628,-4768,218560,-0.021815519765739384,12.721299852289512,9,0,0,0,0,1,194.31,322.7,3.67,1,fef5c5cf706c8f8162fded93dfbaf1666ede5da6485c29d6897e072121ef55ee
car-s-91,tight,1,TBR_B32,200,4,31,31,0,4,383,-1449,204269,-0.007093587377428783,12.076573116691286,4,0,0,0,0,1,111.4,140.65,3.88,1,82d1a3c5a1c7fa4750741d5e1bad00151bc69d8ca501fe3ae2df88babf90fd3c
car-s-91,tight,1,TBR_B4,200,4,31,31,0,4,383,-1449,204269,-0.007093587377428783,12.076573116691286,4,0,0,0,0,1,107.02,129.06,3.65,1,82d1a3c5a1c7fa4750741d5e1bad00151bc69d8ca501fe3ae2df88babf90fd3c
car-s-91,tight,1,ONE_BLOCKER,200,4,31,31,0,4,383,-1449,204269,-0.007093587377428783,12.076573116691286,4,0,0,0,0,1,107.81,139.16,3.62,1,82d1a3c5a1c7fa4750741d5e1bad00151bc69d8ca501fe3ae2df88babf90fd3c
car-s-91,tight,1,TBR,200,4,31,31,0,4,383,-1449,204269,-0.007093587377428783,12.076573116691286,4,0,0,0,0,1,102.56,130.06,3.42,1,82d1a3c5a1c7fa4750741d5e1bad00151bc69d8ca501fe3ae2df88babf90fd3c
car-s-91,tight,1,TBR_B2,200,4,31,31,0,4,383,-1449,204269,-0.007093587377428783,12.076573116691286,4,0,0,0,0,1,102.46,131.85,3.47,1,82d1a3c5a1c7fa4750741d5e1bad00151bc69d8ca501fe3ae2df88babf90fd3c
car-s-91,tight,1,TBR_NOPROX,200,4,31,31,0,4,383,-992,204269,-0.004856341392967117,12.103574593796159,4,0,0,0,0,1,46.27,68.38,3.31,1,c8b5ad94cd33555dbe18ae4664f952d34750261d1df2de290cbc734e8c433127
car-s-91,tight,1,RECOMPUTE,200,6,31,31,0,2359,141220,-16218,204269,-0.07939530716848861,11.199409158050221,0,0,0,0,6,522,38407.35,58524.32,3.69,1,adc3a23904522ade712c3afbfbc0b600f68b31dab4fd132c38c2146da78f409a
car-s-91,tight,1,TBR_B16,200,4,31,31,0,4,383,-1449,204269,-0.007093587377428783,12.076573116691286,4,0,0,0,0,1,126.58,155.64,4.37,1,82d1a3c5a1c7fa4750741d5e1bad00151bc69d8ca501fe3ae2df88babf90fd3c
car-s-91,tight,1,SINGLE,200,4,31,31,0,4,383,-1449,204269,-0.007093587377428783,12.076573116691286,4,0,0,0,0,1,118.74,147.82,3.96,1,82d1a3c5a1c7fa4750741d5e1bad00151bc69d8ca501fe3ae2df88babf90fd3c
car-s-91,tight,1,TBR_NOT2,200,4,31,31,0,4,383,-1449,204269,-0.007093587377428783,12.076573116691286,4,0,0,0,0,1,123.43,147.92,4.1,1,82d1a3c5a1c7fa4750741d5e1bad00151bc69d8ca501fe3ae2df88babf90fd3c
car-s-91,official,1,TBR_B32,200,4,35,35,0,4,260,-1498,204269,-0.007333467143815263,12.07178729689808,4,0,0,0,0,1,283.94,305.14,4.4,1,48c44da058bfca93337179c0717dc9b6a5ddab0378bc02f136e04ab6302b3298
car-s-91,official,1,TBR_B4,200,4,35,35,0,4,260,-1498,204269,-0.007333467143815263,12.07178729689808,4,0,0,0,0,1,267.61,306.85,4.42,1,48c44da058bfca93337179c0717dc9b6a5ddab0378bc02f136e04ab6302b3298
car-s-91,official,1,ONE_BLOCKER,200,4,35,35,0,4,260,-1498,204269,-0.007333467143815263,12.07178729689808,4,0,0,0,0,1,250.24,271.82,3.98,1,48c44da058bfca93337179c0717dc9b6a5ddab0378bc02f136e04ab6302b3298
car-s-91,official,1,TBR,200,4,35,35,0,4,260,-1498,204269,-0.007333467143815263,12.07178729689808,4,0,0,0,0,1,255.26,292.71,4.04,1,48c44da058bfca93337179c0717dc9b6a5ddab0378bc02f136e04ab6302b3298
car-s-91,official,1,TBR_B2,200,4,35,35,0,4,260,-1498,204269,-0.007333467143815263,12.07178729689808,4,0,0,0,0,1,260.96,285.17,4.02,1,48c44da058bfca93337179c0717dc9b6a5ddab0378bc02f136e04ab6302b3298
car-s-91,official,1,TBR_NOPROX,200,4,35,35,0,4,260,-769,204269,-0.003764643680636807,12.114859675036927,4,0,0,0,0,1,55.09,60.78,3.8,1,80124a5ef7d4b3426d369d3e4fceeb9081f030e3101af5fefce5c49db67c3c58
car-s-91,official,1,RECOMPUTE,200,6,35,35,0,2359,141220,-16218,204269,-0.07939530716848861,11.199409158050221,0,0,0,0,6,522,42502.07,62868.49,4.48,1,5ea2938347774b12e8263091615b32270ca40abec0644c91ae4a1999c81c1074
car-s-91,official,1,TBR_B16,200,4,35,35,0,4,260,-1498,204269,-0.007333467143815263,12.07178729689808,4,0,0,0,0,1,262.78,278.42,4.38,1,48c44da058bfca93337179c0717dc9b6a5ddab0378bc02f136e04ab6302b3298
car-s-91,official,1,SINGLE,200,4,35,35,0,4,260,-1498,204269,-0.007333467143815263,12.07178729689808,4,0,0,0,0,1,262.36,308.52,4.2,1,48c44da058bfca93337179c0717dc9b6a5ddab0378bc02f136e04ab6302b3298
car-s-91,official,1,TBR_NOT2,200,4,35,35,0,4,260,-1498,204269,-0.007333467143815263,12.07178729689808,4,0,0,0,0,1,263.1,294.42,4.13,1,48c44da058bfca93337179c0717dc9b6a5ddab0378bc02f136e04ab6302b3298
car-s-91,tight,2,TBR_B16,200,5,30,31,1,5,287,-1437,205077,-0.0070071241533667845,12.123367799113737,4,0,0,1,0,1,267.99,2979.99,4.96,1,4b339cccbcd922f3bd815f3aab70f58a440bbc832ff621d03334ebdb7f87c335
car-s-91,tight,2,TBR_B4,200,5,30,31,1,5,287,-1437,205077,-0.0070071241533667845,12.123367799113737,4,0,0,1,0,1,256.7,942.1,4.34,1,4b339cccbcd922f3bd815f3aab70f58a440bbc832ff621d03334ebdb7f87c335
car-s-91,tight,2,TBR_B32,200,5,30,31,1,5,287,-1437,205077,-0.0070071241533667845,12.123367799113737,4,0,0,1,0,1,286.4,8702.06,4.34,1,4b339cccbcd922f3bd815f3aab70f58a440bbc832ff621d03334ebdb7f87c335
car-s-91,tight,2,TBR_NOT2,200,5,30,31,1,5,287,-1437,205077,-0.0070071241533667845,12.123367799113737,4,0,0,1,0,1,260.91,1392.68,4.31,1,4b339cccbcd922f3bd815f3aab70f58a440bbc832ff621d03334ebdb7f87c335
car-s-91,tight,2,ONE_BLOCKER,200,5,30,31,1,5,287,-1437,205077,-0.0070071241533667845,12.123367799113737,4,0,0,1,0,1,252.69,293.21,4.05,1,4b339cccbcd922f3bd815f3aab70f58a440bbc832ff621d03334ebdb7f87c335
car-s-91,tight,2,TBR,200,5,30,31,1,5,287,-1437,205077,-0.0070071241533667845,12.123367799113737,4,0,0,1,0,1,268.35,1477.2,4.69,1,4b339cccbcd922f3bd815f3aab70f58a440bbc832ff621d03334ebdb7f87c335
car-s-91,tight,2,TBR_NOPROX,200,5,30,31,1,5,287,-1268,205077,-0.006183043442219264,12.133353028064993,4,0,0,1,0,1,48.44,1300.89,4.67,1,15d92c0a85fa52ccb20dbc3a12791021d5dbb45bdc1ce5cc397fe68afba332b4
car-s-91,tight,2,SINGLE,200,5,30,31,1,5,287,-1437,205077,-0.0070071241533667845,12.123367799113737,4,0,0,1,0,1,194.34,326.19,4.27,1,4b339cccbcd922f3bd815f3aab70f58a440bbc832ff621d03334ebdb7f87c335
car-s-91,tight,2,RECOMPUTE,200,6,30,31,1,982,58496,-321,205077,-0.001565265729457716,12.189010339734121,0,0,0,0,6,454,39498.25,43467.16,4.77,1,872181c83497b64d72f068d1da8bc205f2b89f83dd1b899d414acb249239e8dc
car-s-91,tight,2,TBR_B2,200,5,30,31,1,5,287,-1437,205077,-0.0070071241533667845,12.123367799113737,4,0,0,1,0,1,273.91,321.1,5.17,1,4b339cccbcd922f3bd815f3aab70f58a440bbc832ff621d03334ebdb7f87c335
car-s-91,official,2,TBR_B16,200,5,35,35,0,5,287,-1995,205077,-0.009728053365321319,12.0903988183161,5,0,0,0,0,1,224.71,302.83,4.58,1,e3704f79dbd23bf66713076d0a6075751c38e970f1b0bd0df53e6317ad63f340
car-s-91,official,2,TBR_B4,200,5,35,35,0,5,287,-1995,205077,-0.009728053365321319,12.0903988183161,5,0,0,0,0,1,247.98,306.47,4.36,1,e3704f79dbd23bf66713076d0a6075751c38e970f1b0bd0df53e6317ad63f340
car-s-91,official,2,TBR_B32,200,5,35,35,0,5,287,-1995,205077,-0.009728053365321319,12.0903988183161,5,0,0,0,0,1,285.75,301.31,4.3,1,e3704f79dbd23bf66713076d0a6075751c38e970f1b0bd0df53e6317ad63f340
car-s-91,official,2,TBR_NOT2,200,5,35,35,0,5,287,-1995,205077,-0.009728053365321319,12.0903988183161,5,0,0,0,0,1,226.55,307.35,4.11,1,e3704f79dbd23bf66713076d0a6075751c38e970f1b0bd0df53e6317ad63f340
car-s-91,official,2,ONE_BLOCKER,200,5,35,35,0,5,287,-1995,205077,-0.009728053365321319,12.0903988183161,5,0,0,0,0,1,252.25,302.21,4.04,1,e3704f79dbd23bf66713076d0a6075751c38e970f1b0bd0df53e6317ad63f340
car-s-91,official,2,TBR,200,5,35,35,0,5,287,-1995,205077,-0.009728053365321319,12.0903988183161,5,0,0,0,0,1,225.84,295.82,4.61,1,e3704f79dbd23bf66713076d0a6075751c38e970f1b0bd0df53e6317ad63f340
car-s-91,official,2,TBR_NOPROX,200,5,35,35,0,5,287,-1268,205077,-0.006183043442219264,12.133353028064993,5,0,0,0,0,1,52.37,66.79,4.21,1,80c0f953818ce37c4632836a79223c800102961d2b050a8961b351b410d9a00d
car-s-91,official,2,SINGLE,200,5,35,35,0,5,287,-1995,205077,-0.009728053365321319,12.0903988183161,5,0,0,0,0,1,220.15,295.3,4.08,1,e3704f79dbd23bf66713076d0a6075751c38e970f1b0bd0df53e6317ad63f340
car-s-91,official,2,RECOMPUTE,200,6,35,35,0,982,58496,-321,205077,-0.001565265729457716,12.189010339734121,0,0,0,0,6,454,38730.3,42957.24,4.64,1,f5d8cca5e3a32a61ad7c36ef1a75044dedfe7c196b0be4b9bfa5607944aa0e6f
car-s-91,official,2,TBR_B2,200,5,35,35,0,5,287,-1995,205077,-0.009728053365321319,12.0903988183161,5,0,0,0,0,1,235.32,331.46,5.13,1,e3704f79dbd23bf66713076d0a6075751c38e970f1b0bd0df53e6317ad63f340
car-s-91,tight,3,TBR_B16,200,13,31,32,1,14,1256,-6873,217196,-0.03164422917549126,12.521240768094534,11,1,0,1,0,2,141.65,2100.78,5.05,1,4ab7cf22126f3edcb453c6a7c3b25ce3ccc95e02a5982ad285abe761c7b2d78b
car-s-91,tight,3,TBR_NOPROX,200,13,31,32,1,14,1256,-6085,217196,-0.02801616972688263,12.567799113737076,11,1,0,1,0,2,45.75,830.27,4.87,1,5d078996a532fb84f5c61a3183db935926adb13b1209402578f63b33a5084613
car-s-91,tight,3,TBR_B4,200,13,31,32,1,14,1256,-6873,217196,-0.03164422917549126,12.521240768094534,11,1,0,1,0,2,155.91,925.2,5.43,1,4ab7cf22126f3edcb453c6a7c3b25ce3ccc95e02a5982ad285abe761c7b2d78b
car-s-91,tight,3,ONE_BLOCKER,200,13,31,32,1,14,1256,-6873,217196,-0.03164422917549126,12.521240768094534,11,1,0,1,0,2,156.77,473.22,4.91,1,4ab7cf22126f3edcb453c6a7c3b25ce3ccc95e02a5982ad285abe761c7b2d78b
car-s-91,tight,3,TBR_NOT2,200,13,31,33,2,13,894,-5150,217196,-0.02371130223392696,12.62245199409158,11,0,0,2,0,1,148.03,1807.4,5.16,1,bdbb59ecf3162d1b0b54b3970e34bf51cf19e8d71fabc5e028c4e35a7d22b66e
car-s-91,tight,3,TBR_B32,200,13,31,32,1,14,1256,-6873,217196,-0.03164422917549126,12.521240768094534,11,1,0,1,0,2,147.28,7145.0,5.18,1,4ab7cf22126f3edcb453c6a7c3b25ce3ccc95e02a5982ad285abe761c7b2d78b
car-s-91,tight,3,SINGLE,200,13,31,33,2,13,894,-5150,217196,-0.02371130223392696,12.62245199409158,11,0,0,2,0,1,145.76,233.36,5.08,1,bdbb59ecf3162d1b0b54b3970e34bf51cf19e8d71fabc5e028c4e35a7d22b66e
car-s-91,tight,3,TBR_B2,200,13,31,32,1,14,1256,-6873,217196,-0.03164422917549126,12.521240768094534,11,1,0,1,0,2,119.23,387.54,3.91,1,4ab7cf22126f3edcb453c6a7c3b25ce3ccc95e02a5982ad285abe761c7b2d78b
car-s-91,tight,3,TBR,200,13,31,32,1,14,1256,-6873,217196,-0.03164422917549126,12.521240768094534,11,1,0,1,0,2,117.33,975.25,3.75,1,4ab7cf22126f3edcb453c6a7c3b25ce3ccc95e02a5982ad285abe761c7b2d78b
car-s-91,tight,3,RECOMPUTE,200,10,31,31,0,2995,177239,-35951,217196,-0.1655233061382346,10.795391432791728,0,0,0,0,10,494,33852.7,54315.99,3.99,1,92908f16a46a2b0da3c89d620cf57735c7ad90d1b07bff44fc5b013cadfb24ed
car-s-91,official,3,TBR_B16,200,13,35,35,0,13,870,-5699,217196,-0.026238973093427136,12.589483013293943,13,0,0,0,0,1,195.0,322.84,4.04,1,f6380dd1587b1a59ede7fb81d76cd296f89e8b05e53547728c3fd73110665a13
car-s-91,official,3,TBR_NOPROX,200,13,35,35,0,13,870,-3597,217196,-0.016561078472900052,12.71367799113737,13,0,0,0,0,1,40.35,65.48,4.42,1,f9813d6fe0f270958691280b4a75af6587bcc94f831113a10529e18e031f8aa5
car-s-91,official,3,TBR_B4,200,13,35,35,0,13,870,-5699,217196,-0.026238973093427136,12.589483013293943,13,0,0,0,0,1,205.85,326.32,3.66,1,f6380dd1587b1a59ede7fb81d76cd296f89e8b05e53547728c3fd73110665a13
car-s-91,official,3,ONE_BLOCKER,200,13,35,35,0,13,870,-5699,217196,-0.026238973093427136,12.589483013293943,13,0,0,0,0,1,169.15,309.0,3.5,1,f6380dd1587b1a59ede7fb81d76cd296f89e8b05e53547728c3fd73110665a13
car-s-91,official,3,TBR_NOT2,200,13,35,35,0,13,870,-5699,217196,-0.026238973093427136,12.589483013293943,13,0,0,0,0,1,170.76,320.47,3.54,1,f6380dd1587b1a59ede7fb81d76cd296f89e8b05e53547728c3fd73110665a13
car-s-91,official,3,TBR_B32,200,13,35,35,0,13,870,-5699,217196,-0.026238973093427136,12.589483013293943,13,0,0,0,0,1,168.49,322.17,3.58,1,f6380dd1587b1a59ede7fb81d76cd296f89e8b05e53547728c3fd73110665a13
car-s-91,official,3,SINGLE,200,13,35,35,0,13,870,-5699,217196,-0.026238973093427136,12.589483013293943,13,0,0,0,0,1,172.98,322.59,3.51,1,f6380dd1587b1a59ede7fb81d76cd296f89e8b05e53547728c3fd73110665a13
car-s-91,official,3,TBR_B2,200,13,35,35,0,13,870,-5699,217196,-0.026238973093427136,12.589483013293943,13,0,0,0,0,1,172.49,342.52,3.79,1,f6380dd1587b1a59ede7fb81d76cd296f89e8b05e53547728c3fd73110665a13
car-s-91,official,3,TBR,200,13,35,35,0,13,870,-5699,217196,-0.026238973093427136,12.589483013293943,13,0,0,0,0,1,171.87,313.85,3.67,1,f6380dd1587b1a59ede7fb81d76cd296f89e8b05e53547728c3fd73110665a13
car-s-91,official,3,RECOMPUTE,200,10,35,35,0,2995,177239,-35951,217196,-0.1655233061382346,10.795391432791728,0,0,0,0,10,494,34173.12,53902.65,3.83,1,62837a8444d4d24fca676470588e54e7ac8f4b17d8d0b858c8931a3071483912
car-s-91,tight,4,TBR,200,6,31,32,1,6,328,-1600,207887,-0.007696488957943498,12.275273264401772,5,0,0,1,0,1,186.83,1281.68,3.8,1,0513e1237ea0e5413b08303dd1a9fd6820875c408cf8cdcc184bacde67e6503f
car-s-91,tight,4,TBR_B16,200,6,31,32,1,6,328,-1600,207887,-0.007696488957943498,12.275273264401772,5,0,0,1,0,1,189.81,2666.05,3.49,1,0513e1237ea0e5413b08303dd1a9fd6820875c408cf8cdcc184bacde67e6503f
car-s-91,tight,4,RECOMPUTE,200,10,31,31,0,1264,71891,-15301,207887,-0.07360248596593341,11.457902511078286,0,0,0,0,10,500,30149.87,49303.1,3.68,1,fbe13b5bae30c92fde4d0c07106b0d4b1768bd1a39328cf3767ae662818234a4
car-s-91,tight,4,ONE_BLOCKER,200,6,31,32,1,6,328,-1600,207887,-0.007696488957943498,12.275273264401772,5,0,0,1,0,1,172.72,281.85,3.34,1,0513e1237ea0e5413b08303dd1a9fd6820875c408cf8cdcc184bacde67e6503f
car-s-91,tight,4,TBR_NOPROX,200,6,31,32,1,6,328,-1248,207887,-0.006003261387195928,12.296070901033973,5,0,0,1,0,1,41.78,1038.22,3.27,1,db1c281ee7924cf31025dd595686ad0b1d1a3ec573a4ff5b148f969397da27f0
car-s-91,tight,4,TBR_NOT2,200,6,31,32,1,6,328,-1600,207887,-0.007696488957943498,12.275273264401772,5,0,0,1,0,1,175.64,1078.43,3.79,1,0513e1237ea0e5413b08303dd1a9fd6820875c408cf8cdcc184bacde67e6503f
car-s-91,tight,4,TBR_B2,200,6,31,32,1,6,328,-1600,207887,-0.007696488957943498,12.275273264401772,5,0,0,1,0,1,177.98,301.18,3.44,1,0513e1237ea0e5413b08303dd1a9fd6820875c408cf8cdcc184bacde67e6503f
car-s-91,tight,4,SINGLE,200,6,31,32,1,6,328,-1600,207887,-0.007696488957943498,12.275273264401772,5,0,0,1,0,1,164.41,233.4,3.17,1,0513e1237ea0e5413b08303dd1a9fd6820875c408cf8cdcc184bacde67e6503f
car-s-91,tight,4,TBR_B4,200,6,31,32,1,6,328,-1600,207887,-0.007696488957943498,12.275273264401772,5,0,0,1,0,1,204.97,781.39,3.41,1,0513e1237ea0e5413b08303dd1a9fd6820875c408cf8cdcc184bacde67e6503f
car-s-91,tight,4,TBR_B32,200,6,31,32,1,6,328,-1600,207887,-0.007696488957943498,12.275273264401772,5,0,0,1,0,1,186.57,7883.52,4.01,1,0513e1237ea0e5413b08303dd1a9fd6820875c408cf8cdcc184bacde67e6503f
car-s-91,official,4,TBR,200,6,35,35,0,6,328,-2194,207887,-0.010553810483580022,12.240177252584933,6,0,0,0,0,1,202.14,250.11,3.97,1,3d7f99fa1b7f9bb36336521a049c03136b5f91df497ce2730863bb4f5ff11790
car-s-91,official,4,TBR_B16,200,6,35,35,0,6,328,-2194,207887,-0.010553810483580022,12.240177252584933,6,0,0,0,0,1,243.94,271.61,5.08,1,3d7f99fa1b7f9bb36336521a049c03136b5f91df497ce2730863bb4f5ff11790
car-s-91,official,4,RECOMPUTE,200,10,35,35,0,1264,71891,-15301,207887,-0.07360248596593341,11.457902511078286,0,0,0,0,10,500,32067.9,48922.95,3.54,1,7c3132db5448105628fbaa0c51529a102fffbb471db4b880b8f67dab8f2a41d1
car-s-91,official,4,ONE_BLOCKER,200,6,35,35,0,6,328,-2194,207887,-0.010553810483580022,12.240177252584933,6,0,0,0,0,1,182.67,242.38,3.35,1,3d7f99fa1b7f9bb36336521a049c03136b5f91df497ce2730863bb4f5ff11790
car-s-91,official,4,TBR_NOPROX,200,6,35,35,0,6,328,-1248,207887,-0.006003261387195928,12.296070901033973,6,0,0,0,0,1,52.38,59.59,4.15,1,633766a3f0571f2ba6ce89cd142c966397b4dabf30ddc10342469131315098b1
car-s-91,official,4,TBR_NOT2,200,6,35,35,0,6,328,-2194,207887,-0.010553810483580022,12.240177252584933,6,0,0,0,0,1,183.88,244.45,3.24,1,3d7f99fa1b7f9bb36336521a049c03136b5f91df497ce2730863bb4f5ff11790
car-s-91,official,4,TBR_B2,200,6,35,35,0,6,328,-2194,207887,-0.010553810483580022,12.240177252584933,6,0,0,0,0,1,196.57,233.08,3.23,1,3d7f99fa1b7f9bb36336521a049c03136b5f91df497ce2730863bb4f5ff11790
car-s-91,official,4,SINGLE,200,6,35,35,0,6,328,-2194,207887,-0.010553810483580022,12.240177252584933,6,0,0,0,0,1,176.06,239.29,3.19,1,3d7f99fa1b7f9bb36336521a049c03136b5f91df497ce2730863bb4f5ff11790
car-s-91,official,4,TBR_B4,200,6,35,35,0,6,328,-2194,207887,-0.010553810483580022,12.240177252584933,6,0,0,0,0,1,182.44,253.49,3.54,1,3d7f99fa1b7f9bb36336521a049c03136b5f91df497ce2730863bb4f5ff11790
car-s-91,official,4,TBR_B32,200,6,35,35,0,6,328,-2194,207887,-0.010553810483580022,12.240177252584933,6,0,0,0,0,1,197.83,292.59,3.75,1,3d7f99fa1b7f9bb36336521a049c03136b5f91df497ce2730863bb4f5ff11790
car-s-91,tight,5,TBR_NOPROX,200,8,30,31,1,8,606,-2474,195068,-0.012682756782250292,11.462570162481537,7,0,0,1,0,1,37.22,984.12,3.55,1,9acfc968c1b0e445dae6eb69367b72ad6c6d3c6d5353250b85e57e41df36b9b0
car-s-91,tight,5,TBR_NOT2,200,8,30,31,1,8,606,-3172,195068,-0.016260996165439745,11.421211225997046,7,0,0,1,0,1,76.47,981.87,3.34,1,2d0a9d1a12158fa05392965deeda6bbc06591ae8713de97b8b41a5743a8601f4
car-s-91,tight,5,TBR_B32,200,8,30,31,1,8,606,-3172,195068,-0.016260996165439745,11.421211225997046,7,0,0,1,0,1,80.46,8838.9,3.36,1,2d0a9d1a12158fa05392965deeda6bbc06591ae8713de97b8b41a5743a8601f4
car-s-91,tight,5,TBR,200,8,30,31,1,8,606,-3172,195068,-0.016260996165439745,11.421211225997046,7,0,0,1,0,1,77.44,1186.97,3.31,1,2d0a9d1a12158fa05392965deeda6bbc06591ae8713de97b8b41a5743a8601f4
car-s-91,tight,5,TBR_B2,200,8,30,31,1,8,606,-3172,195068,-0.016260996165439745,11.421211225997046,7,0,0,1,0,1,76.28,265.06,3.42,1,2d0a9d1a12158fa05392965deeda6bbc06591ae8713de97b8b41a5743a8601f4
car-s-91,tight,5,RECOMPUTE,200,10,30,32,2,1433,83444,8112,195068,0.04158549839030492,12.100502215657311,0,0,0,0,10,478,30815.51,47968.49,3.98,1,acdbbd9a36fb09a843f33308ba23e91fa75e3ed577c31d2a5d93c17e44268334
car-s-91,tight,5,ONE_BLOCKER,200,8,30,31,1,8,606,-3172,195068,-0.016260996165439745,11.421211225997046,7,0,0,1,0,1,77.59,260.68,3.62,1,2d0a9d1a12158fa05392965deeda6bbc06591ae8713de97b8b41a5743a8601f4
car-s-91,tight,5,SINGLE,200,8,30,31,1,8,606,-3172,195068,-0.016260996165439745,11.421211225997046,7,0,0,1,0,1,78.5,100.24,3.48,1,2d0a9d1a12158fa05392965deeda6bbc06591ae8713de97b8b41a5743a8601f4
car-s-91,tight,5,TBR_B4,200,8,30,31,1,8,606,-3172,195068,-0.016260996165439745,11.421211225997046,7,0,0,1,0,1,75.8,763.79,3.43,1,2d0a9d1a12158fa05392965deeda6bbc06591ae8713de97b8b41a5743a8601f4
car-s-91,tight,5,TBR_B16,200,8,30,31,1,8,606,-3172,195068,-0.016260996165439745,11.421211225997046,7,0,0,1,0,1,79.68,2578.05,3.52,1,2d0a9d1a12158fa05392965deeda6bbc06591ae8713de97b8b41a5743a8601f4
car-s-91,official,5,TBR_NOPROX,200,8,35,35,0,8,606,-2474,195068,-0.012682756782250292,11.462570162481537,8,0,0,0,0,1,41.12,55.66,3.55,1,9e6bcf46919a2d7a9dde7ed58dc6dcff3e87a9158209e67b8f89dfbfd1e792f9
car-s-91,official,5,TBR_NOT2,200,8,35,35,0,8,606,-3710,195068,-0.019019008755921014,11.389423929098966,8,0,0,0,0,1,199.09,363.86,3.44,1,d3311f7fffa1f13a45fbb2aadcc11d7a42e836a0c4c8103441a0abdc9daee62a
car-s-91,official,5,TBR_B32,200,8,35,35,0,8,606,-3710,195068,-0.019019008755921014,11.389423929098966,8,0,0,0,0,1,207.29,353.58,3.8,1,d3311f7fffa1f13a45fbb2aadcc11d7a42e836a0c4c8103441a0abdc9daee62a
car-s-91,official,5,TBR,200,8,35,35,0,8,606,-3710,195068,-0.019019008755921014,11.389423929098966,8,0,0,0,0,1,207.16,332.63,3.87,1,d3311f7fffa1f13a45fbb2aadcc11d7a42e836a0c4c8103441a0abdc9daee62a
car-s-91,official,5,TBR_B2,200,8,35,35,0,8,606,-3710,195068,-0.019019008755921014,11.389423929098966,8,0,0,0,0,1,202.94,325.76,3.38,1,d3311f7fffa1f13a45fbb2aadcc11d7a42e836a0c4c8103441a0abdc9daee62a
car-s-91,official,5,RECOMPUTE,200,10,35,35,0,1433,83444,8112,195068,0.04158549839030492,12.100502215657311,0,0,0,0,10,478,31491.03,48188.84,3.95,1,8fe1693d2699939274485e7d3b1d1891c37b979f695f5466590183e113a9d8e5
car-s-91,official,5,ONE_BLOCKER,200,8,35,35,0,8,606,-3710,195068,-0.019019008755921014,11.389423929098966,8,0,0,0,0,1,224.48,379.31,4.0,1,d3311f7fffa1f13a45fbb2aadcc11d7a42e836a0c4c8103441a0abdc9daee62a
car-s-91,official,5,SINGLE,200,8,35,35,0,8,606,-3710,195068,-0.019019008755921014,11.389423929098966,8,0,0,0,0,1,214.32,347.48,3.34,1,d3311f7fffa1f13a45fbb2aadcc11d7a42e836a0c4c8103441a0abdc9daee62a
car-s-91,official,5,TBR_B4,200,8,35,35,0,8,606,-3710,195068,-0.019019008755921014,11.389423929098966,8,0,0,0,0,1,206.3,347.47,3.51,1,d3311f7fffa1f13a45fbb2aadcc11d7a42e836a0c4c8103441a0abdc9daee62a
car-s-91,official,5,TBR_B16,200,8,35,35,0,8,606,-3710,195068,-0.019019008755921014,11.389423929098966,8,0,0,0,0,1,192.43,344.88,3.54,1,d3311f7fffa1f13a45fbb2aadcc11d7a42e836a0c4c8103441a0abdc9daee62a
car-s-91,tight,6,TBR_B32,200,4,31,31,0,4,224,-979,198276,-0.004937561782565716,11.726203840472673,4,0,0,0,0,1,115.89,121.24,3.95,1,162c1aa56aac5ec2c499d080a0c2df659a377f8edd715637671800bfbbac9515
car-s-91,tight,6,TBR_B4,200,4,31,31,0,4,224,-979,198276,-0.004937561782565716,11.726203840472673,4,0,0,0,0,1,96.51,111.93,3.3,1,162c1aa56aac5ec2c499d080a0c2df659a377f8edd715637671800bfbbac9515
car-s-91,tight,6,TBR_B16,200,4,31,31,0,4,224,-979,198276,-0.004937561782565716,11.726203840472673,4,0,0,0,0,1,95.86,110.22,3.35,1,162c1aa56aac5ec2c499d080a0c2df659a377f8edd715637671800bfbbac9515
car-s-91,tight,6,SINGLE,200,4,31,31,0,4,224,-979,198276,-0.004937561782565716,11.726203840472673,4,0,0,0,0,1,99.26,110.89,3.07,1,162c1aa56aac5ec2c499d080a0c2df659a377f8edd715637671800bfbbac9515
car-s-91,tight,6,TBR_B2,200,4,31,31,0,4,224,-979,198276,-0.004937561782565716,11.726203840472673,4,0,0,0,0,1,98.18,111.2,3.26,1,162c1aa56aac5ec2c499d080a0c2df659a377f8edd715637671800bfbbac9515
car-s-91,tight,6,TBR_NOPROX,200,4,31,31,0,4,224,-583,198276,-0.0029403457806290224,11.7496011816839,4,0,0,0,0,1,37.49,67.45,3.61,1,984988901107f3c589befc54cbedc431627fe537d1e5971347c88149e6ba6c5a
car-s-91,tight,6,TBR_NOT2,200,4,31,31,0,4,224,-979,198276,-0.004937561782565716,11.726203840472673,4,0,0,0,0,1,97.58,110.54,3.3,1,162c1aa56aac5ec2c499d080a0c2df659a377f8edd715637671800bfbbac9515
car-s-91,tight,6,ONE_BLOCKER,200,4,31,31,0,4,224,-979,198276,-0.004937561782565716,11.726203840472673,4,0,0,0,0,1,112.37,132.51,3.4,1,162c1aa56aac5ec2c499d080a0c2df659a377f8edd715637671800bfbbac9515
car-s-91,tight,6,TBR,200,4,31,31,0,4,224,-979,198276,-0.004937561782565716,11.726203840472673,4,0,0,0,0,1,98.57,107.13,3.52,1,162c1aa56aac5ec2c499d080a0c2df659a377f8edd715637671800bfbbac9515
car-s-91,tight,6,RECOMPUTE,200,8,31,31,0,1916,111744,-137,198276,-0.0006909560410740584,11.785701624815362,0,0,0,0,8,442,33168.71,50525.74,3.5,1,b8a73cf9176777adc100dd728590f60476352d085279407e1d8bfe819fbc8eec
car-s-91,official,6,TBR_B32,200,4,35,35,0,4,224,-1493,198276,-0.007529907805281527,11.695834564254062,4,0,0,0,0,1,181.62,277.81,3.5,1,131312245db21b3090a651b8d076798d187fc180133f0a6beb6c72ca29f3380e
car-s-91,official,6,TBR_B4,200,4,35,35,0,4,224,-1493,198276,-0.007529907805281527,11.695834564254062,4,0,0,0,0,1,178.11,279.95,3.41,1,131312245db21b3090a651b8d076798d187fc180133f0a6beb6c72ca29f3380e
car-s-91,official,6,TBR_B16,200,4,35,35,0,4,224,-1493,198276,-0.007529907805281527,11.695834564254062,4,0,0,0,0,1,187.38,251.88,3.26,1,131312245db21b3090a651b8d076798d187fc180133f0a6beb6c72ca29f3380e
car-s-91,official,6,SINGLE,200,4,35,35,0,4,224,-1493,198276,-0.007529907805281527,11.695834564254062,4,0,0,0,0,1,181.09,265.17,3.19,1,131312245db21b3090a651b8d076798d187fc180133f0a6beb6c72ca29f3380e
car-s-91,official,6,TBR_B2,200,4,35,35,0,4,224,-1493,198276,-0.007529907805281527,11.695834564254062,4,0,0,0,0,1,183.08,262.06,3.5,1,131312245db21b3090a651b8d076798d187fc180133f0a6beb6c72ca29f3380e
car-s-91,official,6,TBR_NOPROX,200,4,35,35,0,4,224,-583,198276,-0.0029403457806290224,11.7496011816839,4,0,0,0,0,1,45.37,82.36,3.17,1,3f0bf593f9d8196a6725fc64e4ef8f8d9998b1a0c98653f4271c6f20eb353ca9
car-s-91,official,6,TBR_NOT2,200,4,35,35,0,4,224,-1493,198276,-0.007529907805281527,11.695834564254062,4,0,0,0,0,1,191.78,288.61,3.15,1,131312245db21b3090a651b8d076798d187fc180133f0a6beb6c72ca29f3380e
car-s-91,official,6,ONE_BLOCKER,200,4,35,35,0,4,224,-1493,198276,-0.007529907805281527,11.695834564254062,4,0,0,0,0,1,180.27,245.99,3.09,1,131312245db21b3090a651b8d076798d187fc180133f0a6beb6c72ca29f3380e
car-s-91,official,6,TBR,200,4,35,35,0,4,224,-1493,198276,-0.007529907805281527,11.695834564254062,4,0,0,0,0,1,190.77,253.59,3.14,1,131312245db21b3090a651b8d076798d187fc180133f0a6beb6c72ca29f3380e
car-s-91,official,6,RECOMPUTE,200,8,35,35,0,1916,111744,-137,198276,-0.0006909560410740584,11.785701624815362,0,0,0,0,8,442,33046.45,51815.94,3.29,1,77b9f9f5a047e5fb3d66ca2ef33ca1a41cdd65772b50514aa78906e84c847bd1
car-s-91,tight,7,TBR,200,6,31,32,1,12,1308,-7150,212227,-0.03369034100279418,12.206794682422451,3,1,1,1,0,6,265.93,1768.14,3.74,1,1b957cc015d066f730a5a67fa0f161251642934da304c03e3ce99dbf49d280d2
car-s-91,tight,7,TBR_B2,200,6,31,32,1,7,679,-3080,212227,-0.014512762278126723,12.447444608567208,4,1,0,1,0,2,136.64,367.99,3.97,1,364287baa4ba9992da5f58692cb4c9648733b517a2a2281205586c3ea99b31ea
car-s-91,tight,7,TBR_NOT2,200,6,31,32,1,11,1377,-7892,212227,-0.03718659736979743,12.162954209748893,4,0,1,1,0,6,146.11,1589.09,3.51,1,b09265fa085775ea996861a6fcd5b57087e775b9d4072a9456cca2c475ad334d
car-s-91,tight,7,RECOMPUTE,200,10,31,31,0,2124,122799,-15787,212227,-0.07438733054700863,11.699320531757754,0,0,0,0,10,447,32806.97,47886.07,3.8,1,d4458f1bf4f7c7c0d881bd57cc52b4129d180bcd446ca03b264676c84482e101
car-s-91,tight,7,TBR_B4,200,6,31,32,1,7,679,-3080,212227,-0.014512762278126723,12.447444608567208,4,1,0,1,0,2,132.69,909.82,3.71,1,364287baa4ba9992da5f58692cb4c9648733b517a2a2281205586c3ea99b31ea
car-s-91,tight,7,SINGLE,200,6,31,33,2,6,636,-3604,212227,-0.0169818166397301,12.416484490398819,4,0,0,2,0,1,102.92,142.14,3.56,1,bc7873e582552bc87fa701ad010955acb619560bd3575c872405d3c08be54be4
car-s-91,tight,7,TBR_B16,200,6,31,32,1,12,1308,-7150,212227,-0.03369034100279418,12.206794682422451,3,1,1,1,0,6,253.96,3275.18,3.41,1,1b957cc015d066f730a5a67fa0f161251642934da304c03e3ce99dbf49d280d2
car-s-91,tight,7,ONE_BLOCKER,200,6,31,32,1,7,679,-3080,212227,-0.014512762278126723,12.447444608567208,4,1,0,1,0,2,141.85,357.99,3.34,1,364287baa4ba9992da5f58692cb4c9648733b517a2a2281205586c3ea99b31ea
car-s-91,tight,7,TBR_B32,200,6,31,32,1,12,1308,-7150,212227,-0.03369034100279418,12.206794682422451,3,1,1,1,0,6,247.9,10851.31,3.51,1,1b957cc015d066f730a5a67fa0f161251642934da304c03e3ce99dbf49d280d2
car-s-91,tight,7,TBR_NOPROX,200,6,31,32,1,12,1308,-6535,212227,-0.03079250048297342,12.243131462333826,3,1,1,1,0,6,96.06,1562.11,3.85,1,08f005865aca43ac74f403f624939ecf4a2e01970aa0092cecb858e6cf6dfe81
car-s-91,official,7,TBR,200,6,35,35,0,6,478,-2706,212227,-0.012750498287211335,12.469542097488922,6,0,0,0,0,1,247.18,283.04,4.5,1,93a6d884b5c0ce4c6cb989c1c7ad4754cd14bd34a69cb80797bb46286762650a
car-s-91,official,7,TBR_B2,200,6,35,35,0,6,478,-2706,212227,-0.012750498287211335,12.469542097488922,6,0,0,0,0,1,231.15,300.61,3.52,1,93a6d884b5c0ce4c6cb989c1c7ad4754cd14bd34a69cb80797bb46286762650a
car-s-91,official,7,TBR_NOT2,200,6,35,35,0,6,478,-2706,212227,-0.012750498287211335,12.469542097488922,6,0,0,0,0,1,214.05,290.25,3.5,1,93a6d884b5c0ce4c6cb989c1c7ad4754cd14bd34a69cb80797bb46286762650a
car-s-91,official,7,RECOMPUTE,200,10,35,35,0,2124,122799,-15787,212227,-0.07438733054700863,11.699320531757754,0,0,0,0,10,447,33557.44,50666.83,3.81,1,e82583226e441042922dec993b1790124c593b464b9a38fee484d1534a6d2479
car-s-91,official,7,TBR_B4,200,6,35,35,0,6,478,-2706,212227,-0.012750498287211335,12.469542097488922,6,0,0,0,0,1,220.11,384.88,3.82,1,93a6d884b5c0ce4c6cb989c1c7ad4754cd14bd34a69cb80797bb46286762650a
car-s-91,official,7,SINGLE,200,6,35,35,0,6,478,-2706,212227,-0.012750498287211335,12.469542097488922,6,0,0,0,0,1,221.85,263.73,3.58,1,93a6d884b5c0ce4c6cb989c1c7ad4754cd14bd34a69cb80797bb46286762650a
car-s-91,official,7,TBR_B16,200,6,35,35,0,6,478,-2706,212227,-0.012750498287211335,12.469542097488922,6,0,0,0,0,1,232.2,301.97,3.98,1,93a6d884b5c0ce4c6cb989c1c7ad4754cd14bd34a69cb80797bb46286762650a
car-s-91,official,7,ONE_BLOCKER,200,6,35,35,0,6,478,-2706,212227,-0.012750498287211335,12.469542097488922,6,0,0,0,0,1,210.02,273.49,3.74,1,93a6d884b5c0ce4c6cb989c1c7ad4754cd14bd34a69cb80797bb46286762650a
car-s-91,official,7,TBR_B32,200,6,35,35,0,6,478,-2706,212227,-0.012750498287211335,12.469542097488922,6,0,0,0,0,1,218.26,272.87,3.45,1,93a6d884b5c0ce4c6cb989c1c7ad4754cd14bd34a69cb80797bb46286762650a
car-s-91,official,7,TBR_NOPROX,200,6,35,35,0,6,478,-2057,212227,-0.009692451950034632,12.507887740029542,6,0,0,0,0,1,45.61,68.27,3.46,1,9f9dbd266010b130322b8f2a4fb3f8cd906f97df58a3f9979905075a8309d201
car-s-91,tight,8,SINGLE,200,9,30,30,0,9,561,-2297,211130,-0.010879552882110548,12.432437223042836,9,0,0,0,0,1,116.96,246.53,3.63,1,c4adcada39a08999be75145d6cfb1d61ed731ff3352d01a2c17b61a6051207b4
car-s-91,tight,8,RECOMPUTE,200,13,30,31,1,1956,100346,-2234,211130,-0.010581158527921186,12.43533234859675,0,0,0,0,13,471,31465.67,46001.0,4.15,1,2eca509d1ace92d964705a87e94da63c4fb770896b77ece2c2dbde83368d7879
car-s-91,tight,8,TBR_NOPROX,200,9,30,30,0,9,561,-1826,211130,-0.008648699853171031,12.460324963072377,9,0,0,0,0,1,37.36,45.21,3.69,1,a5481e0824d882e9fb076e1d17b968a7ef97aa57d27613a78377c1030dcf3261
car-s-91,tight,8,TBR,200,9,30,30,0,9,561,-2297,211130,-0.010879552882110548,12.432437223042836,9,0,0,0,0,1,111.19,249.7,3.41,1,c4adcada39a08999be75145d6cfb1d61ed731ff3352d01a2c17b61a6051207b4
car-s-91,tight,8,TBR_NOT2,200,9,30,30,0,9,561,-2297,211130,-0.010879552882110548,12.432437223042836,9,0,0,0,0,1,114.91,233.27,3.58,1,c4adcada39a08999be75145d6cfb1d61ed731ff3352d01a2c17b61a6051207b4
car-s-91,tight,8,TBR_B2,200,9,30,30,0,9,561,-2297,211130,-0.010879552882110548,12.432437223042836,9,0,0,0,0,1,126.09,250.07,3.58,1,c4adcada39a08999be75145d6cfb1d61ed731ff3352d01a2c17b61a6051207b4
car-s-91,tight,8,TBR_B32,200,9,30,30,0,9,561,-2297,211130,-0.010879552882110548,12.432437223042836,9,0,0,0,0,1,118.06,229.46,3.46,1,c4adcada39a08999be75145d6cfb1d61ed731ff3352d01a2c17b61a6051207b4
car-s-91,tight,8,TBR_B16,200,9,30,30,0,9,561,-2297,211130,-0.010879552882110548,12.432437223042836,9,0,0,0,0,1,109.69,238.97,3.54,1,c4adcada39a08999be75145d6cfb1d61ed731ff3352d01a2c17b61a6051207b4
car-s-91,tight,8,TBR_B4,200,9,30,30,0,9,561,-2297,211130,-0.010879552882110548,12.432437223042836,9,0,0,0,0,1,149.69,313.57,5.04,1,c4adcada39a08999be75145d6cfb1d61ed731ff3352d01a2c17b61a6051207b4
car-s-91,tight,8,ONE_BLOCKER,200,9,30,30,0,9,561,-2297,211130,-0.010879552882110548,12.432437223042836,9,0,0,0,0,1,143.07,315.71,4.51,1,c4adcada39a08999be75145d6cfb1d61ed731ff3352d01a2c17b61a6051207b4
car-s-91,official,8,SINGLE,200,9,35,35,0,9,561,-3397,211130,-0.016089613034623217,12.36738552437223,9,0,0,0,0,1,171.33,258.41,4.21,1,1e77d0341f58dd8d7c307392b42d3527fe416ad20e6bfa6b4c5c220f726e7fa1
car-s-91,official,8,RECOMPUTE,200,13,35,35,0,1956,100346,-2234,211130,-0.010581158527921186,12.43533234859675,0,0,0,0,13,471,32079.97,51780.36,4.17,1,0f56e407271032ceb7b9335d0c2c0cc9f9f4a5a694d9bb63613cbd9f94d038b0
car-s-91,official,8,TBR_NOPROX,200,9,35,35,0,9,561,-1826,211130,-0.008648699853171031,12.460324963072377,9,0,0,0,0,1,39.88,48.1,3.62,1,ebdc2c2ed6f7da6b25ea9fb75935c896086ac047ac5cc3d7656baab241e1003b
car-s-91,official,8,TBR,200,9,35,35,0,9,561,-3397,211130,-0.016089613034623217,12.36738552437223,9,0,0,0,0,1,161.19,276.56,3.69,1,1e77d0341f58dd8d7c307392b42d3527fe416ad20e6bfa6b4c5c220f726e7fa1
car-s-91,official,8,TBR_NOT2,200,9,35,35,0,9,561,-3397,211130,-0.016089613034623217,12.36738552437223,9,0,0,0,0,1,163.41,267.13,3.51,1,1e77d0341f58dd8d7c307392b42d3527fe416ad20e6bfa6b4c5c220f726e7fa1
car-s-91,official,8,TBR_B2,200,9,35,35,0,9,561,-3397,211130,-0.016089613034623217,12.36738552437223,9,0,0,0,0,1,189.74,264.01,3.58,1,1e77d0341f58dd8d7c307392b42d3527fe416ad20e6bfa6b4c5c220f726e7fa1
car-s-91,official,8,TBR_B32,200,9,35,35,0,9,561,-3397,211130,-0.016089613034623217,12.36738552437223,9,0,0,0,0,1,171.09,299.31,3.71,1,1e77d0341f58dd8d7c307392b42d3527fe416ad20e6bfa6b4c5c220f726e7fa1
car-s-91,official,8,TBR_B16,200,9,35,35,0,9,561,-3397,211130,-0.016089613034623217,12.36738552437223,9,0,0,0,0,1,164.4,259.46,3.51,1,1e77d0341f58dd8d7c307392b42d3527fe416ad20e6bfa6b4c5c220f726e7fa1
car-s-91,official,8,TBR_B4,200,9,35,35,0,9,561,-3397,211130,-0.016089613034623217,12.36738552437223,9,0,0,0,0,1,174.11,258.03,3.51,1,1e77d0341f58dd8d7c307392b42d3527fe416ad20e6bfa6b4c5c220f726e7fa1
car-s-91,official,8,ONE_BLOCKER,200,9,35,35,0,9,561,-3397,211130,-0.016089613034623217,12.36738552437223,9,0,0,0,0,1,167.47,258.43,3.48,1,1e77d0341f58dd8d7c307392b42d3527fe416ad20e6bfa6b4c5c220f726e7fa1
car-s-91,tight,9,TBR_B4,200,7,30,31,1,7,442,-2615,209800,-0.012464251668255481,12.340029542097488,6,0,0,1,0,1,175.44,792.31,4.03,1,000ddecc767dcf7de84d47406792b9878cc1fe7c2d1f8d85529f85863edefd21
car-s-91,tight,9,ONE_BLOCKER,200,7,30,31,1,7,442,-2615,209800,-0.012464251668255481,12.340029542097488,6,0,0,1,0,1,173.5,278.9,3.37,1,000ddecc767dcf7de84d47406792b9878cc1fe7c2d1f8d85529f85863edefd21
car-s-91,tight,9,SINGLE,200,7,30,31,1,7,442,-2615,209800,-0.012464251668255481,12.340029542097488,6,0,0,1,0,1,163.03,192.78,3.45,1,000ddecc767dcf7de84d47406792b9878cc1fe7c2d1f8d85529f85863edefd21
car-s-91,tight,9,TBR_NOPROX,200,7,30,31,1,7,442,-2215,209800,-0.01055767397521449,12.363663220088627,6,0,0,1,0,1,38.51,1023.79,3.36,1,1312c09ea69afbb22c3b95495251d154b209e2c2354897e737417f311b17229d
car-s-91,tight,9,TBR_B16,200,7,30,31,1,7,442,-2615,209800,-0.012464251668255481,12.340029542097488,6,0,0,1,0,1,179.84,2620.66,3.42,1,000ddecc767dcf7de84d47406792b9878cc1fe7c2d1f8d85529f85863edefd21
car-s-91,tight,9,TBR_B2,200,7,30,31,1,7,442,-2615,209800,-0.012464251668255481,12.340029542097488,6,0,0,1,0,1,199.13,300.51,3.58,1,000ddecc767dcf7de84d47406792b9878cc1fe7c2d1f8d85529f85863edefd21
car-s-91,tight,9,TBR,200,7,30,31,1,7,442,-2615,209800,-0.012464251668255481,12.340029542097488,6,0,0,1,0,1,167.32,1183.72,3.25,1,000ddecc767dcf7de84d47406792b9878cc1fe7c2d1f8d85529f85863edefd21
car-s-91,tight,9,TBR_B32,200,7,30,31,1,7,442,-2615,209800,-0.012464251668255481,12.340029542097488,6,0,0,1,0,1,163.87,7757.33,3.42,1,000ddecc767dcf7de84d47406792b9878cc1fe7c2d1f8d85529f85863edefd21
car-s-91,tight,9,RECOMPUTE,200,12,30,31,1,2184,119697,-26213,209800,-0.12494280266920876,10.937134416543575,0,0,0,0,12,523,30404.34,45442.16,3.92,1,c6e5ea48efaeca05a63af7d887a767cefbb308fc69b1b6e22e66f8bb9c17277f
car-s-91,tight,9,TBR_NOT2,200,7,30,31,1,7,442,-2615,209800,-0.012464251668255481,12.340029542097488,6,0,0,1,0,1,183.88,988.2,3.45,1,000ddecc767dcf7de84d47406792b9878cc1fe7c2d1f8d85529f85863edefd21
car-s-91,official,9,TBR_B4,200,7,35,35,0,7,442,-3327,209800,-0.015857959961868447,12.297607090103398,7,0,0,0,0,1,189.28,263.98,3.78,1,92522eea25b4569cff5ec0ddebe97ee867ffd6990576db7847e5bfc0aa3186e6
car-s-91,official,9,ONE_BLOCKER,200,7,35,35,0,7,442,-3327,209800,-0.015857959961868447,12.297607090103398,7,0,0,0,0,1,191.02,268.05,3.5,1,92522eea25b4569cff5ec0ddebe97ee867ffd6990576db7847e5bfc0aa3186e6
car-s-91,official,9,SINGLE,200,7,35,35,0,7,442,-3327,209800,-0.015857959961868447,12.297607090103398,7,0,0,0,0,1,190.08,259.84,3.29,1,92522eea25b4569cff5ec0ddebe97ee867ffd6990576db7847e5bfc0aa3186e6
car-s-91,official,9,TBR_NOPROX,200,7,35,35,0,7,442,-2215,209800,-0.01055767397521449,12.363663220088627,7,0,0,0,0,1,42.94,51.05,3.25,1,f88113c35873794a91ffe358e8edb184324a18ea748efcbb81326569575517fd
car-s-91,official,9,TBR_B16,200,7,35,35,0,7,442,-3327,209800,-0.015857959961868447,12.297607090103398,7,0,0,0,0,1,204.18,265.11,3.25,1,92522eea25b4569cff5ec0ddebe97ee867ffd6990576db7847e5bfc0aa3186e6
car-s-91,official,9,TBR_B2,200,7,35,35,0,7,442,-3327,209800,-0.015857959961868447,12.297607090103398,7,0,0,0,0,1,178.88,262.06,3.38,1,92522eea25b4569cff5ec0ddebe97ee867ffd6990576db7847e5bfc0aa3186e6
car-s-91,official,9,TBR,200,7,35,35,0,7,442,-3327,209800,-0.015857959961868447,12.297607090103398,7,0,0,0,0,1,176.58,258.66,3.3,1,92522eea25b4569cff5ec0ddebe97ee867ffd6990576db7847e5bfc0aa3186e6
car-s-91,official,9,TBR_B32,200,7,35,35,0,7,442,-3327,209800,-0.015857959961868447,12.297607090103398,7,0,0,0,0,1,178.68,269.19,3.44,1,92522eea25b4569cff5ec0ddebe97ee867ffd6990576db7847e5bfc0aa3186e6
car-s-91,official,9,RECOMPUTE,200,12,35,35,0,2184,119697,-26213,209800,-0.12494280266920876,10.937134416543575,0,0,0,0,12,523,32177.43,45402.0,4.32,1,27ae48fb324ca798db7cf07cf8a8cd2ef0a7069ce0f5ca183f604d1b91e27076
car-s-91,official,9,TBR_NOT2,200,7,35,35,0,7,442,-3327,209800,-0.015857959961868447,12.297607090103398,7,0,0,0,0,1,193.6,278.93,3.88,1,92522eea25b4569cff5ec0ddebe97ee867ffd6990576db7847e5bfc0aa3186e6
ear-f-83,tight,0,RECOMPUTE,200,11,22,24,2,366,11036,-4671,73583,-0.06347933625973391,64.7191111111111,0,0,0,0,11,86,3426.63,4241.91,3.12,1,5f5a407401c479ee01c5045f74cf003cd6318a196c9ef7bcc540c30ccc6b723b
ear-f-83,tight,0,ONE_BLOCKER,200,7,22,22,0,11,297,-2798,73583,-0.03802508731636384,66.50755555555556,3,4,0,0,0,2,162.71,241.67,3.27,1,7cfb1a21f0ea4a7119614d0fadce806e0ad2981843f994320629b6a028c6d1d8
ear-f-83,tight,0,SINGLE,200,6,22,23,1,6,146,-2036,73583,-0.02766943451612465,67.16622222222222,5,0,0,1,0,1,50.42,99.32,3.21,1,7f643d2ee6540655843dd8a3131fb372d6228a62b8c4b02ad7b36f3fd898f329
ear-f-83,tight,0,TBR_B16,200,7,22,22,0,11,297,-2798,73583,-0.03802508731636384,66.50755555555556,3,4,0,0,0,2,194.7,319.03,3.86,1,7cfb1a21f0ea4a7119614d0fadce806e0ad2981843f994320629b6a028c6d1d8
ear-f-83,tight,0,TBR_B2,200,7,22,22,0,11,297,-2798,73583,-0.03802508731636384,66.50755555555556,3,4,0,0,0,2,151.37,249.55,3.54,1,7cfb1a21f0ea4a7119614d0fadce806e0ad2981843f994320629b6a028c6d1d8
ear-f-83,tight,0,TBR_B4,200,7,22,22,0,11,297,-2798,73583,-0.03802508731636384,66.50755555555556,3,4,0,0,0,2,147.11,253.1,3.46,1,7cfb1a21f0ea4a7119614d0fadce806e0ad2981843f994320629b6a028c6d1d8
ear-f-83,tight,0,TBR_NOT2,200,7,22,23,1,8,229,-2657,73583,-0.03610888384545343,66.66488888888888,5,0,1,1,0,2,92.2,849.56,3.25,1,1d7dfabbd762aec1bced484c6e21b0dac8502ed43a5012ce08bc306be57de355
ear-f-83,tight,0,TBR,200,7,22,22,0,11,297,-2798,73583,-0.03802508731636384,66.50755555555556,3,4,0,0,0,2,146.16,232.68,3.23,1,7cfb1a21f0ea4a7119614d0fadce806e0ad2981843f994320629b6a028c6d1d8
ear-f-83,tight,0,TBR_NOPROX,200,8,22,22,0,12,318,-2598,73583,-0.03530706820868951,66.68711111111111,4,4,0,0,0,2,41.57,85.74,3.34,1,96cb628ae2abbaad0245cd7b59223e030f3073882c6fc1a37c2e8a2c6db53cd6
ear-f-83,tight,0,TBR_B32,200,7,22,22,0,11,297,-2798,73583,-0.03802508731636384,66.50755555555556,3,4,0,0,0,2,148.77,228.65,3.32,1,7cfb1a21f0ea4a7119614d0fadce806e0ad2981843f994320629b6a028c6d1d8
ear-f-83,official,0,RECOMPUTE,200,11,24,24,0,366,11036,-4671,73583,-0.06347933625973391,64.7191111111111,0,0,0,0,11,86,3773.38,4654.58,3.39,1,3df167ff80f1b6846781194bf05d83a48312ba7bfdfca26fdd31f47905f84d7e
ear-f-83,official,0,ONE_BLOCKER,200,6,24,24,0,6,146,-2367,73583,-0.03216775613932566,66.86755555555555,6,0,0,0,0,1,104.88,155.46,3.23,1,f3f0f4c2738d8ab20f3020133a1a4782dc1821bb5f0507db5353bc04ff207201
ear-f-83,official,0,SINGLE,200,6,24,24,0,6,146,-2367,73583,-0.03216775613932566,66.86755555555555,6,0,0,0,0,1,135.63,151.97,3.83,1,f3f0f4c2738d8ab20f3020133a1a4782dc1821bb5f0507db5353bc04ff207201
ear-f-83,official,0,TBR_B16,200,6,24,24,0,6,146,-2367,73583,-0.03216775613932566,66.86755555555555,6,0,0,0,0,1,114.27,174.14,3.67,1,f3f0f4c2738d8ab20f3020133a1a4782dc1821bb5f0507db5353bc04ff207201
ear-f-83,official,0,TBR_B2,200,6,24,24,0,6,146,-2367,73583,-0.03216775613932566,66.86755555555555,6,0,0,0,0,1,111.86,151.65,4.33,1,f3f0f4c2738d8ab20f3020133a1a4782dc1821bb5f0507db5353bc04ff207201
ear-f-83,official,0,TBR_B4,200,6,24,24,0,6,146,-2367,73583,-0.03216775613932566,66.86755555555555,6,0,0,0,0,1,128.43,206.74,4.03,1,f3f0f4c2738d8ab20f3020133a1a4782dc1821bb5f0507db5353bc04ff207201
ear-f-83,official,0,TBR_NOT2,200,6,24,24,0,6,146,-2367,73583,-0.03216775613932566,66.86755555555555,6,0,0,0,0,1,121.85,147.97,3.85,1,f3f0f4c2738d8ab20f3020133a1a4782dc1821bb5f0507db5353bc04ff207201
ear-f-83,official,0,TBR,200,6,24,24,0,6,146,-2367,73583,-0.03216775613932566,66.86755555555555,6,0,0,0,0,1,110.4,155.92,3.44,1,f3f0f4c2738d8ab20f3020133a1a4782dc1821bb5f0507db5353bc04ff207201
ear-f-83,official,0,TBR_NOPROX,200,6,24,24,0,6,146,-1845,73583,-0.025073726268295665,67.336,6,0,0,0,0,1,25.66,42.42,3.48,1,327d10bd793a6d0cffe972450aced67232b35f00dc5245d7885e9d98ff89dfdf
ear-f-83,official,0,TBR_B32,200,6,24,24,0,6,146,-2367,73583,-0.03216775613932566,66.86755555555555,6,0,0,0,0,1,130.86,160.05,3.95,1,f3f0f4c2738d8ab20f3020133a1a4782dc1821bb5f0507db5353bc04ff207201
ear-f-83,tight,1,TBR_B32,200,8,22,25,3,8,264,-4656,78089,-0.05962427486585819,68.53955555555555,5,0,0,3,0,1,124.41,3600.8,3.5,1,c775666b784a8009a11409a8cd15936316449bb24ea4362c2024934cdb05d337
ear-f-83,tight,1,TBR_B4,200,8,22,25,3,8,264,-4656,78089,-0.05962427486585819,68.53955555555555,5,0,0,3,0,1,117.81,613.58,3.82,1,c775666b784a8009a11409a8cd15936316449bb24ea4362c2024934cdb05d337
ear-f-83,tight,1,ONE_BLOCKER,200,8,22,25,3,8,264,-4656,78089,-0.05962427486585819,68.53955555555555,5,0,0,3,0,1,109.1,202.76,3.54,1,c775666b784a8009a11409a8cd15936316449bb24ea4362c2024934cdb05d337
ear-f-83,tight,1,TBR,200,8,22,25,3,8,264,-4656,78089,-0.05962427486585819,68.53955555555555,5,0,0,3,0,1,103.43,1190.47,3.37,1,c775666b784a8009a11409a8cd15936316449bb24ea4362c2024934cdb05d337
ear-f-83,tight,1,TBR_B2,200,8,22,25,3,8,264,-4656,78089,-0.05962427486585819,68.53955555555555,5,0,0,3,0,1,104.62,162.12,3.43,1,c775666b784a8009a11409a8cd15936316449bb24ea4362c2024934cdb05d337
ear-f-83,tight,1,TBR_NOPROX,200,8,22,25,3,8,264,-4474,78089,-0.05729360089129071,68.70133333333334,5,0,0,3,0,1,32.01,1131.08,3.54,1,b127aaf464ae0dae627deb3f87c490f8bd6e822c49acaf541bde83645268a49f
ear-f-83,tight,1,RECOMPUTE,200,10,22,24,2,335,10498,-10438,78089,-0.13366799421173275,63.504888888888885,0,0,0,0,10,104,3914.06,4733.36,3.34,1,a51cedaf951480f4222f4c51a7847f48058fc8d69c971031d286673769be30ba
ear-f-83,tight,1,TBR_B16,200,8,22,25,3,8,264,-4656,78089,-0.05962427486585819,68.53955555555555,5,0,0,3,0,1,106.0,2967.19,3.51,1,c775666b784a8009a11409a8cd15936316449bb24ea4362c2024934cdb05d337
ear-f-83,tight,1,SINGLE,200,8,22,25,3,8,264,-4656,78089,-0.05962427486585819,68.53955555555555,5,0,0,3,0,1,36.42,120.02,3.3,1,c775666b784a8009a11409a8cd15936316449bb24ea4362c2024934cdb05d337
ear-f-83,tight,1,TBR_NOT2,200,8,22,25,3,8,264,-4656,78089,-0.05962427486585819,68.53955555555555,5,0,0,3,0,1,107.83,1074.76,3.14,1,c775666b784a8009a11409a8cd15936316449bb24ea4362c2024934cdb05d337
ear-f-83,official,1,TBR_B32,200,8,24,25,1,8,264,-4940,78089,-0.06326115073826019,68.27466666666666,7,0,0,1,0,1,105.52,2305.37,3.35,1,3921ab349df2586f748dd86da158868b6e70b70d61c0f1d73d39a30129f57c51
ear-f-83,official,1,TBR_B4,200,8,24,25,1,8,264,-4940,78089,-0.06326115073826019,68.27466666666666,7,0,0,1,0,1,111.18,470.91,3.31,1,3921ab349df2586f748dd86da158868b6e70b70d61c0f1d73d39a30129f57c51
ear-f-83,official,1,ONE_BLOCKER,200,8,24,25,1,8,264,-4940,78089,-0.06326115073826019,68.27466666666666,7,0,0,1,0,1,101.31,159.68,3.28,1,3921ab349df2586f748dd86da158868b6e70b70d61c0f1d73d39a30129f57c51
ear-f-83,official,1,TBR,200,8,24,25,1,8,264,-4940,78089,-0.06326115073826019,68.27466666666666,7,0,0,1,0,1,95.92,763.26,3.21,1,3921ab349df2586f748dd86da158868b6e70b70d61c0f1d73d39a30129f57c51
ear-f-83,official,1,TBR_B2,200,8,24,25,1,8,264,-4940,78089,-0.06326115073826019,68.27466666666666,7,0,0,1,0,1,103.07,169.63,3.36,1,3921ab349df2586f748dd86da158868b6e70b70d61c0f1d73d39a30129f57c51
ear-f-83,official,1,TBR_NOPROX,200,8,24,25,1,8,264,-4474,78089,-0.05729360089129071,68.70133333333334,7,0,0,1,0,1,23.9,692.28,3.31,1,bdddb55cd34331053a025b702e5340c62b5e795da432f6ef6518909b291b3ff6
ear-f-83,official,1,RECOMPUTE,200,10,24,24,0,335,10498,-10438,78089,-0.13366799421173275,63.504888888888885,0,0,0,0,10,104,3739.68,4080.91,3.35,1,4ee717373c4f03d8f403f52e1335ca0b5031b35083bdf39adcb3091ee1c6ce2f
ear-f-83,official,1,TBR_B16,200,8,24,25,1,8,264,-4940,78089,-0.06326115073826019,68.27466666666666,7,0,0,1,0,1,101.99,1945.01,3.41,1,3921ab349df2586f748dd86da158868b6e70b70d61c0f1d73d39a30129f57c51
ear-f-83,official,1,SINGLE,200,8,24,25,1,8,264,-4940,78089,-0.06326115073826019,68.27466666666666,7,0,0,1,0,1,98.21,120.84,3.2,1,3921ab349df2586f748dd86da158868b6e70b70d61c0f1d73d39a30129f57c51
ear-f-83,official,1,TBR_NOT2,200,8,24,25,1,8,264,-4940,78089,-0.06326115073826019,68.27466666666666,7,0,0,1,0,1,102.71,668.27,3.23,1,3921ab349df2586f748dd86da158868b6e70b70d61c0f1d73d39a30129f57c51
ear-f-83,tight,2,TBR_B16,200,7,23,24,1,9,359,-1902,70530,-0.026967247979583157,64.03377777777777,4,2,0,1,0,2,70.77,1838.96,3.44,1,6414d6c7807c3634bc37d619365ea35179603eba917412675fea841aab30a1a3
ear-f-83,tight,2,TBR_B4,200,7,23,24,1,9,359,-1902,70530,-0.026967247979583157,64.03377777777777,4,2,0,1,0,2,71.05,479.97,3.28,1,6414d6c7807c3634bc37d619365ea35179603eba917412675fea841aab30a1a3
ear-f-83,tight,2,TBR_B32,200,7,23,24,1,9,359,-1902,70530,-0.026967247979583157,64.03377777777777,4,2,0,1,0,2,68.54,2426.62,3.42,1,6414d6c7807c3634bc37d619365ea35179603eba917412675fea841aab30a1a3
ear-f-83,tight,2,TBR_NOT2,200,7,23,25,2,10,419,-2674,70530,-0.03791294484616475,63.32977777777778,4,0,1,2,0,4,73.13,1054.97,3.23,1,d18edd9a55fa323f4b8a20c6732bc375086b64ed4894d7af0716d03734d89d2d
ear-f-83,tight,2,ONE_BLOCKER,200,7,23,24,1,9,359,-1902,70530,-0.026967247979583157,64.03377777777777,4,2,0,1,0,2,66.86,230.16,3.21,1,6414d6c7807c3634bc37d619365ea35179603eba917412675fea841aab30a1a3
ear-f-83,tight,2,TBR,200,7,23,24,1,9,359,-1902,70530,-0.026967247979583157,64.03377777777777,4,2,0,1,0,2,76.31,775.38,3.25,1,6414d6c7807c3634bc37d619365ea35179603eba917412675fea841aab30a1a3
ear-f-83,tight,2,TBR_NOPROX,200,7,23,24,1,9,359,-1223,70530,-0.017340138947965406,64.63733333333333,4,2,0,1,0,2,28.29,615.39,3.29,1,924061d8f3e423454cd130c48428cf4b99150a341e7824dd45e8dc49bab584b2
ear-f-83,tight,2,SINGLE,200,7,23,26,3,7,223,-2522,70530,-0.03575783354600879,63.464,4,0,0,3,0,1,42.84,98.33,3.29,1,7103291cc9cbcf811b16f76bfd957f9da65a372d3919ee68de1ebb31fb5b5851
ear-f-83,tight,2,RECOMPUTE,200,6,23,24,1,278,8547,-658,70530,-0.009329363391464625,65.14311111111111,0,0,0,0,6,84,3710.96,4196.51,2.99,1,5b0aea2d333a3defdd40ccbbcdabe92128fb55309f6b75317369dcccbe20048e
ear-f-83,tight,2,TBR_B2,200,7,23,24,1,9,359,-1902,70530,-0.026967247979583157,64.03377777777777,4,2,0,1,0,2,71.22,216.69,3.46,1,6414d6c7807c3634bc37d619365ea35179603eba917412675fea841aab30a1a3
ear-f-83,official,2,TBR_B16,200,7,24,25,1,8,250,-2373,70530,-0.03364525733730327,63.596444444444444,5,1,0,1,0,2,107.78,1926.21,3.56,1,fbb1b95b9084415b949abccfa1cbf1aa81f3ef5ffb2b2767cdb42610929b0abd
ear-f-83,official,2,TBR_B4,200,7,24,25,1,8,250,-2373,70530,-0.03364525733730327,63.596444444444444,5,1,0,1,0,2,119.39,485.19,3.3,1,fbb1b95b9084415b949abccfa1cbf1aa81f3ef5ffb2b2767cdb42610929b0abd
ear-f-83,official,2,TBR_B32,200,7,24,25,1,8,250,-2373,70530,-0.03364525733730327,63.596444444444444,5,1,0,1,0,2,115.94,2463.52,3.32,1,fbb1b95b9084415b949abccfa1cbf1aa81f3ef5ffb2b2767cdb42610929b0abd
ear-f-83,official,2,TBR_NOT2,200,7,24,26,2,7,223,-2522,70530,-0.03575783354600879,63.464,5,0,0,2,0,1,103.79,1170.0,3.25,1,557c1a615de3d18327a2deba4639f8e8d13ad4fcf0e20b00c5c87e58c7e2c39f
ear-f-83,official,2,ONE_BLOCKER,200,7,24,25,1,8,250,-2373,70530,-0.03364525733730327,63.596444444444444,5,1,0,1,0,2,108.01,244.86,3.25,1,fbb1b95b9084415b949abccfa1cbf1aa81f3ef5ffb2b2767cdb42610929b0abd
ear-f-83,official,2,TBR,200,7,24,25,1,8,250,-2373,70530,-0.03364525733730327,63.596444444444444,5,1,0,1,0,2,115.4,845.55,3.27,1,fbb1b95b9084415b949abccfa1cbf1aa81f3ef5ffb2b2767cdb42610929b0abd
ear-f-83,official,2,TBR_NOPROX,200,7,24,25,1,8,257,-2116,70530,-0.03000141783638168,63.833777777777776,5,1,0,1,0,2,25.03,769.79,3.27,1,72753b736cbdf4af7a53bd3d0dcb010b16f137a906594513daf3a3abda5b51aa
ear-f-83,official,2,SINGLE,200,7,24,26,2,7,223,-2522,70530,-0.03575783354600879,63.464,5,0,0,2,0,1,56.32,150.99,3.19,1,557c1a615de3d18327a2deba4639f8e8d13ad4fcf0e20b00c5c87e58c7e2c39f
ear-f-83,official,2,RECOMPUTE,200,6,24,24,0,278,8547,-658,70530,-0.009329363391464625,65.14311111111111,0,0,0,0,6,84,4426.49,16872.49,3.03,1,2e5c47ee85a8d11fd100c44998e340127418c12a2562bebcbcba53ab250e00eb
ear-f-83,official,2,TBR_B2,200,7,24,25,1,8,250,-2373,70530,-0.03364525733730327,63.596444444444444,5,1,0,1,0,2,122.48,235.71,3.56,1,fbb1b95b9084415b949abccfa1cbf1aa81f3ef5ffb2b2767cdb42610929b0abd
ear-f-83,tight,3,TBR_B16,200,2,23,23,0,3,50,-140,74372,-0.0018824288710805142,69.136,1,1,0,0,0,2,150.14,214.25,3.28,1,f5d5dccfaf4c821cd9a378922311b0800c6b27661f371cbf28bc699c6d028052
ear-f-83,tight,3,TBR_NOPROX,200,2,23,23,0,3,50,-86,74372,-0.0011563491636637443,69.184,1,1,0,0,0,2,52.43,72.92,3.26,1,63525213346174cc8a440bc18e092d835f328eaea04b8101b6c2df47f272331d
ear-f-83,tight,3,TBR_B4,200,2,23,23,0,3,50,-140,74372,-0.0018824288710805142,69.136,1,1,0,0,0,2,146.59,206.91,3.35,1,f5d5dccfaf4c821cd9a378922311b0800c6b27661f371cbf28bc699c6d028052
ear-f-83,tight,3,ONE_BLOCKER,200,2,23,23,0,3,50,-140,74372,-0.0018824288710805142,69.136,1,1,0,0,0,2,146.13,204.32,3.24,1,f5d5dccfaf4c821cd9a378922311b0800c6b27661f371cbf28bc699c6d028052
ear-f-83,tight,3,TBR_NOT2,200,2,23,23,0,3,50,-140,74372,-0.0018824288710805142,69.136,1,0,1,0,0,2,169.34,249.82,3.25,1,ee07a74a3776910081e1482db1c0ebf7710c93e86d9204999b57e7306225bb78
ear-f-83,tight,3,TBR_B32,200,2,23,23,0,3,50,-140,74372,-0.0018824288710805142,69.136,1,1,0,0,0,2,155.93,215.22,3.46,1,f5d5dccfaf4c821cd9a378922311b0800c6b27661f371cbf28bc699c6d028052
ear-f-83,tight,3,SINGLE,200,2,23,24,1,2,24,-163,74372,-0.0021916850427580272,69.11555555555556,1,0,0,1,0,1,49.69,74.69,3.2,1,49b5814af6591194637a4fba211fe90964d99dd33d9a20b27c4a5fe6ffb4bfda
ear-f-83,tight,3,TBR_B2,200,2,23,23,0,3,50,-140,74372,-0.0018824288710805142,69.136,1,1,0,0,0,2,143.66,200.43,3.38,1,f5d5dccfaf4c821cd9a378922311b0800c6b27661f371cbf28bc699c6d028052
ear-f-83,tight,3,TBR,200,2,23,23,0,3,50,-140,74372,-0.0018824288710805142,69.136,1,1,0,0,0,2,153.74,203.63,3.21,1,f5d5dccfaf4c821cd9a378922311b0800c6b27661f371cbf28bc699c6d028052
ear-f-83,tight,3,RECOMPUTE,200,7,23,24,1,231,7668,-5540,74372,-0.07449039961275748,64.29866666666666,0,0,0,0,7,69,3564.33,5066.91,2.92,1,2e95dc0cddc66ad9dd953da9ecbc2e7273c4fe84f634b8f27ca3982625dbb933
ear-f-83,official,3,TBR_B16,200,2,24,24,0,2,24,-176,74372,-0.0023664820093583605,69.104,2,0,0,0,0,1,82.23,82.53,3.35,1,33e4c351245191cd2be8c8c6860f0fd8c257535720875d028fdf5967be70b24c
ear-f-83,official,3,TBR_NOPROX,200,2,24,24,0,2,24,-109,74372,-0.0014656053353412574,69.16355555555556,2,0,0,0,0,1,26.5,29.41,3.33,1,533bfc39213aa14e9c35a1d6598edc875fa5d8aa2d6a87dd8c64718a63be142f
ear-f-83,official,3,TBR_B4,200,2,24,24,0,2,24,-176,74372,-0.0023664820093583605,69.104,2,0,0,0,0,1,87.28,93.6,3.33,1,33e4c351245191cd2be8c8c6860f0fd8c257535720875d028fdf5967be70b24c
ear-f-83,official,3,ONE_BLOCKER,200,2,24,24,0,2,24,-176,74372,-0.0023664820093583605,69.104,2,0,0,0,0,1,83.85,86.8,3.31,1,33e4c351245191cd2be8c8c6860f0fd8c257535720875d028fdf5967be70b24c
ear-f-83,official,3,TBR_NOT2,200,2,24,24,0,2,24,-176,74372,-0.0023664820093583605,69.104,2,0,0,0,0,1,85.94,90.67,3.31,1,33e4c351245191cd2be8c8c6860f0fd8c257535720875d028fdf5967be70b24c
ear-f-83,official,3,TBR_B32,200,2,24,24,0,2,24,-176,74372,-0.0023664820093583605,69.104,2,0,0,0,0,1,84.92,85.28,3.54,1,33e4c351245191cd2be8c8c6860f0fd8c257535720875d028fdf5967be70b24c
ear-f-83,official,3,SINGLE,200,2,24,24,0,2,24,-176,74372,-0.0023664820093583605,69.104,2,0,0,0,0,1,79.14,79.66,3.19,1,33e4c351245191cd2be8c8c6860f0fd8c257535720875d028fdf5967be70b24c
ear-f-83,official,3,TBR_B2,200,2,24,24,0,2,24,-176,74372,-0.0023664820093583605,69.104,2,0,0,0,0,1,79.62,80.79,3.45,1,33e4c351245191cd2be8c8c6860f0fd8c257535720875d028fdf5967be70b24c
ear-f-83,official,3,TBR,200,2,24,24,0,2,24,-176,74372,-0.0023664820093583605,69.104,2,0,0,0,0,1,82.79,83.5,3.37,1,33e4c351245191cd2be8c8c6860f0fd8c257535720875d028fdf5967be70b24c
ear-f-83,official,3,RECOMPUTE,200,7,24,24,0,231,7668,-5540,74372,-0.07449039961275748,64.29866666666666,0,0,0,0,7,69,3469.64,4599.88,3.1,1,923318282edba752047fa94d4f35aabc56ae9541d24c85c32f15d67eceef8792
ear-f-83,tight,4,TBR,200,9,22,24,2,11,403,-4166,77066,-0.05405756105156619,67.98666666666666,5,2,0,2,0,2,89.25,1347.39,3.65,1,504f9b05c4c92b69249635cf40329f4077630692fc3b87f1063bcc6acfdaef82
ear-f-83,tight,4,TBR_B16,200,9,22,24,2,11,403,-4166,77066,-0.05405756105156619,67.98666666666666,5,2,0,2,0,2,87.13,2404.47,3.33,1,504f9b05c4c92b69249635cf40329f4077630692fc3b87f1063bcc6acfdaef82
ear-f-83,tight,4,RECOMPUTE,200,8,22,23,1,281,9302,-5147,77066,-0.0667869099213661,67.032,0,0,0,0,8,103,3362.09,3935.68,3.04,1,238c0c1de6ee71b10cf91fd7aa2d63f03888f6ef249c74834ab5c945f1211ba1
ear-f-83,tight,4,ONE_BLOCKER,200,9,22,24,2,11,403,-4166,77066,-0.05405756105156619,67.98666666666666,5,2,0,2,0,2,84.11,275.89,4.58,1,504f9b05c4c92b69249635cf40329f4077630692fc3b87f1063bcc6acfdaef82
ear-f-83,tight,4,TBR_NOPROX,200,9,22,24,2,10,385,-3881,77066,-0.050359432175018815,68.23644444444444,6,1,0,2,0,2,29.2,1525.83,3.88,1,a55d4ea2eb8cc727713dac52c9d02a09096b32238f3ccb3c0507cf3cd772135d
ear-f-83,tight,4,TBR_NOT2,200,9,22,25,3,9,336,-4522,77066,-0.05867697817455168,67.67911111111111,6,0,0,3,0,1,93.27,1723.29,4.01,1,634bebdb28bdf66de1fdab7227b0f2e2cc2c200f0c202ac8204ed70a03e918db
ear-f-83,tight,4,TBR_B2,200,9,22,24,2,11,403,-4166,77066,-0.05405756105156619,67.98666666666666,5,2,0,2,0,2,104.15,271.84,4.67,1,504f9b05c4c92b69249635cf40329f4077630692fc3b87f1063bcc6acfdaef82
ear-f-83,tight,4,SINGLE,200,9,22,25,3,9,336,-4522,77066,-0.05867697817455168,67.67911111111111,6,0,0,3,0,1,47.77,103.24,3.96,1,634bebdb28bdf66de1fdab7227b0f2e2cc2c200f0c202ac8204ed70a03e918db
ear-f-83,tight,4,TBR_B4,200,9,22,24,2,11,403,-4166,77066,-0.05405756105156619,67.98666666666666,5,2,0,2,0,2,111.76,705.49,4.57,1,504f9b05c4c92b69249635cf40329f4077630692fc3b87f1063bcc6acfdaef82
ear-f-83,tight,4,TBR_B32,200,9,22,24,2,11,403,-4166,77066,-0.05405756105156619,67.98666666666666,5,2,0,2,0,2,101.6,3568.51,4.13,1,504f9b05c4c92b69249635cf40329f4077630692fc3b87f1063bcc6acfdaef82
ear-f-83,official,4,TBR,200,9,24,24,0,11,446,-3906,77066,-0.050683829444891394,68.22044444444444,7,2,0,0,0,2,102.91,304.11,3.93,1,efb03ccee6a2a6e997971bd91ef1c808279ee37d573ace10849a60bce6cd2e31
ear-f-83,official,4,TBR_B16,200,9,24,24,0,11,446,-3906,77066,-0.050683829444891394,68.22044444444444,7,2,0,0,0,2,101.12,343.69,4.08,1,efb03ccee6a2a6e997971bd91ef1c808279ee37d573ace10849a60bce6cd2e31
ear-f-83,official,4,RECOMPUTE,200,8,24,24,0,281,9302,-5147,77066,-0.0667869099213661,67.032,0,0,0,0,8,103,4024.21,4951.0,3.7,1,143230d92117178d5d273d1c92ab40cc49fae80deecd0dfe5b0edf2026f49944
ear-f-83,official,4,ONE_BLOCKER,200,9,24,24,0,11,446,-3906,77066,-0.050683829444891394,68.22044444444444,7,2,0,0,0,2,98.49,319.53,3.94,1,efb03ccee6a2a6e997971bd91ef1c808279ee37d573ace10849a60bce6cd2e31
ear-f-83,official,4,TBR_NOPROX,200,9,24,24,0,11,446,-4086,77066,-0.053019489787973946,68.06933333333333,7,2,0,0,0,2,28.98,80.22,3.77,1,2347c68a4b6ada09f4426cc143a2f99e3d39f8292635a2ac38df51fe2d0bf770
ear-f-83,official,4,TBR_NOT2,200,9,24,25,1,10,370,-4000,77066,-0.05190356317961228,68.15733333333333,7,0,1,1,0,2,117.38,996.71,3.93,1,ddd918773e0ddb343c06417770984eab13f6837ecdb4d30e91cba1c7c9810bff
ear-f-83,official,4,TBR_B2,200,9,24,24,0,11,446,-3906,77066,-0.050683829444891394,68.22044444444444,7,2,0,0,0,2,100.51,341.05,4.14,1,efb03ccee6a2a6e997971bd91ef1c808279ee37d573ace10849a60bce6cd2e31
ear-f-83,official,4,SINGLE,200,9,24,26,2,9,336,-4816,77066,-0.06249189006825318,67.39466666666667,7,0,0,2,0,1,57.42,127.03,3.83,1,fa73151131e662ea58d3e0fa5fe4e2c1c965027cd5dff54f902e62ce751ebb7a
ear-f-83,official,4,TBR_B4,200,9,24,24,0,11,446,-3906,77066,-0.050683829444891394,68.22044444444444,7,2,0,0,0,2,98.09,332.65,4.06,1,efb03ccee6a2a6e997971bd91ef1c808279ee37d573ace10849a60bce6cd2e31
ear-f-83,official,4,TBR_B32,200,9,24,24,0,11,446,-3906,77066,-0.050683829444891394,68.22044444444444,7,2,0,0,0,2,99.95,316.64,4.09,1,efb03ccee6a2a6e997971bd91ef1c808279ee37d573ace10849a60bce6cd2e31
ear-f-83,tight,5,TBR_NOPROX,200,5,23,23,0,5,128,-688,72358,-0.00950827828298184,66.7911111111111,5,0,0,0,0,1,32.79,36.97,4.2,1,8e2ecf3b955a328ebfff11b747fbb1238cfe6e299394730e32b8ffcf559e36f4
ear-f-83,tight,5,TBR_NOT2,200,5,23,23,0,5,128,-2131,72358,-0.029450786367782415,65.48977777777777,5,0,0,0,0,1,54.89,70.4,4.09,1,4201ea7bc7e8287db88cacd1daa65d4fee3de693f157e6cc092b6cb87a1e54bc
ear-f-83,tight,5,TBR_B32,200,5,23,23,0,5,128,-2131,72358,-0.029450786367782415,65.48977777777777,5,0,0,0,0,1,50.48,67.73,4.06,1,4201ea7bc7e8287db88cacd1daa65d4fee3de693f157e6cc092b6cb87a1e54bc
ear-f-83,tight,5,TBR,200,5,23,23,0,5,128,-2131,72358,-0.029450786367782415,65.48977777777777,5,0,0,0,0,1,51.48,68.71,3.9,1,4201ea7bc7e8287db88cacd1daa65d4fee3de693f157e6cc092b6cb87a1e54bc
ear-f-83,tight,5,TBR_B2,200,5,23,23,0,5,128,-2131,72358,-0.029450786367782415,65.48977777777777,5,0,0,0,0,1,48.9,69.24,4.04,1,4201ea7bc7e8287db88cacd1daa65d4fee3de693f157e6cc092b6cb87a1e54bc
ear-f-83,tight,5,RECOMPUTE,200,4,23,23,0,67,2162,-1275,72358,-0.01762071920174687,66.32355555555556,0,0,0,0,4,28,4337.55,4888.85,3.52,1,93b1e079d40b38c960e9b51972f1e52f1b214e36bef4d816051f60e2e94b63ed
ear-f-83,tight,5,ONE_BLOCKER,200,5,23,23,0,5,128,-2131,72358,-0.029450786367782415,65.48977777777777,5,0,0,0,0,1,49.22,68.61,3.99,1,4201ea7bc7e8287db88cacd1daa65d4fee3de693f157e6cc092b6cb87a1e54bc
ear-f-83,tight,5,SINGLE,200,5,23,23,0,5,128,-2131,72358,-0.029450786367782415,65.48977777777777,5,0,0,0,0,1,68.13,73.71,3.92,1,4201ea7bc7e8287db88cacd1daa65d4fee3de693f157e6cc092b6cb87a1e54bc
ear-f-83,tight,5,TBR_B4,200,5,23,23,0,5,128,-2131,72358,-0.029450786367782415,65.48977777777777,5,0,0,0,0,1,68.28,80.11,4.0,1,4201ea7bc7e8287db88cacd1daa65d4fee3de693f157e6cc092b6cb87a1e54bc
ear-f-83,tight,5,TBR_B16,200,5,23,23,0,5,128,-2131,72358,-0.029450786367782415,65.48977777777777,5,0,0,0,0,1,66.55,71.53,4.09,1,4201ea7bc7e8287db88cacd1daa65d4fee3de693f157e6cc092b6cb87a1e54bc
ear-f-83,official,5,TBR_NOPROX,200,5,24,24,0,5,117,-477,72358,-0.00659222200724177,66.98133333333334,5,0,0,0,0,1,27.85,38.17,3.99,1,c6c70c251cbee715e14e1c63b5ecf7c5dd94c99bff0cd80e7801326c0a4e808d
ear-f-83,official,5,TBR_NOT2,200,5,24,24,0,5,117,-2461,72358,-0.03401144310235219,65.20355555555555,5,0,0,0,0,1,57.44,109.18,4.0,1,af7a63eb35bee409008ce9cdd2202da8f2197f2e9370c2e3f3e6d8c4431d16eb
ear-f-83,official,5,TBR_B32,200,5,24,24,0,5,117,-2461,72358,-0.03401144310235219,65.20355555555555,5,0,0,0,0,1,55.5,109.64,4.06,1,af7a63eb35bee409008ce9cdd2202da8f2197f2e9370c2e3f3e6d8c4431d16eb
ear-f-83,official,5,TBR,200,5,24,24,0,5,117,-2461,72358,-0.03401144310235219,65.20355555555555,5,0,0,0,0,1,63.13,150.98,4.03,1,af7a63eb35bee409008ce9cdd2202da8f2197f2e9370c2e3f3e6d8c4431d16eb
ear-f-83,official,5,TBR_B2,200,5,24,24,0,5,117,-2461,72358,-0.03401144310235219,65.20355555555555,5,0,0,0,0,1,61.78,114.46,4.14,1,af7a63eb35bee409008ce9cdd2202da8f2197f2e9370c2e3f3e6d8c4431d16eb
ear-f-83,official,5,RECOMPUTE,200,4,24,24,0,67,2162,-1275,72358,-0.01762071920174687,66.32355555555556,0,0,0,0,4,28,3852.16,4034.43,3.29,1,2dcb10393a42475b78cd7e9b780998ca2a61ffb9981d7c337e08a4fbc5b58df5
ear-f-83,official,5,ONE_BLOCKER,200,5,24,24,0,5,117,-2461,72358,-0.03401144310235219,65.20355555555555,5,0,0,0,0,1,82.97,108.8,3.87,1,af7a63eb35bee409008ce9cdd2202da8f2197f2e9370c2e3f3e6d8c4431d16eb
ear-f-83,official,5,SINGLE,200,5,24,24,0,5,117,-2461,72358,-0.03401144310235219,65.20355555555555,5,0,0,0,0,1,52.42,105.46,3.81,1,af7a63eb35bee409008ce9cdd2202da8f2197f2e9370c2e3f3e6d8c4431d16eb
ear-f-83,official,5,TBR_B4,200,5,24,24,0,5,117,-2461,72358,-0.03401144310235219,65.20355555555555,5,0,0,0,0,1,53.81,127.74,3.97,1,af7a63eb35bee409008ce9cdd2202da8f2197f2e9370c2e3f3e6d8c4431d16eb
ear-f-83,official,5,TBR_B16,200,5,24,24,0,5,117,-2461,72358,-0.03401144310235219,65.20355555555555,5,0,0,0,0,1,60.18,109.14,4.0,1,af7a63eb35bee409008ce9cdd2202da8f2197f2e9370c2e3f3e6d8c4431d16eb
ear-f-83,tight,6,TBR_B32,200,5,23,24,1,5,107,-1636,74499,-0.021960026309077976,68.13333333333334,4,0,0,1,0,1,56.33,2813.89,4.25,1,8a0e52ba9bcdffaa0615961009a89cd26993f1a97a0680d277171a45c09d9c25
ear-f-83,tight,6,TBR_B4,200,5,23,24,1,5,107,-1636,74499,-0.021960026309077976,68.13333333333334,4,0,0,1,0,1,56.22,607.97,4.73,1,8a0e52ba9bcdffaa0615961009a89cd26993f1a97a0680d277171a45c09d9c25
ear-f-83,tight,6,TBR_B16,200,5,23,24,1,5,107,-1636,74499,-0.021960026309077976,68.13333333333334,4,0,0,1,0,1,61.9,2886.78,4.36,1,8a0e52ba9bcdffaa0615961009a89cd26993f1a97a0680d277171a45c09d9c25
ear-f-83,tight,6,SINGLE,200,5,23,24,1,5,107,-1636,74499,-0.021960026309077976,68.13333333333334,4,0,0,1,0,1,47.01,91.18,4.2,1,8a0e52ba9bcdffaa0615961009a89cd26993f1a97a0680d277171a45c09d9c25
ear-f-83,tight,6,TBR_B2,200,5,23,24,1,5,107,-1636,74499,-0.021960026309077976,68.13333333333334,4,0,0,1,0,1,56.5,155.9,4.38,1,8a0e52ba9bcdffaa0615961009a89cd26993f1a97a0680d277171a45c09d9c25
ear-f-83,tight,6,TBR_NOPROX,200,5,23,24,1,5,107,-1297,74499,-0.017409629659458515,68.43466666666667,4,0,0,1,0,1,28.88,1185.74,4.11,1,6d4c66da7c306fcfd8ab750ebc5e46d42fc90b3a1e0775fb02cd1a1382867863
ear-f-83,tight,6,TBR_NOT2,200,5,23,24,1,5,107,-1636,74499,-0.021960026309077976,68.13333333333334,4,0,0,1,0,1,55.51,1161.59,4.08,1,8a0e52ba9bcdffaa0615961009a89cd26993f1a97a0680d277171a45c09d9c25
ear-f-83,tight,6,ONE_BLOCKER,200,5,23,24,1,5,107,-1636,74499,-0.021960026309077976,68.13333333333334,4,0,0,1,0,1,58.93,155.1,4.08,1,8a0e52ba9bcdffaa0615961009a89cd26993f1a97a0680d277171a45c09d9c25
ear-f-83,tight,6,TBR,200,5,23,24,1,5,107,-1636,74499,-0.021960026309077976,68.13333333333334,4,0,0,1,0,1,76.65,1238.98,4.24,1,8a0e52ba9bcdffaa0615961009a89cd26993f1a97a0680d277171a45c09d9c25
ear-f-83,tight,6,RECOMPUTE,200,8,23,23,0,317,9789,-4864,74499,-0.06528946697271104,65.17155555555556,0,0,0,0,8,93,4211.14,16783.57,3.62,1,3df3f72093e30772a8ff7d1dde3e7d31adac2cf89b65d5649fbb14209e3d92c2
ear-f-83,official,6,TBR_B32,200,5,24,24,0,5,107,-1855,74499,-0.024899663082725943,67.93688888888889,5,0,0,0,0,1,117.78,147.24,4.25,1,2bd966fe1977fd8c81b4037f303a00bc8cb35ec5c28fbe760f6cf043233a339d
ear-f-83,official,6,TBR_B4,200,5,24,24,0,5,107,-1855,74499,-0.024899663082725943,67.93688888888889,5,0,0,0,0,1,118.47,144.69,4.17,1,2bd966fe1977fd8c81b4037f303a00bc8cb35ec5c28fbe760f6cf043233a339d
ear-f-83,official,6,TBR_B16,200,5,24,24,0,5,107,-1855,74499,-0.024899663082725943,67.93688888888889,5,0,0,0,0,1,112.25,133.14,4.09,1,2bd966fe1977fd8c81b4037f303a00bc8cb35ec5c28fbe760f6cf043233a339d
ear-f-83,official,6,SINGLE,200,5,24,24,0,5,107,-1855,74499,-0.024899663082725943,67.93688888888889,5,0,0,0,0,1,112.12,136.92,3.97,1,2bd966fe1977fd8c81b4037f303a00bc8cb35ec5c28fbe760f6cf043233a339d
ear-f-83,official,6,TBR_B2,200,5,24,24,0,5,107,-1855,74499,-0.024899663082725943,67.93688888888889,5,0,0,0,0,1,116.01,154.34,4.06,1,2bd966fe1977fd8c81b4037f303a00bc8cb35ec5c28fbe760f6cf043233a339d
ear-f-83,official,6,TBR_NOPROX,200,5,24,24,0,5,107,-1297,74499,-0.017409629659458515,68.43466666666667,5,0,0,0,0,1,26.72,34.99,3.91,1,6f038b57c6c06b8d1948ff2800cc2b2cd4cd21bdaa3819e8e7c416c73fb66176
ear-f-83,official,6,TBR_NOT2,200,5,24,24,0,5,107,-1855,74499,-0.024899663082725943,67.93688888888889,5,0,0,0,0,1,112.53,144.14,4.0,1,2bd966fe1977fd8c81b4037f303a00bc8cb35ec5c28fbe760f6cf043233a339d
ear-f-83,official,6,ONE_BLOCKER,200,5,24,24,0,5,107,-1855,74499,-0.024899663082725943,67.93688888888889,5,0,0,0,0,1,114.77,133.22,3.94,1,2bd966fe1977fd8c81b4037f303a00bc8cb35ec5c28fbe760f6cf043233a339d
ear-f-83,official,6,TBR,200,5,24,24,0,5,107,-1855,74499,-0.024899663082725943,67.93688888888889,5,0,0,0,0,1,114.64,164.93,3.96,1,2bd966fe1977fd8c81b4037f303a00bc8cb35ec5c28fbe760f6cf043233a339d
ear-f-83,official,6,RECOMPUTE,200,8,24,24,0,317,9789,-4864,74499,-0.06528946697271104,65.17155555555556,0,0,0,0,8,93,4075.99,4502.23,3.45,1,8c06bed03bcb2d0a7e87b54626403c1486d3c47027a01c285f482177f426cb39
ear-f-83,tight,7,TBR,200,8,23,24,1,10,457,-3801,75769,-0.05016563502223865,67.39555555555556,6,0,1,1,0,3,61.07,1602.83,3.95,1,6e38e6c00e92eabd6330cc92ca5c250814e9737028e5f63c9c40fe85afc9c0db
ear-f-83,tight,7,TBR_B2,200,8,23,24,1,9,385,-5422,75769,-0.0715596088109913,65.936,6,1,0,1,0,2,87.95,196.36,4.27,1,794850f2e8fe5901d5d12e788ce3950d6e685b00f971ed6006593cb83371a909
ear-f-83,tight,7,TBR_NOT2,200,8,23,24,1,10,457,-3801,75769,-0.05016563502223865,67.39555555555556,6,0,1,1,0,3,66.58,1525.34,4.09,1,6e38e6c00e92eabd6330cc92ca5c250814e9737028e5f63c9c40fe85afc9c0db
ear-f-83,tight,7,RECOMPUTE,200,7,23,24,1,236,7615,322,75769,0.004249759136322242,71.23377777777777,0,0,0,0,7,75,4127.93,5258.44,3.59,1,9e3b05e0c05d1067bb055bbdc511fdb292441b6f9db3de03e138bc4757a11f01
ear-f-83,tight,7,TBR_B4,200,8,23,24,1,10,457,-3801,75769,-0.05016563502223865,67.39555555555556,6,0,1,1,0,3,61.24,784.24,4.42,1,6e38e6c00e92eabd6330cc92ca5c250814e9737028e5f63c9c40fe85afc9c0db
ear-f-83,tight,7,SINGLE,200,8,23,25,2,8,365,-5788,75769,-0.07639008037587931,65.59644444444444,6,0,0,2,0,1,54.11,145.08,4.09,1,5c4b7a42f831338350434a080261e61f2afa0f18d82b46e766ad230b7d033da6
ear-f-83,tight,7,TBR_B16,200,8,23,24,1,10,457,-3801,75769,-0.05016563502223865,67.39555555555556,6,0,1,1,0,3,64.98,2387.73,4.7,1,6e38e6c00e92eabd6330cc92ca5c250814e9737028e5f63c9c40fe85afc9c0db
ear-f-83,tight,7,ONE_BLOCKER,200,8,23,24,1,9,385,-5422,75769,-0.0715596088109913,65.936,6,1,0,1,0,2,99.12,210.21,4.21,1,794850f2e8fe5901d5d12e788ce3950d6e685b00f971ed6006593cb83371a909
ear-f-83,tight,7,TBR_B32,200,8,23,24,1,10,457,-3801,75769,-0.05016563502223865,67.39555555555556,6,0,1,1,0,3,65.86,2839.16,4.53,1,6e38e6c00e92eabd6330cc92ca5c250814e9737028e5f63c9c40fe85afc9c0db
ear-f-83,tight,7,TBR_NOPROX,200,9,23,24,1,10,393,-3526,75769,-0.04653618234370257,67.63733333333333,7,1,0,1,0,2,28.28,1284.81,4.29,1,5653956cf991c0350d8096df597c86bcfbfb5ab70cfd88b852282615028773a3
ear-f-83,official,7,TBR,200,7,24,24,0,7,295,-4678,75769,-0.0617402895643337,66.57244444444444,7,0,0,0,0,1,110.08,187.36,4.01,1,8921650b89419b105192d70bd0d4edf5847d0750c1e9a5987a837402c2a0a059
ear-f-83,official,7,TBR_B2,200,7,24,24,0,7,295,-4678,75769,-0.0617402895643337,66.57244444444444,7,0,0,0,0,1,99.21,180.54,4.29,1,8921650b89419b105192d70bd0d4edf5847d0750c1e9a5987a837402c2a0a059
ear-f-83,official,7,TBR_NOT2,200,7,24,24,0,7,295,-4678,75769,-0.0617402895643337,66.57244444444444,7,0,0,0,0,1,115.9,191.61,4.01,1,8921650b89419b105192d70bd0d4edf5847d0750c1e9a5987a837402c2a0a059
ear-f-83,official,7,RECOMPUTE,200,7,24,24,0,236,7615,322,75769,0.004249759136322242,71.23377777777777,0,0,0,0,7,75,4280.07,4592.18,3.75,1,e247d84a574eb36cf5f4026f06fd5c58a82d8ef79a8e2cc9f8d67558ed4a4c00
ear-f-83,official,7,TBR_B4,200,7,24,24,0,7,295,-4678,75769,-0.0617402895643337,66.57244444444444,7,0,0,0,0,1,105.65,191.84,4.23,1,8921650b89419b105192d70bd0d4edf5847d0750c1e9a5987a837402c2a0a059
ear-f-83,official,7,SINGLE,200,7,24,24,0,7,295,-4678,75769,-0.0617402895643337,66.57244444444444,7,0,0,0,0,1,102.13,212.08,4.11,1,8921650b89419b105192d70bd0d4edf5847d0750c1e9a5987a837402c2a0a059
ear-f-83,official,7,TBR_B16,200,7,24,24,0,7,295,-4678,75769,-0.0617402895643337,66.57244444444444,7,0,0,0,0,1,117.41,582.63,4.26,1,8921650b89419b105192d70bd0d4edf5847d0750c1e9a5987a837402c2a0a059
ear-f-83,official,7,ONE_BLOCKER,200,7,24,24,0,7,295,-4678,75769,-0.0617402895643337,66.57244444444444,7,0,0,0,0,1,95.45,181.27,4.12,1,8921650b89419b105192d70bd0d4edf5847d0750c1e9a5987a837402c2a0a059
ear-f-83,official,7,TBR_B32,200,7,24,24,0,7,295,-4678,75769,-0.0617402895643337,66.57244444444444,7,0,0,0,0,1,101.48,189.48,4.21,1,8921650b89419b105192d70bd0d4edf5847d0750c1e9a5987a837402c2a0a059
ear-f-83,official,7,TBR_NOPROX,200,8,24,24,0,9,320,-3551,75769,-0.04686613258720585,67.63288888888889,7,1,0,0,0,2,30.72,87.99,4.3,1,d9888b8d292fc5db4dc909c5df9278ab0db4487002882568d21e90ccf1a5beb8
ear-f-83,tight,8,SINGLE,200,6,23,24,1,6,185,-4599,75641,-0.060800359593342235,66.504,5,0,0,1,0,1,67.1,139.32,4.19,1,bebf11d060a0019b6cbc723d5f2ae3530d568878e4597fa7ae97aa99ba589ee2
ear-f-83,tight,8,RECOMPUTE,200,8,23,23,0,225,6520,-6857,75641,-0.09065189513623564,64.568,0,0,0,0,8,79,4163.11,5109.32,3.47,1,29e0c694715576c8dc6e4106d528362d142a410c353f6dee1ee7ae8335dab452
ear-f-83,tight,8,TBR_NOPROX,200,6,23,23,0,6,250,-4977,75641,-0.06579764942293201,66.19644444444444,6,0,0,0,0,1,31.55,40.32,4.2,1,7678c84b37222d9512df1597236e0c50a6e4c40a2447e225b93c1807d6f82deb
ear-f-83,tight,8,TBR,200,6,23,23,0,7,200,-3976,75641,-0.05256408561494428,67.04977777777778,5,1,0,0,0,2,95.61,196.95,4.12,1,fe0ab32b2dc5c1e1c28de3a064d78636e525710ffbfb06e9a08d02755226a3a5
ear-f-83,tight,8,TBR_NOT2,200,6,23,23,0,7,200,-3976,75641,-0.05256408561494428,67.04977777777778,5,0,1,0,0,2,112.71,680.44,4.05,1,3f0acc91f2dd4b8d5df7b90c1a5e55934527f26ecb046c85612bf3218a930185
ear-f-83,tight,8,TBR_B2,200,6,23,23,0,7,200,-3976,75641,-0.05256408561494428,67.04977777777778,5,1,0,0,0,2,94.59,208.38,4.29,1,fe0ab32b2dc5c1e1c28de3a064d78636e525710ffbfb06e9a08d02755226a3a5
ear-f-83,tight,8,TBR_B32,200,6,23,23,0,7,200,-3976,75641,-0.05256408561494428,67.04977777777778,5,1,0,0,0,2,119.85,200.72,4.34,1,fe0ab32b2dc5c1e1c28de3a064d78636e525710ffbfb06e9a08d02755226a3a5
ear-f-83,tight,8,TBR_B16,200,6,23,23,0,7,200,-3976,75641,-0.05256408561494428,67.04977777777778,5,1,0,0,0,2,100.3,216.12,4.25,1,fe0ab32b2dc5c1e1c28de3a064d78636e525710ffbfb06e9a08d02755226a3a5
ear-f-83,tight,8,TBR_B4,200,6,23,23,0,7,200,-3976,75641,-0.05256408561494428,67.04977777777778,5,1,0,0,0,2,93.87,211.19,4.19,1,fe0ab32b2dc5c1e1c28de3a064d78636e525710ffbfb06e9a08d02755226a3a5
ear-f-83,tight,8,ONE_BLOCKER,200,6,23,23,0,7,200,-3976,75641,-0.05256408561494428,67.04977777777778,5,1,0,0,0,2,97.38,201.75,4.2,1,fe0ab32b2dc5c1e1c28de3a064d78636e525710ffbfb06e9a08d02755226a3a5
ear-f-83,official,8,SINGLE,200,6,24,24,0,6,221,-4020,75641,-0.053145780727383296,67.07377777777778,6,0,0,0,0,1,133.56,163.17,4.16,1,03793bebb76f76374f6e7f947c2c96c0e08bb851d16d4558244b71c073686c3e
ear-f-83,official,8,RECOMPUTE,200,8,24,24,0,225,6520,-6857,75641,-0.09065189513623564,64.568,0,0,0,0,8,79,4255.14,4780.27,3.65,1,399fa047ba2391e5b4265dd127557bfed0efabfbfc6185bc997bb6a6c33cd964
ear-f-83,official,8,TBR_NOPROX,200,6,24,24,0,6,221,-2950,75641,-0.039000013220343466,68.07111111111111,6,0,0,0,0,1,33.87,42.5,4.17,1,dc62473e0fff5af7820ca96cb3a789c559e489269ff596cb76b3329f03d8ca6e
ear-f-83,official,8,TBR,200,6,24,24,0,6,221,-4020,75641,-0.053145780727383296,67.07377777777778,6,0,0,0,0,1,134.59,163.42,4.06,1,03793bebb76f76374f6e7f947c2c96c0e08bb851d16d4558244b71c073686c3e
ear-f-83,official,8,TBR_NOT2,200,6,24,24,0,6,221,-4020,75641,-0.053145780727383296,67.07377777777778,6,0,0,0,0,1,125.57,173.32,4.04,1,03793bebb76f76374f6e7f947c2c96c0e08bb851d16d4558244b71c073686c3e
ear-f-83,official,8,TBR_B2,200,6,24,24,0,6,221,-4020,75641,-0.053145780727383296,67.07377777777778,6,0,0,0,0,1,124.77,142.55,4.13,1,03793bebb76f76374f6e7f947c2c96c0e08bb851d16d4558244b71c073686c3e
ear-f-83,official,8,TBR_B32,200,6,24,24,0,6,221,-4020,75641,-0.053145780727383296,67.07377777777778,6,0,0,0,0,1,130.93,143.25,4.24,1,03793bebb76f76374f6e7f947c2c96c0e08bb851d16d4558244b71c073686c3e
ear-f-83,official,8,TBR_B16,200,6,24,24,0,6,221,-4020,75641,-0.053145780727383296,67.07377777777778,6,0,0,0,0,1,122.27,146.43,4.27,1,03793bebb76f76374f6e7f947c2c96c0e08bb851d16d4558244b71c073686c3e
ear-f-83,official,8,TBR_B4,200,6,24,24,0,6,221,-4020,75641,-0.053145780727383296,67.07377777777778,6,0,0,0,0,1,124.1,148.11,4.17,1,03793bebb76f76374f6e7f947c2c96c0e08bb851d16d4558244b71c073686c3e
ear-f-83,official,8,ONE_BLOCKER,200,6,24,24,0,6,221,-4020,75641,-0.053145780727383296,67.07377777777778,6,0,0,0,0,1,122.73,164.08,3.97,1,03793bebb76f76374f6e7f947c2c96c0e08bb851d16d4558244b71c073686c3e
ear-f-83,tight,9,TBR_B4,200,10,24,24,0,13,496,-6481,75205,-0.08617778073266405,64.45422222222223,7,3,0,0,0,2,140.15,330.99,4.42,1,777914978a3e0086a5502c7821353b8ea694ed2942f4cf5e15aa5ebbb35864d5
ear-f-83,tight,9,ONE_BLOCKER,200,10,24,24,0,13,496,-6481,75205,-0.08617778073266405,64.45422222222223,7,3,0,0,0,2,140.15,324.44,4.25,1,777914978a3e0086a5502c7821353b8ea694ed2942f4cf5e15aa5ebbb35864d5
ear-f-83,tight,9,SINGLE,200,11,24,26,2,11,309,-5122,75205,-0.06810717372515125,65.72355555555555,9,0,0,2,0,1,69.14,151.88,4.17,1,d2595a761ac4c98e37f688baa376556d3345d38ee1bef9abebda85a8d694456e
ear-f-83,tight,9,TBR_NOPROX,200,10,24,25,1,11,412,-5259,75205,-0.06992886111295792,65.57688888888889,8,1,0,1,0,2,34.03,721.48,4.19,1,f9252f806bdf36422b226b9d9b9cfa23c0f87ae9ce3781557bc32bdcc23fff19
ear-f-83,tight,9,TBR_B16,200,10,24,24,0,13,496,-6481,75205,-0.08617778073266405,64.45422222222223,7,3,0,0,0,2,147.87,323.27,4.54,1,777914978a3e0086a5502c7821353b8ea694ed2942f4cf5e15aa5ebbb35864d5
ear-f-83,tight,9,TBR_B2,200,10,24,24,0,13,496,-6481,75205,-0.08617778073266405,64.45422222222223,7,3,0,0,0,2,143.8,324.79,4.34,1,777914978a3e0086a5502c7821353b8ea694ed2942f4cf5e15aa5ebbb35864d5
ear-f-83,tight,9,TBR,200,10,24,24,0,13,496,-6481,75205,-0.08617778073266405,64.45422222222223,7,3,0,0,0,2,140.81,318.55,4.22,1,777914978a3e0086a5502c7821353b8ea694ed2942f4cf5e15aa5ebbb35864d5
ear-f-83,tight,9,TBR_B32,200,10,24,24,0,13,496,-6481,75205,-0.08617778073266405,64.45422222222223,7,3,0,0,0,2,149.71,317.05,4.46,1,777914978a3e0086a5502c7821353b8ea694ed2942f4cf5e15aa5ebbb35864d5
ear-f-83,tight,9,RECOMPUTE,200,11,24,24,0,368,11354,-11607,75205,-0.15433814241074398,59.97511111111111,0,0,0,0,11,81,4214.62,4985.31,3.77,1,15ea0460ee5031f912dad0485e247292385a608fa93e0ac6b91dd1ab2c5e4f69
ear-f-83,tight,9,TBR_NOT2,200,11,24,25,1,12,370,-4955,75205,-0.06588657669037963,65.84622222222222,9,0,1,1,0,2,143.95,1036.75,4.39,1,2c198476a11a506c9db63dc7ae234e0895e71175fed767c12b13d32c48098dd9
ear-f-83,official,9,TBR_B4,200,10,24,24,0,13,496,-6481,75205,-0.08617778073266405,64.45422222222223,7,3,0,0,0,2,144.67,327.61,4.39,1,777914978a3e0086a5502c7821353b8ea694ed2942f4cf5e15aa5ebbb35864d5
ear-f-83,official,9,ONE_BLOCKER,200,10,24,24,0,13,496,-6481,75205,-0.08617778073266405,64.45422222222223,7,3,0,0,0,2,146.64,330.98,4.25,1,777914978a3e0086a5502c7821353b8ea694ed2942f4cf5e15aa5ebbb35864d5
ear-f-83,official,9,SINGLE,200,11,24,26,2,11,309,-5122,75205,-0.06810717372515125,65.72355555555555,9,0,0,2,0,1,69.25,183.61,4.26,1,d2595a761ac4c98e37f688baa376556d3345d38ee1bef9abebda85a8d694456e
ear-f-83,official,9,TBR_NOPROX,200,10,24,25,1,11,412,-5259,75205,-0.06992886111295792,65.57688888888889,8,1,0,1,0,2,33.6,714.8,4.14,1,f9252f806bdf36422b226b9d9b9cfa23c0f87ae9ce3781557bc32bdcc23fff19
ear-f-83,official,9,TBR_B16,200,10,24,24,0,13,496,-6481,75205,-0.08617778073266405,64.45422222222223,7,3,0,0,0,2,146.76,356.27,4.41,1,777914978a3e0086a5502c7821353b8ea694ed2942f4cf5e15aa5ebbb35864d5
ear-f-83,official,9,TBR_B2,200,10,24,24,0,13,496,-6481,75205,-0.08617778073266405,64.45422222222223,7,3,0,0,0,2,143.54,314.01,4.39,1,777914978a3e0086a5502c7821353b8ea694ed2942f4cf5e15aa5ebbb35864d5
ear-f-83,official,9,TBR,200,10,24,24,0,13,496,-6481,75205,-0.08617778073266405,64.45422222222223,7,3,0,0,0,2,149.36,353.04,4.25,1,777914978a3e0086a5502c7821353b8ea694ed2942f4cf5e15aa5ebbb35864d5
ear-f-83,official,9,TBR_B32,200,10,24,24,0,13,496,-6481,75205,-0.08617778073266405,64.45422222222223,7,3,0,0,0,2,134.57,313.69,4.22,1,777914978a3e0086a5502c7821353b8ea694ed2942f4cf5e15aa5ebbb35864d5
ear-f-83,official,9,RECOMPUTE,200,11,24,24,0,368,11354,-11607,75205,-0.15433814241074398,59.97511111111111,0,0,0,0,11,81,4171.76,5110.67,4.18,1,15ea0460ee5031f912dad0485e247292385a608fa93e0ac6b91dd1ab2c5e4f69
ear-f-83,official,9,TBR_NOT2,200,11,24,25,1,12,370,-4955,75205,-0.06588657669037963,65.84622222222222,9,0,1,1,0,2,169.68,1103.69,4.67,1,2c198476a11a506c9db63dc7ae234e0895e71175fed767c12b13d32c48098dd9
hec-s-92,tight,0,RECOMPUTE,200,2,19,19,0,62,6885,-6559,64601,-0.10153093605362146,21.391781792419412,0,0,0,0,2,42,1189.91,1314.71,2.35,1,5addb59ff91c711753213b89cd19578070da783b61f8fbbf7ceb25d663be784c
hec-s-92,tight,0,ONE_BLOCKER,200,3,19,19,0,3,319,-5006,64601,-0.07749106050989923,21.975912150194826,3,0,0,0,0,1,54.7,55.16,3.1,1,3c6d5245a0e1176a38058d1ea18ea23bc5eae4b406bb4c5432a4d56df8473180
hec-s-92,tight,0,SINGLE,200,3,19,19,0,3,319,-5006,64601,-0.07749106050989923,21.975912150194826,3,0,0,0,0,1,51.88,56.15,3.06,1,3c6d5245a0e1176a38058d1ea18ea23bc5eae4b406bb4c5432a4d56df8473180
hec-s-92,tight,0,TBR_B16,200,3,19,19,0,3,319,-5006,64601,-0.07749106050989923,21.975912150194826,3,0,0,0,0,1,53.89,78.31,3.25,1,3c6d5245a0e1176a38058d1ea18ea23bc5eae4b406bb4c5432a4d56df8473180
hec-s-92,tight,0,TBR_B2,200,3,19,19,0,3,319,-5006,64601,-0.07749106050989923,21.975912150194826,3,0,0,0,0,1,59.45,102.19,3.26,1,3c6d5245a0e1176a38058d1ea18ea23bc5eae4b406bb4c5432a4d56df8473180
hec-s-92,tight,0,TBR_B4,200,3,19,19,0,3,319,-5006,64601,-0.07749106050989923,21.975912150194826,3,0,0,0,0,1,55.07,55.49,3.25,1,3c6d5245a0e1176a38058d1ea18ea23bc5eae4b406bb4c5432a4d56df8473180
hec-s-92,tight,0,TBR_NOT2,200,3,19,19,0,3,319,-5006,64601,-0.07749106050989923,21.975912150194826,3,0,0,0,0,1,52.19,55.62,3.13,1,3c6d5245a0e1176a38058d1ea18ea23bc5eae4b406bb4c5432a4d56df8473180
hec-s-92,tight,0,TBR,200,3,19,19,0,3,319,-5006,64601,-0.07749106050989923,21.975912150194826,3,0,0,0,0,1,52.71,59.12,3.02,1,3c6d5245a0e1176a38058d1ea18ea23bc5eae4b406bb4c5432a4d56df8473180
hec-s-92,tight,0,TBR_NOPROX,200,3,19,19,0,3,319,-4628,64601,-0.07163975789848455,22.109812256464753,3,0,0,0,0,1,29.19,32.73,3.09,1,00964bdd5973e001a942a2972efa9540bc4c4bf8f8a64ee27e0fabb38c519cf4
hec-s-92,tight,0,TBR_B32,200,3,19,19,0,3,319,-5006,64601,-0.07749106050989923,21.975912150194826,3,0,0,0,0,1,53.64,58.66,3.21,1,3c6d5245a0e1176a38058d1ea18ea23bc5eae4b406bb4c5432a4d56df8473180
hec-s-92,official,0,RECOMPUTE,200,2,19,19,0,62,6885,-6559,64601,-0.10153093605362146,21.391781792419412,0,0,0,0,2,42,1125.27,1260.32,2.19,1,5addb59ff91c711753213b89cd19578070da783b61f8fbbf7ceb25d663be784c
hec-s-92,official,0,ONE_BLOCKER,200,3,19,19,0,3,319,-5006,64601,-0.07749106050989923,21.975912150194826,3,0,0,0,0,1,53.22,59.49,2.99,1,3c6d5245a0e1176a38058d1ea18ea23bc5eae4b406bb4c5432a4d56df8473180
hec-s-92,official,0,SINGLE,200,3,19,19,0,3,319,-5006,64601,-0.07749106050989923,21.975912150194826,3,0,0,0,0,1,51.53,56.22,2.97,1,3c6d5245a0e1176a38058d1ea18ea23bc5eae4b406bb4c5432a4d56df8473180
hec-s-92,official,0,TBR_B16,200,3,19,19,0,3,319,-5006,64601,-0.07749106050989923,21.975912150194826,3,0,0,0,0,1,50.42,54.34,3.15,1,3c6d5245a0e1176a38058d1ea18ea23bc5eae4b406bb4c5432a4d56df8473180
hec-s-92,official,0,TBR_B2,200,3,19,19,0,3,319,-5006,64601,-0.07749106050989923,21.975912150194826,3,0,0,0,0,1,53.75,84.3,3.2,1,3c6d5245a0e1176a38058d1ea18ea23bc5eae4b406bb4c5432a4d56df8473180
hec-s-92,official,0,TBR_B4,200,3,19,19,0,3,319,-5006,64601,-0.07749106050989923,21.975912150194826,3,0,0,0,0,1,54.04,54.77,3.24,1,3c6d5245a0e1176a38058d1ea18ea23bc5eae4b406bb4c5432a4d56df8473180
hec-s-92,official,0,TBR_NOT2,200,3,19,19,0,3,319,-5006,64601,-0.07749106050989923,21.975912150194826,3,0,0,0,0,1,55.19,57.21,3.08,1,3c6d5245a0e1176a38058d1ea18ea23bc5eae4b406bb4c5432a4d56df8473180
hec-s-92,official,0,TBR,200,3,19,19,0,3,319,-5006,64601,-0.07749106050989923,21.975912150194826,3,0,0,0,0,1,51.36,69.86,3.06,1,3c6d5245a0e1176a38058d1ea18ea23bc5eae4b406bb4c5432a4d56df8473180
hec-s-92,official,0,TBR_NOPROX,200,3,19,19,0,3,319,-4628,64601,-0.07163975789848455,22.109812256464753,3,0,0,0,0,1,25.5,31.72,3.13,1,00964bdd5973e001a942a2972efa9540bc4c4bf8f8a64ee27e0fabb38c519cf4
hec-s-92,official,0,TBR_B32,200,3,19,19,0,3,319,-5006,64601,-0.07749106050989923,21.975912150194826,3,0,0,0,0,1,54.11,56.84,3.3,1,3c6d5245a0e1176a38058d1ea18ea23bc5eae4b406bb4c5432a4d56df8473180
hec-s-92,tight,1,TBR_B32,200,3,18,19,1,4,274,-3002,69854,-0.04297534858418988,24.67445979454481,1,1,0,1,0,2,163.62,1291.7,3.31,1,a429cb97fd8033566a553d81dcfbaff36354968cf433efac6eb02e3a85d061bb
hec-s-92,tight,1,TBR_B4,200,3,18,19,1,4,274,-3002,69854,-0.04297534858418988,24.67445979454481,1,1,0,1,0,2,164.01,371.18,3.3,1,a429cb97fd8033566a553d81dcfbaff36354968cf433efac6eb02e3a85d061bb
hec-s-92,tight,1,ONE_BLOCKER,200,3,18,19,1,4,274,-3002,69854,-0.04297534858418988,24.67445979454481,1,1,0,1,0,2,120.7,153.27,3.13,1,a429cb97fd8033566a553d81dcfbaff36354968cf433efac6eb02e3a85d061bb
hec-s-92,tight,1,TBR,200,3,18,19,1,4,274,-3002,69854,-0.04297534858418988,24.67445979454481,1,1,0,1,0,2,168.27,767.88,3.04,1,a429cb97fd8033566a553d81dcfbaff36354968cf433efac6eb02e3a85d061bb
hec-s-92,tight,1,TBR_B2,200,3,18,19,1,4,274,-3002,69854,-0.04297534858418988,24.67445979454481,1,1,0,1,0,2,140.63,182.32,3.22,1,a429cb97fd8033566a553d81dcfbaff36354968cf433efac6eb02e3a85d061bb
hec-s-92,tight,1,TBR_NOPROX,200,3,18,19,1,4,274,-3002,69854,-0.04297534858418988,24.67445979454481,1,1,0,1,0,2,85.65,723.32,3.09,1,a429cb97fd8033566a553d81dcfbaff36354968cf433efac6eb02e3a85d061bb
hec-s-92,tight,1,RECOMPUTE,200,5,18,19,1,41,3186,-1586,69854,-0.022704497952873135,25.24335812964931,0,0,0,0,5,24,1015.13,1082.8,2.31,1,ed5c2ee50945932c5e7c9ca9c22141667c979a51dc4b63167cba03352e45a154
hec-s-92,tight,1,TBR_B16,200,3,18,19,1,4,274,-3002,69854,-0.04297534858418988,24.67445979454481,1,1,0,1,0,2,166.87,1255.76,3.13,1,a429cb97fd8033566a553d81dcfbaff36354968cf433efac6eb02e3a85d061bb
hec-s-92,tight,1,SINGLE,200,3,18,20,2,3,227,-2935,69854,-0.04201620522804707,24.698901877435354,1,0,0,2,0,1,27.03,82.97,2.98,1,32b28ac793fedca439312ee761ccedef775d46110d07e739b4e550518c105e2c
hec-s-92,tight,1,TBR_NOT2,200,3,18,20,2,3,227,-2935,69854,-0.04201620522804707,24.698901877435354,1,0,0,2,0,1,755.12,810.51,2.94,1,32b28ac793fedca439312ee761ccedef775d46110d07e739b4e550518c105e2c
hec-s-92,official,1,TBR_B32,200,3,18,19,1,4,274,-3002,69854,-0.04297534858418988,24.67445979454481,1,1,0,1,0,2,160.39,1223.91,3.08,1,a429cb97fd8033566a553d81dcfbaff36354968cf433efac6eb02e3a85d061bb
hec-s-92,official,1,TBR_B4,200,3,18,19,1,4,274,-3002,69854,-0.04297534858418988,24.67445979454481,1,1,0,1,0,2,159.55,361.39,3.18,1,a429cb97fd8033566a553d81dcfbaff36354968cf433efac6eb02e3a85d061bb
hec-s-92,official,1,ONE_BLOCKER,200,3,18,19,1,4,274,-3002,69854,-0.04297534858418988,24.67445979454481,1,1,0,1,0,2,141.2,176.55,3.13,1,a429cb97fd8033566a553d81dcfbaff36354968cf433efac6eb02e3a85d061bb
hec-s-92,official,1,TBR,200,3,18,19,1,4,274,-3002,69854,-0.04297534858418988,24.67445979454481,1,1,0,1,0,2,194.55,784.67,3.01,1,a429cb97fd8033566a553d81dcfbaff36354968cf433efac6eb02e3a85d061bb
hec-s-92,official,1,TBR_B2,200,3,18,19,1,4,274,-3002,69854,-0.04297534858418988,24.67445979454481,1,1,0,1,0,2,117.6,149.04,3.08,1,a429cb97fd8033566a553d81dcfbaff36354968cf433efac6eb02e3a85d061bb
hec-s-92,official,1,TBR_NOPROX,200,3,18,19,1,4,274,-3002,69854,-0.04297534858418988,24.67445979454481,1,1,0,1,0,2,80.25,686.97,2.85,1,a429cb97fd8033566a553d81dcfbaff36354968cf433efac6eb02e3a85d061bb
hec-s-92,official,1,RECOMPUTE,200,5,18,19,1,41,3186,-1586,69854,-0.022704497952873135,25.24335812964931,0,0,0,0,5,24,849.62,981.33,2.04,1,ed5c2ee50945932c5e7c9ca9c22141667c979a51dc4b63167cba03352e45a154
hec-s-92,official,1,TBR_B16,200,3,18,19,1,4,274,-3002,69854,-0.04297534858418988,24.67445979454481,1,1,0,1,0,2,155.07,1243.34,3.16,1,a429cb97fd8033566a553d81dcfbaff36354968cf433efac6eb02e3a85d061bb
hec-s-92,official,1,SINGLE,200,3,18,20,2,3,227,-2935,69854,-0.04201620522804707,24.698901877435354,1,0,0,2,0,1,25.0,79.21,2.96,1,32b28ac793fedca439312ee761ccedef775d46110d07e739b4e550518c105e2c
hec-s-92,official,1,TBR_NOT2,200,3,18,20,2,3,227,-2935,69854,-0.04201620522804707,24.698901877435354,1,0,0,2,0,1,729.24,735.12,2.9,1,32b28ac793fedca439312ee761ccedef775d46110d07e739b4e550518c105e2c
hec-s-92,tight,2,TBR_B16,200,1,18,18,0,1,273,-5369,68700,-0.0781513828238719,23.47325540205455,1,0,0,0,0,1,65.19,65.19,3.18,1,4693710c33355f3d81651dd340044af4aba9e3d484899249a2b4d3f25a1e57db
hec-s-92,tight,2,TBR_B4,200,1,18,18,0,1,273,-5369,68700,-0.0781513828238719,23.47325540205455,1,0,0,0,0,1,57.84,57.84,3.17,1,4693710c33355f3d81651dd340044af4aba9e3d484899249a2b4d3f25a1e57db
hec-s-92,tight,2,TBR_B32,200,1,18,18,0,1,273,-5369,68700,-0.0781513828238719,23.47325540205455,1,0,0,0,0,1,63.67,63.67,3.09,1,4693710c33355f3d81651dd340044af4aba9e3d484899249a2b4d3f25a1e57db
hec-s-92,tight,2,TBR_NOT2,200,1,18,18,0,1,273,-5369,68700,-0.0781513828238719,23.47325540205455,1,0,0,0,0,1,61.44,61.44,2.92,1,4693710c33355f3d81651dd340044af4aba9e3d484899249a2b4d3f25a1e57db
hec-s-92,tight,2,ONE_BLOCKER,200,1,18,18,0,1,273,-5369,68700,-0.0781513828238719,23.47325540205455,1,0,0,0,0,1,81.58,81.58,2.9,1,4693710c33355f3d81651dd340044af4aba9e3d484899249a2b4d3f25a1e57db
hec-s-92,tight,2,TBR,200,1,18,18,0,1,273,-5369,68700,-0.0781513828238719,23.47325540205455,1,0,0,0,0,1,58.67,58.67,2.94,1,4693710c33355f3d81651dd340044af4aba9e3d484899249a2b4d3f25a1e57db
hec-s-92,tight,2,TBR_NOPROX,200,1,18,18,0,1,273,-4495,68700,-0.06542940320232897,23.783917817924195,1,0,0,0,0,1,34.03,34.03,2.95,1,a10e17bebc7a0b6a58e22094225d534c5b17675b1782ec2a4d78e2976c65dd56
hec-s-92,tight,2,SINGLE,200,1,18,18,0,1,273,-5369,68700,-0.0781513828238719,23.47325540205455,1,0,0,0,0,1,61.67,61.67,2.92,1,4693710c33355f3d81651dd340044af4aba9e3d484899249a2b4d3f25a1e57db
hec-s-92,tight,2,RECOMPUTE,200,1,18,19,1,13,603,-943,68700,-0.013726346433770015,25.057739992915337,0,0,0,0,1,13,1148.53,1148.53,2.12,1,deff4ec6f2c1eeef66c7e957cec44f8d2e13346dc7383cfbbc7be69ae75547ce
hec-s-92,tight,2,TBR_B2,200,1,18,18,0,1,273,-5369,68700,-0.0781513828238719,23.47325540205455,1,0,0,0,0,1,59.8,59.8,3.11,1,4693710c33355f3d81651dd340044af4aba9e3d484899249a2b4d3f25a1e57db
hec-s-92,official,2,TBR_B16,200,1,18,18,0,1,273,-5369,68700,-0.0781513828238719,23.47325540205455,1,0,0,0,0,1,61.23,61.23,3.17,1,4693710c33355f3d81651dd340044af4aba9e3d484899249a2b4d3f25a1e57db
hec-s-92,official,2,TBR_B4,200,1,18,18,0,1,273,-5369,68700,-0.0781513828238719,23.47325540205455,1,0,0,0,0,1,60.07,60.07,3.06,1,4693710c33355f3d81651dd340044af4aba9e3d484899249a2b4d3f25a1e57db
hec-s-92,official,2,TBR_B32,200,1,18,18,0,1,273,-5369,68700,-0.0781513828238719,23.47325540205455,1,0,0,0,0,1,74.64,74.64,3.07,1,4693710c33355f3d81651dd340044af4aba9e3d484899249a2b4d3f25a1e57db
hec-s-92,official,2,TBR_NOT2,200,1,18,18,0,1,273,-5369,68700,-0.0781513828238719,23.47325540205455,1,0,0,0,0,1,66.52,66.52,2.9,1,4693710c33355f3d81651dd340044af4aba9e3d484899249a2b4d3f25a1e57db
hec-s-92,official,2,ONE_BLOCKER,200,1,18,18,0,1,273,-5369,68700,-0.0781513828238719,23.47325540205455,1,0,0,0,0,1,57.4,57.4,2.95,1,4693710c33355f3d81651dd340044af4aba9e3d484899249a2b4d3f25a1e57db
hec-s-92,official,2,TBR,200,1,18,18,0,1,273,-5369,68700,-0.0781513828238719,23.47325540205455,1,0,0,0,0,1,87.75,87.75,2.9,1,4693710c33355f3d81651dd340044af4aba9e3d484899249a2b4d3f25a1e57db
hec-s-92,official,2,TBR_NOPROX,200,1,18,18,0,1,273,-4495,68700,-0.06542940320232897,23.783917817924195,1,0,0,0,0,1,33.73,33.73,3.0,1,a10e17bebc7a0b6a58e22094225d534c5b17675b1782ec2a4d78e2976c65dd56
hec-s-92,official,2,SINGLE,200,1,18,18,0,1,273,-5369,68700,-0.0781513828238719,23.47325540205455,1,0,0,0,0,1,59.45,59.45,2.93,1,4693710c33355f3d81651dd340044af4aba9e3d484899249a2b4d3f25a1e57db
hec-s-92,official,2,RECOMPUTE,200,1,18,19,1,13,603,-943,68700,-0.013726346433770015,25.057739992915337,0,0,0,0,1,13,1127.22,1127.22,2.1,1,deff4ec6f2c1eeef66c7e957cec44f8d2e13346dc7383cfbbc7be69ae75547ce
hec-s-92,official,2,TBR_B2,200,1,18,18,0,1,273,-5369,68700,-0.0781513828238719,23.47325540205455,1,0,0,0,0,1,58.96,58.96,3.06,1,4693710c33355f3d81651dd340044af4aba9e3d484899249a2b4d3f25a1e57db
hec-s-92,tight,3,TBR_B16,200,3,18,19,1,5,466,-3126,77658,-0.04025341883643668,27.392844491675522,0,2,0,1,0,2,157.86,1162.08,3.21,1,b7862a674e65b3c5babda83da107a52f72ef53ac73ade46cc5d1882b553e46e4
hec-s-92,tight,3,TBR_NOPROX,200,3,18,19,1,5,466,-2727,77658,-0.03511550645136367,27.539142755933405,0,2,0,1,0,2,81.28,887.0,3.19,1,d4798207eba2f1e1f191200fe8acfb010df32f1d6ec18beb09181c0904d24d30
hec-s-92,tight,3,TBR_B4,200,3,18,19,1,5,466,-3126,77658,-0.04025341883643668,27.392844491675522,0,2,0,1,0,2,164.89,529.93,3.2,1,b7862a674e65b3c5babda83da107a52f72ef53ac73ade46cc5d1882b553e46e4
hec-s-92,tight,3,ONE_BLOCKER,200,3,18,19,1,5,466,-3126,77658,-0.04025341883643668,27.392844491675522,0,2,0,1,0,2,158.6,262.83,3.05,1,b7862a674e65b3c5babda83da107a52f72ef53ac73ade46cc5d1882b553e46e4
hec-s-92,tight,3,TBR_NOT2,200,3,18,19,1,5,383,-3154,77658,-0.040613974091529524,27.374778604321644,1,0,1,1,0,3,704.58,725.18,3.01,1,c4d6d57447a91b93147f9fd954581640a1bf16cbd668ae848eafd55236a4b6ae
hec-s-92,tight,3,TBR_B32,200,3,18,19,1,5,466,-3126,77658,-0.04025341883643668,27.392844491675522,0,2,0,1,0,2,150.27,1377.49,3.08,1,b7862a674e65b3c5babda83da107a52f72ef53ac73ade46cc5d1882b553e46e4
hec-s-92,tight,3,SINGLE,200,3,18,20,2,3,271,-3627,77658,-0.04670478250791934,27.20722635494155,1,0,0,2,0,1,69.07,147.92,2.88,1,e4dfbcc822c6c4e637c66c4950c8caa0fde6f19381e8b0484a8624c2edc97777
hec-s-92,tight,3,TBR_B2,200,3,18,19,1,5,466,-3126,77658,-0.04025341883643668,27.392844491675522,0,2,0,1,0,2,160.83,257.91,3.12,1,b7862a674e65b3c5babda83da107a52f72ef53ac73ade46cc5d1882b553e46e4
hec-s-92,tight,3,TBR,200,3,18,19,1,5,466,-3126,77658,-0.04025341883643668,27.392844491675522,0,2,0,1,0,2,161.2,878.88,2.94,1,b7862a674e65b3c5babda83da107a52f72ef53ac73ade46cc5d1882b553e46e4
hec-s-92,tight,3,RECOMPUTE,200,3,18,19,1,56,6965,-20376,77658,-0.2623812099204203,21.154799858306767,0,0,0,0,3,27,1041.76,1049.44,2.14,1,4c36c281cd5d9b8f776b31f22eca2be480a8d43110d80e1124ec728b94272b73
hec-s-92,official,3,TBR_B16,200,3,18,19,1,5,466,-3126,77658,-0.04025341883643668,27.392844491675522,0,2,0,1,0,2,180.62,1194.0,3.17,1,b7862a674e65b3c5babda83da107a52f72ef53ac73ade46cc5d1882b553e46e4
hec-s-92,official,3,TBR_NOPROX,200,3,18,19,1,5,466,-2727,77658,-0.03511550645136367,27.539142755933405,0,2,0,1,0,2,82.66,740.9,3.09,1,d4798207eba2f1e1f191200fe8acfb010df32f1d6ec18beb09181c0904d24d30
hec-s-92,official,3,TBR_B4,200,3,18,19,1,5,466,-3126,77658,-0.04025341883643668,27.392844491675522,0,2,0,1,0,2,193.17,391.43,3.17,1,b7862a674e65b3c5babda83da107a52f72ef53ac73ade46cc5d1882b553e46e4
hec-s-92,official,3,ONE_BLOCKER,200,3,18,19,1,5,466,-3126,77658,-0.04025341883643668,27.392844491675522,0,2,0,1,0,2,144.13,221.07,2.87,1,b7862a674e65b3c5babda83da107a52f72ef53ac73ade46cc5d1882b553e46e4
hec-s-92,official,3,TBR_NOT2,200,3,18,19,1,5,383,-3154,77658,-0.040613974091529524,27.374778604321644,1,0,1,1,0,3,618.57,698.4,3.0,1,c4d6d57447a91b93147f9fd954581640a1bf16cbd668ae848eafd55236a4b6ae
hec-s-92,official,3,TBR_B32,200,3,18,19,1,5,466,-3126,77658,-0.04025341883643668,27.392844491675522,0,2,0,1,0,2,152.01,1297.08,3.09,1,b7862a674e65b3c5babda83da107a52f72ef53ac73ade46cc5d1882b553e46e4
hec-s-92,official,3,SINGLE,200,3,18,20,2,3,271,-3627,77658,-0.04670478250791934,27.20722635494155,1,0,0,2,0,1,64.03,129.87,2.86,1,e4dfbcc822c6c4e637c66c4950c8caa0fde6f19381e8b0484a8624c2edc97777
hec-s-92,official,3,TBR_B2,200,3,18,19,1,5,466,-3126,77658,-0.04025341883643668,27.392844491675522,0,2,0,1,0,2,175.66,239.93,3.06,1,b7862a674e65b3c5babda83da107a52f72ef53ac73ade46cc5d1882b553e46e4
hec-s-92,official,3,TBR,200,3,18,19,1,5,466,-3126,77658,-0.04025341883643668,27.392844491675522,0,2,0,1,0,2,148.69,856.53,2.92,1,b7862a674e65b3c5babda83da107a52f72ef53ac73ade46cc5d1882b553e46e4
hec-s-92,official,3,RECOMPUTE,200,3,18,19,1,56,6965,-20376,77658,-0.2623812099204203,21.154799858306767,0,0,0,0,3,27,871.43,1118.38,2.26,1,4c36c281cd5d9b8f776b31f22eca2be480a8d43110d80e1124ec728b94272b73
hec-s-92,tight,4,TBR,200,3,19,19,0,4,288,-2072,61487,-0.03369818010311123,21.89302160821821,2,1,0,0,0,2,86.41,162.38,2.95,1,05fb92072d9d2bb93351921761d0a03228712f3b1020277a0bc97ce283ff00d8
hec-s-92,tight,4,TBR_B16,200,3,19,19,0,4,288,-2072,61487,-0.03369818010311123,21.89302160821821,2,1,0,0,0,2,90.04,135.78,3.07,1,05fb92072d9d2bb93351921761d0a03228712f3b1020277a0bc97ce283ff00d8
hec-s-92,tight,4,RECOMPUTE,200,4,19,19,0,33,3378,1689,61487,0.027469221136175125,23.250088558271344,0,0,0,0,4,16,807.02,879.02,2.16,1,793eebe731a03c7e99404944bf1486a5c4b540461e451be4941f6cc9ec79e308
hec-s-92,tight,4,ONE_BLOCKER,200,3,19,19,0,4,288,-2072,61487,-0.03369818010311123,21.89302160821821,2,1,0,0,0,2,114.73,136.35,3.0,1,05fb92072d9d2bb93351921761d0a03228712f3b1020277a0bc97ce283ff00d8
hec-s-92,tight,4,TBR_NOPROX,200,3,19,19,0,4,268,-1603,61487,-0.02607055149869078,22.048529932695715,2,1,0,0,0,2,32.75,52.44,2.95,1,108fad447d1cc9c25459850c4883e5ee984593a910cec491eab8b15fdabb9fab
hec-s-92,tight,4,TBR_NOT2,200,3,19,20,1,3,224,-2016,61487,-0.03278741847870281,21.911441728657458,2,0,0,1,0,1,91.29,909.68,3.05,1,8023c6807f7a445cd50154673b5f08cc855c408311520b0843d412bc984c0ebe
hec-s-92,tight,4,TBR_B2,200,3,19,19,0,4,288,-2072,61487,-0.03369818010311123,21.89302160821821,2,1,0,0,0,2,93.57,136.95,3.17,1,05fb92072d9d2bb93351921761d0a03228712f3b1020277a0bc97ce283ff00d8
hec-s-92,tight,4,SINGLE,200,3,19,20,1,3,224,-2016,61487,-0.03278741847870281,21.911441728657458,2,0,0,1,0,1,59.39,113.7,2.99,1,8023c6807f7a445cd50154673b5f08cc855c408311520b0843d412bc984c0ebe
hec-s-92,tight,4,TBR_B4,200,3,19,19,0,4,288,-2072,61487,-0.03369818010311123,21.89302160821821,2,1,0,0,0,2,100.01,137.34,3.12,1,05fb92072d9d2bb93351921761d0a03228712f3b1020277a0bc97ce283ff00d8
hec-s-92,tight,4,TBR_B32,200,3,19,19,0,4,288,-2072,61487,-0.03369818010311123,21.89302160821821,2,1,0,0,0,2,91.24,144.14,3.17,1,05fb92072d9d2bb93351921761d0a03228712f3b1020277a0bc97ce283ff00d8
hec-s-92,official,4,TBR,200,3,19,19,0,4,288,-2072,61487,-0.03369818010311123,21.89302160821821,2,1,0,0,0,2,90.52,149.57,2.92,1,05fb92072d9d2bb93351921761d0a03228712f3b1020277a0bc97ce283ff00d8
hec-s-92,official,4,TBR_B16,200,3,19,19,0,4,288,-2072,61487,-0.03369818010311123,21.89302160821821,2,1,0,0,0,2,88.3,163.37,3.16,1,05fb92072d9d2bb93351921761d0a03228712f3b1020277a0bc97ce283ff00d8
hec-s-92,official,4,RECOMPUTE,200,4,19,19,0,33,3378,1689,61487,0.027469221136175125,23.250088558271344,0,0,0,0,4,16,824.46,948.92,2.24,1,793eebe731a03c7e99404944bf1486a5c4b540461e451be4941f6cc9ec79e308
hec-s-92,official,4,ONE_BLOCKER,200,3,19,19,0,4,288,-2072,61487,-0.03369818010311123,21.89302160821821,2,1,0,0,0,2,88.69,140.02,2.93,1,05fb92072d9d2bb93351921761d0a03228712f3b1020277a0bc97ce283ff00d8
hec-s-92,official,4,TBR_NOPROX,200,3,19,19,0,4,268,-1603,61487,-0.02607055149869078,22.048529932695715,2,1,0,0,0,2,34.01,56.21,2.96,1,108fad447d1cc9c25459850c4883e5ee984593a910cec491eab8b15fdabb9fab
hec-s-92,official,4,TBR_NOT2,200,3,19,20,1,3,224,-2016,61487,-0.03278741847870281,21.911441728657458,2,0,0,1,0,1,93.33,915.39,2.94,1,8023c6807f7a445cd50154673b5f08cc855c408311520b0843d412bc984c0ebe
hec-s-92,official,4,TBR_B2,200,3,19,19,0,4,288,-2072,61487,-0.03369818010311123,21.89302160821821,2,1,0,0,0,2,90.12,139.81,3.17,1,05fb92072d9d2bb93351921761d0a03228712f3b1020277a0bc97ce283ff00d8
hec-s-92,official,4,SINGLE,200,3,19,20,1,3,224,-2016,61487,-0.03278741847870281,21.911441728657458,2,0,0,1,0,1,78.77,97.63,3.02,1,8023c6807f7a445cd50154673b5f08cc855c408311520b0843d412bc984c0ebe
hec-s-92,official,4,TBR_B4,200,3,19,19,0,4,288,-2072,61487,-0.03369818010311123,21.89302160821821,2,1,0,0,0,2,84.33,140.86,3.25,1,05fb92072d9d2bb93351921761d0a03228712f3b1020277a0bc97ce283ff00d8
hec-s-92,official,4,TBR_B32,200,3,19,19,0,4,288,-2072,61487,-0.03369818010311123,21.89302160821821,2,1,0,0,0,2,90.36,164.63,3.22,1,05fb92072d9d2bb93351921761d0a03228712f3b1020277a0bc97ce283ff00d8
hec-s-92,tight,5,TBR_NOPROX,200,5,19,19,0,6,734,-6088,67302,-0.09045793587114796,22.583067658519305,4,1,0,0,0,2,23.87,66.71,3.06,1,8d5252032f300f7ff860eab5d48d0d78f2d8a2b9ef7d894ce641ff004c9e426f
hec-s-92,tight,5,TBR_NOT2,200,5,19,20,1,5,559,-6972,67302,-0.1035927609877864,22.24725469358838,4,0,0,1,0,1,69.43,742.64,3.2,1,3144a50a9e57f0f6190ae71997ed54c1346d39e38705fc6599f17c3609aca9dd
hec-s-92,tight,5,TBR_B32,200,5,19,19,0,7,790,-7363,67302,-0.10940239517399186,22.122918880623452,3,2,0,0,0,2,94.24,154.26,3.25,1,879fd8279c194875ff883c04b4494099b424442161e6c59c96eaa5413b363284
hec-s-92,tight,5,TBR,200,5,19,19,0,7,790,-7363,67302,-0.10940239517399186,22.122918880623452,3,2,0,0,0,2,106.12,199.74,3.4,1,879fd8279c194875ff883c04b4494099b424442161e6c59c96eaa5413b363284
hec-s-92,tight,5,TBR_B2,200,5,19,19,0,7,790,-7363,67302,-0.10940239517399186,22.122918880623452,3,2,0,0,0,2,90.58,156.4,3.23,1,879fd8279c194875ff883c04b4494099b424442161e6c59c96eaa5413b363284
hec-s-92,tight,5,RECOMPUTE,200,3,19,19,0,14,696,-350,67302,-0.005200439808623815,24.67020899752037,0,0,0,0,3,7,976.46,1081.68,2.24,1,0008df7d180f7a3faf47dd5ef5fb99535569128d3a5546a3dc9013d4fb35834b
hec-s-92,tight,5,ONE_BLOCKER,200,5,19,19,0,7,790,-7363,67302,-0.10940239517399186,22.122918880623452,3,2,0,0,0,2,86.18,190.45,3.42,1,879fd8279c194875ff883c04b4494099b424442161e6c59c96eaa5413b363284
hec-s-92,tight,5,SINGLE,200,5,19,20,1,5,559,-6972,67302,-0.1035927609877864,22.24725469358838,4,0,0,1,0,1,64.29,87.68,3.13,1,3144a50a9e57f0f6190ae71997ed54c1346d39e38705fc6599f17c3609aca9dd
hec-s-92,tight,5,TBR_B4,200,5,19,19,0,7,790,-7363,67302,-0.10940239517399186,22.122918880623452,3,2,0,0,0,2,90.13,159.7,3.16,1,879fd8279c194875ff883c04b4494099b424442161e6c59c96eaa5413b363284
hec-s-92,tight,5,TBR_B16,200,5,19,19,0,7,790,-7363,67302,-0.10940239517399186,22.122918880623452,3,2,0,0,0,2,75.84,171.6,3.21,1,879fd8279c194875ff883c04b4494099b424442161e6c59c96eaa5413b363284
hec-s-92,official,5,TBR_NOPROX,200,5,19,19,0,6,734,-6088,67302,-0.09045793587114796,22.583067658519305,4,1,0,0,0,2,24.8,61.6,3.2,1,8d5252032f300f7ff860eab5d48d0d78f2d8a2b9ef7d894ce641ff004c9e426f
hec-s-92,official,5,TBR_NOT2,200,5,19,20,1,5,559,-6972,67302,-0.1035927609877864,22.24725469358838,4,0,0,1,0,1,81.99,770.58,3.09,1,3144a50a9e57f0f6190ae71997ed54c1346d39e38705fc6599f17c3609aca9dd
hec-s-92,official,5,TBR_B32,200,5,19,19,0,7,790,-7363,67302,-0.10940239517399186,22.122918880623452,3,2,0,0,0,2,74.91,154.92,3.26,1,879fd8279c194875ff883c04b4494099b424442161e6c59c96eaa5413b363284
hec-s-92,official,5,TBR,200,5,19,19,0,7,790,-7363,67302,-0.10940239517399186,22.122918880623452,3,2,0,0,0,2,76.99,156.63,3.16,1,879fd8279c194875ff883c04b4494099b424442161e6c59c96eaa5413b363284
hec-s-92,official,5,TBR_B2,200,5,19,19,0,7,790,-7363,67302,-0.10940239517399186,22.122918880623452,3,2,0,0,0,2,75.84,161.08,3.35,1,879fd8279c194875ff883c04b4494099b424442161e6c59c96eaa5413b363284
hec-s-92,official,5,RECOMPUTE,200,3,19,19,0,14,696,-350,67302,-0.005200439808623815,24.67020899752037,0,0,0,0,3,7,805.79,1103.65,2.16,1,0008df7d180f7a3faf47dd5ef5fb99535569128d3a5546a3dc9013d4fb35834b
hec-s-92,official,5,ONE_BLOCKER,200,5,19,19,0,7,790,-7363,67302,-0.10940239517399186,22.122918880623452,3,2,0,0,0,2,84.99,164.1,3.17,1,879fd8279c194875ff883c04b4494099b424442161e6c59c96eaa5413b363284
hec-s-92,official,5,SINGLE,200,5,19,20,1,5,559,-6972,67302,-0.1035927609877864,22.24725469358838,4,0,0,1,0,1,62.7,70.48,3.1,1,3144a50a9e57f0f6190ae71997ed54c1346d39e38705fc6599f17c3609aca9dd
hec-s-92,official,5,TBR_B4,200,5,19,19,0,7,790,-7363,67302,-0.10940239517399186,22.122918880623452,3,2,0,0,0,2,109.58,216.99,3.38,1,879fd8279c194875ff883c04b4494099b424442161e6c59c96eaa5413b363284
hec-s-92,official,5,TBR_B16,200,5,19,19,0,7,790,-7363,67302,-0.10940239517399186,22.122918880623452,3,2,0,0,0,2,78.15,177.77,3.27,1,879fd8279c194875ff883c04b4494099b424442161e6c59c96eaa5413b363284
hec-s-92,tight,6,TBR_B32,200,1,19,19,0,1,58,-585,76235,-0.007673640716206467,27.89762663832802,1,0,0,0,0,1,53.16,53.16,3.33,1,7846d4481c6f7772aa672d7b4b630b1ca24df02c196aad2abcd1a6e19305c0ef
hec-s-92,tight,6,TBR_B4,200,1,19,19,0,1,58,-585,76235,-0.007673640716206467,27.89762663832802,1,0,0,0,0,1,53.1,53.1,3.24,1,7846d4481c6f7772aa672d7b4b630b1ca24df02c196aad2abcd1a6e19305c0ef
hec-s-92,tight,6,TBR_B16,200,1,19,19,0,1,58,-585,76235,-0.007673640716206467,27.89762663832802,1,0,0,0,0,1,56.49,56.49,3.29,1,7846d4481c6f7772aa672d7b4b630b1ca24df02c196aad2abcd1a6e19305c0ef
hec-s-92,tight,6,SINGLE,200,1,19,19,0,1,58,-585,76235,-0.007673640716206467,27.89762663832802,1,0,0,0,0,1,50.21,50.21,3.06,1,7846d4481c6f7772aa672d7b4b630b1ca24df02c196aad2abcd1a6e19305c0ef
hec-s-92,tight,6,TBR_B2,200,1,19,19,0,1,58,-585,76235,-0.007673640716206467,27.89762663832802,1,0,0,0,0,1,72.87,72.87,3.21,1,7846d4481c6f7772aa672d7b4b630b1ca24df02c196aad2abcd1a6e19305c0ef
hec-s-92,tight,6,TBR_NOPROX,200,1,19,19,0,1,58,-384,76235,-0.00503705647012527,27.968827488487424,1,0,0,0,0,1,33.74,33.74,3.05,1,5ea23f9c652b1b59c2af9f32608b12189e304025ccdb35720b88a1eaae380c8e
hec-s-92,tight,6,TBR_NOT2,200,1,19,19,0,1,58,-585,76235,-0.007673640716206467,27.89762663832802,1,0,0,0,0,1,51.09,51.09,2.97,1,7846d4481c6f7772aa672d7b4b630b1ca24df02c196aad2abcd1a6e19305c0ef
hec-s-92,tight,6,ONE_BLOCKER,200,1,19,19,0,1,58,-585,76235,-0.007673640716206467,27.89762663832802,1,0,0,0,0,1,50.0,50.0,3.02,1,7846d4481c6f7772aa672d7b4b630b1ca24df02c196aad2abcd1a6e19305c0ef
hec-s-92,tight,6,TBR,200,1,19,19,0,1,58,-585,76235,-0.007673640716206467,27.89762663832802,1,0,0,0,0,1,56.82,56.82,2.99,1,7846d4481c6f7772aa672d7b4b630b1ca24df02c196aad2abcd1a6e19305c0ef
hec-s-92,tight,6,RECOMPUTE,200,1,19,19,0,12,1958,-8441,76235,-0.11072342100085263,25.088558271342542,0,0,0,0,1,12,1138.47,1138.47,2.16,1,21b40f45f11f679311b0ee60d3a27256748c0a42954c762298e32e35a61dd090
hec-s-92,official,6,TBR_B32,200,1,19,19,0,1,58,-585,76235,-0.007673640716206467,27.89762663832802,1,0,0,0,0,1,49.84,49.84,3.02,1,7846d4481c6f7772aa672d7b4b630b1ca24df02c196aad2abcd1a6e19305c0ef
hec-s-92,official,6,TBR_B4,200,1,19,19,0,1,58,-585,76235,-0.007673640716206467,27.89762663832802,1,0,0,0,0,1,50.78,50.78,3.06,1,7846d4481c6f7772aa672d7b4b630b1ca24df02c196aad2abcd1a6e19305c0ef
hec-s-92,official,6,TBR_B16,200,1,19,19,0,1,58,-585,76235,-0.007673640716206467,27.89762663832802,1,0,0,0,0,1,51.82,51.82,3.12,1,7846d4481c6f7772aa672d7b4b630b1ca24df02c196aad2abcd1a6e19305c0ef
hec-s-92,official,6,SINGLE,200,1,19,19,0,1,58,-585,76235,-0.007673640716206467,27.89762663832802,1,0,0,0,0,1,47.97,47.97,2.94,1,7846d4481c6f7772aa672d7b4b630b1ca24df02c196aad2abcd1a6e19305c0ef
hec-s-92,official,6,TBR_B2,200,1,19,19,0,1,58,-585,76235,-0.007673640716206467,27.89762663832802,1,0,0,0,0,1,50.04,50.04,3.08,1,7846d4481c6f7772aa672d7b4b630b1ca24df02c196aad2abcd1a6e19305c0ef
hec-s-92,official,6,TBR_NOPROX,200,1,19,19,0,1,58,-384,76235,-0.00503705647012527,27.968827488487424,1,0,0,0,0,1,49.13,49.13,2.92,1,5ea23f9c652b1b59c2af9f32608b12189e304025ccdb35720b88a1eaae380c8e
hec-s-92,official,6,TBR_NOT2,200,1,19,19,0,1,58,-585,76235,-0.007673640716206467,27.89762663832802,1,0,0,0,0,1,50.31,50.31,2.94,1,7846d4481c6f7772aa672d7b4b630b1ca24df02c196aad2abcd1a6e19305c0ef
hec-s-92,official,6,ONE_BLOCKER,200,1,19,19,0,1,58,-585,76235,-0.007673640716206467,27.89762663832802,1,0,0,0,0,1,48.91,48.91,2.98,1,7846d4481c6f7772aa672d7b4b630b1ca24df02c196aad2abcd1a6e19305c0ef
hec-s-92,official,6,TBR,200,1,19,19,0,1,58,-585,76235,-0.007673640716206467,27.89762663832802,1,0,0,0,0,1,52.86,52.86,3.13,1,7846d4481c6f7772aa672d7b4b630b1ca24df02c196aad2abcd1a6e19305c0ef
hec-s-92,official,6,RECOMPUTE,200,1,19,19,0,12,1958,-8441,76235,-0.11072342100085263,25.088558271342542,0,0,0,0,1,12,1194.75,1194.75,2.22,1,21b40f45f11f679311b0ee60d3a27256748c0a42954c762298e32e35a61dd090
hec-s-92,tight,7,TBR,200,2,20,20,0,2,327,-5200,82204,-0.06325726242032018,28.404888416578107,2,0,0,0,0,1,89.39,107.28,3.13,1,758e3754c98b702bb454831017c867de6a9a913183402788048aecf1d53ff476
hec-s-92,tight,7,TBR_B2,200,2,20,20,0,2,327,-5200,82204,-0.06325726242032018,28.404888416578107,2,0,0,0,0,1,91.68,113.08,3.21,1,758e3754c98b702bb454831017c867de6a9a913183402788048aecf1d53ff476
hec-s-92,tight,7,TBR_NOT2,200,2,20,20,0,2,327,-5200,82204,-0.06325726242032018,28.404888416578107,2,0,0,0,0,1,90.5,111.4,3.09,1,758e3754c98b702bb454831017c867de6a9a913183402788048aecf1d53ff476
hec-s-92,tight,7,RECOMPUTE,200,2,20,20,0,40,4662,-24900,82204,-0.3029049681280716,21.42933049946865,0,0,0,0,2,36,1092.3,1099.85,2.19,1,01fbfc6b1ad65c83375574605c18947d3698a11ae60362b6a19428e39455516e
hec-s-92,tight,7,TBR_B4,200,2,20,20,0,2,327,-5200,82204,-0.06325726242032018,28.404888416578107,2,0,0,0,0,1,100.33,106.59,3.11,1,758e3754c98b702bb454831017c867de6a9a913183402788048aecf1d53ff476
hec-s-92,tight,7,SINGLE,200,2,20,20,0,2,327,-5200,82204,-0.06325726242032018,28.404888416578107,2,0,0,0,0,1,94.31,118.99,2.96,1,758e3754c98b702bb454831017c867de6a9a913183402788048aecf1d53ff476
hec-s-92,tight,7,TBR_B16,200,2,20,20,0,2,327,-5200,82204,-0.06325726242032018,28.404888416578107,2,0,0,0,0,1,89.34,106.4,3.24,1,758e3754c98b702bb454831017c867de6a9a913183402788048aecf1d53ff476
hec-s-92,tight,7,ONE_BLOCKER,200,2,20,20,0,2,327,-5200,82204,-0.06325726242032018,28.404888416578107,2,0,0,0,0,1,89.08,106.74,3.12,1,758e3754c98b702bb454831017c867de6a9a913183402788048aecf1d53ff476
hec-s-92,tight,7,TBR_B32,200,2,20,20,0,2,327,-5200,82204,-0.06325726242032018,28.404888416578107,2,0,0,0,0,1,91.09,107.25,3.27,1,758e3754c98b702bb454831017c867de6a9a913183402788048aecf1d53ff476
hec-s-92,tight,7,TBR_NOPROX,200,2,20,20,0,2,327,-4857,82204,-0.0590847160722106,28.526390364860077,2,0,0,0,0,1,38.7,42.27,3.08,1,3ae5ef301b5a7e1a240630724c76d3ceeffe43a6ac92c96a223a71d8fb217ce7
hec-s-92,official,7,TBR,200,2,20,20,0,2,327,-5200,82204,-0.06325726242032018,28.404888416578107,2,0,0,0,0,1,97.35,128.27,3.08,1,758e3754c98b702bb454831017c867de6a9a913183402788048aecf1d53ff476
hec-s-92,official,7,TBR_B2,200,2,20,20,0,2,327,-5200,82204,-0.06325726242032018,28.404888416578107,2,0,0,0,0,1,89.0,107.6,3.3,1,758e3754c98b702bb454831017c867de6a9a913183402788048aecf1d53ff476
hec-s-92,official,7,TBR_NOT2,200,2,20,20,0,2,327,-5200,82204,-0.06325726242032018,28.404888416578107,2,0,0,0,0,1,91.53,114.86,2.98,1,758e3754c98b702bb454831017c867de6a9a913183402788048aecf1d53ff476
hec-s-92,official,7,RECOMPUTE,200,2,20,20,0,40,4662,-24900,82204,-0.3029049681280716,21.42933049946865,0,0,0,0,2,36,1196.89,1292.4,2.28,1,01fbfc6b1ad65c83375574605c18947d3698a11ae60362b6a19428e39455516e
hec-s-92,official,7,TBR_B4,200,2,20,20,0,2,327,-5200,82204,-0.06325726242032018,28.404888416578107,2,0,0,0,0,1,92.87,111.0,3.43,1,758e3754c98b702bb454831017c867de6a9a913183402788048aecf1d53ff476
hec-s-92,official,7,SINGLE,200,2,20,20,0,2,327,-5200,82204,-0.06325726242032018,28.404888416578107,2,0,0,0,0,1,92.02,102.26,3.17,1,758e3754c98b702bb454831017c867de6a9a913183402788048aecf1d53ff476
hec-s-92,official,7,TBR_B16,200,2,20,20,0,2,327,-5200,82204,-0.06325726242032018,28.404888416578107,2,0,0,0,0,1,93.59,109.95,3.5,1,758e3754c98b702bb454831017c867de6a9a913183402788048aecf1d53ff476
hec-s-92,official,7,ONE_BLOCKER,200,2,20,20,0,2,327,-5200,82204,-0.06325726242032018,28.404888416578107,2,0,0,0,0,1,110.74,146.45,3.33,1,758e3754c98b702bb454831017c867de6a9a913183402788048aecf1d53ff476
hec-s-92,official,7,TBR_B32,200,2,20,20,0,2,327,-5200,82204,-0.06325726242032018,28.404888416578107,2,0,0,0,0,1,88.31,107.6,3.32,1,758e3754c98b702bb454831017c867de6a9a913183402788048aecf1d53ff476
hec-s-92,official,7,TBR_NOPROX,200,2,20,20,0,2,327,-4857,82204,-0.0590847160722106,28.526390364860077,2,0,0,0,0,1,33.75,33.92,3.08,1,3ae5ef301b5a7e1a240630724c76d3ceeffe43a6ac92c96a223a71d8fb217ce7
hec-s-92,tight,8,SINGLE,200,0,19,19,0,0,0,0,65553,0.0,24.16188452001417,0,0,0,0,0,0,,,3.05,1,de180f360c749f8829ea154d7cdec2b1921cd1007a75e8fd86844fdf2e32b58b
hec-s-92,tight,8,RECOMPUTE,200,0,19,19,0,0,0,0,65553,0.0,24.16188452001417,0,0,0,0,0,0,,,2.23,1,de180f360c749f8829ea154d7cdec2b1921cd1007a75e8fd86844fdf2e32b58b
hec-s-92,tight,8,TBR_NOPROX,200,0,19,19,0,0,0,0,65553,0.0,24.16188452001417,0,0,0,0,0,0,,,3.1,1,de180f360c749f8829ea154d7cdec2b1921cd1007a75e8fd86844fdf2e32b58b
hec-s-92,tight,8,TBR,200,0,19,19,0,0,0,0,65553,0.0,24.16188452001417,0,0,0,0,0,0,,,3.02,1,de180f360c749f8829ea154d7cdec2b1921cd1007a75e8fd86844fdf2e32b58b
hec-s-92,tight,8,TBR_NOT2,200,0,19,19,0,0,0,0,65553,0.0,24.16188452001417,0,0,0,0,0,0,,,3.02,1,de180f360c749f8829ea154d7cdec2b1921cd1007a75e8fd86844fdf2e32b58b
hec-s-92,tight,8,TBR_B2,200,0,19,19,0,0,0,0,65553,0.0,24.16188452001417,0,0,0,0,0,0,,,3.17,1,de180f360c749f8829ea154d7cdec2b1921cd1007a75e8fd86844fdf2e32b58b
hec-s-92,tight,8,TBR_B32,200,0,19,19,0,0,0,0,65553,0.0,24.16188452001417,0,0,0,0,0,0,,,3.14,1,de180f360c749f8829ea154d7cdec2b1921cd1007a75e8fd86844fdf2e32b58b
hec-s-92,tight,8,TBR_B16,200,0,19,19,0,0,0,0,65553,0.0,24.16188452001417,0,0,0,0,0,0,,,3.14,1,de180f360c749f8829ea154d7cdec2b1921cd1007a75e8fd86844fdf2e32b58b
hec-s-92,tight,8,TBR_B4,200,0,19,19,0,0,0,0,65553,0.0,24.16188452001417,0,0,0,0,0,0,,,3.12,1,de180f360c749f8829ea154d7cdec2b1921cd1007a75e8fd86844fdf2e32b58b
hec-s-92,tight,8,ONE_BLOCKER,200,0,19,19,0,0,0,0,65553,0.0,24.16188452001417,0,0,0,0,0,0,,,3.09,1,de180f360c749f8829ea154d7cdec2b1921cd1007a75e8fd86844fdf2e32b58b
hec-s-92,official,8,SINGLE,200,0,19,19,0,0,0,0,65553,0.0,24.16188452001417,0,0,0,0,0,0,,,3.12,1,de180f360c749f8829ea154d7cdec2b1921cd1007a75e8fd86844fdf2e32b58b
hec-s-92,official,8,RECOMPUTE,200,0,19,19,0,0,0,0,65553,0.0,24.16188452001417,0,0,0,0,0,0,,,2.21,1,de180f360c749f8829ea154d7cdec2b1921cd1007a75e8fd86844fdf2e32b58b
hec-s-92,official,8,TBR_NOPROX,200,0,19,19,0,0,0,0,65553,0.0,24.16188452001417,0,0,0,0,0,0,,,3.19,1,de180f360c749f8829ea154d7cdec2b1921cd1007a75e8fd86844fdf2e32b58b
hec-s-92,official,8,TBR,200,0,19,19,0,0,0,0,65553,0.0,24.16188452001417,0,0,0,0,0,0,,,3.2,1,de180f360c749f8829ea154d7cdec2b1921cd1007a75e8fd86844fdf2e32b58b
hec-s-92,official,8,TBR_NOT2,200,0,19,19,0,0,0,0,65553,0.0,24.16188452001417,0,0,0,0,0,0,,,3.1,1,de180f360c749f8829ea154d7cdec2b1921cd1007a75e8fd86844fdf2e32b58b
hec-s-92,official,8,TBR_B2,200,0,19,19,0,0,0,0,65553,0.0,24.16188452001417,0,0,0,0,0,0,,,3.59,1,de180f360c749f8829ea154d7cdec2b1921cd1007a75e8fd86844fdf2e32b58b
hec-s-92,official,8,TBR_B32,200,0,19,19,0,0,0,0,65553,0.0,24.16188452001417,0,0,0,0,0,0,,,3.35,1,de180f360c749f8829ea154d7cdec2b1921cd1007a75e8fd86844fdf2e32b58b
hec-s-92,official,8,TBR_B16,200,0,19,19,0,0,0,0,65553,0.0,24.16188452001417,0,0,0,0,0,0,,,3.48,1,de180f360c749f8829ea154d7cdec2b1921cd1007a75e8fd86844fdf2e32b58b
hec-s-92,official,8,TBR_B4,200,0,19,19,0,0,0,0,65553,0.0,24.16188452001417,0,0,0,0,0,0,,,3.29,1,de180f360c749f8829ea154d7cdec2b1921cd1007a75e8fd86844fdf2e32b58b
hec-s-92,official,8,ONE_BLOCKER,200,0,19,19,0,0,0,0,65553,0.0,24.16188452001417,0,0,0,0,0,0,,,3.19,1,de180f360c749f8829ea154d7cdec2b1921cd1007a75e8fd86844fdf2e32b58b
hec-s-92,tight,9,TBR_B4,200,7,19,19,0,9,1019,-10164,65971,-0.15406769641205983,20.645412681544457,5,2,0,0,0,2,80.63,224.13,3.73,1,6d4eae03136128ca33ee4607e3e6ebf7d77097ef5b3d217d90837424dfac91b5
hec-s-92,tight,9,ONE_BLOCKER,200,7,19,19,0,9,1019,-10164,65971,-0.15406769641205983,20.645412681544457,5,2,0,0,0,2,80.11,228.86,3.37,1,6d4eae03136128ca33ee4607e3e6ebf7d77097ef5b3d217d90837424dfac91b5
hec-s-92,tight,9,SINGLE,200,7,19,20,1,7,629,-8092,65971,-0.12265995664761789,21.36911087495572,6,0,0,1,0,1,93.58,127.05,4.05,1,256c19243d0ceafa7d3773035a6f2e39d3dceb3c02bfa175f415d7e8e8bd0ca8
hec-s-92,tight,9,TBR_NOPROX,200,7,19,19,0,10,1136,-3396,65971,-0.05147716420851586,23.091746369110876,4,3,0,0,0,2,40.48,82.54,3.34,1,a5c066807e16ae5a71aa5dafc0f4bf56f0ce932119022cb9793c25392964fb6b
hec-s-92,tight,9,TBR_B16,200,7,19,19,0,9,1019,-10164,65971,-0.15406769641205983,20.645412681544457,5,2,0,0,0,2,79.46,221.14,3.48,1,6d4eae03136128ca33ee4607e3e6ebf7d77097ef5b3d217d90837424dfac91b5
hec-s-92,tight,9,TBR_B2,200,7,19,19,0,9,1019,-10164,65971,-0.15406769641205983,20.645412681544457,5,2,0,0,0,2,86.04,215.22,3.38,1,6d4eae03136128ca33ee4607e3e6ebf7d77097ef5b3d217d90837424dfac91b5
hec-s-92,tight,9,TBR,200,7,19,19,0,9,1019,-10164,65971,-0.15406769641205983,20.645412681544457,5,2,0,0,0,2,79.48,236.54,3.35,1,6d4eae03136128ca33ee4607e3e6ebf7d77097ef5b3d217d90837424dfac91b5
hec-s-92,tight,9,TBR_B32,200,7,19,19,0,9,1019,-10164,65971,-0.15406769641205983,20.645412681544457,5,2,0,0,0,2,79.31,238.27,3.5,1,6d4eae03136128ca33ee4607e3e6ebf7d77097ef5b3d217d90837424dfac91b5
hec-s-92,tight,9,RECOMPUTE,200,5,19,19,0,80,6593,-3483,65971,-0.05279592548240894,23.031880977683315,0,0,0,0,5,38,980.16,1109.92,2.37,1,9373637019249f211a11920b8e56fe4025919a011eb7de9a90d936add6693093
hec-s-92,tight,9,TBR_NOT2,200,7,19,20,1,7,629,-8092,65971,-0.12265995664761789,21.36911087495572,6,0,0,1,0,1,87.83,726.75,3.44,1,256c19243d0ceafa7d3773035a6f2e39d3dceb3c02bfa175f415d7e8e8bd0ca8
hec-s-92,official,9,TBR_B4,200,7,19,19,0,9,1019,-10164,65971,-0.15406769641205983,20.645412681544457,5,2,0,0,0,2,81.18,245.71,3.39,1,6d4eae03136128ca33ee4607e3e6ebf7d77097ef5b3d217d90837424dfac91b5
hec-s-92,official,9,ONE_BLOCKER,200,7,19,19,0,9,1019,-10164,65971,-0.15406769641205983,20.645412681544457,5,2,0,0,0,2,82.93,223.97,3.3,1,6d4eae03136128ca33ee4607e3e6ebf7d77097ef5b3d217d90837424dfac91b5
hec-s-92,official,9,SINGLE,200,7,19,20,1,7,629,-8092,65971,-0.12265995664761789,21.36911087495572,6,0,0,1,0,1,78.05,90.12,3.23,1,256c19243d0ceafa7d3773035a6f2e39d3dceb3c02bfa175f415d7e8e8bd0ca8
hec-s-92,official,9,TBR_NOPROX,200,7,19,19,0,10,1136,-3396,65971,-0.05147716420851586,23.091746369110876,4,3,0,0,0,2,34.24,75.93,3.21,1,a5c066807e16ae5a71aa5dafc0f4bf56f0ce932119022cb9793c25392964fb6b
hec-s-92,official,9,TBR_B16,200,7,19,19,0,9,1019,-10164,65971,-0.15406769641205983,20.645412681544457,5,2,0,0,0,2,79.87,224.94,3.25,1,6d4eae03136128ca33ee4607e3e6ebf7d77097ef5b3d217d90837424dfac91b5
hec-s-92,official,9,TBR_B2,200,7,19,19,0,9,1019,-10164,65971,-0.15406769641205983,20.645412681544457,5,2,0,0,0,2,82.14,231.16,3.33,1,6d4eae03136128ca33ee4607e3e6ebf7d77097ef5b3d217d90837424dfac91b5
hec-s-92,official,9,TBR,200,7,19,19,0,9,1019,-10164,65971,-0.15406769641205983,20.645412681544457,5,2,0,0,0,2,82.14,229.32,3.19,1,6d4eae03136128ca33ee4607e3e6ebf7d77097ef5b3d217d90837424dfac91b5
hec-s-92,official,9,TBR_B32,200,7,19,19,0,9,1019,-10164,65971,-0.15406769641205983,20.645412681544457,5,2,0,0,0,2,77.54,230.4,3.38,1,6d4eae03136128ca33ee4607e3e6ebf7d77097ef5b3d217d90837424dfac91b5
hec-s-92,official,9,RECOMPUTE,200,5,19,19,0,80,6593,-3483,65971,-0.05279592548240894,23.031880977683315,0,0,0,0,5,38,1130.69,1237.88,2.7,1,9373637019249f211a11920b8e56fe4025919a011eb7de9a90d936add6693093
hec-s-92,official,9,TBR_NOT2,200,7,19,20,1,7,629,-8092,65971,-0.12265995664761789,21.36911087495572,6,0,0,1,0,1,83.67,727.36,3.19,1,256c19243d0ceafa7d3773035a6f2e39d3dceb3c02bfa175f415d7e8e8bd0ca8
kfu-s-93,tight,0,RECOMPUTE,200,5,19,19,0,17,321,844,246151,0.0034287896453802746,46.94073658627781,0,0,0,0,5,7,5719.98,8848.3,3.69,1,e144514040e72cf36464495c4b57bbe446a1573b6319a2e18bcbbf944ba33e93
kfu-s-93,tight,0,ONE_BLOCKER,200,5,19,19,0,5,101,-1137,246151,-0.004619115908527692,46.565152364928025,5,0,0,0,0,1,53.02,134.45,4.04,1,a8f6518bc5c339a7d4e96f91d13d70a74fecc324f0419f095fbd2e8bd124ae38
kfu-s-93,tight,0,SINGLE,200,5,19,19,0,5,101,-1137,246151,-0.004619115908527692,46.565152364928025,5,0,0,0,0,1,60.43,152.53,4.07,1,a8f6518bc5c339a7d4e96f91d13d70a74fecc324f0419f095fbd2e8bd124ae38
kfu-s-93,tight,0,TBR_B16,200,5,19,19,0,5,101,-1137,246151,-0.004619115908527692,46.565152364928025,5,0,0,0,0,1,52.34,124.67,4.11,1,a8f6518bc5c339a7d4e96f91d13d70a74fecc324f0419f095fbd2e8bd124ae38
kfu-s-93,tight,0,TBR_B2,200,5,19,19,0,5,101,-1137,246151,-0.004619115908527692,46.565152364928025,5,0,0,0,0,1,54.47,152.21,4.51,1,a8f6518bc5c339a7d4e96f91d13d70a74fecc324f0419f095fbd2e8bd124ae38
kfu-s-93,tight,0,TBR_B4,200,5,19,19,0,5,101,-1137,246151,-0.004619115908527692,46.565152364928025,5,0,0,0,0,1,58.67,130.25,4.37,1,a8f6518bc5c339a7d4e96f91d13d70a74fecc324f0419f095fbd2e8bd124ae38
kfu-s-93,tight,0,TBR_NOT2,200,5,19,19,0,5,101,-1137,246151,-0.004619115908527692,46.565152364928025,5,0,0,0,0,1,82.77,155.54,4.8,1,a8f6518bc5c339a7d4e96f91d13d70a74fecc324f0419f095fbd2e8bd124ae38
kfu-s-93,tight,0,TBR,200,5,19,19,0,5,101,-1137,246151,-0.004619115908527692,46.565152364928025,5,0,0,0,0,1,74.99,155.62,4.51,1,a8f6518bc5c339a7d4e96f91d13d70a74fecc324f0419f095fbd2e8bd124ae38
kfu-s-93,tight,0,TBR_NOPROX,200,5,19,19,0,5,101,-538,246151,-0.002185650271581265,46.677135913254816,5,0,0,0,0,1,37.2,48.03,4.36,1,63680ee292724756b822f44b7dc58038292600b9dfaf2b5cc1030f0d7682c6c9
kfu-s-93,tight,0,TBR_B32,200,5,19,19,0,5,101,-1137,246151,-0.004619115908527692,46.565152364928025,5,0,0,0,0,1,68.0,136.0,5.28,1,a8f6518bc5c339a7d4e96f91d13d70a74fecc324f0419f095fbd2e8bd124ae38
kfu-s-93,official,0,RECOMPUTE,200,5,20,20,0,17,321,844,246151,0.0034287896453802746,46.94073658627781,0,0,0,0,5,7,5619.06,8793.5,3.75,1,411a22f079fd02480f109e5185d85394e7ac2890ffce01275d59e5ba929c064a
kfu-s-93,official,0,ONE_BLOCKER,200,5,20,20,0,5,101,-1261,246151,-0.005122871733204415,46.54197046176856,5,0,0,0,0,1,61.01,227.61,4.42,1,ab4458359f8f59e1ebef06589507d498a4d21a8dea8981a53c4518642710b158
kfu-s-93,official,0,SINGLE,200,5,20,20,0,5,101,-1261,246151,-0.005122871733204415,46.54197046176856,5,0,0,0,0,1,53.82,192.86,3.91,1,ab4458359f8f59e1ebef06589507d498a4d21a8dea8981a53c4518642710b158
kfu-s-93,official,0,TBR_B16,200,5,20,20,0,5,101,-1261,246151,-0.005122871733204415,46.54197046176856,5,0,0,0,0,1,59.94,219.65,4.65,1,ab4458359f8f59e1ebef06589507d498a4d21a8dea8981a53c4518642710b158
kfu-s-93,official,0,TBR_B2,200,5,20,20,0,5,101,-1261,246151,-0.005122871733204415,46.54197046176856,5,0,0,0,0,1,97.06,260.2,5.5,1,ab4458359f8f59e1ebef06589507d498a4d21a8dea8981a53c4518642710b158
kfu-s-93,official,0,TBR_B4,200,5,20,20,0,5,101,-1261,246151,-0.005122871733204415,46.54197046176856,5,0,0,0,0,1,52.31,193.15,4.2,1,ab4458359f8f59e1ebef06589507d498a4d21a8dea8981a53c4518642710b158
kfu-s-93,official,0,TBR_NOT2,200,5,20,20,0,5,101,-1261,246151,-0.005122871733204415,46.54197046176856,5,0,0,0,0,1,49.8,185.27,3.93,1,ab4458359f8f59e1ebef06589507d498a4d21a8dea8981a53c4518642710b158
kfu-s-93,official,0,TBR,200,5,20,20,0,5,101,-1261,246151,-0.005122871733204415,46.54197046176856,5,0,0,0,0,1,49.16,188.59,3.93,1,ab4458359f8f59e1ebef06589507d498a4d21a8dea8981a53c4518642710b158
kfu-s-93,official,0,TBR_NOPROX,200,5,20,20,0,5,101,-538,246151,-0.002185650271581265,46.677135913254816,5,0,0,0,0,1,43.61,60.29,4.04,1,637bc7ba906c67fcaa3bdd113bcf4554ea16e832f41fddfeec978f0aa91270b2
kfu-s-93,official,0,TBR_B32,200,5,20,20,0,5,101,-1261,246151,-0.005122871733204415,46.54197046176856,5,0,0,0,0,1,53.9,190.13,4.16,1,ab4458359f8f59e1ebef06589507d498a4d21a8dea8981a53c4518642710b158
kfu-s-93,tight,1,TBR_B32,200,2,19,19,0,8,569,893,247023,0.0036150479914825746,47.02449055898299,1,0,1,0,0,7,1440.03,2622.48,4.4,1,029a12495c3ebf4cb813d490f047517d2cc626da82354964bd3ad0ec2e771888
kfu-s-93,tight,1,TBR_B4,200,2,19,20,1,2,126,-1236,247023,-0.005003582662343182,46.62946345111236,1,0,0,1,0,1,264.91,448.17,3.15,1,d4376d9356907ab478f8e3b9250dc7ce0fced61460f7e190a7bb739dd0f62c86
kfu-s-93,tight,1,ONE_BLOCKER,200,2,19,20,1,2,126,-1236,247023,-0.005003582662343182,46.62946345111236,1,0,0,1,0,1,109.28,153.82,3.06,1,d4376d9356907ab478f8e3b9250dc7ce0fced61460f7e190a7bb739dd0f62c86
kfu-s-93,tight,1,TBR,200,2,19,19,0,8,569,893,247023,0.0036150479914825746,47.02449055898299,1,0,1,0,0,7,498.54,878.84,3.16,1,029a12495c3ebf4cb813d490f047517d2cc626da82354964bd3ad0ec2e771888
kfu-s-93,tight,1,TBR_B2,200,2,19,20,1,2,126,-1236,247023,-0.005003582662343182,46.62946345111236,1,0,0,1,0,1,126.03,184.24,3.37,1,d4376d9356907ab478f8e3b9250dc7ce0fced61460f7e190a7bb739dd0f62c86
kfu-s-93,tight,1,TBR_NOPROX,200,2,19,19,0,8,569,893,247023,0.0036150479914825746,47.02449055898299,1,0,1,0,0,7,403.84,739.25,3.22,1,029a12495c3ebf4cb813d490f047517d2cc626da82354964bd3ad0ec2e771888
kfu-s-93,tight,1,RECOMPUTE,200,1,19,19,0,90,3600,527,247023,0.0021334045817595934,46.963731538605344,0,0,0,0,1,90,5098.34,5098.34,2.55,1,2673599ecd39687bff319cea5f5c32c185c8886787d00e9aa2accaf146138a19
kfu-s-93,tight,1,TBR_B16,200,2,19,19,0,8,569,893,247023,0.0036150479914825746,47.02449055898299,1,0,1,0,0,7,636.94,1154.36,3.22,1,029a12495c3ebf4cb813d490f047517d2cc626da82354964bd3ad0ec2e771888
kfu-s-93,tight,1,SINGLE,200,2,19,20,1,2,126,-1236,247023,-0.005003582662343182,46.62946345111236,1,0,0,1,0,1,61.38,83.88,3.25,1,d4376d9356907ab478f8e3b9250dc7ce0fced61460f7e190a7bb739dd0f62c86
kfu-s-93,tight,1,TBR_NOT2,200,2,19,19,0,8,569,893,247023,0.0036150479914825746,47.02449055898299,1,0,1,0,0,7,415.96,734.94,3.02,1,029a12495c3ebf4cb813d490f047517d2cc626da82354964bd3ad0ec2e771888
kfu-s-93,official,1,TBR_B32,200,2,20,20,0,2,126,-1236,247023,-0.005003582662343182,46.62946345111236,2,0,0,0,0,1,109.29,126.25,3.25,1,89424fc7c2cba8295f7904b18d5b5342018489fe372f6174dfe8ab937740a852
kfu-s-93,official,1,TBR_B4,200,2,20,20,0,2,126,-1236,247023,-0.005003582662343182,46.62946345111236,2,0,0,0,0,1,96.2,128.18,3.1,1,89424fc7c2cba8295f7904b18d5b5342018489fe372f6174dfe8ab937740a852
kfu-s-93,official,1,ONE_BLOCKER,200,2,20,20,0,2,126,-1236,247023,-0.005003582662343182,46.62946345111236,2,0,0,0,0,1,94.0,128.3,3.18,1,89424fc7c2cba8295f7904b18d5b5342018489fe372f6174dfe8ab937740a852
kfu-s-93,official,1,TBR,200,2,20,20,0,2,126,-1236,247023,-0.005003582662343182,46.62946345111236,2,0,0,0,0,1,93.65,127.85,2.96,1,89424fc7c2cba8295f7904b18d5b5342018489fe372f6174dfe8ab937740a852
kfu-s-93,official,1,TBR_B2,200,2,20,20,0,2,126,-1236,247023,-0.005003582662343182,46.62946345111236,2,0,0,0,0,1,100.4,134.1,3.53,1,89424fc7c2cba8295f7904b18d5b5342018489fe372f6174dfe8ab937740a852
kfu-s-93,official,1,TBR_NOPROX,200,2,20,20,0,2,126,-1203,247023,-0.004869991863105864,46.63563282856609,2,0,0,0,0,1,37.16,44.01,3.04,1,3f56af06ca448968f4dc8d54817ab339ed301c37e64dbf93b33c7a3b8f426e31
kfu-s-93,official,1,RECOMPUTE,200,1,20,20,0,90,3600,527,247023,0.0021334045817595934,46.963731538605344,0,0,0,0,1,90,6784.11,6784.11,2.35,1,e310d96886b1686988dbc4581a16f20633b0265f55fb6f23f702eb402cbf6110
kfu-s-93,official,1,TBR_B16,200,2,20,20,0,2,126,-1236,247023,-0.005003582662343182,46.62946345111236,2,0,0,0,0,1,97.64,135.25,3.26,1,89424fc7c2cba8295f7904b18d5b5342018489fe372f6174dfe8ab937740a852
kfu-s-93,official,1,SINGLE,200,2,20,20,0,2,126,-1236,247023,-0.005003582662343182,46.62946345111236,2,0,0,0,0,1,121.06,168.68,4.02,1,89424fc7c2cba8295f7904b18d5b5342018489fe372f6174dfe8ab937740a852
kfu-s-93,official,1,TBR_NOT2,200,2,20,20,0,2,126,-1236,247023,-0.005003582662343182,46.62946345111236,2,0,0,0,0,1,131.63,186.28,3.79,1,89424fc7c2cba8295f7904b18d5b5342018489fe372f6174dfe8ab937740a852
kfu-s-93,tight,2,TBR_B16,200,8,19,19,0,8,475,-7224,249358,-0.0289703959768686,46.041316133856796,8,0,0,0,0,1,61.11,100.29,4.63,1,6bc4d222e54a4bc97d647dbbad2199593cba90bdc8f0e7c30281adab51d05abd
kfu-s-93,tight,2,TBR_B4,200,8,19,19,0,8,475,-7224,249358,-0.0289703959768686,46.041316133856796,8,0,0,0,0,1,52.66,108.2,4.26,1,6bc4d222e54a4bc97d647dbbad2199593cba90bdc8f0e7c30281adab51d05abd
kfu-s-93,tight,2,TBR_B32,200,8,19,19,0,8,475,-7224,249358,-0.0289703959768686,46.041316133856796,8,0,0,0,0,1,59.25,86.98,4.22,1,6bc4d222e54a4bc97d647dbbad2199593cba90bdc8f0e7c30281adab51d05abd
kfu-s-93,tight,2,TBR_NOT2,200,8,19,19,0,8,475,-7224,249358,-0.0289703959768686,46.041316133856796,8,0,0,0,0,1,63.17,99.54,4.07,1,6bc4d222e54a4bc97d647dbbad2199593cba90bdc8f0e7c30281adab51d05abd
kfu-s-93,tight,2,ONE_BLOCKER,200,8,19,19,0,8,475,-7224,249358,-0.0289703959768686,46.041316133856796,8,0,0,0,0,1,52.64,87.81,4.01,1,6bc4d222e54a4bc97d647dbbad2199593cba90bdc8f0e7c30281adab51d05abd
kfu-s-93,tight,2,TBR,200,8,19,19,0,8,475,-7224,249358,-0.0289703959768686,46.041316133856796,8,0,0,0,0,1,53.06,97.75,4.0,1,6bc4d222e54a4bc97d647dbbad2199593cba90bdc8f0e7c30281adab51d05abd
kfu-s-93,tight,2,TBR_NOPROX,200,8,19,19,0,8,475,-5446,249358,-0.02184008533915094,46.375958123013646,8,0,0,0,0,1,30.36,40.08,4.01,1,b0d51e6d58653cde5ce33d353463f239f7f29282e249c35d59004e20b02bb836
kfu-s-93,tight,2,SINGLE,200,8,19,19,0,8,475,-7224,249358,-0.0289703959768686,46.041316133856796,8,0,0,0,0,1,58.03,114.78,3.94,1,6bc4d222e54a4bc97d647dbbad2199593cba90bdc8f0e7c30281adab51d05abd
kfu-s-93,tight,2,RECOMPUTE,200,7,19,19,0,131,5075,-2400,249358,-0.009624716271384916,46.94073658627781,0,0,0,0,7,49,5624.06,7286.39,3.62,1,e7d6af7777d7fb436420172e3fd3ed979bad94510f44416b23bc5294abfd2e41
kfu-s-93,tight,2,TBR_B2,200,8,19,19,0,8,475,-7224,249358,-0.0289703959768686,46.041316133856796,8,0,0,0,0,1,54.45,88.96,4.22,1,6bc4d222e54a4bc97d647dbbad2199593cba90bdc8f0e7c30281adab51d05abd
kfu-s-93,official,2,TBR_B16,200,8,20,20,0,8,475,-7643,249358,-0.03065071102591455,45.96260983361376,8,0,0,0,0,1,55.48,189.69,4.26,1,d3709ef4025c3669302c5f883e7e243b419757a51ff9700b2ad868fdf78a1928
kfu-s-93,official,2,TBR_B4,200,8,20,20,0,8,475,-7643,249358,-0.03065071102591455,45.96260983361376,8,0,0,0,0,1,63.53,173.18,4.33,1,d3709ef4025c3669302c5f883e7e243b419757a51ff9700b2ad868fdf78a1928
kfu-s-93,official,2,TBR_B32,200,8,20,20,0,8,475,-7643,249358,-0.03065071102591455,45.96260983361376,8,0,0,0,0,1,53.46,249.02,4.67,1,d3709ef4025c3669302c5f883e7e243b419757a51ff9700b2ad868fdf78a1928
kfu-s-93,official,2,TBR_NOT2,200,8,20,20,0,8,475,-7643,249358,-0.03065071102591455,45.96260983361376,8,0,0,0,0,1,52.87,174.56,4.04,1,d3709ef4025c3669302c5f883e7e243b419757a51ff9700b2ad868fdf78a1928
kfu-s-93,official,2,ONE_BLOCKER,200,8,20,20,0,8,475,-7643,249358,-0.03065071102591455,45.96260983361376,8,0,0,0,0,1,58.31,186.24,4.02,1,d3709ef4025c3669302c5f883e7e243b419757a51ff9700b2ad868fdf78a1928
kfu-s-93,official,2,TBR,200,8,20,20,0,8,475,-7643,249358,-0.03065071102591455,45.96260983361376,8,0,0,0,0,1,55.66,179.09,4.47,1,d3709ef4025c3669302c5f883e7e243b419757a51ff9700b2ad868fdf78a1928
kfu-s-93,official,2,TBR_NOPROX,200,8,20,20,0,8,198,-1131,249358,-0.004535647542890142,47.18788558609086,8,0,0,0,0,1,30.62,43.81,4.13,1,2c71351b980f5a2ca100dfaa6486362a1a9c960ce596f8e360b606c2d1ad9599
kfu-s-93,official,2,SINGLE,200,8,20,20,0,8,475,-7643,249358,-0.03065071102591455,45.96260983361376,8,0,0,0,0,1,58.7,182.63,4.22,1,d3709ef4025c3669302c5f883e7e243b419757a51ff9700b2ad868fdf78a1928
kfu-s-93,official,2,RECOMPUTE,200,7,20,20,0,131,5075,-2400,249358,-0.009624716271384916,46.94073658627781,0,0,0,0,7,49,6047.13,9678.1,3.58,1,ecaca920cac2dcdf95590bfad645fadde0ffe893fa76bf9f6abeaf62388e3ff8
kfu-s-93,official,2,TBR_B2,200,8,20,20,0,8,475,-7643,249358,-0.03065071102591455,45.96260983361376,8,0,0,0,0,1,93.05,255.74,6.91,1,d3709ef4025c3669302c5f883e7e243b419757a51ff9700b2ad868fdf78a1928
kfu-s-93,tight,3,TBR_B16,200,9,19,19,0,10,119,-1135,247106,-0.004593170542196466,46.80482333146382,8,1,0,0,0,2,53.73,199.37,4.5,1,2c4ba759af583f0de596e7e6049498ccf3874a0ac00cd0588fb0808fe117d4d1
kfu-s-93,tight,3,TBR_NOPROX,200,9,19,19,0,10,119,-349,247106,-0.001412349356146755,46.95176668536175,8,1,0,0,0,2,32.12,92.95,4.28,1,e10ddb85b33dc6bfe209e80610a73bf085d0545ba8fd39e9602d6358eb3690ac
kfu-s-93,tight,3,TBR_B4,200,9,19,19,0,10,119,-1135,247106,-0.004593170542196466,46.80482333146382,8,1,0,0,0,2,47.99,181.32,4.25,1,2c4ba759af583f0de596e7e6049498ccf3874a0ac00cd0588fb0808fe117d4d1
kfu-s-93,tight,3,ONE_BLOCKER,200,9,19,19,0,10,119,-1135,247106,-0.004593170542196466,46.80482333146382,8,1,0,0,0,2,48.48,178.64,4.31,1,2c4ba759af583f0de596e7e6049498ccf3874a0ac00cd0588fb0808fe117d4d1
kfu-s-93,tight,3,TBR_NOT2,200,9,19,19,0,10,119,-1135,247106,-0.004593170542196466,46.80482333146382,8,0,1,0,0,2,49.35,416.36,4.33,1,a1c65c5002b7a5ad3244c9728c72ceb1a64126471b82218aff28d3ee5e24a53f
kfu-s-93,tight,3,TBR_B32,200,9,19,19,0,10,119,-1135,247106,-0.004593170542196466,46.80482333146382,8,1,0,0,0,2,66.79,198.68,4.58,1,2c4ba759af583f0de596e7e6049498ccf3874a0ac00cd0588fb0808fe117d4d1
kfu-s-93,tight,3,SINGLE,200,9,19,20,1,9,88,-1144,247106,-0.004629592158830623,46.80388857730417,8,0,0,1,0,1,57.21,85.46,4.56,1,f79194d8c42394e3acdd90283fbe7f572b6fca9de5f6dd27a92d3769517159e3
kfu-s-93,tight,3,TBR_B2,200,9,19,19,0,10,119,-1135,247106,-0.004593170542196466,46.80482333146382,8,1,0,0,0,2,53.93,185.72,4.33,1,2c4ba759af583f0de596e7e6049498ccf3874a0ac00cd0588fb0808fe117d4d1
kfu-s-93,tight,3,TBR,200,9,19,19,0,10,119,-1135,247106,-0.004593170542196466,46.80482333146382,8,1,0,0,0,2,52.51,179.78,4.12,1,2c4ba759af583f0de596e7e6049498ccf3874a0ac00cd0588fb0808fe117d4d1
kfu-s-93,tight,3,RECOMPUTE,200,8,19,19,0,48,1374,-411,247106,-0.0016632538262931697,46.94073658627781,0,0,0,0,8,22,6111.89,8746.82,4.01,1,65e7275068b831ffb79a6a686ca0e2d302060e19b8b2a345e6f638810a6f430f
kfu-s-93,official,3,TBR_B16,200,9,20,20,0,9,88,-1177,247106,-0.004763138086489199,46.79771919985044,9,0,0,0,0,1,63.35,161.39,5.02,1,ad428547abb46ed1cab1160287f2d316a1b75a6087bb41e2fa1311e56b29401e
kfu-s-93,official,3,TBR_NOPROX,200,9,20,20,0,9,88,-311,247106,-0.0012585691970247587,46.95961862030286,9,0,0,0,0,1,32.58,44.35,4.72,1,a4debb6cad68790eafe1c081dfeb101ea38ada02bd357e98d78244bef57ed5e0
kfu-s-93,official,3,TBR_B4,200,9,20,20,0,9,88,-1177,247106,-0.004763138086489199,46.79771919985044,9,0,0,0,0,1,57.08,152.54,4.41,1,ad428547abb46ed1cab1160287f2d316a1b75a6087bb41e2fa1311e56b29401e
kfu-s-93,official,3,ONE_BLOCKER,200,9,20,20,0,9,88,-1177,247106,-0.004763138086489199,46.79771919985044,9,0,0,0,0,1,65.84,204.17,4.59,1,ad428547abb46ed1cab1160287f2d316a1b75a6087bb41e2fa1311e56b29401e
kfu-s-93,official,3,TBR_NOT2,200,9,20,20,0,9,88,-1177,247106,-0.004763138086489199,46.79771919985044,9,0,0,0,0,1,64.79,155.62,4.54,1,ad428547abb46ed1cab1160287f2d316a1b75a6087bb41e2fa1311e56b29401e
kfu-s-93,official,3,TBR_B32,200,9,20,20,0,9,88,-1177,247106,-0.004763138086489199,46.79771919985044,9,0,0,0,0,1,37.82,119.58,3.45,1,ad428547abb46ed1cab1160287f2d316a1b75a6087bb41e2fa1311e56b29401e
kfu-s-93,official,3,SINGLE,200,9,20,20,0,9,88,-1177,247106,-0.004763138086489199,46.79771919985044,9,0,0,0,0,1,56.74,136.06,3.42,1,ad428547abb46ed1cab1160287f2d316a1b75a6087bb41e2fa1311e56b29401e
kfu-s-93,official,3,TBR_B2,200,9,20,20,0,9,88,-1177,247106,-0.004763138086489199,46.79771919985044,9,0,0,0,0,1,38.37,116.74,3.36,1,ad428547abb46ed1cab1160287f2d316a1b75a6087bb41e2fa1311e56b29401e
kfu-s-93,official,3,TBR,200,9,20,20,0,9,88,-1177,247106,-0.004763138086489199,46.79771919985044,9,0,0,0,0,1,38.37,122.09,3.29,1,ad428547abb46ed1cab1160287f2d316a1b75a6087bb41e2fa1311e56b29401e
kfu-s-93,official,3,RECOMPUTE,200,8,20,20,0,48,1374,-411,247106,-0.0016632538262931697,46.94073658627781,0,0,0,0,8,22,4332.58,6087.76,2.91,1,9acb845c39d4cebe4b21891aeb65890de98cfd5b0a047046b579bed4b2d39d5d
kfu-s-93,tight,4,TBR,200,5,19,19,0,5,142,-2229,247332,-0.009012177963223521,46.5638437091045,5,0,0,0,0,1,60.99,80.58,3.52,1,acd2722e1fb59a9049af6dbbbca3fc280c73011eed24b89520c881845b556f7d
kfu-s-93,tight,4,TBR_B16,200,5,19,19,0,5,142,-2229,247332,-0.009012177963223521,46.5638437091045,5,0,0,0,0,1,65.99,73.97,3.52,1,acd2722e1fb59a9049af6dbbbca3fc280c73011eed24b89520c881845b556f7d
kfu-s-93,tight,4,RECOMPUTE,200,6,19,19,0,65,2263,32,247332,0.00012938075137871363,46.983174425126194,0,0,0,0,6,36,4619.12,4720.8,2.96,1,91aa8e4a91833217bfab5b271656fb565688a03da16c4193716a380d13932fd3
kfu-s-93,tight,4,ONE_BLOCKER,200,5,19,19,0,5,142,-2229,247332,-0.009012177963223521,46.5638437091045,5,0,0,0,0,1,56.44,80.21,3.25,1,acd2722e1fb59a9049af6dbbbca3fc280c73011eed24b89520c881845b556f7d
kfu-s-93,tight,4,TBR_NOPROX,200,5,19,19,0,5,142,-1359,247332,-0.0054946387851147445,46.728734342867824,5,0,0,0,0,1,35.38,45.49,3.65,1,f2dcba2f4e6a8b1abe8445d07453d6126236bb7a1e9e6ab1d59a1a617fe1ca9f
kfu-s-93,tight,4,TBR_NOT2,200,5,19,19,0,5,142,-2229,247332,-0.009012177963223521,46.5638437091045,5,0,0,0,0,1,65.73,73.8,3.18,1,acd2722e1fb59a9049af6dbbbca3fc280c73011eed24b89520c881845b556f7d
kfu-s-93,tight,4,TBR_B2,200,5,19,19,0,5,142,-2229,247332,-0.009012177963223521,46.5638437091045,5,0,0,0,0,1,61.19,94.86,3.45,1,acd2722e1fb59a9049af6dbbbca3fc280c73011eed24b89520c881845b556f7d
kfu-s-93,tight,4,SINGLE,200,5,19,19,0,5,142,-2229,247332,-0.009012177963223521,46.5638437091045,5,0,0,0,0,1,60.44,88.0,3.15,1,acd2722e1fb59a9049af6dbbbca3fc280c73011eed24b89520c881845b556f7d
kfu-s-93,tight,4,TBR_B4,200,5,19,19,0,5,142,-2229,247332,-0.009012177963223521,46.5638437091045,5,0,0,0,0,1,60.0,86.85,3.43,1,acd2722e1fb59a9049af6dbbbca3fc280c73011eed24b89520c881845b556f7d
kfu-s-93,tight,4,TBR_B32,200,5,19,19,0,5,142,-2229,247332,-0.009012177963223521,46.5638437091045,5,0,0,0,0,1,65.97,96.75,3.4,1,acd2722e1fb59a9049af6dbbbca3fc280c73011eed24b89520c881845b556f7d
kfu-s-93,official,4,TBR,200,5,20,20,0,5,142,-2613,247332,-0.010564746979768084,46.48962422882782,5,0,0,0,0,1,80.33,147.76,3.29,1,9c6155d5ac8848a50096f83bde271aa2dd5b8db73e481d818e16f60375ff6f0a
kfu-s-93,official,4,TBR_B16,200,5,20,20,0,5,142,-2613,247332,-0.010564746979768084,46.48962422882782,5,0,0,0,0,1,68.07,170.25,3.31,1,9c6155d5ac8848a50096f83bde271aa2dd5b8db73e481d818e16f60375ff6f0a
kfu-s-93,official,4,RECOMPUTE,200,6,20,20,0,65,2263,32,247332,0.00012938075137871363,46.983174425126194,0,0,0,0,6,36,4427.28,4807.06,3.05,1,dfc845d911250c228b6a1e32308f39233151b5cf346e5573fef0ec3e5ff8bfca
kfu-s-93,official,4,ONE_BLOCKER,200,5,20,20,0,5,142,-2613,247332,-0.010564746979768084,46.48962422882782,5,0,0,0,0,1,65.32,142.99,3.17,1,9c6155d5ac8848a50096f83bde271aa2dd5b8db73e481d818e16f60375ff6f0a
kfu-s-93,official,4,TBR_NOPROX,200,5,20,20,0,5,142,-1359,247332,-0.0054946387851147445,46.728734342867824,5,0,0,0,0,1,28.84,42.95,3.19,1,23f47e1c2bc83a8027f1c94e85968572ddc9672d17ded04d13af3e5f75128327
kfu-s-93,official,4,TBR_NOT2,200,5,20,20,0,5,142,-2613,247332,-0.010564746979768084,46.48962422882782,5,0,0,0,0,1,73.66,142.89,3.25,1,9c6155d5ac8848a50096f83bde271aa2dd5b8db73e481d818e16f60375ff6f0a
kfu-s-93,official,4,TBR_B2,200,5,20,20,0,5,142,-2613,247332,-0.010564746979768084,46.48962422882782,5,0,0,0,0,1,66.87,144.27,3.33,1,9c6155d5ac8848a50096f83bde271aa2dd5b8db73e481d818e16f60375ff6f0a
kfu-s-93,official,4,SINGLE,200,5,20,20,0,5,142,-2613,247332,-0.010564746979768084,46.48962422882782,5,0,0,0,0,1,74.07,158.12,3.12,1,9c6155d5ac8848a50096f83bde271aa2dd5b8db73e481d818e16f60375ff6f0a
kfu-s-93,official,4,TBR_B4,200,5,20,20,0,5,142,-2613,247332,-0.010564746979768084,46.48962422882782,5,0,0,0,0,1,67.44,147.81,3.38,1,9c6155d5ac8848a50096f83bde271aa2dd5b8db73e481d818e16f60375ff6f0a
kfu-s-93,official,4,TBR_B32,200,5,20,20,0,5,142,-2613,247332,-0.010564746979768084,46.48962422882782,5,0,0,0,0,1,66.53,141.94,3.36,1,9c6155d5ac8848a50096f83bde271aa2dd5b8db73e481d818e16f60375ff6f0a
kfu-s-93,tight,5,TBR_NOPROX,200,2,19,19,0,2,12,-6,246433,-2.4347388539684214e-05,46.77584595251449,2,0,0,0,0,1,28.79,32.95,3.19,1,bda8312ca2ba3e1bf106fac3a9358e9ffa06cc0629020ec4ea4db8e76cd16909
kfu-s-93,tight,5,TBR_NOT2,200,2,19,19,0,2,12,-226,246433,-0.0009170849683281054,46.73471676948962,2,0,0,0,0,1,65.89,66.52,3.16,1,245301ed2cf2eaf765942254300859455b5e189b0b26ebb186aa26e2e2a98973
kfu-s-93,tight,5,TBR_B32,200,2,19,19,0,2,12,-226,246433,-0.0009170849683281054,46.73471676948962,2,0,0,0,0,1,61.51,62.22,3.45,1,245301ed2cf2eaf765942254300859455b5e189b0b26ebb186aa26e2e2a98973
kfu-s-93,tight,5,TBR,200,2,19,19,0,2,12,-226,246433,-0.0009170849683281054,46.73471676948962,2,0,0,0,0,1,63.49,67.25,3.37,1,245301ed2cf2eaf765942254300859455b5e189b0b26ebb186aa26e2e2a98973
kfu-s-93,tight,5,TBR_B2,200,2,19,19,0,2,12,-226,246433,-0.0009170849683281054,46.73471676948962,2,0,0,0,0,1,62.94,64.92,3.44,1,245301ed2cf2eaf765942254300859455b5e189b0b26ebb186aa26e2e2a98973
kfu-s-93,tight,5,RECOMPUTE,200,2,19,19,0,48,1217,853,246433,0.0034613870707251057,46.94316694709291,0,0,0,0,2,31,4777.74,4856.09,2.71,1,7b65ba8c5b72a8d1b6c83ef82a20927c5bf24528ab6f63aaa5076ab175e7e223
kfu-s-93,tight,5,ONE_BLOCKER,200,2,19,19,0,2,12,-226,246433,-0.0009170849683281054,46.73471676948962,2,0,0,0,0,1,62.53,64.15,3.17,1,245301ed2cf2eaf765942254300859455b5e189b0b26ebb186aa26e2e2a98973
kfu-s-93,tight,5,SINGLE,200,2,19,19,0,2,12,-226,246433,-0.0009170849683281054,46.73471676948962,2,0,0,0,0,1,69.62,78.83,3.12,1,245301ed2cf2eaf765942254300859455b5e189b0b26ebb186aa26e2e2a98973
kfu-s-93,tight,5,TBR_B4,200,2,19,19,0,2,12,-226,246433,-0.0009170849683281054,46.73471676948962,2,0,0,0,0,1,61.44,63.82,3.21,1,245301ed2cf2eaf765942254300859455b5e189b0b26ebb186aa26e2e2a98973
kfu-s-93,tight,5,TBR_B16,200,2,19,19,0,2,12,-226,246433,-0.0009170849683281054,46.73471676948962,2,0,0,0,0,1,70.27,80.15,3.29,1,245301ed2cf2eaf765942254300859455b5e189b0b26ebb186aa26e2e2a98973
kfu-s-93,official,5,TBR_NOPROX,200,2,20,20,0,2,12,-6,246433,-2.4347388539684214e-05,46.77584595251449,2,0,0,0,0,1,29.04,32.94,3.3,1,a0f6bb00fbbceed74abddf93b6e7cc450e2710dab4b1b4793929c30d66dc5273
kfu-s-93,official,5,TBR_NOT2,200,2,20,20,0,2,12,-228,246433,-0.0009252007645080001,46.73434286782576,2,0,0,0,0,1,65.98,67.97,3.1,1,a073acb0ba6c5db3fc88c3c4af19fe965b0dc73f156a08859366c818eed0adcd
kfu-s-93,official,5,TBR_B32,200,2,20,20,0,2,12,-228,246433,-0.0009252007645080001,46.73434286782576,2,0,0,0,0,1,64.32,66.29,3.46,1,a073acb0ba6c5db3fc88c3c4af19fe965b0dc73f156a08859366c818eed0adcd
kfu-s-93,official,5,TBR,200,2,20,20,0,2,12,-228,246433,-0.0009252007645080001,46.73434286782576,2,0,0,0,0,1,67.94,69.44,3.52,1,a073acb0ba6c5db3fc88c3c4af19fe965b0dc73f156a08859366c818eed0adcd
kfu-s-93,official,5,TBR_B2,200,2,20,20,0,2,12,-228,246433,-0.0009252007645080001,46.73434286782576,2,0,0,0,0,1,62.17,65.47,3.25,1,a073acb0ba6c5db3fc88c3c4af19fe965b0dc73f156a08859366c818eed0adcd
kfu-s-93,official,5,RECOMPUTE,200,2,20,20,0,48,1217,853,246433,0.0034613870707251057,46.94316694709291,0,0,0,0,2,31,4620.25,4652.73,2.7,1,77161f9c84cf0b11759a6d2fb58884b15307401a2fb5523cbc6bfd0e5bcd8f48
kfu-s-93,official,5,ONE_BLOCKER,200,2,20,20,0,2,12,-228,246433,-0.0009252007645080001,46.73434286782576,2,0,0,0,0,1,61.6,64.68,3.16,1,a073acb0ba6c5db3fc88c3c4af19fe965b0dc73f156a08859366c818eed0adcd
kfu-s-93,official,5,SINGLE,200,2,20,20,0,2,12,-228,246433,-0.0009252007645080001,46.73434286782576,2,0,0,0,0,1,61.24,65.04,3.12,1,a073acb0ba6c5db3fc88c3c4af19fe965b0dc73f156a08859366c818eed0adcd
kfu-s-93,official,5,TBR_B4,200,2,20,20,0,2,12,-228,246433,-0.0009252007645080001,46.73434286782576,2,0,0,0,0,1,62.36,65.2,3.29,1,a073acb0ba6c5db3fc88c3c4af19fe965b0dc73f156a08859366c818eed0adcd
kfu-s-93,official,5,TBR_B16,200,2,20,20,0,2,12,-228,246433,-0.0009252007645080001,46.73434286782576,2,0,0,0,0,1,62.69,65.14,3.23,1,a073acb0ba6c5db3fc88c3c4af19fe965b0dc73f156a08859366c818eed0adcd
kfu-s-93,tight,6,TBR_B32,200,5,19,19,0,5,29,-288,247429,-0.001163970270259347,46.97850065432791,5,0,0,0,0,1,31.02,41.31,3.31,1,3f146fb0443f7f5a421afdc926b0ba687d9f161eec5c4231bd764ce61cf70c57
kfu-s-93,tight,6,TBR_B4,200,5,19,19,0,5,29,-288,247429,-0.001163970270259347,46.97850065432791,5,0,0,0,0,1,31.53,39.19,3.4,1,3f146fb0443f7f5a421afdc926b0ba687d9f161eec5c4231bd764ce61cf70c57
kfu-s-93,tight,6,TBR_B16,200,5,19,19,0,5,29,-288,247429,-0.001163970270259347,46.97850065432791,5,0,0,0,0,1,33.43,38.4,3.36,1,3f146fb0443f7f5a421afdc926b0ba687d9f161eec5c4231bd764ce61cf70c57
kfu-s-93,tight,6,SINGLE,200,5,19,19,0,5,29,-288,247429,-0.001163970270259347,46.97850065432791,5,0,0,0,0,1,30.72,40.21,3.26,1,3f146fb0443f7f5a421afdc926b0ba687d9f161eec5c4231bd764ce61cf70c57
kfu-s-93,tight,6,TBR_B2,200,5,19,19,0,5,29,-288,247429,-0.001163970270259347,46.97850065432791,5,0,0,0,0,1,30.61,38.9,3.37,1,3f146fb0443f7f5a421afdc926b0ba687d9f161eec5c4231bd764ce61cf70c57
kfu-s-93,tight,6,TBR_NOPROX,200,6,19,19,0,6,33,-81,247429,-0.0003273666385104414,47.02019068984857,6,0,0,0,0,1,22.96,29.64,3.25,1,0a4870e083ad366e63654ba1df9aca34bef76a2fb4e084e63632cfaa865faa42
kfu-s-93,tight,6,TBR_NOT2,200,5,19,19,0,5,29,-288,247429,-0.001163970270259347,46.97850065432791,5,0,0,0,0,1,34.13,37.81,3.17,1,3f146fb0443f7f5a421afdc926b0ba687d9f161eec5c4231bd764ce61cf70c57
kfu-s-93,tight,6,ONE_BLOCKER,200,5,19,19,0,5,29,-288,247429,-0.001163970270259347,46.97850065432791,5,0,0,0,0,1,36.27,39.76,3.36,1,3f146fb0443f7f5a421afdc926b0ba687d9f161eec5c4231bd764ce61cf70c57
kfu-s-93,tight,6,TBR,200,5,19,19,0,5,29,-288,247429,-0.001163970270259347,46.97850065432791,5,0,0,0,0,1,31.99,38.83,3.21,1,3f146fb0443f7f5a421afdc926b0ba687d9f161eec5c4231bd764ce61cf70c57
kfu-s-93,tight,6,RECOMPUTE,200,6,19,19,0,14,366,-506,247429,-0.0020450310998306586,46.94073658627781,0,0,0,0,6,5,4462.74,6328.2,2.7,1,ecd1fe3ac1d8598d2bb2c840ffe428188d1a3cd78e4a984617c77b4ea78cb92e
kfu-s-93,official,6,TBR_B32,200,5,20,20,0,5,29,-332,247429,-0.0013417990615489696,46.97027481772294,5,0,0,0,0,1,31.1,164.58,3.31,1,695218bf8747ab10d8c43d3ee6bf2181d01205f1f7a841d7318f3808c5cc44f2
kfu-s-93,official,6,TBR_B4,200,5,20,20,0,5,29,-332,247429,-0.0013417990615489696,46.97027481772294,5,0,0,0,0,1,31.71,162.93,3.47,1,695218bf8747ab10d8c43d3ee6bf2181d01205f1f7a841d7318f3808c5cc44f2
kfu-s-93,official,6,TBR_B16,200,5,20,20,0,5,29,-332,247429,-0.0013417990615489696,46.97027481772294,5,0,0,0,0,1,31.32,152.65,3.2,1,695218bf8747ab10d8c43d3ee6bf2181d01205f1f7a841d7318f3808c5cc44f2
kfu-s-93,official,6,SINGLE,200,5,20,20,0,5,29,-332,247429,-0.0013417990615489696,46.97027481772294,5,0,0,0,0,1,31.79,162.67,3.26,1,695218bf8747ab10d8c43d3ee6bf2181d01205f1f7a841d7318f3808c5cc44f2
kfu-s-93,official,6,TBR_B2,200,5,20,20,0,5,29,-332,247429,-0.0013417990615489696,46.97027481772294,5,0,0,0,0,1,30.59,174.39,3.27,1,695218bf8747ab10d8c43d3ee6bf2181d01205f1f7a841d7318f3808c5cc44f2
kfu-s-93,official,6,TBR_NOPROX,200,6,20,20,0,6,33,-81,247429,-0.0003273666385104414,47.02019068984857,6,0,0,0,0,1,23.43,30.94,3.2,1,4088a8b2e4311505d6549cf60e46849bc8231a7347ed3efffae343c342c3d392
kfu-s-93,official,6,TBR_NOT2,200,5,20,20,0,5,29,-332,247429,-0.0013417990615489696,46.97027481772294,5,0,0,0,0,1,41.83,152.26,3.06,1,695218bf8747ab10d8c43d3ee6bf2181d01205f1f7a841d7318f3808c5cc44f2
kfu-s-93,official,6,ONE_BLOCKER,200,5,20,20,0,5,29,-332,247429,-0.0013417990615489696,46.97027481772294,5,0,0,0,0,1,41.5,161.25,3.17,1,695218bf8747ab10d8c43d3ee6bf2181d01205f1f7a841d7318f3808c5cc44f2
kfu-s-93,official,6,TBR,200,5,20,20,0,5,29,-332,247429,-0.0013417990615489696,46.97027481772294,5,0,0,0,0,1,31.22,152.54,3.17,1,695218bf8747ab10d8c43d3ee6bf2181d01205f1f7a841d7318f3808c5cc44f2
kfu-s-93,official,6,RECOMPUTE,200,6,20,20,0,14,366,-506,247429,-0.0020450310998306586,46.94073658627781,0,0,0,0,6,5,4490.41,6267.88,2.71,1,157832d5015fc1808f17da41b17ecf4467e7aa971e87fb862a53f507e664856c
kfu-s-93,tight,7,TBR,200,4,19,19,0,4,43,-557,247269,-0.0022526074841569305,46.84913067863152,4,0,0,0,0,1,49.85,102.81,3.27,1,06cf814c4e01607b9b585cd284413f2a5467c276e37d2736758d67d1ef5b480a
kfu-s-93,tight,7,TBR_B2,200,4,19,19,0,4,43,-557,247269,-0.0022526074841569305,46.84913067863152,4,0,0,0,0,1,57.63,100.68,3.31,1,06cf814c4e01607b9b585cd284413f2a5467c276e37d2736758d67d1ef5b480a
kfu-s-93,tight,7,TBR_NOT2,200,4,19,19,0,4,43,-557,247269,-0.0022526074841569305,46.84913067863152,4,0,0,0,0,1,51.71,98.87,3.3,1,06cf814c4e01607b9b585cd284413f2a5467c276e37d2736758d67d1ef5b480a
kfu-s-93,tight,7,RECOMPUTE,200,5,19,19,0,181,4032,-146,247269,-0.0005904500766371846,46.94073658627781,0,0,0,0,5,92,4863.28,6202.43,2.94,1,bc45a30821bb190fb6a72ad22b2abd555593aeed51918ca87ffb54291c04f4c7
kfu-s-93,tight,7,TBR_B4,200,4,19,19,0,4,43,-557,247269,-0.0022526074841569305,46.84913067863152,4,0,0,0,0,1,51.02,99.24,3.49,1,06cf814c4e01607b9b585cd284413f2a5467c276e37d2736758d67d1ef5b480a
kfu-s-93,tight,7,SINGLE,200,4,19,19,0,4,43,-557,247269,-0.0022526074841569305,46.84913067863152,4,0,0,0,0,1,51.01,101.03,3.26,1,06cf814c4e01607b9b585cd284413f2a5467c276e37d2736758d67d1ef5b480a
kfu-s-93,tight,7,TBR_B16,200,4,19,19,0,4,43,-557,247269,-0.0022526074841569305,46.84913067863152,4,0,0,0,0,1,51.73,98.66,3.29,1,06cf814c4e01607b9b585cd284413f2a5467c276e37d2736758d67d1ef5b480a
kfu-s-93,tight,7,ONE_BLOCKER,200,4,19,19,0,4,43,-557,247269,-0.0022526074841569305,46.84913067863152,4,0,0,0,0,1,49.31,98.1,3.26,1,06cf814c4e01607b9b585cd284413f2a5467c276e37d2736758d67d1ef5b480a
kfu-s-93,tight,7,TBR_B32,200,4,19,19,0,4,43,-557,247269,-0.0022526074841569305,46.84913067863152,4,0,0,0,0,1,49.87,96.15,3.33,1,06cf814c4e01607b9b585cd284413f2a5467c276e37d2736758d67d1ef5b480a
kfu-s-93,tight,7,TBR_NOPROX,200,4,19,19,0,4,43,-203,247269,-0.0008209682572421129,46.91531127313517,4,0,0,0,0,1,26.85,31.64,3.31,1,ce0e88a18e576006b8275c1353efcdcb4d94511cc8d7fd9a43f73a4a580c7528
kfu-s-93,official,7,TBR,200,4,20,20,0,4,43,-614,247269,-0.0024831256647618585,46.83847448121144,4,0,0,0,0,1,84.29,165.6,3.26,1,47d1f6a3ea9c096530cc15577163f57bffb8a9c6c5c792327d52e09e24f2cf33
kfu-s-93,official,7,TBR_B2,200,4,20,20,0,4,43,-614,247269,-0.0024831256647618585,46.83847448121144,4,0,0,0,0,1,81.12,168.56,3.34,1,47d1f6a3ea9c096530cc15577163f57bffb8a9c6c5c792327d52e09e24f2cf33
kfu-s-93,official,7,TBR_NOT2,200,4,20,20,0,4,43,-614,247269,-0.0024831256647618585,46.83847448121144,4,0,0,0,0,1,98.83,219.97,4.04,1,47d1f6a3ea9c096530cc15577163f57bffb8a9c6c5c792327d52e09e24f2cf33
kfu-s-93,official,7,RECOMPUTE,200,5,20,20,0,181,4032,-146,247269,-0.0005904500766371846,46.94073658627781,0,0,0,0,5,92,4598.35,6306.42,2.97,1,a9d75d58df3bb4ce66f9ce1e1a41590438adbf9e4c1efbbe730c891d956ccf3c
kfu-s-93,official,7,TBR_B4,200,4,20,20,0,4,43,-614,247269,-0.0024831256647618585,46.83847448121144,4,0,0,0,0,1,78.25,180.03,3.44,1,47d1f6a3ea9c096530cc15577163f57bffb8a9c6c5c792327d52e09e24f2cf33
kfu-s-93,official,7,SINGLE,200,4,20,20,0,4,43,-614,247269,-0.0024831256647618585,46.83847448121144,4,0,0,0,0,1,77.96,177.5,3.17,1,47d1f6a3ea9c096530cc15577163f57bffb8a9c6c5c792327d52e09e24f2cf33
kfu-s-93,official,7,TBR_B16,200,4,20,20,0,4,43,-614,247269,-0.0024831256647618585,46.83847448121144,4,0,0,0,0,1,78.46,165.1,3.6,1,47d1f6a3ea9c096530cc15577163f57bffb8a9c6c5c792327d52e09e24f2cf33
kfu-s-93,official,7,ONE_BLOCKER,200,4,20,20,0,4,43,-614,247269,-0.0024831256647618585,46.83847448121144,4,0,0,0,0,1,78.91,166.07,3.19,1,47d1f6a3ea9c096530cc15577163f57bffb8a9c6c5c792327d52e09e24f2cf33
kfu-s-93,official,7,TBR_B32,200,4,20,20,0,4,43,-614,247269,-0.0024831256647618585,46.83847448121144,4,0,0,0,0,1,100.33,180.63,3.65,1,47d1f6a3ea9c096530cc15577163f57bffb8a9c6c5c792327d52e09e24f2cf33
kfu-s-93,official,7,TBR_NOPROX,200,4,20,20,0,4,43,-203,247269,-0.0008209682572421129,46.91531127313517,4,0,0,0,0,1,29.24,33.95,3.21,1,c30093f5d991b6432247b11e9b5a8fd23dceffef0ae0aa9b53db6182c47e1d3c
kfu-s-93,tight,8,SINGLE,200,4,19,19,0,4,60,-520,246178,-0.0021122927312757435,46.62983735277622,4,0,0,0,0,1,44.17,54.57,3.23,1,482551a81ce52cb562b317f66daee327b31e7fe223c93f06f8d1c472d732d9b5
kfu-s-93,tight,8,RECOMPUTE,200,4,19,19,0,25,717,1118,246178,0.004541429372242849,46.94073658627781,0,0,0,0,4,15,4531.98,7445.86,2.74,1,b59c8720f1ef86137e5dbed2f60c0cda0c12bf68f9c2258b5e2adb92e0a207ee
kfu-s-93,tight,8,TBR_NOPROX,200,4,19,19,0,4,60,-144,246178,-0.000584942602507129,46.70013086558235,4,0,0,0,0,1,22.73,35.32,3.2,1,c61cd7fe9ddbb3e5098a0e600e5f46b44e56b3a7af843b45f97d8acc7538859f
kfu-s-93,tight,8,TBR,200,4,19,19,0,4,60,-520,246178,-0.0021122927312757435,46.62983735277622,4,0,0,0,0,1,42.23,53.04,3.23,1,482551a81ce52cb562b317f66daee327b31e7fe223c93f06f8d1c472d732d9b5
kfu-s-93,tight,8,TBR_NOT2,200,4,19,19,0,4,60,-520,246178,-0.0021122927312757435,46.62983735277622,4,0,0,0,0,1,43.8,60.46,3.33,1,482551a81ce52cb562b317f66daee327b31e7fe223c93f06f8d1c472d732d9b5
kfu-s-93,tight,8,TBR_B2,200,4,19,19,0,4,60,-520,246178,-0.0021122927312757435,46.62983735277622,4,0,0,0,0,1,46.51,52.24,3.58,1,482551a81ce52cb562b317f66daee327b31e7fe223c93f06f8d1c472d732d9b5
kfu-s-93,tight,8,TBR_B32,200,4,19,19,0,4,60,-520,246178,-0.0021122927312757435,46.62983735277622,4,0,0,0,0,1,47.78,77.77,3.37,1,482551a81ce52cb562b317f66daee327b31e7fe223c93f06f8d1c472d732d9b5
kfu-s-93,tight,8,TBR_B16,200,4,19,19,0,4,60,-520,246178,-0.0021122927312757435,46.62983735277622,4,0,0,0,0,1,42.43,65.28,3.23,1,482551a81ce52cb562b317f66daee327b31e7fe223c93f06f8d1c472d732d9b5
kfu-s-93,tight,8,TBR_B4,200,4,19,19,0,4,60,-520,246178,-0.0021122927312757435,46.62983735277622,4,0,0,0,0,1,43.93,51.52,3.44,1,482551a81ce52cb562b317f66daee327b31e7fe223c93f06f8d1c472d732d9b5
kfu-s-93,tight,8,ONE_BLOCKER,200,4,19,19,0,4,60,-520,246178,-0.0021122927312757435,46.62983735277622,4,0,0,0,0,1,46.63,60.78,3.25,1,482551a81ce52cb562b317f66daee327b31e7fe223c93f06f8d1c472d732d9b5
kfu-s-93,official,8,SINGLE,200,4,20,20,0,4,60,-744,246178,-0.0030222034462868332,46.58796036642363,4,0,0,0,0,1,66.85,177.5,3.34,1,b6ae90033ce7d6d6778f6d5174707778e941cf0e977781cb068ed4d4e07218c3
kfu-s-93,official,8,RECOMPUTE,200,4,20,20,0,25,717,1118,246178,0.004541429372242849,46.94073658627781,0,0,0,0,4,15,5691.29,24198.75,2.74,1,e5700bed73af201f74a049041306305f587208395e7eade4c4c9610c021cb964
kfu-s-93,official,8,TBR_NOPROX,200,4,20,20,0,4,60,-144,246178,-0.000584942602507129,46.70013086558235,4,0,0,0,0,1,23.97,37.96,3.24,1,c876cf593d21d2b8d6f65bbfa85348bc7f0f30018248408ce3bfe1e3841a23fe
kfu-s-93,official,8,TBR,200,4,20,20,0,4,60,-744,246178,-0.0030222034462868332,46.58796036642363,4,0,0,0,0,1,63.79,186.43,3.19,1,b6ae90033ce7d6d6778f6d5174707778e941cf0e977781cb068ed4d4e07218c3
kfu-s-93,official,8,TBR_NOT2,200,4,20,20,0,4,60,-744,246178,-0.0030222034462868332,46.58796036642363,4,0,0,0,0,1,65.88,166.71,3.13,1,b6ae90033ce7d6d6778f6d5174707778e941cf0e977781cb068ed4d4e07218c3
kfu-s-93,official,8,TBR_B2,200,4,20,20,0,4,60,-744,246178,-0.0030222034462868332,46.58796036642363,4,0,0,0,0,1,67.7,179.54,3.41,1,b6ae90033ce7d6d6778f6d5174707778e941cf0e977781cb068ed4d4e07218c3
kfu-s-93,official,8,TBR_B32,200,4,20,20,0,4,60,-744,246178,-0.0030222034462868332,46.58796036642363,4,0,0,0,0,1,81.77,174.58,3.24,1,b6ae90033ce7d6d6778f6d5174707778e941cf0e977781cb068ed4d4e07218c3
kfu-s-93,official,8,TBR_B16,200,4,20,20,0,4,60,-744,246178,-0.0030222034462868332,46.58796036642363,4,0,0,0,0,1,63.06,164.27,3.24,1,b6ae90033ce7d6d6778f6d5174707778e941cf0e977781cb068ed4d4e07218c3
kfu-s-93,official,8,TBR_B4,200,4,20,20,0,4,60,-744,246178,-0.0030222034462868332,46.58796036642363,4,0,0,0,0,1,67.84,168.81,3.31,1,b6ae90033ce7d6d6778f6d5174707778e941cf0e977781cb068ed4d4e07218c3
kfu-s-93,official,8,ONE_BLOCKER,200,4,20,20,0,4,60,-744,246178,-0.0030222034462868332,46.58796036642363,4,0,0,0,0,1,73.39,168.7,3.12,1,b6ae90033ce7d6d6778f6d5174707778e941cf0e977781cb068ed4d4e07218c3
kfu-s-93,tight,9,TBR_B4,200,8,19,19,0,8,84,-1294,248096,-0.005215722945956404,46.8513740886147,8,0,0,0,0,1,41.8,66.07,3.45,1,a42407971fc030cf91b2d632f1eebc941c14ed293ffa09f383ba2a301e80a7b5
kfu-s-93,tight,9,ONE_BLOCKER,200,8,19,19,0,8,84,-1294,248096,-0.005215722945956404,46.8513740886147,8,0,0,0,0,1,38.96,68.57,3.08,1,a42407971fc030cf91b2d632f1eebc941c14ed293ffa09f383ba2a301e80a7b5
kfu-s-93,tight,9,SINGLE,200,8,19,19,0,8,84,-1294,248096,-0.005215722945956404,46.8513740886147,8,0,0,0,0,1,39.89,66.83,3.23,1,a42407971fc030cf91b2d632f1eebc941c14ed293ffa09f383ba2a301e80a7b5
kfu-s-93,tight,9,TBR_NOPROX,200,8,19,19,0,8,84,-825,248096,-0.003325325680381788,46.93905402879043,8,0,0,0,0,1,23.36,32.08,3.21,1,afc08ff078cf99b182aacb8919dce09b00e53156afb9b8d6cb0178f161df44b0
kfu-s-93,tight,9,TBR_B16,200,8,19,19,0,8,84,-1294,248096,-0.005215722945956404,46.8513740886147,8,0,0,0,0,1,41.41,70.74,3.48,1,a42407971fc030cf91b2d632f1eebc941c14ed293ffa09f383ba2a301e80a7b5
kfu-s-93,tight,9,TBR_B2,200,8,19,19,0,8,84,-1294,248096,-0.005215722945956404,46.8513740886147,8,0,0,0,0,1,38.55,68.61,3.39,1,a42407971fc030cf91b2d632f1eebc941c14ed293ffa09f383ba2a301e80a7b5
kfu-s-93,tight,9,TBR,200,8,19,19,0,8,84,-1294,248096,-0.005215722945956404,46.8513740886147,8,0,0,0,0,1,39.93,72.56,3.48,1,a42407971fc030cf91b2d632f1eebc941c14ed293ffa09f383ba2a301e80a7b5
kfu-s-93,tight,9,TBR_B32,200,8,19,19,0,8,84,-1294,248096,-0.005215722945956404,46.8513740886147,8,0,0,0,0,1,42.25,69.23,3.46,1,a42407971fc030cf91b2d632f1eebc941c14ed293ffa09f383ba2a301e80a7b5
kfu-s-93,tight,9,RECOMPUTE,200,9,19,19,0,69,1816,-766,248096,-0.0030875145105120597,46.94073658627781,0,0,0,0,9,46,5499.56,7367.09,3.73,1,354c285167f69c60279acd3620fc944013bc3271b98465b3f0c9b92b72f2c101
kfu-s-93,tight,9,TBR_NOT2,200,8,19,19,0,8,84,-1294,248096,-0.005215722945956404,46.8513740886147,8,0,0,0,0,1,55.85,80.83,4.24,1,a42407971fc030cf91b2d632f1eebc941c14ed293ffa09f383ba2a301e80a7b5
kfu-s-93,official,9,TBR_B4,200,8,20,20,0,8,84,-1415,248096,-0.005703437379079066,46.82875303795102,8,0,0,0,0,1,53.72,88.23,4.27,1,e40ae3dcedae5f898a0c357e3d2f91c399e2225a60c3b1a3284b1660ac103af3
kfu-s-93,official,9,ONE_BLOCKER,200,8,20,20,0,8,84,-1415,248096,-0.005703437379079066,46.82875303795102,8,0,0,0,0,1,48.87,108.28,4.17,1,e40ae3dcedae5f898a0c357e3d2f91c399e2225a60c3b1a3284b1660ac103af3
kfu-s-93,official,9,SINGLE,200,8,20,20,0,8,84,-1415,248096,-0.005703437379079066,46.82875303795102,8,0,0,0,0,1,57.75,84.43,4.01,1,e40ae3dcedae5f898a0c357e3d2f91c399e2225a60c3b1a3284b1660ac103af3
kfu-s-93,official,9,TBR_NOPROX,200,8,20,20,0,8,84,-825,248096,-0.003325325680381788,46.93905402879043,8,0,0,0,0,1,29.53,37.87,4.11,1,ec320566b530a33d8be14086c1a1b39f84d1bed4fac042ff2d25525b599368c4
kfu-s-93,official,9,TBR_B16,200,8,20,20,0,8,84,-1415,248096,-0.005703437379079066,46.82875303795102,8,0,0,0,0,1,49.22,95.67,4.09,1,e40ae3dcedae5f898a0c357e3d2f91c399e2225a60c3b1a3284b1660ac103af3
kfu-s-93,official,9,TBR_B2,200,8,20,20,0,8,84,-1415,248096,-0.005703437379079066,46.82875303795102,8,0,0,0,0,1,46.99,86.27,4.09,1,e40ae3dcedae5f898a0c357e3d2f91c399e2225a60c3b1a3284b1660ac103af3
kfu-s-93,official,9,TBR,200,8,20,20,0,8,84,-1415,248096,-0.005703437379079066,46.82875303795102,8,0,0,0,0,1,49.12,108.95,4.16,1,e40ae3dcedae5f898a0c357e3d2f91c399e2225a60c3b1a3284b1660ac103af3
kfu-s-93,official,9,TBR_B32,200,8,20,20,0,8,84,-1415,248096,-0.005703437379079066,46.82875303795102,8,0,0,0,0,1,50.76,86.3,4.21,1,e40ae3dcedae5f898a0c357e3d2f91c399e2225a60c3b1a3284b1660ac103af3
kfu-s-93,official,9,RECOMPUTE,200,9,20,20,0,69,1816,-766,248096,-0.0030875145105120597,46.94073658627781,0,0,0,0,9,46,5408.65,7567.98,3.75,1,8d181e2e2600c58370b85d0c24968c12d88232c61df26257d14debb3821dabd7
kfu-s-93,official,9,TBR_NOT2,200,8,20,20,0,8,84,-1415,248096,-0.005703437379079066,46.82875303795102,8,0,0,0,0,1,57.17,99.85,4.16,1,e40ae3dcedae5f898a0c357e3d2f91c399e2225a60c3b1a3284b1660ac103af3
lse-f-91,tight,0,RECOMPUTE,200,11,19,19,0,484,9039,2738,73523,0.03724004733212736,29.071533382245047,0,0,0,0,11,128,4155.61,5078.44,3.38,1,cfb25475e19f487e924a8821e482a04c3e6133f5f82f1795dba3aa04a830fcc5
lse-f-91,tight,0,ONE_BLOCKER,200,10,19,19,0,10,124,-1671,73523,-0.022727581845136895,27.415260454878943,10,0,0,0,0,1,56.12,111.6,3.85,1,07d7bfae7bbb7678dd7e0d9478c9d1202ddd444724fcc93e421acdcf141ac124
lse-f-91,tight,0,SINGLE,200,10,19,19,0,10,124,-1671,73523,-0.022727581845136895,27.415260454878943,10,0,0,0,0,1,65.86,118.37,5.29,1,07d7bfae7bbb7678dd7e0d9478c9d1202ddd444724fcc93e421acdcf141ac124
lse-f-91,tight,0,TBR_B16,200,10,19,19,0,10,124,-1671,73523,-0.022727581845136895,27.415260454878943,10,0,0,0,0,1,58.02,106.54,3.92,1,07d7bfae7bbb7678dd7e0d9478c9d1202ddd444724fcc93e421acdcf141ac124
lse-f-91,tight,0,TBR_B2,200,10,19,19,0,10,124,-1671,73523,-0.022727581845136895,27.415260454878943,10,0,0,0,0,1,56.65,115.17,4.02,1,07d7bfae7bbb7678dd7e0d9478c9d1202ddd444724fcc93e421acdcf141ac124
lse-f-91,tight,0,TBR_B4,200,10,19,19,0,10,124,-1671,73523,-0.022727581845136895,27.415260454878943,10,0,0,0,0,1,54.75,103.43,3.92,1,07d7bfae7bbb7678dd7e0d9478c9d1202ddd444724fcc93e421acdcf141ac124
lse-f-91,tight,0,TBR_NOT2,200,10,19,19,0,10,124,-1671,73523,-0.022727581845136895,27.415260454878943,10,0,0,0,0,1,57.95,119.39,4.72,1,07d7bfae7bbb7678dd7e0d9478c9d1202ddd444724fcc93e421acdcf141ac124
lse-f-91,tight,0,TBR,200,10,19,19,0,10,124,-1671,73523,-0.022727581845136895,27.415260454878943,10,0,0,0,0,1,60.07,106.24,3.75,1,07d7bfae7bbb7678dd7e0d9478c9d1202ddd444724fcc93e421acdcf141ac124
lse-f-91,tight,0,TBR_NOPROX,200,10,19,19,0,10,124,-913,73523,-0.012417882839383594,27.695524578136464,10,0,0,0,0,1,33.34,37.77,3.99,1,ab0172dc343d14419e100c7da51b2298aad28fab854094f28becce38519a5cb9
lse-f-91,tight,0,TBR_B32,200,10,19,19,0,10,124,-1671,73523,-0.022727581845136895,27.415260454878943,10,0,0,0,0,1,60.46,119.39,3.86,1,07d7bfae7bbb7678dd7e0d9478c9d1202ddd444724fcc93e421acdcf141ac124
lse-f-91,official,0,RECOMPUTE,200,11,19,19,0,484,9039,2738,73523,0.03724004733212736,29.071533382245047,0,0,0,0,11,128,4512.58,6114.07,3.71,1,cfb25475e19f487e924a8821e482a04c3e6133f5f82f1795dba3aa04a830fcc5
lse-f-91,official,0,ONE_BLOCKER,200,10,19,19,0,10,124,-1671,73523,-0.022727581845136895,27.415260454878943,10,0,0,0,0,1,69.46,116.51,3.85,1,07d7bfae7bbb7678dd7e0d9478c9d1202ddd444724fcc93e421acdcf141ac124
lse-f-91,official,0,SINGLE,200,10,19,19,0,10,124,-1671,73523,-0.022727581845136895,27.415260454878943,10,0,0,0,0,1,54.53,104.46,3.63,1,07d7bfae7bbb7678dd7e0d9478c9d1202ddd444724fcc93e421acdcf141ac124
lse-f-91,official,0,TBR_B16,200,10,19,19,0,10,124,-1671,73523,-0.022727581845136895,27.415260454878943,10,0,0,0,0,1,66.15,114.48,4.13,1,07d7bfae7bbb7678dd7e0d9478c9d1202ddd444724fcc93e421acdcf141ac124
lse-f-91,official,0,TBR_B2,200,10,19,19,0,10,124,-1671,73523,-0.022727581845136895,27.415260454878943,10,0,0,0,0,1,54.8,107.69,3.9,1,07d7bfae7bbb7678dd7e0d9478c9d1202ddd444724fcc93e421acdcf141ac124
lse-f-91,official,0,TBR_B4,200,10,19,19,0,10,124,-1671,73523,-0.022727581845136895,27.415260454878943,10,0,0,0,0,1,53.81,122.16,3.9,1,07d7bfae7bbb7678dd7e0d9478c9d1202ddd444724fcc93e421acdcf141ac124
lse-f-91,official,0,TBR_NOT2,200,10,19,19,0,10,124,-1671,73523,-0.022727581845136895,27.415260454878943,10,0,0,0,0,1,55.8,105.54,3.89,1,07d7bfae7bbb7678dd7e0d9478c9d1202ddd444724fcc93e421acdcf141ac124
lse-f-91,official,0,TBR,200,10,19,19,0,10,124,-1671,73523,-0.022727581845136895,27.415260454878943,10,0,0,0,0,1,55.09,107.91,3.87,1,07d7bfae7bbb7678dd7e0d9478c9d1202ddd444724fcc93e421acdcf141ac124
lse-f-91,official,0,TBR_NOPROX,200,10,19,19,0,10,124,-913,73523,-0.012417882839383594,27.695524578136464,10,0,0,0,0,1,28.47,45.52,3.88,1,ab0172dc343d14419e100c7da51b2298aad28fab854094f28becce38519a5cb9
lse-f-91,official,0,TBR_B32,200,10,19,19,0,10,124,-1671,73523,-0.022727581845136895,27.415260454878943,10,0,0,0,0,1,59.23,105.9,3.84,1,07d7bfae7bbb7678dd7e0d9478c9d1202ddd444724fcc93e421acdcf141ac124
lse-f-91,tight,1,TBR_B32,200,13,18,20,2,13,293,-3815,75009,-0.05086056339905878,27.168011738811444,11,0,0,2,0,1,69.63,3060.92,4.26,1,dcb17398dc59f9334ad96053da49a4165c8150d4213098ed6a605c351eb755a7
lse-f-91,tight,1,TBR_B4,200,13,18,20,2,13,293,-3815,75009,-0.05086056339905878,27.168011738811444,11,0,0,2,0,1,64.88,550.61,4.01,1,dcb17398dc59f9334ad96053da49a4165c8150d4213098ed6a605c351eb755a7
lse-f-91,tight,1,ONE_BLOCKER,200,13,18,20,2,13,293,-3815,75009,-0.05086056339905878,27.168011738811444,11,0,0,2,0,1,66.23,189.11,3.87,1,dcb17398dc59f9334ad96053da49a4165c8150d4213098ed6a605c351eb755a7
lse-f-91,tight,1,TBR,200,13,18,20,2,13,293,-3815,75009,-0.05086056339905878,27.168011738811444,11,0,0,2,0,1,65.95,914.75,3.75,1,dcb17398dc59f9334ad96053da49a4165c8150d4213098ed6a605c351eb755a7
lse-f-91,tight,1,TBR_B2,200,13,18,20,2,13,293,-3815,75009,-0.05086056339905878,27.168011738811444,11,0,0,2,0,1,69.27,186.99,3.98,1,dcb17398dc59f9334ad96053da49a4165c8150d4213098ed6a605c351eb755a7
lse-f-91,tight,1,TBR_NOPROX,200,13,18,19,1,14,398,-3479,75009,-0.04638110093455452,27.29897285399853,11,1,0,1,0,2,29.55,340.85,3.79,1,b3e69a288e4c6cac6d6d7aaa4d79e1bba77f06437febae719330f543d3f0abf1
lse-f-91,tight,1,RECOMPUTE,200,10,18,19,1,289,5878,806,75009,0.010745377221400098,28.94203961848863,0,0,0,0,10,153,4248.98,5223.6,3.33,1,bc01a421e4e48407c21e9c13291b422ae99b5b8619de476013b2250391110703
lse-f-91,tight,1,TBR_B16,200,13,18,20,2,13,293,-3815,75009,-0.05086056339905878,27.168011738811444,11,0,0,2,0,1,67.46,1750.11,4.08,1,dcb17398dc59f9334ad96053da49a4165c8150d4213098ed6a605c351eb755a7
lse-f-91,tight,1,SINGLE,200,13,18,20,2,13,293,-3815,75009,-0.05086056339905878,27.168011738811444,11,0,0,2,0,1,62.79,119.17,3.83,1,dcb17398dc59f9334ad96053da49a4165c8150d4213098ed6a605c351eb755a7
lse-f-91,tight,1,TBR_NOT2,200,13,18,20,2,13,293,-3815,75009,-0.05086056339905878,27.168011738811444,11,0,0,2,0,1,62.74,762.77,4.04,1,dcb17398dc59f9334ad96053da49a4165c8150d4213098ed6a605c351eb755a7
lse-f-91,official,1,TBR_B32,200,13,18,20,2,13,293,-3815,75009,-0.05086056339905878,27.168011738811444,11,0,0,2,0,1,80.92,3304.88,5.12,1,dcb17398dc59f9334ad96053da49a4165c8150d4213098ed6a605c351eb755a7
lse-f-91,official,1,TBR_B4,200,13,18,20,2,13,293,-3815,75009,-0.05086056339905878,27.168011738811444,11,0,0,2,0,1,66.06,539.43,4.08,1,dcb17398dc59f9334ad96053da49a4165c8150d4213098ed6a605c351eb755a7
lse-f-91,official,1,ONE_BLOCKER,200,13,18,20,2,13,293,-3815,75009,-0.05086056339905878,27.168011738811444,11,0,0,2,0,1,68.2,187.95,3.84,1,dcb17398dc59f9334ad96053da49a4165c8150d4213098ed6a605c351eb755a7
lse-f-91,official,1,TBR,200,13,18,20,2,13,293,-3815,75009,-0.05086056339905878,27.168011738811444,11,0,0,2,0,1,67.65,915.04,4.21,1,dcb17398dc59f9334ad96053da49a4165c8150d4213098ed6a605c351eb755a7
lse-f-91,official,1,TBR_B2,200,13,18,20,2,13,293,-3815,75009,-0.05086056339905878,27.168011738811444,11,0,0,2,0,1,86.11,179.78,4.01,1,dcb17398dc59f9334ad96053da49a4165c8150d4213098ed6a605c351eb755a7
lse-f-91,official,1,TBR_NOPROX,200,13,18,19,1,14,398,-3479,75009,-0.04638110093455452,27.29897285399853,11,1,0,1,0,2,28.07,328.16,3.76,1,b3e69a288e4c6cac6d6d7aaa4d79e1bba77f06437febae719330f543d3f0abf1
lse-f-91,official,1,RECOMPUTE,200,10,18,19,1,289,5878,806,75009,0.010745377221400098,28.94203961848863,0,0,0,0,10,153,4272.09,4822.89,3.32,1,bc01a421e4e48407c21e9c13291b422ae99b5b8619de476013b2250391110703
lse-f-91,official,1,TBR_B16,200,13,18,20,2,13,293,-3815,75009,-0.05086056339905878,27.168011738811444,11,0,0,2,0,1,62.33,1656.79,3.81,1,dcb17398dc59f9334ad96053da49a4165c8150d4213098ed6a605c351eb755a7
lse-f-91,official,1,SINGLE,200,13,18,20,2,13,293,-3815,75009,-0.05086056339905878,27.168011738811444,11,0,0,2,0,1,56.25,120.31,3.83,1,dcb17398dc59f9334ad96053da49a4165c8150d4213098ed6a605c351eb755a7
lse-f-91,official,1,TBR_NOT2,200,13,18,20,2,13,293,-3815,75009,-0.05086056339905878,27.168011738811444,11,0,0,2,0,1,66.4,743.6,3.77,1,dcb17398dc59f9334ad96053da49a4165c8150d4213098ed6a605c351eb755a7
lse-f-91,tight,2,TBR_B16,200,10,17,17,0,10,227,-2635,72865,-0.036162766760447405,26.735509904622155,10,0,0,0,0,1,46.66,84.88,3.87,1,1d2b7fa5d17cd2fcd66c6041f399a4eb5c2c4dd0419f0c6e81c646afe12b725a
lse-f-91,tight,2,TBR_B4,200,10,17,17,0,10,227,-2635,72865,-0.036162766760447405,26.735509904622155,10,0,0,0,0,1,48.49,86.13,3.72,1,1d2b7fa5d17cd2fcd66c6041f399a4eb5c2c4dd0419f0c6e81c646afe12b725a
lse-f-91,tight,2,TBR_B32,200,10,17,17,0,10,227,-2635,72865,-0.036162766760447405,26.735509904622155,10,0,0,0,0,1,43.68,81.61,3.88,1,1d2b7fa5d17cd2fcd66c6041f399a4eb5c2c4dd0419f0c6e81c646afe12b725a
lse-f-91,tight,2,TBR_NOT2,200,10,17,17,0,10,227,-2635,72865,-0.036162766760447405,26.735509904622155,10,0,0,0,0,1,45.61,80.89,3.79,1,1d2b7fa5d17cd2fcd66c6041f399a4eb5c2c4dd0419f0c6e81c646afe12b725a
lse-f-91,tight,2,ONE_BLOCKER,200,10,17,17,0,10,227,-2635,72865,-0.036162766760447405,26.735509904622155,10,0,0,0,0,1,42.94,80.19,3.8,1,1d2b7fa5d17cd2fcd66c6041f399a4eb5c2c4dd0419f0c6e81c646afe12b725a
lse-f-91,tight,2,TBR,200,10,17,17,0,10,227,-2635,72865,-0.036162766760447405,26.735509904622155,10,0,0,0,0,1,47.42,79.93,3.62,1,1d2b7fa5d17cd2fcd66c6041f399a4eb5c2c4dd0419f0c6e81c646afe12b725a
lse-f-91,tight,2,TBR_NOPROX,200,10,17,17,0,10,227,-2145,72865,-0.029438001784121322,26.915260454878943,10,0,0,0,0,1,24.86,39.7,3.67,1,da1e380281b8061c3c9f606ee771d4ee5410046a99ef954cfe8bab2bf80e62a4
lse-f-91,tight,2,SINGLE,200,10,17,17,0,10,227,-2635,72865,-0.036162766760447405,26.735509904622155,10,0,0,0,0,1,41.41,81.06,3.49,1,1d2b7fa5d17cd2fcd66c6041f399a4eb5c2c4dd0419f0c6e81c646afe12b725a
lse-f-91,tight,2,RECOMPUTE,200,16,17,19,2,659,13291,1343,72865,0.018431345639195774,28.337857666911226,0,0,0,0,16,214,4283.51,5118.84,4.0,1,2b8683d6d8ccbfe7e8ec97de867d47c80283ebd0bb2e476af5a732977a2e3122
lse-f-91,tight,2,TBR_B2,200,10,17,17,0,10,227,-2635,72865,-0.036162766760447405,26.735509904622155,10,0,0,0,0,1,46.36,91.5,4.27,1,1d2b7fa5d17cd2fcd66c6041f399a4eb5c2c4dd0419f0c6e81c646afe12b725a
lse-f-91,official,2,TBR_B16,200,10,18,18,0,10,227,-3184,72865,-0.04369724833596377,26.526412325752016,10,0,0,0,0,1,54.93,127.41,4.06,1,7e9f0a752f2be3628775b1a90112daca51ec65b7a0a82088fd2bb3d73ec5c6f4
lse-f-91,official,2,TBR_B4,200,10,18,18,0,10,227,-3184,72865,-0.04369724833596377,26.526412325752016,10,0,0,0,0,1,66.36,140.37,4.04,1,7e9f0a752f2be3628775b1a90112daca51ec65b7a0a82088fd2bb3d73ec5c6f4
lse-f-91,official,2,TBR_B32,200,10,18,18,0,10,227,-3184,72865,-0.04369724833596377,26.526412325752016,10,0,0,0,0,1,57.71,145.03,4.29,1,7e9f0a752f2be3628775b1a90112daca51ec65b7a0a82088fd2bb3d73ec5c6f4
lse-f-91,official,2,TBR_NOT2,200,10,18,18,0,10,227,-3184,72865,-0.04369724833596377,26.526412325752016,10,0,0,0,0,1,51.34,116.86,3.74,1,7e9f0a752f2be3628775b1a90112daca51ec65b7a0a82088fd2bb3d73ec5c6f4
lse-f-91,official,2,ONE_BLOCKER,200,10,18,18,0,10,227,-3184,72865,-0.04369724833596377,26.526412325752016,10,0,0,0,0,1,55.79,124.52,3.77,1,7e9f0a752f2be3628775b1a90112daca51ec65b7a0a82088fd2bb3d73ec5c6f4
lse-f-91,official,2,TBR,200,10,18,18,0,10,227,-3184,72865,-0.04369724833596377,26.526412325752016,10,0,0,0,0,1,58.89,139.52,3.92,1,7e9f0a752f2be3628775b1a90112daca51ec65b7a0a82088fd2bb3d73ec5c6f4
lse-f-91,official,2,TBR_NOPROX,200,10,18,18,0,10,227,-2145,72865,-0.029438001784121322,26.915260454878943,10,0,0,0,0,1,26.92,41.27,3.67,1,dcb36b4c74a2fca089e41c9ee198436a75478fc7f5308036085febd2b46691da
lse-f-91,official,2,SINGLE,200,10,18,18,0,10,227,-3184,72865,-0.04369724833596377,26.526412325752016,10,0,0,0,0,1,65.01,132.58,3.87,1,7e9f0a752f2be3628775b1a90112daca51ec65b7a0a82088fd2bb3d73ec5c6f4
lse-f-91,official,2,RECOMPUTE,200,16,18,19,1,659,13291,1446,72865,0.019844918685239826,28.378576669112253,0,0,0,0,16,214,4046.97,4612.57,3.63,1,6f727fc686d95e2e5071656aaabe105ab3cae81f825718fa68b907e362955b27
lse-f-91,official,2,TBR_B2,200,10,18,18,0,10,227,-3184,72865,-0.04369724833596377,26.526412325752016,10,0,0,0,0,1,52.58,122.76,3.73,1,7e9f0a752f2be3628775b1a90112daca51ec65b7a0a82088fd2bb3d73ec5c6f4
lse-f-91,tight,3,TBR_B16,200,7,18,18,0,8,464,-2060,74660,-0.02759174926332708,27.564930300807042,6,1,0,0,0,2,67.15,202.58,3.75,1,48e6e95dd1af6c542b45a6349fc4052ae8f97bcbb762b60d17662f71b54e9eef
lse-f-91,tight,3,TBR_NOPROX,200,7,18,18,0,8,464,-1475,74660,-0.01975622823466381,27.779897285399855,6,1,0,0,0,2,26.32,71.06,3.58,1,aa02c0ba76a256335a6e37c225dcd83ef13d8c3bad50c44862dbb79cb3448ee2
lse-f-91,tight,3,TBR_B4,200,7,18,18,0,8,464,-2060,74660,-0.02759174926332708,27.564930300807042,6,1,0,0,0,2,65.88,192.6,3.67,1,48e6e95dd1af6c542b45a6349fc4052ae8f97bcbb762b60d17662f71b54e9eef
lse-f-91,tight,3,ONE_BLOCKER,200,7,18,18,0,8,464,-2060,74660,-0.02759174926332708,27.564930300807042,6,1,0,0,0,2,66.53,191.44,3.64,1,48e6e95dd1af6c542b45a6349fc4052ae8f97bcbb762b60d17662f71b54e9eef
lse-f-91,tight,3,TBR_NOT2,200,7,18,19,1,7,187,-2352,74660,-0.0315028127511385,27.451944240645634,6,0,0,1,0,1,65.32,536.18,3.58,1,a37a1ab1ebe54880b03d5a2c45949e5565cd68da9b8505c3aee9c46bf25ab457
lse-f-91,tight,3,TBR_B32,200,7,18,18,0,8,464,-2060,74660,-0.02759174926332708,27.564930300807042,6,1,0,0,0,2,66.43,235.18,3.65,1,48e6e95dd1af6c542b45a6349fc4052ae8f97bcbb762b60d17662f71b54e9eef
lse-f-91,tight,3,SINGLE,200,7,18,19,1,7,187,-2352,74660,-0.0315028127511385,27.451944240645634,6,0,0,1,0,1,53.97,105.22,3.55,1,a37a1ab1ebe54880b03d5a2c45949e5565cd68da9b8505c3aee9c46bf25ab457
lse-f-91,tight,3,TBR_B2,200,7,18,18,0,8,464,-2060,74660,-0.02759174926332708,27.564930300807042,6,1,0,0,0,2,75.08,192.43,3.88,1,48e6e95dd1af6c542b45a6349fc4052ae8f97bcbb762b60d17662f71b54e9eef
lse-f-91,tight,3,TBR,200,7,18,18,0,8,464,-2060,74660,-0.02759174926332708,27.564930300807042,6,1,0,0,0,2,64.46,211.15,3.48,1,48e6e95dd1af6c542b45a6349fc4052ae8f97bcbb762b60d17662f71b54e9eef
lse-f-91,tight,3,RECOMPUTE,200,7,18,18,0,304,6293,-3601,74660,-0.0482319849986606,27.02751283932502,0,0,0,0,7,150,4157.63,4456.54,2.98,1,0377f108b74e96c1d7dcc5abbafa2650678026716e81637e5f7187ce349b58b2
lse-f-91,official,3,TBR_B16,200,7,18,18,0,8,464,-2060,74660,-0.02759174926332708,27.564930300807042,6,1,0,0,0,2,64.67,196.7,3.58,1,48e6e95dd1af6c542b45a6349fc4052ae8f97bcbb762b60d17662f71b54e9eef
lse-f-91,official,3,TBR_NOPROX,200,7,18,18,0,8,464,-1475,74660,-0.01975622823466381,27.779897285399855,6,1,0,0,0,2,27.72,74.88,3.56,1,aa02c0ba76a256335a6e37c225dcd83ef13d8c3bad50c44862dbb79cb3448ee2
lse-f-91,official,3,TBR_B4,200,7,18,18,0,8,464,-2060,74660,-0.02759174926332708,27.564930300807042,6,1,0,0,0,2,68.89,217.55,3.53,1,48e6e95dd1af6c542b45a6349fc4052ae8f97bcbb762b60d17662f71b54e9eef
lse-f-91,official,3,ONE_BLOCKER,200,7,18,18,0,8,464,-2060,74660,-0.02759174926332708,27.564930300807042,6,1,0,0,0,2,64.31,212.12,3.45,1,48e6e95dd1af6c542b45a6349fc4052ae8f97bcbb762b60d17662f71b54e9eef
lse-f-91,official,3,TBR_NOT2,200,7,18,19,1,7,187,-2352,74660,-0.0315028127511385,27.451944240645634,6,0,0,1,0,1,68.91,529.53,3.46,1,a37a1ab1ebe54880b03d5a2c45949e5565cd68da9b8505c3aee9c46bf25ab457
lse-f-91,official,3,TBR_B32,200,7,18,18,0,8,464,-2060,74660,-0.02759174926332708,27.564930300807042,6,1,0,0,0,2,68.27,191.26,3.66,1,48e6e95dd1af6c542b45a6349fc4052ae8f97bcbb762b60d17662f71b54e9eef
lse-f-91,official,3,SINGLE,200,7,18,19,1,7,187,-2352,74660,-0.0315028127511385,27.451944240645634,6,0,0,1,0,1,63.83,120.5,3.58,1,a37a1ab1ebe54880b03d5a2c45949e5565cd68da9b8505c3aee9c46bf25ab457
lse-f-91,official,3,TBR_B2,200,7,18,18,0,8,464,-2060,74660,-0.02759174926332708,27.564930300807042,6,1,0,0,0,2,83.92,201.06,3.91,1,48e6e95dd1af6c542b45a6349fc4052ae8f97bcbb762b60d17662f71b54e9eef
lse-f-91,official,3,TBR,200,7,18,18,0,8,464,-2060,74660,-0.02759174926332708,27.564930300807042,6,1,0,0,0,2,74.47,225.99,3.57,1,48e6e95dd1af6c542b45a6349fc4052ae8f97bcbb762b60d17662f71b54e9eef
lse-f-91,official,3,RECOMPUTE,200,7,18,18,0,304,6293,-3601,74660,-0.0482319849986606,27.02751283932502,0,0,0,0,7,150,4231.05,4498.25,3.03,1,0377f108b74e96c1d7dcc5abbafa2650678026716e81637e5f7187ce349b58b2
lse-f-91,tight,4,TBR,200,12,19,19,0,12,115,-1860,77293,-0.0240642749019963,28.731107850330154,12,0,0,0,0,1,65.5,96.78,3.77,1,77a4a183954767ac0e74e621c12ba8c325a3ac8f42640489ed22205a179fcd1d
lse-f-91,tight,4,TBR_B16,200,12,19,19,0,12,115,-1860,77293,-0.0240642749019963,28.731107850330154,12,0,0,0,0,1,64.77,87.63,3.87,1,77a4a183954767ac0e74e621c12ba8c325a3ac8f42640489ed22205a179fcd1d
lse-f-91,tight,4,RECOMPUTE,200,13,19,19,0,561,10889,-6859,77293,-0.0887402481466627,26.892149669845928,0,0,0,0,13,145,3972.77,4436.19,3.28,1,8dcb18bc96645ac1fa28876b70fb2967626689c031b64332b4c25c590a861b28
lse-f-91,tight,4,ONE_BLOCKER,200,12,19,19,0,12,115,-1860,77293,-0.0240642749019963,28.731107850330154,12,0,0,0,0,1,66.5,86.18,3.64,1,77a4a183954767ac0e74e621c12ba8c325a3ac8f42640489ed22205a179fcd1d
lse-f-91,tight,4,TBR_NOPROX,200,12,19,19,0,12,115,-247,77293,-0.0031956322047274658,29.348129126925897,12,0,0,0,0,1,27.89,37.71,3.96,1,f89ea1bbf895fba4ad0577ca48d97c3b5326357da1339d0aa8bf8223af28be47
lse-f-91,tight,4,TBR_NOT2,200,12,19,19,0,12,115,-1860,77293,-0.0240642749019963,28.731107850330154,12,0,0,0,0,1,61.46,88.79,3.59,1,77a4a183954767ac0e74e621c12ba8c325a3ac8f42640489ed22205a179fcd1d
lse-f-91,tight,4,TBR_B2,200,12,19,19,0,12,115,-1860,77293,-0.0240642749019963,28.731107850330154,12,0,0,0,0,1,62.32,99.06,3.85,1,77a4a183954767ac0e74e621c12ba8c325a3ac8f42640489ed22205a179fcd1d
lse-f-91,tight,4,SINGLE,200,12,19,19,0,12,115,-1860,77293,-0.0240642749019963,28.731107850330154,12,0,0,0,0,1,67.88,91.6,3.94,1,77a4a183954767ac0e74e621c12ba8c325a3ac8f42640489ed22205a179fcd1d
lse-f-91,tight,4,TBR_B4,200,12,19,19,0,12,115,-1860,77293,-0.0240642749019963,28.731107850330154,12,0,0,0,0,1,67.54,95.47,3.76,1,77a4a183954767ac0e74e621c12ba8c325a3ac8f42640489ed22205a179fcd1d
lse-f-91,tight,4,TBR_B32,200,12,19,19,0,12,115,-1860,77293,-0.0240642749019963,28.731107850330154,12,0,0,0,0,1,65.07,86.53,3.92,1,77a4a183954767ac0e74e621c12ba8c325a3ac8f42640489ed22205a179fcd1d
lse-f-91,official,4,TBR,200,12,19,19,0,12,115,-1860,77293,-0.0240642749019963,28.731107850330154,12,0,0,0,0,1,69.33,89.19,3.65,1,77a4a183954767ac0e74e621c12ba8c325a3ac8f42640489ed22205a179fcd1d
lse-f-91,official,4,TBR_B16,200,12,19,19,0,12,115,-1860,77293,-0.0240642749019963,28.731107850330154,12,0,0,0,0,1,69.35,86.25,4.0,1,77a4a183954767ac0e74e621c12ba8c325a3ac8f42640489ed22205a179fcd1d
lse-f-91,official,4,RECOMPUTE,200,13,19,19,0,561,10889,-6859,77293,-0.0887402481466627,26.892149669845928,0,0,0,0,13,145,4205.4,4762.07,3.53,1,8dcb18bc96645ac1fa28876b70fb2967626689c031b64332b4c25c590a861b28
lse-f-91,official,4,ONE_BLOCKER,200,12,19,19,0,12,115,-1860,77293,-0.0240642749019963,28.731107850330154,12,0,0,0,0,1,66.37,88.84,3.87,1,77a4a183954767ac0e74e621c12ba8c325a3ac8f42640489ed22205a179fcd1d
lse-f-91,official,4,TBR_NOPROX,200,12,19,19,0,12,115,-247,77293,-0.0031956322047274658,29.348129126925897,12,0,0,0,0,1,27.96,34.69,3.64,1,f89ea1bbf895fba4ad0577ca48d97c3b5326357da1339d0aa8bf8223af28be47
lse-f-91,official,4,TBR_NOT2,200,12,19,19,0,12,115,-1860,77293,-0.0240642749019963,28.731107850330154,12,0,0,0,0,1,66.62,92.11,3.91,1,77a4a183954767ac0e74e621c12ba8c325a3ac8f42640489ed22205a179fcd1d
lse-f-91,official,4,TBR_B2,200,12,19,19,0,12,115,-1860,77293,-0.0240642749019963,28.731107850330154,12,0,0,0,0,1,66.08,98.61,3.98,1,77a4a183954767ac0e74e621c12ba8c325a3ac8f42640489ed22205a179fcd1d
lse-f-91,official,4,SINGLE,200,12,19,19,0,12,115,-1860,77293,-0.0240642749019963,28.731107850330154,12,0,0,0,0,1,68.96,103.44,3.79,1,77a4a183954767ac0e74e621c12ba8c325a3ac8f42640489ed22205a179fcd1d
lse-f-91,official,4,TBR_B4,200,12,19,19,0,12,115,-1860,77293,-0.0240642749019963,28.731107850330154,12,0,0,0,0,1,65.19,87.87,3.99,1,77a4a183954767ac0e74e621c12ba8c325a3ac8f42640489ed22205a179fcd1d
lse-f-91,official,4,TBR_B32,200,12,19,19,0,12,115,-1860,77293,-0.0240642749019963,28.731107850330154,12,0,0,0,0,1,66.91,102.98,3.8,1,77a4a183954767ac0e74e621c12ba8c325a3ac8f42640489ed22205a179fcd1d
lse-f-91,tight,5,TBR_NOPROX,200,19,18,19,1,19,672,-5608,75617,-0.07416321726595872,26.604915627292737,18,0,0,1,0,1,27.63,105.07,4.05,1,c36e8c4113a9e4ee97469f7bc0585c556e32057365d913046689e4a3716bef28
lse-f-91,tight,5,TBR_NOT2,200,19,18,19,1,19,672,-7037,75617,-0.09306108414774455,26.07703595011005,18,0,0,1,0,1,60.26,193.84,4.09,1,c9c7e0a89949359a574236316b267a54109eb5d13c96738ad8f0318a8d0c697c
lse-f-91,tight,5,TBR_B32,200,19,18,19,1,19,672,-7037,75617,-0.09306108414774455,26.07703595011005,18,0,0,1,0,1,55.17,421.87,4.29,1,c9c7e0a89949359a574236316b267a54109eb5d13c96738ad8f0318a8d0c697c
lse-f-91,tight,5,TBR,200,19,18,19,1,19,672,-7037,75617,-0.09306108414774455,26.07703595011005,18,0,0,1,0,1,54.94,220.84,4.04,1,c9c7e0a89949359a574236316b267a54109eb5d13c96738ad8f0318a8d0c697c
lse-f-91,tight,5,TBR_B2,200,19,18,19,1,19,672,-7037,75617,-0.09306108414774455,26.07703595011005,18,0,0,1,0,1,54.88,144.3,4.19,1,c9c7e0a89949359a574236316b267a54109eb5d13c96738ad8f0318a8d0c697c
lse-f-91,tight,5,RECOMPUTE,200,25,18,19,1,959,18969,-7787,75617,-0.10297948873930465,25.79457079970653,0,0,0,0,25,201,4352.88,5291.08,4.5,1,aa02b1c6684527e27bc63bfb92102957e6ebf6ecfff181a97544ecdb9c1bf54b
lse-f-91,tight,5,ONE_BLOCKER,200,19,18,19,1,19,672,-7037,75617,-0.09306108414774455,26.07703595011005,18,0,0,1,0,1,65.42,146.69,4.99,1,c9c7e0a89949359a574236316b267a54109eb5d13c96738ad8f0318a8d0c697c
lse-f-91,tight,5,SINGLE,200,19,18,19,1,19,672,-7037,75617,-0.09306108414774455,26.07703595011005,18,0,0,1,0,1,60.29,103.42,4.38,1,c9c7e0a89949359a574236316b267a54109eb5d13c96738ad8f0318a8d0c697c
lse-f-91,tight,5,TBR_B4,200,19,18,19,1,19,672,-7037,75617,-0.09306108414774455,26.07703595011005,18,0,0,1,0,1,57.38,200.85,4.67,1,c9c7e0a89949359a574236316b267a54109eb5d13c96738ad8f0318a8d0c697c
lse-f-91,tight,5,TBR_B16,200,19,18,19,1,19,672,-7037,75617,-0.09306108414774455,26.07703595011005,18,0,0,1,0,1,63.58,296.43,4.52,1,c9c7e0a89949359a574236316b267a54109eb5d13c96738ad8f0318a8d0c697c
lse-f-91,official,5,TBR_NOPROX,200,19,18,19,1,19,672,-5608,75617,-0.07416321726595872,26.604915627292737,18,0,0,1,0,1,32.25,155.57,4.92,1,c36e8c4113a9e4ee97469f7bc0585c556e32057365d913046689e4a3716bef28
lse-f-91,official,5,TBR_NOT2,200,19,18,19,1,19,672,-7037,75617,-0.09306108414774455,26.07703595011005,18,0,0,1,0,1,56.76,230.31,4.29,1,c9c7e0a89949359a574236316b267a54109eb5d13c96738ad8f0318a8d0c697c
lse-f-91,official,5,TBR_B32,200,19,18,19,1,19,672,-7037,75617,-0.09306108414774455,26.07703595011005,18,0,0,1,0,1,56.04,480.87,4.49,1,c9c7e0a89949359a574236316b267a54109eb5d13c96738ad8f0318a8d0c697c
lse-f-91,official,5,TBR,200,19,18,19,1,19,672,-7037,75617,-0.09306108414774455,26.07703595011005,18,0,0,1,0,1,55.99,239.14,4.41,1,c9c7e0a89949359a574236316b267a54109eb5d13c96738ad8f0318a8d0c697c
lse-f-91,official,5,TBR_B2,200,19,18,19,1,19,672,-7037,75617,-0.09306108414774455,26.07703595011005,18,0,0,1,0,1,59.6,138.94,4.54,1,c9c7e0a89949359a574236316b267a54109eb5d13c96738ad8f0318a8d0c697c
lse-f-91,official,5,RECOMPUTE,200,25,18,19,1,959,18969,-7787,75617,-0.10297948873930465,25.79457079970653,0,0,0,0,25,201,4613.87,6354.38,4.91,1,aa02b1c6684527e27bc63bfb92102957e6ebf6ecfff181a97544ecdb9c1bf54b
lse-f-91,official,5,ONE_BLOCKER,200,19,18,19,1,19,672,-7037,75617,-0.09306108414774455,26.07703595011005,18,0,0,1,0,1,72.41,251.45,5.9,1,c9c7e0a89949359a574236316b267a54109eb5d13c96738ad8f0318a8d0c697c
lse-f-91,official,5,SINGLE,200,19,18,19,1,19,672,-7037,75617,-0.09306108414774455,26.07703595011005,18,0,0,1,0,1,48.01,98.72,4.33,1,c9c7e0a89949359a574236316b267a54109eb5d13c96738ad8f0318a8d0c697c
lse-f-91,official,5,TBR_B4,200,19,18,19,1,19,672,-7037,75617,-0.09306108414774455,26.07703595011005,18,0,0,1,0,1,67.33,235.05,5.97,1,c9c7e0a89949359a574236316b267a54109eb5d13c96738ad8f0318a8d0c697c
lse-f-91,official,5,TBR_B16,200,19,18,19,1,19,672,-7037,75617,-0.09306108414774455,26.07703595011005,18,0,0,1,0,1,71.44,448.85,5.86,1,c9c7e0a89949359a574236316b267a54109eb5d13c96738ad8f0318a8d0c697c
lse-f-91,tight,6,TBR_B32,200,10,17,18,1,10,444,-4716,77275,-0.061028793270786155,27.621056493030082,9,0,0,1,0,1,82.97,1642.93,5.16,1,d852e324dc0229f09baaf6c7d47468470956e8f0ad58ea8b7ca1eb1b189e6a76
lse-f-91,tight,6,TBR_B4,200,10,17,18,1,10,444,-4716,77275,-0.061028793270786155,27.621056493030082,9,0,0,1,0,1,73.04,338.65,3.96,1,d852e324dc0229f09baaf6c7d47468470956e8f0ad58ea8b7ca1eb1b189e6a76
lse-f-91,tight,6,TBR_B16,200,10,17,18,1,10,444,-4716,77275,-0.061028793270786155,27.621056493030082,9,0,0,1,0,1,75.65,844.53,4.84,1,d852e324dc0229f09baaf6c7d47468470956e8f0ad58ea8b7ca1eb1b189e6a76
lse-f-91,tight,6,SINGLE,200,10,17,18,1,10,444,-4716,77275,-0.061028793270786155,27.621056493030082,9,0,0,1,0,1,68.29,138.08,4.29,1,d852e324dc0229f09baaf6c7d47468470956e8f0ad58ea8b7ca1eb1b189e6a76
lse-f-91,tight,6,TBR_B2,200,10,17,18,1,10,444,-4716,77275,-0.061028793270786155,27.621056493030082,9,0,0,1,0,1,89.01,226.73,5.49,1,d852e324dc0229f09baaf6c7d47468470956e8f0ad58ea8b7ca1eb1b189e6a76
lse-f-91,tight,6,TBR_NOPROX,200,10,17,18,1,10,444,-4212,77275,-0.05450663215787771,27.805942773294205,9,0,0,1,0,1,35.08,397.85,4.56,1,082ce2176ff7352b5a708958d77cf9a7337d77b0e95967167f8fa5c22fdf9c1b
lse-f-91,tight,6,TBR_NOT2,200,10,17,18,1,10,444,-4716,77275,-0.061028793270786155,27.621056493030082,9,0,0,1,0,1,63.11,396.21,3.31,1,d852e324dc0229f09baaf6c7d47468470956e8f0ad58ea8b7ca1eb1b189e6a76
lse-f-91,tight,6,ONE_BLOCKER,200,10,17,18,1,10,444,-4716,77275,-0.061028793270786155,27.621056493030082,9,0,0,1,0,1,57.4,138.46,3.23,1,d852e324dc0229f09baaf6c7d47468470956e8f0ad58ea8b7ca1eb1b189e6a76
lse-f-91,tight,6,TBR,200,10,17,18,1,10,444,-4716,77275,-0.061028793270786155,27.621056493030082,9,0,0,1,0,1,82.36,497.55,4.38,1,d852e324dc0229f09baaf6c7d47468470956e8f0ad58ea8b7ca1eb1b189e6a76
lse-f-91,tight,6,RECOMPUTE,200,13,17,19,2,485,10129,-3743,77275,-0.048437398900032354,27.91342626559061,0,0,0,0,13,211,3427.31,4258.1,2.9,1,633bd8177221eec93d7be3562b117ba8665bd2b087d7382dbc44c9c030bdf480
lse-f-91,official,6,TBR_B32,200,10,18,18,0,10,444,-4733,77275,-0.06124878680038822,27.614820249449743,10,0,0,0,0,1,61.91,110.74,3.17,1,2f6d413f1d552b9b1e47ea6ee29ff71a3d5d5f8702853323b5d5b0cfc4e24942
lse-f-91,official,6,TBR_B4,200,10,18,18,0,10,444,-4733,77275,-0.06124878680038822,27.614820249449743,10,0,0,0,0,1,56.48,88.1,3.13,1,2f6d413f1d552b9b1e47ea6ee29ff71a3d5d5f8702853323b5d5b0cfc4e24942
lse-f-91,official,6,TBR_B16,200,10,18,18,0,10,444,-4733,77275,-0.06124878680038822,27.614820249449743,10,0,0,0,0,1,62.0,100.12,3.49,1,2f6d413f1d552b9b1e47ea6ee29ff71a3d5d5f8702853323b5d5b0cfc4e24942
lse-f-91,official,6,SINGLE,200,10,18,18,0,10,444,-4733,77275,-0.06124878680038822,27.614820249449743,10,0,0,0,0,1,59.4,106.78,3.04,1,2f6d413f1d552b9b1e47ea6ee29ff71a3d5d5f8702853323b5d5b0cfc4e24942
lse-f-91,official,6,TBR_B2,200,10,18,18,0,10,444,-4733,77275,-0.06124878680038822,27.614820249449743,10,0,0,0,0,1,62.93,93.06,3.39,1,2f6d413f1d552b9b1e47ea6ee29ff71a3d5d5f8702853323b5d5b0cfc4e24942
lse-f-91,official,6,TBR_NOPROX,200,10,18,18,0,10,444,-4212,77275,-0.05450663215787771,27.805942773294205,10,0,0,0,0,1,25.81,41.12,3.34,1,8aee61c290e9c1ac8deb417dc223089de448bde6856314c8a28508c61984279a
lse-f-91,official,6,TBR_NOT2,200,10,18,18,0,10,444,-4733,77275,-0.06124878680038822,27.614820249449743,10,0,0,0,0,1,63.2,85.7,3.23,1,2f6d413f1d552b9b1e47ea6ee29ff71a3d5d5f8702853323b5d5b0cfc4e24942
lse-f-91,official,6,ONE_BLOCKER,200,10,18,18,0,10,444,-4733,77275,-0.06124878680038822,27.614820249449743,10,0,0,0,0,1,70.91,98.76,3.82,1,2f6d413f1d552b9b1e47ea6ee29ff71a3d5d5f8702853323b5d5b0cfc4e24942
lse-f-91,official,6,TBR,200,10,18,18,0,10,444,-4733,77275,-0.06124878680038822,27.614820249449743,10,0,0,0,0,1,63.16,90.07,3.03,1,2f6d413f1d552b9b1e47ea6ee29ff71a3d5d5f8702853323b5d5b0cfc4e24942
lse-f-91,official,6,RECOMPUTE,200,13,18,19,1,485,10129,-3459,77275,-0.04476221287609188,28.01687454145268,0,0,0,0,13,211,3582.82,4303.45,3.17,1,1c9ab409097acc4d5af4b890fddf7435fcee730529b163f78244efce5c8f550b
lse-f-91,tight,7,TBR,200,13,18,19,1,13,202,-2641,76776,-0.03439877044909868,28.242846661775495,12,0,0,1,0,1,46.02,396.38,3.11,1,af85d4834730d25973305cd2c592e03875358cde05369ce04afc1b60eb927aa9
lse-f-91,tight,7,TBR_B2,200,13,18,19,1,13,202,-2641,76776,-0.03439877044909868,28.242846661775495,12,0,0,1,0,1,45.83,105.82,3.15,1,af85d4834730d25973305cd2c592e03875358cde05369ce04afc1b60eb927aa9
lse-f-91,tight,7,TBR_NOT2,200,13,18,19,1,13,202,-2641,76776,-0.03439877044909868,28.242846661775495,12,0,0,1,0,1,48.61,366.8,3.09,1,af85d4834730d25973305cd2c592e03875358cde05369ce04afc1b60eb927aa9
lse-f-91,tight,7,RECOMPUTE,200,11,18,19,1,316,6473,-584,76776,-0.007606543711576534,29.03191489361702,0,0,0,0,11,141,3721.66,4271.62,3.04,1,2292bcfbb1fb2e101d9d11ff936b183f7883e015699f864512ea93a923ff41b1
lse-f-91,tight,7,TBR_B4,200,13,18,19,1,13,202,-2641,76776,-0.03439877044909868,28.242846661775495,12,0,0,1,0,1,56.12,297.46,3.99,1,af85d4834730d25973305cd2c592e03875358cde05369ce04afc1b60eb927aa9
lse-f-91,tight,7,SINGLE,200,13,18,19,1,13,202,-2641,76776,-0.03439877044909868,28.242846661775495,12,0,0,1,0,1,55.37,103.65,3.77,1,af85d4834730d25973305cd2c592e03875358cde05369ce04afc1b60eb927aa9
lse-f-91,tight,7,TBR_B16,200,13,18,19,1,13,202,-2641,76776,-0.03439877044909868,28.242846661775495,12,0,0,1,0,1,60.24,918.38,4.34,1,af85d4834730d25973305cd2c592e03875358cde05369ce04afc1b60eb927aa9
lse-f-91,tight,7,ONE_BLOCKER,200,13,18,19,1,13,202,-2641,76776,-0.03439877044909868,28.242846661775495,12,0,0,1,0,1,54.7,151.64,3.87,1,af85d4834730d25973305cd2c592e03875358cde05369ce04afc1b60eb927aa9
lse-f-91,tight,7,TBR_B32,200,13,18,19,1,13,202,-2641,76776,-0.03439877044909868,28.242846661775495,12,0,0,1,0,1,65.7,1075.74,4.42,1,af85d4834730d25973305cd2c592e03875358cde05369ce04afc1b60eb927aa9
lse-f-91,tight,7,TBR_NOPROX,200,13,18,19,1,13,202,-1507,76776,-0.01962852974887986,28.66030814380044,12,0,0,1,0,1,34.13,395.56,4.13,1,276c2c3f93e4b47f88e1878dcaa2d2fd058b39a43d7cda8cea71ab9500b39487
lse-f-91,official,7,TBR,200,13,18,19,1,13,202,-2641,76776,-0.03439877044909868,28.242846661775495,12,0,0,1,0,1,57.15,493.11,3.88,1,af85d4834730d25973305cd2c592e03875358cde05369ce04afc1b60eb927aa9
lse-f-91,official,7,TBR_B2,200,13,18,19,1,13,202,-2641,76776,-0.03439877044909868,28.242846661775495,12,0,0,1,0,1,56.86,134.15,4.19,1,af85d4834730d25973305cd2c592e03875358cde05369ce04afc1b60eb927aa9
lse-f-91,official,7,TBR_NOT2,200,13,18,19,1,13,202,-2641,76776,-0.03439877044909868,28.242846661775495,12,0,0,1,0,1,64.32,438.26,4.5,1,af85d4834730d25973305cd2c592e03875358cde05369ce04afc1b60eb927aa9
lse-f-91,official,7,RECOMPUTE,200,11,18,19,1,316,6473,-584,76776,-0.007606543711576534,29.03191489361702,0,0,0,0,11,141,4688.47,5208.34,3.55,1,2292bcfbb1fb2e101d9d11ff936b183f7883e015699f864512ea93a923ff41b1
lse-f-91,official,7,TBR_B4,200,13,18,19,1,13,202,-2641,76776,-0.03439877044909868,28.242846661775495,12,0,0,1,0,1,61.59,342.69,4.86,1,af85d4834730d25973305cd2c592e03875358cde05369ce04afc1b60eb927aa9
lse-f-91,official,7,SINGLE,200,13,18,19,1,13,202,-2641,76776,-0.03439877044909868,28.242846661775495,12,0,0,1,0,1,59.71,105.2,4.19,1,af85d4834730d25973305cd2c592e03875358cde05369ce04afc1b60eb927aa9
lse-f-91,official,7,TBR_B16,200,13,18,19,1,13,202,-2641,76776,-0.03439877044909868,28.242846661775495,12,0,0,1,0,1,58.93,979.5,4.1,1,af85d4834730d25973305cd2c592e03875358cde05369ce04afc1b60eb927aa9
lse-f-91,official,7,ONE_BLOCKER,200,13,18,19,1,13,202,-2641,76776,-0.03439877044909868,28.242846661775495,12,0,0,1,0,1,72.32,185.08,4.38,1,af85d4834730d25973305cd2c592e03875358cde05369ce04afc1b60eb927aa9
lse-f-91,official,7,TBR_B32,200,13,18,19,1,13,202,-2641,76776,-0.03439877044909868,28.242846661775495,12,0,0,1,0,1,67.84,1241.9,4.31,1,af85d4834730d25973305cd2c592e03875358cde05369ce04afc1b60eb927aa9
lse-f-91,official,7,TBR_NOPROX,200,13,18,19,1,13,202,-1507,76776,-0.01962852974887986,28.66030814380044,12,0,0,1,0,1,28.89,427.6,4.1,1,276c2c3f93e4b47f88e1878dcaa2d2fd058b39a43d7cda8cea71ab9500b39487
lse-f-91,tight,8,SINGLE,200,6,16,18,2,6,248,-2246,77974,-0.02880447328596712,28.79787234042553,4,0,0,2,0,1,53.5,66.89,3.96,1,aa6e64bc1d248bfef3fd923f794af6ea1c3afa45785da5d823152314b298c199
lse-f-91,tight,8,RECOMPUTE,200,9,16,19,3,581,13094,-1073,77974,-0.013760997255495422,29.282098312545855,0,0,0,0,9,189,4516.56,5296.78,3.48,1,f1fe397ec3c2647c262e1170da7f51bb8609f27fa08b253b1f53139acfdeed9f
lse-f-91,tight,8,TBR_NOPROX,200,6,16,18,2,6,248,-1757,77974,-0.022533152076333135,28.97725605282465,4,0,0,2,0,1,43.18,934.32,4.64,1,e3ecef8240f91b0de40f04af05c078b4f0c7ead4a12cf1e001a75d4995e0149e
lse-f-91,tight,8,TBR,200,6,16,18,2,6,248,-2246,77974,-0.02880447328596712,28.79787234042553,4,0,0,2,0,1,63.63,931.78,4.14,1,aa6e64bc1d248bfef3fd923f794af6ea1c3afa45785da5d823152314b298c199
lse-f-91,tight,8,TBR_NOT2,200,6,16,18,2,6,248,-2246,77974,-0.02880447328596712,28.79787234042553,4,0,0,2,0,1,65.32,766.78,3.87,1,aa6e64bc1d248bfef3fd923f794af6ea1c3afa45785da5d823152314b298c199
lse-f-91,tight,8,TBR_B2,200,6,16,18,2,6,248,-2246,77974,-0.02880447328596712,28.79787234042553,4,0,0,2,0,1,63.0,196.35,3.96,1,aa6e64bc1d248bfef3fd923f794af6ea1c3afa45785da5d823152314b298c199
lse-f-91,tight,8,TBR_B32,200,6,16,18,2,6,248,-2246,77974,-0.02880447328596712,28.79787234042553,4,0,0,2,0,1,64.53,2721.05,4.16,1,aa6e64bc1d248bfef3fd923f794af6ea1c3afa45785da5d823152314b298c199
lse-f-91,tight,8,TBR_B16,200,6,16,18,2,6,248,-2246,77974,-0.02880447328596712,28.79787234042553,4,0,0,2,0,1,74.19,1858.92,3.97,1,aa6e64bc1d248bfef3fd923f794af6ea1c3afa45785da5d823152314b298c199
lse-f-91,tight,8,TBR_B4,200,6,16,18,2,6,248,-2246,77974,-0.02880447328596712,28.79787234042553,4,0,0,2,0,1,74.72,594.62,5.17,1,aa6e64bc1d248bfef3fd923f794af6ea1c3afa45785da5d823152314b298c199
lse-f-91,tight,8,ONE_BLOCKER,200,6,16,18,2,6,248,-2246,77974,-0.02880447328596712,28.79787234042553,4,0,0,2,0,1,63.41,183.79,3.96,1,aa6e64bc1d248bfef3fd923f794af6ea1c3afa45785da5d823152314b298c199
lse-f-91,official,8,SINGLE,200,6,18,18,0,6,248,-2133,77974,-0.027355272270243928,28.839325018341892,6,0,0,0,0,1,112.21,153.7,3.88,1,523bb2d4d31466d6b686ca86f72d8d901358f67bd3c4ce6e33f2e70396166afb
lse-f-91,official,8,RECOMPUTE,200,9,18,19,1,581,13094,-1073,77974,-0.013760997255495422,29.282098312545855,0,0,0,0,9,189,4527.7,5372.42,3.83,1,b6d7b9914ad471b01f2b8f238a3a799a6de7774c3ff7ae7fab524b4d9982ab33
lse-f-91,official,8,TBR_NOPROX,200,6,18,18,0,6,248,-1757,77974,-0.022533152076333135,28.97725605282465,6,0,0,0,0,1,29.41,40.47,3.65,1,cd29fb6aa65ca81a940432fcf3da9fe1a0db76998339c44f95e79abb743d1ba5
lse-f-91,official,8,TBR,200,6,18,18,0,6,248,-2133,77974,-0.027355272270243928,28.839325018341892,6,0,0,0,0,1,94.17,163.67,3.79,1,523bb2d4d31466d6b686ca86f72d8d901358f67bd3c4ce6e33f2e70396166afb
lse-f-91,official,8,TBR_NOT2,200,6,18,18,0,6,248,-2133,77974,-0.027355272270243928,28.839325018341892,6,0,0,0,0,1,97.74,154.09,3.67,1,523bb2d4d31466d6b686ca86f72d8d901358f67bd3c4ce6e33f2e70396166afb
lse-f-91,official,8,TBR_B2,200,6,18,18,0,6,248,-2133,77974,-0.027355272270243928,28.839325018341892,6,0,0,0,0,1,90.28,153.8,3.96,1,523bb2d4d31466d6b686ca86f72d8d901358f67bd3c4ce6e33f2e70396166afb
lse-f-91,official,8,TBR_B32,200,6,18,18,0,6,248,-2133,77974,-0.027355272270243928,28.839325018341892,6,0,0,0,0,1,99.7,161.92,3.88,1,523bb2d4d31466d6b686ca86f72d8d901358f67bd3c4ce6e33f2e70396166afb
lse-f-91,official,8,TBR_B16,200,6,18,18,0,6,248,-2133,77974,-0.027355272270243928,28.839325018341892,6,0,0,0,0,1,85.47,168.23,3.99,1,523bb2d4d31466d6b686ca86f72d8d901358f67bd3c4ce6e33f2e70396166afb
lse-f-91,official,8,TBR_B4,200,6,18,18,0,6,248,-2133,77974,-0.027355272270243928,28.839325018341892,6,0,0,0,0,1,87.8,147.89,3.83,1,523bb2d4d31466d6b686ca86f72d8d901358f67bd3c4ce6e33f2e70396166afb
lse-f-91,official,8,ONE_BLOCKER,200,6,18,18,0,6,248,-2133,77974,-0.027355272270243928,28.839325018341892,6,0,0,0,0,1,95.52,171.42,3.71,1,523bb2d4d31466d6b686ca86f72d8d901358f67bd3c4ce6e33f2e70396166afb
lse-f-91,tight,9,TBR_B4,200,12,18,18,0,13,415,-4128,76339,-0.05407458834933651,27.51320616287601,11,1,0,0,0,2,51.85,157.67,3.88,1,6ccfd55fc465fdaa1fd94e1aaf6b8338742ea76a034d74b43129c726bb16ef25
lse-f-91,tight,9,ONE_BLOCKER,200,12,18,18,0,13,415,-4128,76339,-0.05407458834933651,27.51320616287601,11,1,0,0,0,2,52.27,153.4,3.65,1,6ccfd55fc465fdaa1fd94e1aaf6b8338742ea76a034d74b43129c726bb16ef25
lse-f-91,tight,9,SINGLE,200,12,18,19,1,12,375,-4661,76339,-0.061056602784946096,27.317681584739546,11,0,0,1,0,1,53.36,81.31,3.98,1,3260824065240870d01951a1106f2b3861035bd01b3019d6e92c89f885acbab0
lse-f-91,tight,9,TBR_NOPROX,200,12,18,18,0,13,415,-2360,76339,-0.03091473558731448,28.16984592809978,11,1,0,0,0,2,28.15,78.37,4.03,1,530995390ac78d9d32630a12bf54514df72580e61c37e7574ff5854c87a9d1e5
lse-f-91,tight,9,TBR_B16,200,12,18,18,0,13,415,-4128,76339,-0.05407458834933651,27.51320616287601,11,1,0,0,0,2,57.65,186.98,4.35,1,6ccfd55fc465fdaa1fd94e1aaf6b8338742ea76a034d74b43129c726bb16ef25
lse-f-91,tight,9,TBR_B2,200,12,18,18,0,13,415,-4128,76339,-0.05407458834933651,27.51320616287601,11,1,0,0,0,2,61.42,186.71,4.44,1,6ccfd55fc465fdaa1fd94e1aaf6b8338742ea76a034d74b43129c726bb16ef25
lse-f-91,tight,9,TBR,200,12,18,18,0,13,415,-4128,76339,-0.05407458834933651,27.51320616287601,11,1,0,0,0,2,55.43,152.94,4.08,1,6ccfd55fc465fdaa1fd94e1aaf6b8338742ea76a034d74b43129c726bb16ef25
lse-f-91,tight,9,TBR_B32,200,12,18,18,0,13,415,-4128,76339,-0.05407458834933651,27.51320616287601,11,1,0,0,0,2,66.45,150.35,4.68,1,6ccfd55fc465fdaa1fd94e1aaf6b8338742ea76a034d74b43129c726bb16ef25
lse-f-91,tight,9,RECOMPUTE,200,11,18,19,1,560,11017,-4758,76339,-0.062327250815441645,27.25898752751284,0,0,0,0,11,179,4696.76,5397.5,3.62,1,bf3fb62d9ad4e0fd49da26b61f4bbda91ea709e58ba9a807405f26cde54aa136
lse-f-91,tight,9,TBR_NOT2,200,12,18,19,1,12,375,-4661,76339,-0.061056602784946096,27.317681584739546,11,0,0,1,0,1,58.75,382.53,4.06,1,3260824065240870d01951a1106f2b3861035bd01b3019d6e92c89f885acbab0
lse-f-91,official,9,TBR_B4,200,12,18,18,0,13,415,-4128,76339,-0.05407458834933651,27.51320616287601,11,1,0,0,0,2,55.41,158.63,4.36,1,6ccfd55fc465fdaa1fd94e1aaf6b8338742ea76a034d74b43129c726bb16ef25
lse-f-91,official,9,ONE_BLOCKER,200,12,18,18,0,13,415,-4128,76339,-0.05407458834933651,27.51320616287601,11,1,0,0,0,2,64.5,206.4,4.48,1,6ccfd55fc465fdaa1fd94e1aaf6b8338742ea76a034d74b43129c726bb16ef25
lse-f-91,official,9,SINGLE,200,12,18,19,1,12,375,-4661,76339,-0.061056602784946096,27.317681584739546,11,0,0,1,0,1,59.38,87.88,4.51,1,3260824065240870d01951a1106f2b3861035bd01b3019d6e92c89f885acbab0
lse-f-91,official,9,TBR_NOPROX,200,12,18,18,0,13,415,-2360,76339,-0.03091473558731448,28.16984592809978,11,1,0,0,0,2,29.41,72.28,4.07,1,530995390ac78d9d32630a12bf54514df72580e61c37e7574ff5854c87a9d1e5
lse-f-91,official,9,TBR_B16,200,12,18,18,0,13,415,-4128,76339,-0.05407458834933651,27.51320616287601,11,1,0,0,0,2,62.5,163.04,4.26,1,6ccfd55fc465fdaa1fd94e1aaf6b8338742ea76a034d74b43129c726bb16ef25
lse-f-91,official,9,TBR_B2,200,12,18,18,0,13,415,-4128,76339,-0.05407458834933651,27.51320616287601,11,1,0,0,0,2,54.94,162.82,3.91,1,6ccfd55fc465fdaa1fd94e1aaf6b8338742ea76a034d74b43129c726bb16ef25
lse-f-91,official,9,TBR,200,12,18,18,0,13,415,-4128,76339,-0.05407458834933651,27.51320616287601,11,1,0,0,0,2,55.83,148.64,3.92,1,6ccfd55fc465fdaa1fd94e1aaf6b8338742ea76a034d74b43129c726bb16ef25
lse-f-91,official,9,TBR_B32,200,12,18,18,0,13,415,-4128,76339,-0.05407458834933651,27.51320616287601,11,1,0,0,0,2,57.67,185.01,3.96,1,6ccfd55fc465fdaa1fd94e1aaf6b8338742ea76a034d74b43129c726bb16ef25
lse-f-91,official,9,RECOMPUTE,200,11,18,19,1,560,11017,-4758,76339,-0.062327250815441645,27.25898752751284,0,0,0,0,11,179,4465.02,4946.24,3.61,1,bf3fb62d9ad4e0fd49da26b61f4bbda91ea709e58ba9a807405f26cde54aa136
lse-f-91,official,9,TBR_NOT2,200,12,18,19,1,12,375,-4661,76339,-0.061056602784946096,27.317681584739546,11,0,0,1,0,1,64.81,429.86,4.05,1,3260824065240870d01951a1106f2b3861035bd01b3019d6e92c89f885acbab0
pur-s-93,tight,0,RECOMPUTE,200,8,34,34,0,4013,114261,714,508180,0.001405013971427447,17.000033301142228,0,0,0,0,8,1476,166250.32,226808.32,6.01,1,e97001f47d5937946f0b7d9b503d7c10ae01daa4dad62de8ae8b70f073235da4
pur-s-93,tight,0,ONE_BLOCKER,200,11,34,34,0,12,510,-2425,508180,-0.004771931205478374,16.896833061374004,10,1,0,0,0,2,113.72,440.8,6.29,1,a7af9b5451d76f0bad1ad13e9fe35c0946a1baf2413f9117178fa034cec55402
pur-s-93,tight,0,SINGLE,200,11,34,35,1,11,417,-2552,508180,-0.005021842654177653,16.8926038163109,10,0,0,1,0,1,118.06,260.82,6.07,1,fbcb52661c1121b7914d0d9b22eff86f39a0637deb6aef5d42c8555c6884f62f
pur-s-93,tight,0,TBR_B16,200,11,34,34,0,12,510,-2425,508180,-0.004771931205478374,16.896833061374004,10,1,0,0,0,2,115.83,435.37,5.41,1,a7af9b5451d76f0bad1ad13e9fe35c0946a1baf2413f9117178fa034cec55402
pur-s-93,tight,0,TBR_B2,200,11,34,34,0,12,510,-2425,508180,-0.004771931205478374,16.896833061374004,10,1,0,0,0,2,134.75,433.29,5.46,1,a7af9b5451d76f0bad1ad13e9fe35c0946a1baf2413f9117178fa034cec55402
pur-s-93,tight,0,TBR_B4,200,11,34,34,0,12,510,-2425,508180,-0.004771931205478374,16.896833061374004,10,1,0,0,0,2,114.13,463.5,5.96,1,a7af9b5451d76f0bad1ad13e9fe35c0946a1baf2413f9117178fa034cec55402
pur-s-93,tight,0,TBR_NOT2,200,11,34,35,1,11,417,-2552,508180,-0.005021842654177653,16.8926038163109,10,0,0,1,0,1,123.47,1517.18,6.22,1,fbcb52661c1121b7914d0d9b22eff86f39a0637deb6aef5d42c8555c6884f62f
pur-s-93,tight,0,TBR,200,11,34,34,0,12,510,-2425,508180,-0.004771931205478374,16.896833061374004,10,1,0,0,0,2,119.79,441.81,5.71,1,a7af9b5451d76f0bad1ad13e9fe35c0946a1baf2413f9117178fa034cec55402
pur-s-93,tight,0,TBR_NOPROX,200,11,34,34,0,12,510,-1428,508180,-0.002810027942854894,16.930067601318726,10,1,0,0,0,2,51.7,117.42,5.5,1,b0d62e082b4ee0ef41ee0b9eba42312fa5cec6c8565d8fb8d862c4c3b5beccdc
pur-s-93,tight,0,TBR_B32,200,11,34,34,0,12,510,-2425,508180,-0.004771931205478374,16.896833061374004,10,1,0,0,0,2,119.29,434.39,5.57,1,a7af9b5451d76f0bad1ad13e9fe35c0946a1baf2413f9117178fa034cec55402
pur-s-93,official,0,RECOMPUTE,200,8,42,42,0,4013,114261,714,508180,0.001405013971427447,17.000033301142228,0,0,0,0,8,1476,165644.71,198256.92,6.11,1,c1146c2538d47afdd97101ef251f5b8e95eb9fbb5fa2c613165c81f1d4d918ed
pur-s-93,official,0,ONE_BLOCKER,200,11,42,42,0,11,417,-2909,508180,-0.005724349639891377,16.880715308535084,11,0,0,0,0,1,136.6,347.04,5.41,1,785775b97f928678f28f54bf1d390e8c4c2059717d827313115309de625a00a1
pur-s-93,official,0,SINGLE,200,11,42,42,0,11,417,-2909,508180,-0.005724349639891377,16.880715308535084,11,0,0,0,0,1,163.06,360.43,5.45,1,785775b97f928678f28f54bf1d390e8c4c2059717d827313115309de625a00a1
pur-s-93,official,0,TBR_B16,200,11,42,42,0,11,417,-2909,508180,-0.005724349639891377,16.880715308535084,11,0,0,0,0,1,143.99,353.16,5.71,1,785775b97f928678f28f54bf1d390e8c4c2059717d827313115309de625a00a1
pur-s-93,official,0,TBR_B2,200,11,42,42,0,11,417,-2909,508180,-0.005724349639891377,16.880715308535084,11,0,0,0,0,1,142.88,374.47,5.58,1,785775b97f928678f28f54bf1d390e8c4c2059717d827313115309de625a00a1
pur-s-93,official,0,TBR_B4,200,11,42,42,0,11,417,-2909,508180,-0.005724349639891377,16.880715308535084,11,0,0,0,0,1,156.04,343.08,6.0,1,785775b97f928678f28f54bf1d390e8c4c2059717d827313115309de625a00a1
pur-s-93,official,0,TBR_NOT2,200,11,42,42,0,11,417,-2909,508180,-0.005724349639891377,16.880715308535084,11,0,0,0,0,1,140.09,368.94,5.83,1,785775b97f928678f28f54bf1d390e8c4c2059717d827313115309de625a00a1
pur-s-93,official,0,TBR,200,11,42,42,0,11,417,-2909,508180,-0.005724349639891377,16.880715308535084,11,0,0,0,0,1,143.85,356.35,5.86,1,785775b97f928678f28f54bf1d390e8c4c2059717d827313115309de625a00a1
pur-s-93,official,0,TBR_NOPROX,200,11,42,42,0,11,417,-1518,508180,-0.0029871305442953286,16.9270704985181,11,0,0,0,0,1,57.1,75.59,5.57,1,a034223bf12fccf141121c5d11ae6bcbe7f5056d335c33fa27ae33b463b84ae4
pur-s-93,official,0,TBR_B32,200,11,42,42,0,11,417,-2909,508180,-0.005724349639891377,16.880715308535084,11,0,0,0,0,1,144.45,406.52,5.66,1,785775b97f928678f28f54bf1d390e8c4c2059717d827313115309de625a00a1
pur-s-93,tight,1,TBR_B32,200,13,34,35,1,13,374,-2878,509638,-0.005647145621009422,16.934529954377435,12,0,0,1,0,1,97.73,3705.24,6.47,1,db995673c3b5e4a261cc427411e5e204622ddf0f3bf456190b806e932f05b1a0
pur-s-93,tight,1,TBR_B4,200,13,34,35,1,13,374,-2878,509638,-0.005647145621009422,16.934529954377435,12,0,0,1,0,1,92.3,1008.7,5.82,1,db995673c3b5e4a261cc427411e5e204622ddf0f3bf456190b806e932f05b1a0
pur-s-93,tight,1,ONE_BLOCKER,200,13,34,35,1,13,374,-2878,509638,-0.005647145621009422,16.934529954377435,12,0,0,1,0,1,91.9,477.74,5.38,1,db995673c3b5e4a261cc427411e5e204622ddf0f3bf456190b806e932f05b1a0
pur-s-93,tight,1,TBR,200,13,34,35,1,13,374,-2878,509638,-0.005647145621009422,16.934529954377435,12,0,0,1,0,1,90.07,1440.17,5.12,1,db995673c3b5e4a261cc427411e5e204622ddf0f3bf456190b806e932f05b1a0
pur-s-93,tight,1,TBR_B2,200,13,34,35,1,13,374,-2878,509638,-0.005647145621009422,16.934529954377435,12,0,0,1,0,1,94.4,491.62,6.38,1,db995673c3b5e4a261cc427411e5e204622ddf0f3bf456190b806e932f05b1a0
pur-s-93,tight,1,TBR_NOPROX,200,13,34,35,1,13,374,-1410,509638,-0.002766669675338181,16.98341603116987,12,0,0,1,0,1,44.97,1125.48,6.21,1,d61cf87cb67404bd011f5bea20e8e9aad37ed43331ca0b161fe6e09b7357a85e
pur-s-93,tight,1,RECOMPUTE,200,12,34,34,0,3805,97111,-1640,509638,-0.003217970402521005,16.97479103533251,0,0,0,0,12,1277,160049.17,199594.66,6.56,1,1fbcf94bd0393b97194d8ef70a341cb2b274df56caba69297c3c877cbb5e036b
pur-s-93,tight,1,TBR_B16,200,13,34,35,1,13,374,-2878,509638,-0.005647145621009422,16.934529954377435,12,0,0,1,0,1,112.53,2348.71,6.77,1,db995673c3b5e4a261cc427411e5e204622ddf0f3bf456190b806e932f05b1a0
pur-s-93,tight,1,SINGLE,200,13,34,35,1,13,374,-2878,509638,-0.005647145621009422,16.934529954377435,12,0,0,1,0,1,99.08,153.95,6.14,1,db995673c3b5e4a261cc427411e5e204622ddf0f3bf456190b806e932f05b1a0
pur-s-93,tight,1,TBR_NOT2,200,13,34,35,1,13,374,-2878,509638,-0.005647145621009422,16.934529954377435,12,0,0,1,0,1,102.26,1162.95,6.01,1,db995673c3b5e4a261cc427411e5e204622ddf0f3bf456190b806e932f05b1a0
pur-s-93,official,1,TBR_B32,200,13,42,42,0,13,374,-3120,509638,-0.0061219924730887415,16.926471077957974,13,0,0,0,0,1,157.62,669.49,5.84,1,28e710cb7bbb5500d1f581353a9689528ab23a6d7b0e68ac4f60f6fa2c36fbb4
pur-s-93,official,1,TBR_B4,200,13,42,42,0,13,374,-3120,509638,-0.0061219924730887415,16.926471077957974,13,0,0,0,0,1,158.37,676.7,6.04,1,28e710cb7bbb5500d1f581353a9689528ab23a6d7b0e68ac4f60f6fa2c36fbb4
pur-s-93,official,1,ONE_BLOCKER,200,13,42,42,0,13,374,-3120,509638,-0.0061219924730887415,16.926471077957974,13,0,0,0,0,1,173.81,652.55,5.68,1,28e710cb7bbb5500d1f581353a9689528ab23a6d7b0e68ac4f60f6fa2c36fbb4
pur-s-93,official,1,TBR,200,13,42,42,0,13,374,-3120,509638,-0.0061219924730887415,16.926471077957974,13,0,0,0,0,1,153.71,673.82,5.67,1,28e710cb7bbb5500d1f581353a9689528ab23a6d7b0e68ac4f60f6fa2c36fbb4
pur-s-93,official,1,TBR_B2,200,13,42,42,0,13,374,-3120,509638,-0.0061219924730887415,16.926471077957974,13,0,0,0,0,1,155.84,707.69,6.17,1,28e710cb7bbb5500d1f581353a9689528ab23a6d7b0e68ac4f60f6fa2c36fbb4
pur-s-93,official,1,TBR_NOPROX,200,13,42,42,0,13,374,-1410,509638,-0.002766669675338181,16.98341603116987,13,0,0,0,0,1,55.48,82.35,5.85,1,2330cb42d14d3bbba485c0ab1402a5219acdf96e4d849c977c5d6dd7704d13d8
pur-s-93,official,1,RECOMPUTE,200,12,42,42,0,3805,97111,-1640,509638,-0.003217970402521005,16.97479103533251,0,0,0,0,12,1277,157825.74,187331.34,6.41,1,eea8c4f1e9efb5c6056a72ede0bd08b3609b6b043f8df6b70a619b4ffcb26e64
pur-s-93,official,1,TBR_B16,200,13,42,42,0,13,374,-3120,509638,-0.0061219924730887415,16.926471077957974,13,0,0,0,0,1,160.34,668.83,6.28,1,28e710cb7bbb5500d1f581353a9689528ab23a6d7b0e68ac4f60f6fa2c36fbb4
pur-s-93,official,1,SINGLE,200,13,42,42,0,13,374,-3120,509638,-0.0061219924730887415,16.926471077957974,13,0,0,0,0,1,232.52,661.6,5.88,1,28e710cb7bbb5500d1f581353a9689528ab23a6d7b0e68ac4f60f6fa2c36fbb4
pur-s-93,official,1,TBR_NOT2,200,13,42,42,0,13,374,-3120,509638,-0.0061219924730887415,16.926471077957974,13,0,0,0,0,1,165.11,706.67,5.62,1,28e710cb7bbb5500d1f581353a9689528ab23a6d7b0e68ac4f60f6fa2c36fbb4
pur-s-93,tight,2,TBR_B16,200,15,35,37,2,15,808,-4706,494693,-0.009512970670698798,16.371940457557695,13,0,0,2,0,1,126.38,5500.1,6.38,1,e1afcc1afd80515d525e9c079504eecbc79c4ae2e03fb071b2979e7556de4bb7
pur-s-93,tight,2,TBR_B4,200,15,35,37,2,15,808,-4706,494693,-0.009512970670698798,16.371940457557695,13,0,0,2,0,1,108.92,2257.91,6.46,1,e1afcc1afd80515d525e9c079504eecbc79c4ae2e03fb071b2979e7556de4bb7
pur-s-93,tight,2,TBR_B32,200,15,35,37,2,15,808,-4706,494693,-0.009512970670698798,16.371940457557695,13,0,0,2,0,1,105.09,11286.38,6.09,1,e1afcc1afd80515d525e9c079504eecbc79c4ae2e03fb071b2979e7556de4bb7
pur-s-93,tight,2,TBR_NOT2,200,15,35,37,2,15,808,-4706,494693,-0.009512970670698798,16.371940457557695,13,0,0,2,0,1,122.11,2671.54,5.67,1,e1afcc1afd80515d525e9c079504eecbc79c4ae2e03fb071b2979e7556de4bb7
pur-s-93,tight,2,ONE_BLOCKER,200,15,35,37,2,15,808,-4706,494693,-0.009512970670698798,16.371940457557695,13,0,0,2,0,1,112.09,709.17,5.97,1,e1afcc1afd80515d525e9c079504eecbc79c4ae2e03fb071b2979e7556de4bb7
pur-s-93,tight,2,TBR,200,15,35,37,2,15,808,-4706,494693,-0.009512970670698798,16.371940457557695,13,0,0,2,0,1,108.87,3213.28,5.41,1,e1afcc1afd80515d525e9c079504eecbc79c4ae2e03fb071b2979e7556de4bb7
pur-s-93,tight,2,TBR_NOPROX,200,15,35,36,1,16,959,-3253,494693,-0.006575795493366593,16.41989410236771,13,1,0,1,0,2,55.67,916.36,6.05,1,21ba821a12aeae3a141bf532462fe3070918734289a97d3bda4049aaed5756f9
pur-s-93,tight,2,SINGLE,200,15,35,37,2,15,808,-4706,494693,-0.009512970670698798,16.371940457557695,13,0,0,2,0,1,105.95,337.52,6.05,1,e1afcc1afd80515d525e9c079504eecbc79c4ae2e03fb071b2979e7556de4bb7
pur-s-93,tight,2,RECOMPUTE,200,12,35,35,0,4670,153794,4877,494693,0.009858639600722065,16.689167138432847,0,0,0,0,12,1569,168196.38,201073.67,7.22,1,683ec79dd6dce5956cff449a1c945a5c830ffc985f14db2bf442f890f2425186
pur-s-93,tight,2,TBR_B2,200,15,35,37,2,15,808,-4706,494693,-0.009512970670698798,16.371940457557695,13,0,0,2,0,1,106.64,715.17,6.61,1,e1afcc1afd80515d525e9c079504eecbc79c4ae2e03fb071b2979e7556de4bb7
pur-s-93,official,2,TBR_B16,200,15,42,42,0,15,808,-5613,494693,-0.011346431018833904,16.34173632155583,15,0,0,0,0,1,392.21,626.4,6.72,1,bcfd61e1557020d21651e67c0c1bf5c455f24df9bbcaedcb6098885e02c770f7
pur-s-93,official,2,TBR_B4,200,15,42,42,0,15,808,-5613,494693,-0.011346431018833904,16.34173632155583,15,0,0,0,0,1,389.73,611.7,6.48,1,bcfd61e1557020d21651e67c0c1bf5c455f24df9bbcaedcb6098885e02c770f7
pur-s-93,official,2,TBR_B32,200,15,42,42,0,15,808,-5613,494693,-0.011346431018833904,16.34173632155583,15,0,0,0,0,1,385.58,611.57,6.25,1,bcfd61e1557020d21651e67c0c1bf5c455f24df9bbcaedcb6098885e02c770f7
pur-s-93,official,2,TBR_NOT2,200,15,42,42,0,15,808,-5613,494693,-0.011346431018833904,16.34173632155583,15,0,0,0,0,1,410.77,783.03,6.92,1,bcfd61e1557020d21651e67c0c1bf5c455f24df9bbcaedcb6098885e02c770f7
pur-s-93,official,2,ONE_BLOCKER,200,15,42,42,0,15,808,-5613,494693,-0.011346431018833904,16.34173632155583,15,0,0,0,0,1,393.94,654.29,6.38,1,bcfd61e1557020d21651e67c0c1bf5c455f24df9bbcaedcb6098885e02c770f7
pur-s-93,official,2,TBR,200,15,42,42,0,15,808,-5613,494693,-0.011346431018833904,16.34173632155583,15,0,0,0,0,1,399.23,638.44,6.21,1,bcfd61e1557020d21651e67c0c1bf5c455f24df9bbcaedcb6098885e02c770f7
pur-s-93,official,2,TBR_NOPROX,200,15,42,42,0,15,808,-2621,494693,-0.005298235471292296,16.44137333910553,15,0,0,0,0,1,57.74,106.94,6.5,1,04b15f416a924a057926e7b1a750b232553375e0527fa5325a39fe969388c4b8
pur-s-93,official,2,SINGLE,200,15,42,42,0,15,808,-5613,494693,-0.011346431018833904,16.34173632155583,15,0,0,0,0,1,410.36,634.47,6.28,1,bcfd61e1557020d21651e67c0c1bf5c455f24df9bbcaedcb6098885e02c770f7
pur-s-93,official,2,RECOMPUTE,200,12,42,42,0,4670,153794,4877,494693,0.009858639600722065,16.689167138432847,0,0,0,0,12,1569,166055.59,203403.32,7.19,1,0fb16058eb6e65c4e420271161cd6b3595c1aa8cbc9769ad7196be8250da3a67
pur-s-93,official,2,TBR_B2,200,15,42,42,0,15,808,-5613,494693,-0.011346431018833904,16.34173632155583,15,0,0,0,0,1,302.31,504.71,6.06,1,bcfd61e1557020d21651e67c0c1bf5c455f24df9bbcaedcb6098885e02c770f7
pur-s-93,tight,3,TBR_B16,200,13,34,34,0,14,898,-5486,505943,-0.01084311869123597,16.71830563788338,12,1,0,0,0,2,119.11,445.03,5.78,1,5b7318d9148492cc985b201043d2ff1dc44104c81f20204e2a5e125f291f9b12
pur-s-93,tight,3,TBR_NOPROX,200,13,34,34,0,14,824,-3612,505943,-0.007139144132837098,16.78071197842086,12,1,0,0,0,2,51.07,170.98,4.99,1,11d0363939916a248deb15e321f792834025d9ea4fdb333bd588c322713fd50e
pur-s-93,tight,3,TBR_B4,200,13,34,34,0,14,898,-5486,505943,-0.01084311869123597,16.71830563788338,12,1,0,0,0,2,110.11,449.48,5.05,1,5b7318d9148492cc985b201043d2ff1dc44104c81f20204e2a5e125f291f9b12
pur-s-93,tight,3,ONE_BLOCKER,200,13,34,34,0,14,898,-5486,505943,-0.01084311869123597,16.71830563788338,12,1,0,0,0,2,108.92,450.08,5.25,1,5b7318d9148492cc985b201043d2ff1dc44104c81f20204e2a5e125f291f9b12
pur-s-93,tight,3,TBR_NOT2,200,13,34,35,1,13,732,-5195,505943,-0.010267955085849592,16.72799627027207,12,0,0,1,0,1,154.97,976.42,4.22,1,79116e4b2438b8a8980acb3e6f65c28d2e63745bc62580e448acbfd95e35d3de
pur-s-93,tight,3,TBR_B32,200,13,34,34,0,14,898,-5486,505943,-0.01084311869123597,16.71830563788338,12,1,0,0,0,2,111.69,449.9,4.69,1,5b7318d9148492cc985b201043d2ff1dc44104c81f20204e2a5e125f291f9b12
pur-s-93,tight,3,SINGLE,200,13,34,35,1,13,732,-5195,505943,-0.010267955085849592,16.72799627027207,12,0,0,1,0,1,133.95,473.39,4.32,1,79116e4b2438b8a8980acb3e6f65c28d2e63745bc62580e448acbfd95e35d3de
pur-s-93,tight,3,TBR_B2,200,13,34,34,0,14,898,-5486,505943,-0.01084311869123597,16.71830563788338,12,1,0,0,0,2,119.33,469.7,5.58,1,5b7318d9148492cc985b201043d2ff1dc44104c81f20204e2a5e125f291f9b12
pur-s-93,tight,3,TBR,200,13,34,34,0,14,898,-5486,505943,-0.01084311869123597,16.71830563788338,12,1,0,0,0,2,108.16,441.03,5.09,1,5b7318d9148492cc985b201043d2ff1dc44104c81f20204e2a5e125f291f9b12
pur-s-93,tight,3,RECOMPUTE,200,13,34,34,0,5567,163205,-3691,505943,-0.007295288204402472,16.780578773851943,0,0,0,0,13,1646,150100.64,178841.59,6.26,1,6147a36dd6ef0b1e260debed9d6a779bc4ae3ae762ff0661f5a42361c62d86c6
pur-s-93,official,3,TBR_B16,200,13,42,42,0,13,732,-5643,505943,-0.011153430327131713,16.7130773585534,13,0,0,0,0,1,360.12,564.55,5.42,1,871743044a5b8cfe057b713dbd7ae5f46003c60ffcc38c0242fa413c60723712
pur-s-93,official,3,TBR_NOPROX,200,13,42,42,0,13,732,-3463,505943,-0.006844644554821393,16.78567384861301,13,0,0,0,0,1,51.45,76.42,4.48,1,a26bf2dafa7ea16cf43c92d78b32926b11110f6ec056e42e134c8dfca8488c38
pur-s-93,official,3,TBR_B4,200,13,42,42,0,13,732,-5643,505943,-0.011153430327131713,16.7130773585534,13,0,0,0,0,1,351.74,552.75,4.39,1,871743044a5b8cfe057b713dbd7ae5f46003c60ffcc38c0242fa413c60723712
pur-s-93,official,3,ONE_BLOCKER,200,13,42,42,0,13,732,-5643,505943,-0.011153430327131713,16.7130773585534,13,0,0,0,0,1,340.45,562.64,4.01,1,871743044a5b8cfe057b713dbd7ae5f46003c60ffcc38c0242fa413c60723712
pur-s-93,official,3,TBR_NOT2,200,13,42,42,0,13,732,-5643,505943,-0.011153430327131713,16.7130773585534,13,0,0,0,0,1,358.13,542.01,4.93,1,871743044a5b8cfe057b713dbd7ae5f46003c60ffcc38c0242fa413c60723712
pur-s-93,official,3,TBR_B32,200,13,42,42,0,13,732,-5643,505943,-0.011153430327131713,16.7130773585534,13,0,0,0,0,1,360.22,576.64,4.58,1,871743044a5b8cfe057b713dbd7ae5f46003c60ffcc38c0242fa413c60723712
pur-s-93,official,3,SINGLE,200,13,42,42,0,13,732,-5643,505943,-0.011153430327131713,16.7130773585534,13,0,0,0,0,1,365.69,546.74,4.34,1,871743044a5b8cfe057b713dbd7ae5f46003c60ffcc38c0242fa413c60723712
pur-s-93,official,3,TBR_B2,200,13,42,42,0,13,732,-5643,505943,-0.011153430327131713,16.7130773585534,13,0,0,0,0,1,373.74,575.5,4.53,1,871743044a5b8cfe057b713dbd7ae5f46003c60ffcc38c0242fa413c60723712
pur-s-93,official,3,TBR,200,13,42,42,0,13,732,-5643,505943,-0.011153430327131713,16.7130773585534,13,0,0,0,0,1,356.92,564.13,5.09,1,871743044a5b8cfe057b713dbd7ae5f46003c60ffcc38c0242fa413c60723712
pur-s-93,official,3,RECOMPUTE,200,13,42,42,0,5567,163205,-3691,505943,-0.007295288204402472,16.780578773851943,0,0,0,0,13,1646,159099.49,201602.59,6.29,1,f7d9d6095495df99ba2338a06f10cf17207a677b151d640053561892d3d9da8a
pur-s-93,tight,4,TBR,200,12,34,34,0,12,607,-2965,503199,-0.005892301057831991,16.71264444370442,12,0,0,0,0,1,116.06,268.61,5.5,1,de1b5cb6202a2c6bdfe7d23b966d59a26f302ec2fe06b861498d877e74bc9288
pur-s-93,tight,4,TBR_B16,200,12,34,34,0,12,607,-2965,503199,-0.005892301057831991,16.71264444370442,12,0,0,0,0,1,111.6,268.58,6.0,1,de1b5cb6202a2c6bdfe7d23b966d59a26f302ec2fe06b861498d877e74bc9288
pur-s-93,tight,4,RECOMPUTE,200,11,34,34,0,3357,95519,4390,503199,0.00872418267921836,16.956542009390922,0,0,0,0,11,1525,169183.38,199017.67,6.83,1,62c5f95e4c23ad2723662c533aeec5e81fcf7693a25e665a0e01c3fc808bf1ba
pur-s-93,tight,4,ONE_BLOCKER,200,12,34,34,0,12,607,-2965,503199,-0.005892301057831991,16.71264444370442,12,0,0,0,0,1,117.47,304.6,6.73,1,de1b5cb6202a2c6bdfe7d23b966d59a26f302ec2fe06b861498d877e74bc9288
pur-s-93,tight,4,TBR_NOPROX,200,12,34,34,0,12,607,-1772,503199,-0.0035214696372608055,16.752372706383827,12,0,0,0,0,1,46.79,94.7,6.15,1,133b21b92a7c16b34da0eda7db00b05d15ebda54c4dee6e792f588b716a7641a
pur-s-93,tight,4,TBR_NOT2,200,12,34,34,0,12,607,-2965,503199,-0.005892301057831991,16.71264444370442,12,0,0,0,0,1,120.58,301.07,5.29,1,de1b5cb6202a2c6bdfe7d23b966d59a26f302ec2fe06b861498d877e74bc9288
pur-s-93,tight,4,TBR_B2,200,12,34,34,0,12,607,-2965,503199,-0.005892301057831991,16.71264444370442,12,0,0,0,0,1,127.36,330.16,6.14,1,de1b5cb6202a2c6bdfe7d23b966d59a26f302ec2fe06b861498d877e74bc9288
pur-s-93,tight,4,SINGLE,200,12,34,34,0,12,607,-2965,503199,-0.005892301057831991,16.71264444370442,12,0,0,0,0,1,120.24,298.09,7.47,1,de1b5cb6202a2c6bdfe7d23b966d59a26f302ec2fe06b861498d877e74bc9288
pur-s-93,tight,4,TBR_B4,200,12,34,34,0,12,607,-2965,503199,-0.005892301057831991,16.71264444370442,12,0,0,0,0,1,113.28,282.58,6.55,1,de1b5cb6202a2c6bdfe7d23b966d59a26f302ec2fe06b861498d877e74bc9288
pur-s-93,tight,4,TBR_B32,200,12,34,34,0,12,607,-2965,503199,-0.005892301057831991,16.71264444370442,12,0,0,0,0,1,117.89,289.35,6.49,1,de1b5cb6202a2c6bdfe7d23b966d59a26f302ec2fe06b861498d877e74bc9288
pur-s-93,official,4,TBR,200,12,42,42,0,12,591,-5306,503199,-0.010544536058299003,16.634686469745912,12,0,0,0,0,1,193.57,643.08,6.09,1,66b8391242651979315d727fcb820596ebf2ebd7413df1f4cee32cbe3e3bcf1d
pur-s-93,official,4,TBR_B16,200,12,42,42,0,12,591,-5306,503199,-0.010544536058299003,16.634686469745912,12,0,0,0,0,1,195.02,649.29,5.76,1,66b8391242651979315d727fcb820596ebf2ebd7413df1f4cee32cbe3e3bcf1d
pur-s-93,official,4,RECOMPUTE,200,11,42,42,0,3357,95519,4390,503199,0.00872418267921836,16.956542009390922,0,0,0,0,11,1525,167170.41,209390.49,7.13,1,672e7d04a3f46127b62656b02b35c768d8bcad0ff89ed5a19a522624ef4bfcd6
pur-s-93,official,4,ONE_BLOCKER,200,12,42,42,0,12,591,-5306,503199,-0.010544536058299003,16.634686469745912,12,0,0,0,0,1,190.9,662.46,6.38,1,66b8391242651979315d727fcb820596ebf2ebd7413df1f4cee32cbe3e3bcf1d
pur-s-93,official,4,TBR_NOPROX,200,12,42,42,0,12,591,-3771,503199,-0.0074940530485950885,16.6858037230677,12,0,0,0,0,1,53.74,94.3,6.38,1,7fa20d16cd83c76909735eb87f82488e39b2c4f98c8ceb8f8021b5659ebcc034
pur-s-93,official,4,TBR_NOT2,200,12,42,42,0,12,591,-5306,503199,-0.010544536058299003,16.634686469745912,12,0,0,0,0,1,193.8,671.77,5.97,1,66b8391242651979315d727fcb820596ebf2ebd7413df1f4cee32cbe3e3bcf1d
pur-s-93,official,4,TBR_B2,200,12,42,42,0,12,591,-5306,503199,-0.010544536058299003,16.634686469745912,12,0,0,0,0,1,199.46,698.12,5.71,1,66b8391242651979315d727fcb820596ebf2ebd7413df1f4cee32cbe3e3bcf1d
pur-s-93,official,4,SINGLE,200,12,42,42,0,12,591,-5306,503199,-0.010544536058299003,16.634686469745912,12,0,0,0,0,1,182.35,618.08,5.84,1,66b8391242651979315d727fcb820596ebf2ebd7413df1f4cee32cbe3e3bcf1d
pur-s-93,official,4,TBR_B4,200,12,42,42,0,12,591,-5306,503199,-0.010544536058299003,16.634686469745912,12,0,0,0,0,1,180.62,609.08,5.25,1,66b8391242651979315d727fcb820596ebf2ebd7413df1f4cee32cbe3e3bcf1d
pur-s-93,official,4,TBR_B32,200,12,42,42,0,12,591,-5306,503199,-0.010544536058299003,16.634686469745912,12,0,0,0,0,1,187.7,624.42,5.39,1,66b8391242651979315d727fcb820596ebf2ebd7413df1f4cee32cbe3e3bcf1d
pur-s-93,tight,5,TBR_NOPROX,200,12,34,34,0,12,359,-2186,510780,-0.004279729041857552,17.000632721702356,12,0,0,0,0,1,54.49,68.0,5.6,1,b9b7542a327e321b436ca033226d1f500030c217486d81f429d4ad8fc0d644c6
pur-s-93,tight,5,TBR_NOT2,200,12,34,34,0,12,359,-3793,510780,-0.007425897646736364,16.947117786140065,12,0,0,0,0,1,104.95,267.4,4.97,1,8f7418b1bba993a049740d3646d040fbf817039ac0954f7ebdbf63e3ffe4c93c
pur-s-93,tight,5,TBR_B32,200,12,34,34,0,12,359,-3793,510780,-0.007425897646736364,16.947117786140065,12,0,0,0,0,1,113.37,283.42,5.9,1,8f7418b1bba993a049740d3646d040fbf817039ac0954f7ebdbf63e3ffe4c93c
pur-s-93,tight,5,TBR,200,12,34,34,0,12,359,-3793,510780,-0.007425897646736364,16.947117786140065,12,0,0,0,0,1,119.22,272.63,5.71,1,8f7418b1bba993a049740d3646d040fbf817039ac0954f7ebdbf63e3ffe4c93c
pur-s-93,tight,5,TBR_B2,200,12,34,34,0,12,359,-3793,510780,-0.007425897646736364,16.947117786140065,12,0,0,0,0,1,101.94,294.38,5.51,1,8f7418b1bba993a049740d3646d040fbf817039ac0954f7ebdbf63e3ffe4c93c
pur-s-93,tight,5,RECOMPUTE,200,10,34,34,0,3033,86552,-5361,510780,-0.010495712439797956,16.888374571247795,0,0,0,0,10,1476,157286.06,188139.08,6.67,1,b493a743edcf7d643f87d83f5a1c2920b7a811f4178ef046725144792063b0b9
pur-s-93,tight,5,ONE_BLOCKER,200,12,34,34,0,12,359,-3793,510780,-0.007425897646736364,16.947117786140065,12,0,0,0,0,1,100.61,273.96,5.88,1,8f7418b1bba993a049740d3646d040fbf817039ac0954f7ebdbf63e3ffe4c93c
pur-s-93,tight,5,SINGLE,200,12,34,34,0,12,359,-3793,510780,-0.007425897646736364,16.947117786140065,12,0,0,0,0,1,114.23,286.29,6.14,1,8f7418b1bba993a049740d3646d040fbf817039ac0954f7ebdbf63e3ffe4c93c
pur-s-93,tight,5,TBR_B4,200,12,34,34,0,12,359,-3793,510780,-0.007425897646736364,16.947117786140065,12,0,0,0,0,1,114.23,290.18,6.28,1,8f7418b1bba993a049740d3646d040fbf817039ac0954f7ebdbf63e3ffe4c93c
pur-s-93,tight,5,TBR_B16,200,12,34,34,0,12,359,-3793,510780,-0.007425897646736364,16.947117786140065,12,0,0,0,0,1,119.8,293.43,6.77,1,8f7418b1bba993a049740d3646d040fbf817039ac0954f7ebdbf63e3ffe4c93c
pur-s-93,official,5,TBR_NOPROX,200,12,42,42,0,12,359,-2186,510780,-0.004279729041857552,17.000632721702356,12,0,0,0,0,1,51.71,73.05,5.88,1,235af446087bb9fdbcf257d63edc1514e23d765abe682c32238f9f7c89ca0f24
pur-s-93,official,5,TBR_NOT2,200,12,42,42,0,12,359,-4165,510780,-0.008154195544069855,16.93472976123081,12,0,0,0,0,1,207.83,617.89,5.25,1,f048aea268320750c46527b1026b87ac8c9d30c4a914e8116f26963efbac224b
pur-s-93,official,5,TBR_B32,200,12,42,42,0,12,359,-4165,510780,-0.008154195544069855,16.93472976123081,12,0,0,0,0,1,187.03,597.8,5.94,1,f048aea268320750c46527b1026b87ac8c9d30c4a914e8116f26963efbac224b
pur-s-93,official,5,TBR,200,12,42,42,0,12,359,-4165,510780,-0.008154195544069855,16.93472976123081,12,0,0,0,0,1,195.07,606.49,6.28,1,f048aea268320750c46527b1026b87ac8c9d30c4a914e8116f26963efbac224b
pur-s-93,official,5,TBR_B2,200,12,42,42,0,12,359,-4165,510780,-0.008154195544069855,16.93472976123081,12,0,0,0,0,1,182.27,601.06,6.19,1,f048aea268320750c46527b1026b87ac8c9d30c4a914e8116f26963efbac224b
pur-s-93,official,5,RECOMPUTE,200,10,42,42,0,3033,86552,-5361,510780,-0.010495712439797956,16.888374571247795,0,0,0,0,10,1476,165629.59,201439.42,7.04,1,af880812119501bc53a7d76701c2d07d401ce5c6bd70a7776b75b865b8e06e3c
pur-s-93,official,5,ONE_BLOCKER,200,12,42,42,0,12,359,-4165,510780,-0.008154195544069855,16.93472976123081,12,0,0,0,0,1,213.7,662.87,6.19,1,f048aea268320750c46527b1026b87ac8c9d30c4a914e8116f26963efbac224b
pur-s-93,official,5,SINGLE,200,12,42,42,0,12,359,-4165,510780,-0.008154195544069855,16.93472976123081,12,0,0,0,0,1,194.26,642.51,5.15,1,f048aea268320750c46527b1026b87ac8c9d30c4a914e8116f26963efbac224b
pur-s-93,official,5,TBR_B4,200,12,42,42,0,12,359,-4165,510780,-0.008154195544069855,16.93472976123081,12,0,0,0,0,1,195.62,649.47,5.46,1,f048aea268320750c46527b1026b87ac8c9d30c4a914e8116f26963efbac224b
pur-s-93,official,5,TBR_B16,200,12,42,42,0,12,359,-4165,510780,-0.008154195544069855,16.93472976123081,12,0,0,0,0,1,207.78,656.63,5.5,1,f048aea268320750c46527b1026b87ac8c9d30c4a914e8116f26963efbac224b
pur-s-93,tight,6,TBR_B32,200,14,34,34,0,15,610,-4316,505352,-0.008540581614399467,16.736754470678346,13,1,0,0,0,2,139.38,386.18,6.71,1,76ad8a9346a192958730a81ff5d00824aa98039f5984ac5555ad80a701f11309
pur-s-93,tight,6,TBR_B4,200,14,34,34,0,15,610,-4316,505352,-0.008540581614399467,16.736754470678346,13,1,0,0,0,2,116.63,368.27,5.33,1,76ad8a9346a192958730a81ff5d00824aa98039f5984ac5555ad80a701f11309
pur-s-93,tight,6,TBR_B16,200,14,34,34,0,15,610,-4316,505352,-0.008540581614399467,16.736754470678346,13,1,0,0,0,2,117.83,380.86,5.61,1,76ad8a9346a192958730a81ff5d00824aa98039f5984ac5555ad80a701f11309
pur-s-93,tight,6,SINGLE,200,14,34,35,1,14,583,-4428,505352,-0.008762209311529389,16.733024742748675,13,0,0,1,0,1,103.34,186.73,5.71,1,9ca74677521c42792202f97b8b4469166f0e07b6091e427de52e3a9ae2de4a03
pur-s-93,tight,6,TBR_B2,200,14,34,34,0,15,610,-4316,505352,-0.008540581614399467,16.736754470678346,13,1,0,0,0,2,118.72,395.3,5.79,1,76ad8a9346a192958730a81ff5d00824aa98039f5984ac5555ad80a701f11309
pur-s-93,tight,6,TBR_NOPROX,200,14,34,34,0,15,610,-2897,505352,-0.00573263784451234,16.78400879150155,13,1,0,0,0,2,50.53,112.42,6.21,1,4e66b80992aaa8d7d0c993d8a6cbbbfd33a2414f0d5af4f2a769432860f72a16
pur-s-93,tight,6,TBR_NOT2,200,14,34,35,1,14,583,-4428,505352,-0.008762209311529389,16.733024742748675,13,0,0,1,0,1,118.43,980.34,6.12,1,9ca74677521c42792202f97b8b4469166f0e07b6091e427de52e3a9ae2de4a03
pur-s-93,tight,6,ONE_BLOCKER,200,14,34,34,0,15,610,-4316,505352,-0.008540581614399467,16.736754470678346,13,1,0,0,0,2,123.05,365.89,5.69,1,76ad8a9346a192958730a81ff5d00824aa98039f5984ac5555ad80a701f11309
pur-s-93,tight,6,TBR,200,14,34,34,0,15,610,-4316,505352,-0.008540581614399467,16.736754470678346,13,1,0,0,0,2,114.99,365.34,5.75,1,76ad8a9346a192958730a81ff5d00824aa98039f5984ac5555ad80a701f11309
pur-s-93,tight,6,RECOMPUTE,200,10,34,34,0,2999,78172,1140,505352,0.002255853345786699,16.922907855739453,0,0,0,0,10,1116,156537.88,188495.25,6.46,1,e7de834df52eb09ee4d760d9682b5300d9d1764818cfd6a116ffc5e87e3a3194
pur-s-93,official,6,TBR_B32,200,14,42,42,0,14,583,-5255,505352,-0.010398692396586933,16.705484698125147,14,0,0,0,0,1,186.52,604.46,6.77,1,84724585bcccb32f5252d74fe3be4672aa7094ec5c449629c6981851f4d42ba6
pur-s-93,official,6,TBR_B4,200,14,42,42,0,14,583,-5255,505352,-0.010398692396586933,16.705484698125147,14,0,0,0,0,1,186.79,660.6,5.97,1,84724585bcccb32f5252d74fe3be4672aa7094ec5c449629c6981851f4d42ba6
pur-s-93,official,6,TBR_B16,200,14,42,42,0,14,583,-5255,505352,-0.010398692396586933,16.705484698125147,14,0,0,0,0,1,189.5,686.56,6.46,1,84724585bcccb32f5252d74fe3be4672aa7094ec5c449629c6981851f4d42ba6
pur-s-93,official,6,SINGLE,200,14,42,42,0,14,583,-5255,505352,-0.010398692396586933,16.705484698125147,14,0,0,0,0,1,185.14,601.0,5.67,1,84724585bcccb32f5252d74fe3be4672aa7094ec5c449629c6981851f4d42ba6
pur-s-93,official,6,TBR_B2,200,14,42,42,0,14,583,-5255,505352,-0.010398692396586933,16.705484698125147,14,0,0,0,0,1,187.61,615.86,6.28,1,84724585bcccb32f5252d74fe3be4672aa7094ec5c449629c6981851f4d42ba6
pur-s-93,official,6,TBR_NOPROX,200,14,42,42,0,14,583,-3136,505352,-0.006205575519637797,16.776049818508774,14,0,0,0,0,1,53.83,80.9,5.62,1,2e5137b2622972c7397d27f82287aa9596a32c742491e21a898359bd796bfe3a
pur-s-93,official,6,TBR_NOT2,200,14,42,42,0,14,583,-5255,505352,-0.010398692396586933,16.705484698125147,14,0,0,0,0,1,173.31,601.24,5.21,1,84724585bcccb32f5252d74fe3be4672aa7094ec5c449629c6981851f4d42ba6
pur-s-93,official,6,ONE_BLOCKER,200,14,42,42,0,14,583,-5255,505352,-0.010398692396586933,16.705484698125147,14,0,0,0,0,1,190.18,642.4,5.6,1,84724585bcccb32f5252d74fe3be4672aa7094ec5c449629c6981851f4d42ba6
pur-s-93,official,6,TBR,200,14,42,42,0,14,583,-5255,505352,-0.010398692396586933,16.705484698125147,14,0,0,0,0,1,182.28,657.67,6.36,1,84724585bcccb32f5252d74fe3be4672aa7094ec5c449629c6981851f4d42ba6
pur-s-93,official,6,RECOMPUTE,200,10,42,42,0,2999,78172,1140,505352,0.002255853345786699,16.922907855739453,0,0,0,0,10,1116,159626.55,193496.34,6.82,1,4ea9346c3e9c4e8db15c287be747a412c32222996711274906d0cf8d74df731b
pur-s-93,tight,7,TBR,200,12,34,35,1,12,827,-7365,502468,-0.014657649840387846,16.545372806287254,11,0,0,1,0,1,187.08,1751.22,6.81,1,060dda17609a56861282889ffe4bdfc3080a4ff99c329751d372f4e40ce635a3
pur-s-93,tight,7,TBR_B2,200,12,34,35,1,12,827,-7365,502468,-0.014657649840387846,16.545372806287254,11,0,0,1,0,1,176.65,579.17,6.18,1,060dda17609a56861282889ffe4bdfc3080a4ff99c329751d372f4e40ce635a3
pur-s-93,tight,7,TBR_NOT2,200,12,34,35,1,12,827,-7365,502468,-0.014657649840387846,16.545372806287254,11,0,0,1,0,1,190.01,1404.68,6.12,1,060dda17609a56861282889ffe4bdfc3080a4ff99c329751d372f4e40ce635a3
pur-s-93,tight,7,RECOMPUTE,200,11,34,34,0,5562,177116,-13251,502468,-0.026371828653765014,16.350094908255354,0,0,0,0,11,1661,164666.26,200668.07,7.11,1,d1da933e711f27ab87127a1d5006db36d6f75932e0134d1a815a17b48571ac01
pur-s-93,tight,7,TBR_B4,200,12,34,35,1,12,827,-7365,502468,-0.014657649840387846,16.545372806287254,11,0,0,1,0,1,184.54,1187.57,6.79,1,060dda17609a56861282889ffe4bdfc3080a4ff99c329751d372f4e40ce635a3
pur-s-93,tight,7,SINGLE,200,12,34,35,1,12,827,-7365,502468,-0.014657649840387846,16.545372806287254,11,0,0,1,0,1,137.74,472.91,5.99,1,060dda17609a56861282889ffe4bdfc3080a4ff99c329751d372f4e40ce635a3
pur-s-93,tight,7,TBR_B16,200,12,34,35,1,12,827,-7365,502468,-0.014657649840387846,16.545372806287254,11,0,0,1,0,1,170.56,2880.14,5.79,1,060dda17609a56861282889ffe4bdfc3080a4ff99c329751d372f4e40ce635a3
pur-s-93,tight,7,ONE_BLOCKER,200,12,34,35,1,12,827,-7365,502468,-0.014657649840387846,16.545372806287254,11,0,0,1,0,1,147.77,464.53,5.15,1,060dda17609a56861282889ffe4bdfc3080a4ff99c329751d372f4e40ce635a3
pur-s-93,tight,7,TBR_B32,200,12,34,35,1,12,827,-7365,502468,-0.014657649840387846,16.545372806287254,11,0,0,1,0,1,144.35,6323.59,5.6,1,060dda17609a56861282889ffe4bdfc3080a4ff99c329751d372f4e40ce635a3
pur-s-93,tight,7,TBR_NOPROX,200,12,34,35,1,12,827,-5484,502468,-0.010914127864859055,16.60801225482034,11,0,0,1,0,1,48.1,947.78,4.51,1,c25e1f1cae47a8d61a10cddd014ce9bc69a30e1bc4b42d1c35a42f6c18b6f5dc
pur-s-93,official,7,TBR,200,12,42,42,0,12,827,-8146,502468,-0.0162119776781805,16.519364614206268,12,0,0,0,0,1,352.7,548.95,5.69,1,9209c85d55ef6e50787baefece41a9ff8653cc9bc14b6f57d0337a2ea5b554d4
pur-s-93,official,7,TBR_B2,200,12,42,42,0,12,827,-8146,502468,-0.0162119776781805,16.519364614206268,12,0,0,0,0,1,355.46,515.38,5.24,1,9209c85d55ef6e50787baefece41a9ff8653cc9bc14b6f57d0337a2ea5b554d4
pur-s-93,official,7,TBR_NOT2,200,12,42,42,0,12,827,-8146,502468,-0.0162119776781805,16.519364614206268,12,0,0,0,0,1,337.33,494.36,4.74,1,9209c85d55ef6e50787baefece41a9ff8653cc9bc14b6f57d0337a2ea5b554d4
pur-s-93,official,7,RECOMPUTE,200,11,42,42,0,5562,177116,-13251,502468,-0.026371828653765014,16.350094908255354,0,0,0,0,11,1661,162178.99,201456.04,6.9,1,850b4beb38eecc19b63c669fd94af779c65b5c4e2e096939854e168df51e1722
pur-s-93,official,7,TBR_B4,200,12,42,42,0,12,827,-8146,502468,-0.0162119776781805,16.519364614206268,12,0,0,0,0,1,456.23,602.41,6.63,1,9209c85d55ef6e50787baefece41a9ff8653cc9bc14b6f57d0337a2ea5b554d4
pur-s-93,official,7,SINGLE,200,12,42,42,0,12,827,-8146,502468,-0.0162119776781805,16.519364614206268,12,0,0,0,0,1,417.13,622.17,6.22,1,9209c85d55ef6e50787baefece41a9ff8653cc9bc14b6f57d0337a2ea5b554d4
pur-s-93,official,7,TBR_B16,200,12,42,42,0,12,827,-8146,502468,-0.0162119776781805,16.519364614206268,12,0,0,0,0,1,455.67,599.27,6.37,1,9209c85d55ef6e50787baefece41a9ff8653cc9bc14b6f57d0337a2ea5b554d4
pur-s-93,official,7,ONE_BLOCKER,200,12,42,42,0,12,827,-8146,502468,-0.0162119776781805,16.519364614206268,12,0,0,0,0,1,418.22,603.56,6.04,1,9209c85d55ef6e50787baefece41a9ff8653cc9bc14b6f57d0337a2ea5b554d4
pur-s-93,official,7,TBR_B32,200,12,42,42,0,12,827,-8146,502468,-0.0162119776781805,16.519364614206268,12,0,0,0,0,1,414.94,696.47,6.94,1,9209c85d55ef6e50787baefece41a9ff8653cc9bc14b6f57d0337a2ea5b554d4
pur-s-93,official,7,TBR_NOPROX,200,12,42,42,0,12,827,-5484,502468,-0.010914127864859055,16.60801225482034,12,0,0,0,0,1,59.35,105.96,5.71,1,11dd9555fdab979b283830654626a42927b51809f62e6f3afbbd78c9b20a69d0
pur-s-93,tight,8,SINGLE,200,11,34,35,1,11,1031,-7877,514120,-0.015321325760522836,16.915748110160177,10,0,0,1,0,1,105.19,261.81,6.12,1,6ba3cf7da4958178186bd81bc2442d5bfa1ef4736981923ebae68470d9fd0283
pur-s-93,tight,8,RECOMPUTE,200,9,34,34,0,4203,118946,-6209,514120,-0.012076947016260796,16.96833061374005,0,0,0,0,9,1467,159283.96,190865.46,6.7,1,89288d3345db686a5102b72002a3ee5d04cf0bea21486a2f1c2bd75ca0ce4d45
pur-s-93,tight,8,TBR_NOPROX,200,11,34,35,1,11,1031,-6534,514120,-0.012709095152882596,16.960471544173966,10,0,0,1,0,1,49.49,1614.93,6.54,1,3a5f05dcc37ebb5ef9a01b24b8f2bc2657ae341237c3a91695d2f9d76867d8d2
pur-s-93,tight,8,TBR,200,11,34,35,1,11,1031,-7877,514120,-0.015321325760522836,16.915748110160177,10,0,0,1,0,1,111.75,2148.78,6.21,1,6ba3cf7da4958178186bd81bc2442d5bfa1ef4736981923ebae68470d9fd0283
pur-s-93,tight,8,TBR_NOT2,200,11,34,35,1,11,1031,-7877,514120,-0.015321325760522836,16.915748110160177,10,0,0,1,0,1,108.1,1676.24,5.96,1,6ba3cf7da4958178186bd81bc2442d5bfa1ef4736981923ebae68470d9fd0283
pur-s-93,tight,8,TBR_B2,200,11,34,35,1,11,1031,-7877,514120,-0.015321325760522836,16.915748110160177,10,0,0,1,0,1,137.12,624.78,6.0,1,6ba3cf7da4958178186bd81bc2442d5bfa1ef4736981923ebae68470d9fd0283
pur-s-93,tight,8,TBR_B32,200,11,34,35,1,11,1031,-7877,514120,-0.015321325760522836,16.915748110160177,10,0,0,1,0,1,104.46,7790.5,6.36,1,6ba3cf7da4958178186bd81bc2442d5bfa1ef4736981923ebae68470d9fd0283
pur-s-93,tight,8,TBR_B16,200,11,34,35,1,11,1031,-7877,514120,-0.015321325760522836,16.915748110160177,10,0,0,1,0,1,119.44,3182.14,6.38,1,6ba3cf7da4958178186bd81bc2442d5bfa1ef4736981923ebae68470d9fd0283
pur-s-93,tight,8,TBR_B4,200,11,34,35,1,11,1031,-7877,514120,-0.015321325760522836,16.915748110160177,10,0,0,1,0,1,103.82,1400.5,6.12,1,6ba3cf7da4958178186bd81bc2442d5bfa1ef4736981923ebae68470d9fd0283
pur-s-93,tight,8,ONE_BLOCKER,200,11,34,35,1,11,1031,-7877,514120,-0.015321325760522836,16.915748110160177,10,0,0,1,0,1,106.06,612.97,5.23,1,6ba3cf7da4958178186bd81bc2442d5bfa1ef4736981923ebae68470d9fd0283
pur-s-93,official,8,SINGLE,200,11,42,42,0,11,1031,-8472,514120,-0.016478643118338132,16.8958007259649,11,0,0,0,0,1,327.63,648.27,6.62,1,8204c83ec17237fee54470ab85c1cfabb6ec73db487d27f53a08e525fdb332f2
pur-s-93,official,8,RECOMPUTE,200,9,42,42,0,4203,118946,-6209,514120,-0.012076947016260796,16.96833061374005,0,0,0,0,9,1467,177025.5,207177.59,6.74,1,537bcf39834a215f9d740e962fd71d7bb47f60123b5195fa07b382760b010cbf
pur-s-93,official,8,TBR_NOPROX,200,11,42,42,0,11,1031,-6534,514120,-0.012709095152882596,16.960471544173966,11,0,0,0,0,1,50.33,97.37,5.58,1,429e3ab6a33a45fd06c43a7fc1bfbadfdea8fea3272662b001e5a663327192fa
pur-s-93,official,8,TBR,200,11,42,42,0,11,1031,-8472,514120,-0.016478643118338132,16.8958007259649,11,0,0,0,0,1,269.47,507.14,4.86,1,8204c83ec17237fee54470ab85c1cfabb6ec73db487d27f53a08e525fdb332f2
pur-s-93,official,8,TBR_NOT2,200,11,42,42,0,11,1031,-8472,514120,-0.016478643118338132,16.8958007259649,11,0,0,0,0,1,258.96,538.56,4.97,1,8204c83ec17237fee54470ab85c1cfabb6ec73db487d27f53a08e525fdb332f2
pur-s-93,official,8,TBR_B2,200,11,42,42,0,11,1031,-8472,514120,-0.016478643118338132,16.8958007259649,11,0,0,0,0,1,352.49,614.31,5.84,1,8204c83ec17237fee54470ab85c1cfabb6ec73db487d27f53a08e525fdb332f2
pur-s-93,official,8,TBR_B32,200,11,42,42,0,11,1031,-8472,514120,-0.016478643118338132,16.8958007259649,11,0,0,0,0,1,373.6,615.18,6.31,1,8204c83ec17237fee54470ab85c1cfabb6ec73db487d27f53a08e525fdb332f2
pur-s-93,official,8,TBR_B16,200,11,42,42,0,11,1031,-8472,514120,-0.016478643118338132,16.8958007259649,11,0,0,0,0,1,326.91,630.12,5.92,1,8204c83ec17237fee54470ab85c1cfabb6ec73db487d27f53a08e525fdb332f2
pur-s-93,official,8,TBR_B4,200,11,42,42,0,11,1031,-8472,514120,-0.016478643118338132,16.8958007259649,11,0,0,0,0,1,288.66,532.36,5.38,1,8204c83ec17237fee54470ab85c1cfabb6ec73db487d27f53a08e525fdb332f2
pur-s-93,official,8,ONE_BLOCKER,200,11,42,42,0,11,1031,-8472,514120,-0.016478643118338132,16.8958007259649,11,0,0,0,0,1,299.93,559.34,5.32,1,8204c83ec17237fee54470ab85c1cfabb6ec73db487d27f53a08e525fdb332f2
pur-s-93,tight,9,TBR_B4,200,11,34,35,1,11,305,-2491,497430,-0.0050077397824819575,16.544939891438275,10,0,0,1,0,1,97.21,861.97,6.58,1,954748ec50c044aa6b839b1bc860b6822a546f85007c6da1b4c7aa18c12a08b7
pur-s-93,tight,9,ONE_BLOCKER,200,11,34,35,1,11,305,-2491,497430,-0.0050077397824819575,16.544939891438275,10,0,0,1,0,1,88.44,347.79,5.65,1,954748ec50c044aa6b839b1bc860b6822a546f85007c6da1b4c7aa18c12a08b7
pur-s-93,tight,9,SINGLE,200,11,34,35,1,11,305,-2491,497430,-0.0050077397824819575,16.544939891438275,10,0,0,1,0,1,88.64,153.92,5.13,1,954748ec50c044aa6b839b1bc860b6822a546f85007c6da1b4c7aa18c12a08b7
pur-s-93,tight,9,TBR_NOPROX,200,11,34,34,0,12,398,-945,497430,-0.001899764791025873,16.596423457324587,10,1,0,0,0,2,44.27,106.92,4.69,1,898fc81b98e163db5ba5c3f872fa680de9986e0fc2ae4351638f33818263cb5b
pur-s-93,tight,9,TBR_B16,200,11,34,35,1,11,305,-2491,497430,-0.0050077397824819575,16.544939891438275,10,0,0,1,0,1,84.24,2275.99,5.23,1,954748ec50c044aa6b839b1bc860b6822a546f85007c6da1b4c7aa18c12a08b7
pur-s-93,tight,9,TBR_B2,200,11,34,35,1,11,305,-2491,497430,-0.0050077397824819575,16.544939891438275,10,0,0,1,0,1,89.24,357.61,5.67,1,954748ec50c044aa6b839b1bc860b6822a546f85007c6da1b4c7aa18c12a08b7
pur-s-93,tight,9,TBR,200,11,34,35,1,11,305,-2491,497430,-0.0050077397824819575,16.544939891438275,10,0,0,1,0,1,88.67,1332.53,5.85,1,954748ec50c044aa6b839b1bc860b6822a546f85007c6da1b4c7aa18c12a08b7
pur-s-93,tight,9,TBR_B32,200,11,34,35,1,11,305,-2491,497430,-0.0050077397824819575,16.544939891438275,10,0,0,1,0,1,90.85,5454.67,5.49,1,954748ec50c044aa6b839b1bc860b6822a546f85007c6da1b4c7aa18c12a08b7
pur-s-93,tight,9,RECOMPUTE,200,14,34,34,0,3565,88520,7904,497430,0.015889672918802646,16.889640014652503,0,0,0,0,14,1102,142695.08,164552.68,6.11,1,6b771748bcfd8bdf428eb286860b14702ac472c7bff55eb8e5ef9c8a3e7a8b86
pur-s-93,tight,9,TBR_NOT2,200,11,34,35,1,11,305,-2491,497430,-0.0050077397824819575,16.544939891438275,10,0,0,1,0,1,112.92,1348.18,6.68,1,954748ec50c044aa6b839b1bc860b6822a546f85007c6da1b4c7aa18c12a08b7
pur-s-93,official,9,TBR_B4,200,11,42,42,0,11,305,-2752,497430,-0.005532436724765294,16.53624829331646,11,0,0,0,0,1,271.63,674.14,6.28,1,0e958a33a871090cc3ada87b21c905d622aac0dcc9ba486035018173c1cfceb0
pur-s-93,official,9,ONE_BLOCKER,200,11,42,42,0,11,305,-2752,497430,-0.005532436724765294,16.53624829331646,11,0,0,0,0,1,280.72,641.43,5.85,1,0e958a33a871090cc3ada87b21c905d622aac0dcc9ba486035018173c1cfceb0
pur-s-93,official,9,SINGLE,200,11,42,42,0,11,305,-2752,497430,-0.005532436724765294,16.53624829331646,11,0,0,0,0,1,284.53,642.74,5.42,1,0e958a33a871090cc3ada87b21c905d622aac0dcc9ba486035018173c1cfceb0
pur-s-93,official,9,TBR_NOPROX,200,11,42,42,0,11,305,-992,497430,-0.0019942504472991174,16.594858303639814,11,0,0,0,0,1,48.19,62.48,4.81,1,bda673dc612318b8c5fae73e05e9174bbd0d84ea2e8ca25558ac6f363069ab7e
pur-s-93,official,9,TBR_B16,200,11,42,42,0,11,305,-2752,497430,-0.005532436724765294,16.53624829331646,11,0,0,0,0,1,260.38,593.88,4.75,1,0e958a33a871090cc3ada87b21c905d622aac0dcc9ba486035018173c1cfceb0
pur-s-93,official,9,TBR_B2,200,11,42,42,0,11,305,-2752,497430,-0.005532436724765294,16.53624829331646,11,0,0,0,0,1,242.6,575.0,4.84,1,0e958a33a871090cc3ada87b21c905d622aac0dcc9ba486035018173c1cfceb0
pur-s-93,official,9,TBR,200,11,42,42,0,11,305,-2752,497430,-0.005532436724765294,16.53624829331646,11,0,0,0,0,1,247.08,609.28,5.26,1,0e958a33a871090cc3ada87b21c905d622aac0dcc9ba486035018173c1cfceb0
pur-s-93,official,9,TBR_B32,200,11,42,42,0,11,305,-2752,497430,-0.005532436724765294,16.53624829331646,11,0,0,0,0,1,238.25,598.08,5.29,1,0e958a33a871090cc3ada87b21c905d622aac0dcc9ba486035018173c1cfceb0
pur-s-93,official,9,RECOMPUTE,200,14,42,42,0,3565,88520,7904,497430,0.015889672918802646,16.889640014652503,0,0,0,0,14,1102,139169.9,164481.53,6.04,1,b23a818588f2b1943ff37391f225b2264d2f00c4f2e257c6d1e89402a6480906
pur-s-93,official,9,TBR_NOT2,200,11,42,42,0,11,305,-2752,497430,-0.005532436724765294,16.53624829331646,11,0,0,0,0,1,248.62,591.97,5.33,1,0e958a33a871090cc3ada87b21c905d622aac0dcc9ba486035018173c1cfceb0
rye-s-93,tight,0,RECOMPUTE,200,1,22,22,0,8,318,-1020,364006,-0.002802151612885502,31.918575285204216,0,0,0,0,1,8,9763.27,9763.27,3.54,1,3c58ed7646721da2010bf709227054090db2290e3143fd7d82bb9237ee4c6bbb
rye-s-93,tight,0,ONE_BLOCKER,200,1,22,22,0,1,42,-731,364006,-0.0020082086559012765,31.94383000957938,1,0,0,0,0,1,188.58,188.58,4.25,1,52cdff231b29af918dc2092a375554cca9f6833db3f84fb9e8f53bff57dbf4b9
rye-s-93,tight,0,SINGLE,200,1,22,22,0,1,42,-731,364006,-0.0020082086559012765,31.94383000957938,1,0,0,0,0,1,184.12,184.12,4.19,1,52cdff231b29af918dc2092a375554cca9f6833db3f84fb9e8f53bff57dbf4b9
rye-s-93,tight,0,TBR_B16,200,1,22,22,0,1,42,-731,364006,-0.0020082086559012765,31.94383000957938,1,0,0,0,0,1,219.14,219.14,4.16,1,52cdff231b29af918dc2092a375554cca9f6833db3f84fb9e8f53bff57dbf4b9
rye-s-93,tight,0,TBR_B2,200,1,22,22,0,1,42,-731,364006,-0.0020082086559012765,31.94383000957938,1,0,0,0,0,1,181.49,181.49,4.26,1,52cdff231b29af918dc2092a375554cca9f6833db3f84fb9e8f53bff57dbf4b9
rye-s-93,tight,0,TBR_B4,200,1,22,22,0,1,42,-731,364006,-0.0020082086559012765,31.94383000957938,1,0,0,0,0,1,216.12,216.12,4.95,1,52cdff231b29af918dc2092a375554cca9f6833db3f84fb9e8f53bff57dbf4b9
rye-s-93,tight,0,TBR_NOT2,200,1,22,22,0,1,42,-731,364006,-0.0020082086559012765,31.94383000957938,1,0,0,0,0,1,242.47,242.47,4.78,1,52cdff231b29af918dc2092a375554cca9f6833db3f84fb9e8f53bff57dbf4b9
rye-s-93,tight,0,TBR,200,1,22,22,0,1,42,-731,364006,-0.0020082086559012765,31.94383000957938,1,0,0,0,0,1,201.43,201.43,4.54,1,52cdff231b29af918dc2092a375554cca9f6833db3f84fb9e8f53bff57dbf4b9
rye-s-93,tight,0,TBR_NOPROX,200,1,22,22,0,1,42,-624,364006,-0.0017142574572946599,31.953148132021248,1,0,0,0,0,1,46.69,46.69,4.59,1,87ea67c9c009e7f65e6ea1799ec2ea2dbe3754ed7ddce49d6fb0cbf35752b002
rye-s-93,tight,0,TBR_B32,200,1,22,22,0,1,42,-731,364006,-0.0020082086559012765,31.94383000957938,1,0,0,0,0,1,198.76,198.76,4.62,1,52cdff231b29af918dc2092a375554cca9f6833db3f84fb9e8f53bff57dbf4b9
rye-s-93,official,0,RECOMPUTE,200,1,23,23,0,8,318,-1020,364006,-0.002802151612885502,31.918575285204216,0,0,0,0,1,8,9575.49,9575.49,3.77,1,e1254721a0e4b12cbab57e4f7dd4de5b289a3ede7301fb79124cd89e15ff14a9
rye-s-93,official,0,ONE_BLOCKER,200,1,23,23,0,1,42,-731,364006,-0.0020082086559012765,31.94383000957938,1,0,0,0,0,1,187.02,187.02,4.41,1,0b6011da224c9022778cbdd77c5403d658f5d693c9175d88a2242c4f3b3ea07d
rye-s-93,official,0,SINGLE,200,1,23,23,0,1,42,-731,364006,-0.0020082086559012765,31.94383000957938,1,0,0,0,0,1,215.01,215.01,4.47,1,0b6011da224c9022778cbdd77c5403d658f5d693c9175d88a2242c4f3b3ea07d
rye-s-93,official,0,TBR_B16,200,1,23,23,0,1,42,-731,364006,-0.0020082086559012765,31.94383000957938,1,0,0,0,0,1,218.01,218.01,4.55,1,0b6011da224c9022778cbdd77c5403d658f5d693c9175d88a2242c4f3b3ea07d
rye-s-93,official,0,TBR_B2,200,1,23,23,0,1,42,-731,364006,-0.0020082086559012765,31.94383000957938,1,0,0,0,0,1,208.51,208.51,4.47,1,0b6011da224c9022778cbdd77c5403d658f5d693c9175d88a2242c4f3b3ea07d
rye-s-93,official,0,TBR_B4,200,1,23,23,0,1,42,-731,364006,-0.0020082086559012765,31.94383000957938,1,0,0,0,0,1,203.38,203.38,4.87,1,0b6011da224c9022778cbdd77c5403d658f5d693c9175d88a2242c4f3b3ea07d
rye-s-93,official,0,TBR_NOT2,200,1,23,23,0,1,42,-731,364006,-0.0020082086559012765,31.94383000957938,1,0,0,0,0,1,200.84,200.84,4.59,1,0b6011da224c9022778cbdd77c5403d658f5d693c9175d88a2242c4f3b3ea07d
rye-s-93,official,0,TBR,200,1,23,23,0,1,42,-731,364006,-0.0020082086559012765,31.94383000957938,1,0,0,0,0,1,208.42,208.42,4.36,1,0b6011da224c9022778cbdd77c5403d658f5d693c9175d88a2242c4f3b3ea07d
rye-s-93,official,0,TBR_NOPROX,200,1,23,23,0,1,42,-624,364006,-0.0017142574572946599,31.953148132021248,1,0,0,0,0,1,47.75,47.75,4.56,1,70947900d714fee6c2d6d8ddb54decdc5303a8a8057c9d1e023e4141de06db2e
rye-s-93,official,0,TBR_B32,200,1,23,23,0,1,42,-731,364006,-0.0020082086559012765,31.94383000957938,1,0,0,0,0,1,222.54,222.54,5.05,1,0b6011da224c9022778cbdd77c5403d658f5d693c9175d88a2242c4f3b3ea07d
rye-s-93,tight,1,TBR_B32,200,2,22,22,0,2,102,-2708,369306,-0.007332672634617363,32.24096490464164,2,0,0,0,0,1,154.89,240.72,4.85,1,b1e3f2bcec5a9febdc1daa093056c77538532ad9f0c458a1e4315d79c4584c4f
rye-s-93,tight,1,TBR_B4,200,2,22,22,0,2,102,-2708,369306,-0.007332672634617363,32.24096490464164,2,0,0,0,0,1,148.36,232.97,4.67,1,b1e3f2bcec5a9febdc1daa093056c77538532ad9f0c458a1e4315d79c4584c4f
rye-s-93,tight,1,ONE_BLOCKER,200,2,22,22,0,2,102,-2708,369306,-0.007332672634617363,32.24096490464164,2,0,0,0,0,1,137.53,207.16,4.66,1,b1e3f2bcec5a9febdc1daa093056c77538532ad9f0c458a1e4315d79c4584c4f
rye-s-93,tight,1,TBR,200,2,22,22,0,2,102,-2708,369306,-0.007332672634617363,32.24096490464164,2,0,0,0,0,1,157.5,235.85,4.59,1,b1e3f2bcec5a9febdc1daa093056c77538532ad9f0c458a1e4315d79c4584c4f
rye-s-93,tight,1,TBR_B2,200,2,22,22,0,2,102,-2708,369306,-0.007332672634617363,32.24096490464164,2,0,0,0,0,1,144.17,225.63,4.75,1,b1e3f2bcec5a9febdc1daa093056c77538532ad9f0c458a1e4315d79c4584c4f
rye-s-93,tight,1,TBR_NOPROX,200,2,22,22,0,2,102,-234,369306,-0.0006336208997416776,32.45780719324218,2,0,0,0,0,1,46.74,49.26,4.39,1,6d0cea810e3f8742c20d75931bf76ed9bf427e9e51d4f8152a7e0ce6d041d5a9
rye-s-93,tight,1,RECOMPUTE,200,2,22,22,0,34,1711,-773,369306,-0.0020931151944457984,32.40964904641644,0,0,0,0,2,30,12975.4,16538.2,3.74,1,5479fdf8f9b8ec636cbbb0a7468fe25415771f5b7358dfa53fe34f6eb4dd58aa
rye-s-93,tight,1,TBR_B16,200,2,22,22,0,2,102,-2708,369306,-0.007332672634617363,32.24096490464164,2,0,0,0,0,1,137.28,198.79,4.56,1,b1e3f2bcec5a9febdc1daa093056c77538532ad9f0c458a1e4315d79c4584c4f
rye-s-93,tight,1,SINGLE,200,2,22,22,0,2,102,-2708,369306,-0.007332672634617363,32.24096490464164,2,0,0,0,0,1,134.35,206.69,4.39,1,b1e3f2bcec5a9febdc1daa093056c77538532ad9f0c458a1e4315d79c4584c4f
rye-s-93,tight,1,TBR_NOT2,200,2,22,22,0,2,102,-2708,369306,-0.007332672634617363,32.24096490464164,2,0,0,0,0,1,137.61,212.27,4.54,1,b1e3f2bcec5a9febdc1daa093056c77538532ad9f0c458a1e4315d79c4584c4f
rye-s-93,official,1,TBR_B32,200,2,23,23,0,2,102,-2721,369306,-0.0073678737957141235,32.23983279630759,2,0,0,0,0,1,240.75,262.87,5.09,1,3bc22375ef412e18fb518933e57cbb4bf727d5a91a1004b1c0542b19c4b1e81d
rye-s-93,official,1,TBR_B4,200,2,23,23,0,2,102,-2721,369306,-0.0073678737957141235,32.23983279630759,2,0,0,0,0,1,268.23,278.43,4.8,1,3bc22375ef412e18fb518933e57cbb4bf727d5a91a1004b1c0542b19c4b1e81d
rye-s-93,official,1,ONE_BLOCKER,200,2,23,23,0,2,102,-2721,369306,-0.0073678737957141235,32.23983279630759,2,0,0,0,0,1,251.35,267.58,4.61,1,3bc22375ef412e18fb518933e57cbb4bf727d5a91a1004b1c0542b19c4b1e81d
rye-s-93,official,1,TBR,200,2,23,23,0,2,102,-2721,369306,-0.0073678737957141235,32.23983279630759,2,0,0,0,0,1,256.09,271.93,4.79,1,3bc22375ef412e18fb518933e57cbb4bf727d5a91a1004b1c0542b19c4b1e81d
rye-s-93,official,1,TBR_B2,200,2,23,23,0,2,102,-2721,369306,-0.0073678737957141235,32.23983279630759,2,0,0,0,0,1,238.61,256.15,5.04,1,3bc22375ef412e18fb518933e57cbb4bf727d5a91a1004b1c0542b19c4b1e81d
rye-s-93,official,1,TBR_NOPROX,200,2,23,23,0,2,102,-234,369306,-0.0006336208997416776,32.45780719324218,2,0,0,0,0,1,53.5,58.58,4.69,1,d2780f907e0e10b984ac421412eac3a24a14c978af3074358318aff5f9666e41
rye-s-93,official,1,RECOMPUTE,200,2,23,23,0,34,1711,-773,369306,-0.0020931151944457984,32.40964904641644,0,0,0,0,2,30,11899.5,14388.58,3.74,1,e15d71335dff452284c1b6e6576f3c22104e8c9b4d234977cfac6ac3ff8a56c1
rye-s-93,official,1,TBR_B16,200,2,23,23,0,2,102,-2721,369306,-0.0073678737957141235,32.23983279630759,2,0,0,0,0,1,230.22,254.87,4.67,1,3bc22375ef412e18fb518933e57cbb4bf727d5a91a1004b1c0542b19c4b1e81d
rye-s-93,official,1,SINGLE,200,2,23,23,0,2,102,-2721,369306,-0.0073678737957141235,32.23983279630759,2,0,0,0,0,1,251.92,279.08,4.42,1,3bc22375ef412e18fb518933e57cbb4bf727d5a91a1004b1c0542b19c4b1e81d
rye-s-93,official,1,TBR_NOT2,200,2,23,23,0,2,102,-2721,369306,-0.0073678737957141235,32.23983279630759,2,0,0,0,0,1,268.47,283.8,4.41,1,3bc22375ef412e18fb518933e57cbb4bf727d5a91a1004b1c0542b19c4b1e81d
rye-s-93,tight,2,TBR_B16,200,3,22,22,0,3,81,-1639,366619,-0.004470581175552822,32.085343551336756,3,0,0,0,0,1,69.67,161.04,4.96,1,798cfa2c567b64667b3e38d48e7c7a2362858c7ad9984c6f37bdad186168ee23
rye-s-93,tight,2,TBR_B4,200,3,22,22,0,3,81,-1639,366619,-0.004470581175552822,32.085343551336756,3,0,0,0,0,1,47.46,164.08,5.01,1,798cfa2c567b64667b3e38d48e7c7a2362858c7ad9984c6f37bdad186168ee23
rye-s-93,tight,2,TBR_B32,200,3,22,22,0,3,81,-1639,366619,-0.004470581175552822,32.085343551336756,3,0,0,0,0,1,47.69,163.1,4.84,1,798cfa2c567b64667b3e38d48e7c7a2362858c7ad9984c6f37bdad186168ee23
rye-s-93,tight,2,TBR_NOT2,200,3,22,22,0,3,81,-1639,366619,-0.004470581175552822,32.085343551336756,3,0,0,0,0,1,48.5,162.78,4.41,1,798cfa2c567b64667b3e38d48e7c7a2362858c7ad9984c6f37bdad186168ee23
rye-s-93,tight,2,ONE_BLOCKER,200,3,22,22,0,3,81,-1639,366619,-0.004470581175552822,32.085343551336756,3,0,0,0,0,1,46.76,164.68,4.55,1,798cfa2c567b64667b3e38d48e7c7a2362858c7ad9984c6f37bdad186168ee23
rye-s-93,tight,2,TBR,200,3,22,22,0,3,81,-1639,366619,-0.004470581175552822,32.085343551336756,3,0,0,0,0,1,47.41,151.76,4.4,1,798cfa2c567b64667b3e38d48e7c7a2362858c7ad9984c6f37bdad186168ee23
rye-s-93,tight,2,TBR_NOPROX,200,3,22,22,0,3,81,-707,366619,-0.0019284325144086913,32.16650701036315,3,0,0,0,0,1,35.18,47.3,4.44,1,a0fc773786b3e6caf8fc27a071d1ffe907c7265a5a50efd45e1ff353abafdc5a
rye-s-93,tight,2,SINGLE,200,3,22,22,0,3,81,-1639,366619,-0.004470581175552822,32.085343551336756,3,0,0,0,0,1,62.78,148.24,4.28,1,798cfa2c567b64667b3e38d48e7c7a2362858c7ad9984c6f37bdad186168ee23
rye-s-93,tight,2,RECOMPUTE,200,3,22,22,0,34,2393,2114,366619,0.005766204151994305,32.40964904641644,0,0,0,0,3,13,8606.35,9292.22,3.59,1,ff48a95d56e8b524c4c873952e0c62115cdd9b288e9af741d421f656c5a6ecf2
rye-s-93,tight,2,TBR_B2,200,3,22,22,0,3,81,-1639,366619,-0.004470581175552822,32.085343551336756,3,0,0,0,0,1,44.67,132.48,4.52,1,798cfa2c567b64667b3e38d48e7c7a2362858c7ad9984c6f37bdad186168ee23
rye-s-93,official,2,TBR_B16,200,3,23,23,0,3,81,-1646,366619,-0.004489674566784591,32.0847339545415,3,0,0,0,0,1,167.67,250.84,4.54,1,76117f1274e2ce1551e6efbb83ccfc450d50223c5803c2e6e7dda722d710316c
rye-s-93,official,2,TBR_B4,200,3,23,23,0,3,81,-1646,366619,-0.004489674566784591,32.0847339545415,3,0,0,0,0,1,161.22,243.16,4.55,1,76117f1274e2ce1551e6efbb83ccfc450d50223c5803c2e6e7dda722d710316c
rye-s-93,official,2,TBR_B32,200,3,23,23,0,3,81,-1646,366619,-0.004489674566784591,32.0847339545415,3,0,0,0,0,1,155.47,237.99,4.6,1,76117f1274e2ce1551e6efbb83ccfc450d50223c5803c2e6e7dda722d710316c
rye-s-93,official,2,TBR_NOT2,200,3,23,23,0,3,81,-1646,366619,-0.004489674566784591,32.0847339545415,3,0,0,0,0,1,142.3,251.9,4.37,1,76117f1274e2ce1551e6efbb83ccfc450d50223c5803c2e6e7dda722d710316c
rye-s-93,official,2,ONE_BLOCKER,200,3,23,23,0,3,81,-1646,366619,-0.004489674566784591,32.0847339545415,3,0,0,0,0,1,151.55,263.95,4.2,1,76117f1274e2ce1551e6efbb83ccfc450d50223c5803c2e6e7dda722d710316c
rye-s-93,official,2,TBR,200,3,23,23,0,3,81,-1646,366619,-0.004489674566784591,32.0847339545415,3,0,0,0,0,1,186.12,246.64,4.17,1,76117f1274e2ce1551e6efbb83ccfc450d50223c5803c2e6e7dda722d710316c
rye-s-93,official,2,TBR_NOPROX,200,3,23,23,0,3,81,-707,366619,-0.0019284325144086913,32.16650701036315,3,0,0,0,0,1,46.92,50.48,4.21,1,123f2790997842210a248f737a4fb1014f8e937ae87d8982a86aa3135ccacc7a
rye-s-93,official,2,SINGLE,200,3,23,23,0,3,81,-1646,366619,-0.004489674566784591,32.0847339545415,3,0,0,0,0,1,149.43,232.32,4.22,1,76117f1274e2ce1551e6efbb83ccfc450d50223c5803c2e6e7dda722d710316c
rye-s-93,official,2,RECOMPUTE,200,3,23,23,0,34,2393,2114,366619,0.005766204151994305,32.40964904641644,0,0,0,0,3,13,9071.63,10836.27,3.73,1,67119046b36a0f13e6b7da7337d96d823d134bd1fd4196d830264536938807b2
rye-s-93,official,2,TBR_B2,200,3,23,23,0,3,81,-1646,366619,-0.004489674566784591,32.0847339545415,3,0,0,0,0,1,151.75,291.11,4.76,1,76117f1274e2ce1551e6efbb83ccfc450d50223c5803c2e6e7dda722d710316c
rye-s-93,tight,3,TBR_B16,200,4,22,22,0,4,330,-7699,373850,-0.020593821051223753,32.18148567447531,4,0,0,0,0,1,69.14,144.07,4.57,1,c2132dd8e968a2565691402056c41ec0056064ce1a89fec2a8036b5791449050
rye-s-93,tight,3,TBR_NOPROX,200,4,22,22,0,4,330,-5369,373850,-0.014361374882974455,32.38456849255421,4,0,0,0,0,1,37.03,353.95,4.21,1,dac388f8245a7fe6ed744ed1f9384cdb69fdfa5ed80f902c7b0240590d14af4c
rye-s-93,tight,3,TBR_B4,200,4,22,22,0,4,330,-7699,373850,-0.020593821051223753,32.18148567447531,4,0,0,0,0,1,73.53,456.9,4.58,1,c2132dd8e968a2565691402056c41ec0056064ce1a89fec2a8036b5791449050
rye-s-93,tight,3,ONE_BLOCKER,200,4,22,22,0,4,330,-7699,373850,-0.020593821051223753,32.18148567447531,4,0,0,0,0,1,78.29,492.44,4.26,1,c2132dd8e968a2565691402056c41ec0056064ce1a89fec2a8036b5791449050
rye-s-93,tight,3,TBR_NOT2,200,4,22,22,0,4,330,-7699,373850,-0.020593821051223753,32.18148567447531,4,0,0,0,0,1,75.55,456.77,4.45,1,c2132dd8e968a2565691402056c41ec0056064ce1a89fec2a8036b5791449050
rye-s-93,tight,3,TBR_B32,200,4,22,22,0,4,330,-7699,373850,-0.020593821051223753,32.18148567447531,4,0,0,0,0,1,71.34,512.44,4.53,1,c2132dd8e968a2565691402056c41ec0056064ce1a89fec2a8036b5791449050
rye-s-93,tight,3,SINGLE,200,4,22,22,0,4,330,-7699,373850,-0.020593821051223753,32.18148567447531,4,0,0,0,0,1,69.82,447.16,4.22,1,c2132dd8e968a2565691402056c41ec0056064ce1a89fec2a8036b5791449050
rye-s-93,tight,3,TBR_B2,200,4,22,22,0,4,330,-7699,373850,-0.020593821051223753,32.18148567447531,4,0,0,0,0,1,84.44,499.6,4.49,1,c2132dd8e968a2565691402056c41ec0056064ce1a89fec2a8036b5791449050
rye-s-93,tight,3,TBR,200,4,22,22,0,4,330,-7699,373850,-0.020593821051223753,32.18148567447531,4,0,0,0,0,1,68.57,521.25,4.25,1,c2132dd8e968a2565691402056c41ec0056064ce1a89fec2a8036b5791449050
rye-s-93,tight,3,RECOMPUTE,200,4,22,22,0,73,4924,-5074,373850,-0.013572288350942891,32.40964904641644,0,0,0,0,4,39,11892.9,37314.39,3.62,1,aa3b94d873720499fa25836bddef81d82229d2560455f365adb7cdb50c11a18a
rye-s-93,official,3,TBR_B16,200,4,23,23,0,4,330,-7815,373850,-0.020904105924836165,32.17138378472524,4,0,0,0,0,1,224.8,472.84,4.85,1,f03a366636c3c1bde5c77eeba6439b2bf89a6ef74fe3c52541483cd59157bc48
rye-s-93,official,3,TBR_NOPROX,200,4,23,23,0,4,330,-5369,373850,-0.014361374882974455,32.38456849255421,4,0,0,0,0,1,38.63,332.39,4.48,1,775453bac337631b0d35e7f9475cc39b09bed3c2252d29ae120e8fec57832ac2
rye-s-93,official,3,TBR_B4,200,4,23,23,0,4,330,-7815,373850,-0.020904105924836165,32.17138378472524,4,0,0,0,0,1,208.1,441.78,4.5,1,f03a366636c3c1bde5c77eeba6439b2bf89a6ef74fe3c52541483cd59157bc48
rye-s-93,official,3,ONE_BLOCKER,200,4,23,23,0,4,330,-7815,373850,-0.020904105924836165,32.17138378472524,4,0,0,0,0,1,255.82,526.5,4.29,1,f03a366636c3c1bde5c77eeba6439b2bf89a6ef74fe3c52541483cd59157bc48
rye-s-93,official,3,TBR_NOT2,200,4,23,23,0,4,330,-7815,373850,-0.020904105924836165,32.17138378472524,4,0,0,0,0,1,224.38,470.3,4.32,1,f03a366636c3c1bde5c77eeba6439b2bf89a6ef74fe3c52541483cd59157bc48
rye-s-93,official,3,TBR_B32,200,4,23,23,0,4,330,-7815,373850,-0.020904105924836165,32.17138378472524,4,0,0,0,0,1,220.1,494.94,4.61,1,f03a366636c3c1bde5c77eeba6439b2bf89a6ef74fe3c52541483cd59157bc48
rye-s-93,official,3,SINGLE,200,4,23,23,0,4,330,-7815,373850,-0.020904105924836165,32.17138378472524,4,0,0,0,0,1,213.96,488.01,4.45,1,f03a366636c3c1bde5c77eeba6439b2bf89a6ef74fe3c52541483cd59157bc48
rye-s-93,official,3,TBR_B2,200,4,23,23,0,4,330,-7815,373850,-0.020904105924836165,32.17138378472524,4,0,0,0,0,1,223.0,506.01,4.55,1,f03a366636c3c1bde5c77eeba6439b2bf89a6ef74fe3c52541483cd59157bc48
rye-s-93,official,3,TBR,200,4,23,23,0,4,330,-7815,373850,-0.020904105924836165,32.17138378472524,4,0,0,0,0,1,221.6,477.3,4.5,1,f03a366636c3c1bde5c77eeba6439b2bf89a6ef74fe3c52541483cd59157bc48
rye-s-93,official,3,RECOMPUTE,200,4,23,23,0,73,4924,-5074,373850,-0.013572288350942891,32.40964904641644,0,0,0,0,4,39,9227.96,37188.74,3.92,1,fc22d79803d1830d674d0ab713f659fef6cd205cb949841f0fcc476cd91303cf
rye-s-93,tight,4,TBR,200,3,22,22,0,3,198,-5034,370374,-0.013591666801665344,32.093703735957504,3,0,0,0,0,1,153.31,199.75,4.29,1,d133b9dc50e732fa81f97473e538116a27c7052c3af52784337f8d2ea945ff2b
rye-s-93,tight,4,TBR_B16,200,3,22,22,0,3,198,-5034,370374,-0.013591666801665344,32.093703735957504,3,0,0,0,0,1,162.44,204.89,4.24,1,d133b9dc50e732fa81f97473e538116a27c7052c3af52784337f8d2ea945ff2b
rye-s-93,tight,4,RECOMPUTE,200,3,22,22,0,20,1310,-2758,370374,-0.007446527024035164,32.29060350082731,0,0,0,0,3,16,10082.9,12776.7,3.48,1,ff05407af56af3eff30550c4a368f552bf8af8e878e4d0f4c0765f07cf2b01b7
rye-s-93,tight,4,ONE_BLOCKER,200,3,22,22,0,3,198,-5034,370374,-0.013591666801665344,32.093703735957504,3,0,0,0,0,1,146.52,205.22,4.13,1,d133b9dc50e732fa81f97473e538116a27c7052c3af52784337f8d2ea945ff2b
rye-s-93,tight,4,TBR_NOPROX,200,3,22,22,0,3,198,-2431,370374,-0.006563635676370372,32.320560829051644,3,0,0,0,0,1,43.83,45.79,4.14,1,5b092c96a313320a79ccd3eaecedb961a8581378229bb464b81761f11aee9b6d
rye-s-93,tight,4,TBR_NOT2,200,3,22,22,0,3,198,-5034,370374,-0.013591666801665344,32.093703735957504,3,0,0,0,0,1,141.15,210.97,4.13,1,d133b9dc50e732fa81f97473e538116a27c7052c3af52784337f8d2ea945ff2b
rye-s-93,tight,4,TBR_B2,200,3,22,22,0,3,198,-5034,370374,-0.013591666801665344,32.093703735957504,3,0,0,0,0,1,142.33,197.71,4.18,1,d133b9dc50e732fa81f97473e538116a27c7052c3af52784337f8d2ea945ff2b
rye-s-93,tight,4,SINGLE,200,3,22,22,0,3,198,-5034,370374,-0.013591666801665344,32.093703735957504,3,0,0,0,0,1,166.84,181.23,3.33,1,d133b9dc50e732fa81f97473e538116a27c7052c3af52784337f8d2ea945ff2b
rye-s-93,tight,4,TBR_B4,200,3,22,22,0,3,198,-5034,370374,-0.013591666801665344,32.093703735957504,3,0,0,0,0,1,119.83,178.91,3.4,1,d133b9dc50e732fa81f97473e538116a27c7052c3af52784337f8d2ea945ff2b
rye-s-93,tight,4,TBR_B32,200,3,22,22,0,3,198,-5034,370374,-0.013591666801665344,32.093703735957504,3,0,0,0,0,1,122.26,171.77,3.41,1,d133b9dc50e732fa81f97473e538116a27c7052c3af52784337f8d2ea945ff2b
rye-s-93,official,4,TBR,200,3,23,23,0,3,198,-5188,370374,-0.014007462726865276,32.080292606461725,3,0,0,0,0,1,146.89,170.24,3.46,1,0931ce7ababdf7b85f57277543448ab0bd5ba8988697a509cd8ce22813da4f1d
rye-s-93,official,4,TBR_B16,200,3,23,23,0,3,198,-5188,370374,-0.014007462726865276,32.080292606461725,3,0,0,0,0,1,161.09,192.09,3.63,1,0931ce7ababdf7b85f57277543448ab0bd5ba8988697a509cd8ce22813da4f1d
rye-s-93,official,4,RECOMPUTE,200,3,23,23,0,20,1310,-2758,370374,-0.007446527024035164,32.29060350082731,0,0,0,0,3,16,7100.45,11070.9,2.7,1,18081e0b16d21b61a9a2705561ee09b9442b4182f5d230b90e47282652e8a814
rye-s-93,official,4,ONE_BLOCKER,200,3,23,23,0,3,198,-5188,370374,-0.014007462726865276,32.080292606461725,3,0,0,0,0,1,139.56,160.18,3.42,1,0931ce7ababdf7b85f57277543448ab0bd5ba8988697a509cd8ce22813da4f1d
rye-s-93,official,4,TBR_NOPROX,200,3,23,23,0,3,198,-2431,370374,-0.006563635676370372,32.320560829051644,3,0,0,0,0,1,35.13,36.64,3.3,1,7ba1ef06bc68427f69592d66995e42c52bcb47d294ba49b0a24cb4f35c6a4d61
rye-s-93,official,4,TBR_NOT2,200,3,23,23,0,3,198,-5188,370374,-0.014007462726865276,32.080292606461725,3,0,0,0,0,1,133.84,167.65,3.25,1,0931ce7ababdf7b85f57277543448ab0bd5ba8988697a509cd8ce22813da4f1d
rye-s-93,official,4,TBR_B2,200,3,23,23,0,3,198,-5188,370374,-0.014007462726865276,32.080292606461725,3,0,0,0,0,1,156.36,248.36,3.94,1,0931ce7ababdf7b85f57277543448ab0bd5ba8988697a509cd8ce22813da4f1d
rye-s-93,official,4,SINGLE,200,3,23,23,0,3,198,-5188,370374,-0.014007462726865276,32.080292606461725,3,0,0,0,0,1,126.34,162.06,3.53,1,0931ce7ababdf7b85f57277543448ab0bd5ba8988697a509cd8ce22813da4f1d
rye-s-93,official,4,TBR_B4,200,3,23,23,0,3,198,-5188,370374,-0.014007462726865276,32.080292606461725,3,0,0,0,0,1,159.83,161.33,3.43,1,0931ce7ababdf7b85f57277543448ab0bd5ba8988697a509cd8ce22813da4f1d
rye-s-93,official,4,TBR_B32,200,3,23,23,0,3,198,-5188,370374,-0.014007462726865276,32.080292606461725,3,0,0,0,0,1,138.41,163.79,3.51,1,0931ce7ababdf7b85f57277543448ab0bd5ba8988697a509cd8ce22813da4f1d
rye-s-93,tight,5,TBR_NOPROX,200,3,22,22,0,3,117,-1254,370266,-0.0033867543873863657,32.434642515022205,3,0,0,0,0,1,33.84,35.73,3.62,1,460f7b8e73ef888c5dd2018132374ab1e0b550e70bf9aa7a03543f4a953b8bba
rye-s-93,tight,5,TBR_NOT2,200,3,22,22,0,3,117,-2806,370266,-0.0075783355749650255,32.29939911173038,3,0,0,0,0,1,51.84,68.39,3.55,1,bad996387a7c016daa9f1080d55ae487a4a454f137e71feb9bb3541a9f8e463a
rye-s-93,tight,5,TBR_B32,200,3,22,22,0,3,117,-2806,370266,-0.0075783355749650255,32.29939911173038,3,0,0,0,0,1,73.72,89.83,4.83,1,bad996387a7c016daa9f1080d55ae487a4a454f137e71feb9bb3541a9f8e463a
rye-s-93,tight,5,TBR,200,3,22,22,0,3,117,-2806,370266,-0.0075783355749650255,32.29939911173038,3,0,0,0,0,1,67.69,84.16,4.46,1,bad996387a7c016daa9f1080d55ae487a4a454f137e71feb9bb3541a9f8e463a
rye-s-93,tight,5,TBR_B2,200,3,22,22,0,3,117,-2806,370266,-0.0075783355749650255,32.29939911173038,3,0,0,0,0,1,71.83,79.35,4.69,1,bad996387a7c016daa9f1080d55ae487a4a454f137e71feb9bb3541a9f8e463a
rye-s-93,tight,5,RECOMPUTE,200,3,22,22,0,7,279,-1554,370266,-0.0041969827097276015,32.408516938082386,0,0,0,0,3,3,8390.32,8408.34,3.2,1,6dd620c9dd5e0bd96462c0c66c69c32d4681977ceb49f94951e870fef088914d
rye-s-93,tight,5,ONE_BLOCKER,200,3,22,22,0,3,117,-2806,370266,-0.0075783355749650255,32.29939911173038,3,0,0,0,0,1,53.62,68.58,3.69,1,bad996387a7c016daa9f1080d55ae487a4a454f137e71feb9bb3541a9f8e463a
rye-s-93,tight,5,SINGLE,200,3,22,22,0,3,117,-2806,370266,-0.0075783355749650255,32.29939911173038,3,0,0,0,0,1,77.41,78.75,3.96,1,bad996387a7c016daa9f1080d55ae487a4a454f137e71feb9bb3541a9f8e463a
rye-s-93,tight,5,TBR_B4,200,3,22,22,0,3,117,-2806,370266,-0.0075783355749650255,32.29939911173038,3,0,0,0,0,1,59.46,76.9,3.96,1,bad996387a7c016daa9f1080d55ae487a4a454f137e71feb9bb3541a9f8e463a
rye-s-93,tight,5,TBR_B16,200,3,22,22,0,3,117,-2806,370266,-0.0075783355749650255,32.29939911173038,3,0,0,0,0,1,56.61,87.58,4.19,1,bad996387a7c016daa9f1080d55ae487a4a454f137e71feb9bb3541a9f8e463a
rye-s-93,official,5,TBR_NOPROX,200,3,23,23,0,3,117,-1254,370266,-0.0033867543873863657,32.434642515022205,3,0,0,0,0,1,37.51,57.05,4.25,1,568ce61ec8300f51cad77e3fac794c68ae916e479330b17dafc95f53f8ca0c79
rye-s-93,official,5,TBR_NOT2,200,3,23,23,0,3,117,-2809,370266,-0.0075864378581884375,32.299137855960986,3,0,0,0,0,1,77.24,237.52,3.92,1,be21e6d9d4096c696c4f6ad0f61e14d904d0830f27312e039934a0bf7cc05090
rye-s-93,official,5,TBR_B32,200,3,23,23,0,3,117,-2809,370266,-0.0075864378581884375,32.299137855960986,3,0,0,0,0,1,86.26,226.12,4.2,1,be21e6d9d4096c696c4f6ad0f61e14d904d0830f27312e039934a0bf7cc05090
rye-s-93,official,5,TBR,200,3,23,23,0,3,117,-2809,370266,-0.0075864378581884375,32.299137855960986,3,0,0,0,0,1,125.77,199.87,4.05,1,be21e6d9d4096c696c4f6ad0f61e14d904d0830f27312e039934a0bf7cc05090
rye-s-93,official,5,TBR_B2,200,3,23,23,0,3,117,-2809,370266,-0.0075864378581884375,32.299137855960986,3,0,0,0,0,1,82.11,277.02,4.45,1,be21e6d9d4096c696c4f6ad0f61e14d904d0830f27312e039934a0bf7cc05090
rye-s-93,official,5,RECOMPUTE,200,3,23,23,0,7,279,-1554,370266,-0.0041969827097276015,32.408516938082386,0,0,0,0,3,3,7909.26,8417.45,3.2,1,c7fb08bdc14293016f2f7b8b4adde903e3769d2399097c52d17bdba8a758e7a8
rye-s-93,official,5,ONE_BLOCKER,200,3,23,23,0,3,117,-2809,370266,-0.0075864378581884375,32.299137855960986,3,0,0,0,0,1,79.7,238.74,4.05,1,be21e6d9d4096c696c4f6ad0f61e14d904d0830f27312e039934a0bf7cc05090
rye-s-93,official,5,SINGLE,200,3,23,23,0,3,117,-2809,370266,-0.0075864378581884375,32.299137855960986,3,0,0,0,0,1,73.48,214.11,3.88,1,be21e6d9d4096c696c4f6ad0f61e14d904d0830f27312e039934a0bf7cc05090
rye-s-93,official,5,TBR_B4,200,3,23,23,0,3,117,-2809,370266,-0.0075864378581884375,32.299137855960986,3,0,0,0,0,1,73.26,199.46,4.08,1,be21e6d9d4096c696c4f6ad0f61e14d904d0830f27312e039934a0bf7cc05090
rye-s-93,official,5,TBR_B16,200,3,23,23,0,3,117,-2809,370266,-0.0075864378581884375,32.299137855960986,3,0,0,0,0,1,81.44,229.01,4.21,1,be21e6d9d4096c696c4f6ad0f61e14d904d0830f27312e039934a0bf7cc05090
rye-s-93,tight,6,TBR_B32,200,4,22,22,0,4,289,-5569,371302,-0.014998572590505842,32.14247147957851,4,0,0,0,0,1,69.07,108.56,4.39,1,5537fc8ab643aeb4d8052249a2fa0054ca5f0750a8214bb07781e77332dc922e
rye-s-93,tight,6,TBR_B4,200,4,22,22,0,4,289,-5569,371302,-0.014998572590505842,32.14247147957851,4,0,0,0,0,1,63.77,107.28,4.15,1,5537fc8ab643aeb4d8052249a2fa0054ca5f0750a8214bb07781e77332dc922e
rye-s-93,tight,6,TBR_B16,200,4,22,22,0,4,289,-5569,371302,-0.014998572590505842,32.14247147957851,4,0,0,0,0,1,65.17,113.31,4.32,1,5537fc8ab643aeb4d8052249a2fa0054ca5f0750a8214bb07781e77332dc922e
rye-s-93,tight,6,SINGLE,200,4,22,22,0,4,289,-5569,371302,-0.014998572590505842,32.14247147957851,4,0,0,0,0,1,86.25,125.56,4.19,1,5537fc8ab643aeb4d8052249a2fa0054ca5f0750a8214bb07781e77332dc922e
rye-s-93,tight,6,TBR_B2,200,4,22,22,0,4,289,-5569,371302,-0.014998572590505842,32.14247147957851,4,0,0,0,0,1,67.59,118.96,4.45,1,5537fc8ab643aeb4d8052249a2fa0054ca5f0750a8214bb07781e77332dc922e
rye-s-93,tight,6,TBR_NOPROX,200,4,22,22,0,4,289,-3115,371302,-0.00838939731000641,32.356178698946266,4,0,0,0,0,1,38.05,71.62,4.36,1,79ac06007fd1b25fff5fef506854372b7ca1520454b3f8a47cc1b5f41bd47522
rye-s-93,tight,6,TBR_NOT2,200,4,22,22,0,4,289,-5569,371302,-0.014998572590505842,32.14247147957851,4,0,0,0,0,1,91.47,119.31,4.29,1,5537fc8ab643aeb4d8052249a2fa0054ca5f0750a8214bb07781e77332dc922e
rye-s-93,tight,6,ONE_BLOCKER,200,4,22,22,0,4,289,-5569,371302,-0.014998572590505842,32.14247147957851,4,0,0,0,0,1,69.68,118.08,4.28,1,5537fc8ab643aeb4d8052249a2fa0054ca5f0750a8214bb07781e77332dc922e
rye-s-93,tight,6,TBR,200,4,22,22,0,4,289,-5569,371302,-0.014998572590505842,32.14247147957851,4,0,0,0,0,1,68.86,118.28,4.34,1,5537fc8ab643aeb4d8052249a2fa0054ca5f0750a8214bb07781e77332dc922e
rye-s-93,tight,6,RECOMPUTE,200,4,22,22,0,9,598,-2502,371302,-0.00673845010261189,32.40964904641644,0,0,0,0,4,4,8869.84,11793.63,3.71,1,cf5c950f524cfb0992bb6d6386070a6e848e1e188d3db5684a5b89877ad811bd
rye-s-93,official,6,TBR_B32,200,4,23,23,0,4,289,-5585,371302,-0.015041664197876661,32.14107811547505,4,0,0,0,0,1,161.64,254.45,4.57,1,a4355da0d091f50e18c2928e9ae6c239b4fec7656fee989b2ef885b3ee0262e9
rye-s-93,official,6,TBR_B4,200,4,23,23,0,4,289,-5585,371302,-0.015041664197876661,32.14107811547505,4,0,0,0,0,1,167.33,221.52,4.79,1,a4355da0d091f50e18c2928e9ae6c239b4fec7656fee989b2ef885b3ee0262e9
rye-s-93,official,6,TBR_B16,200,4,23,23,0,4,289,-5585,371302,-0.015041664197876661,32.14107811547505,4,0,0,0,0,1,156.15,227.45,4.62,1,a4355da0d091f50e18c2928e9ae6c239b4fec7656fee989b2ef885b3ee0262e9
rye-s-93,official,6,SINGLE,200,4,23,23,0,4,289,-5585,371302,-0.015041664197876661,32.14107811547505,4,0,0,0,0,1,187.85,229.73,4.28,1,a4355da0d091f50e18c2928e9ae6c239b4fec7656fee989b2ef885b3ee0262e9
rye-s-93,official,6,TBR_B2,200,4,23,23,0,4,289,-5585,371302,-0.015041664197876661,32.14107811547505,4,0,0,0,0,1,158.38,209.17,4.45,1,a4355da0d091f50e18c2928e9ae6c239b4fec7656fee989b2ef885b3ee0262e9
rye-s-93,official,6,TBR_NOPROX,200,4,23,23,0,4,289,-2205,371302,-0.005938562140791054,32.433336236175215,4,0,0,0,0,1,37.15,62.85,4.37,1,f0f29824353100fde8669ca32ce86171bd63839af40a9a41bf3f7897c1e29b9d
rye-s-93,official,6,TBR_NOT2,200,4,23,23,0,4,289,-5585,371302,-0.015041664197876661,32.14107811547505,4,0,0,0,0,1,161.72,216.83,4.26,1,a4355da0d091f50e18c2928e9ae6c239b4fec7656fee989b2ef885b3ee0262e9
rye-s-93,official,6,ONE_BLOCKER,200,4,23,23,0,4,289,-5585,371302,-0.015041664197876661,32.14107811547505,4,0,0,0,0,1,167.96,221.64,4.24,1,a4355da0d091f50e18c2928e9ae6c239b4fec7656fee989b2ef885b3ee0262e9
rye-s-93,official,6,TBR,200,4,23,23,0,4,289,-5585,371302,-0.015041664197876661,32.14107811547505,4,0,0,0,0,1,179.31,243.12,4.36,1,a4355da0d091f50e18c2928e9ae6c239b4fec7656fee989b2ef885b3ee0262e9
rye-s-93,official,6,RECOMPUTE,200,4,23,23,0,9,598,-2502,371302,-0.00673845010261189,32.40964904641644,0,0,0,0,4,4,8552.65,8575.22,3.73,1,c91f4e45316c14f674306b2cd0abcf60f01f62ffad2fc15d06f0707b860fcb23
rye-s-93,tight,7,TBR,200,4,22,22,0,4,144,-1858,362820,-0.005120996637451078,31.729251937646957,4,0,0,0,0,1,77.01,198.24,4.62,1,4ca6cee3196c03dd605144ad655afcf1146f8b9760707f38589fbececef6c922
rye-s-93,tight,7,TBR_B2,200,4,22,22,0,4,144,-1858,362820,-0.005120996637451078,31.729251937646957,4,0,0,0,0,1,80.13,221.36,4.74,1,4ca6cee3196c03dd605144ad655afcf1146f8b9760707f38589fbececef6c922
rye-s-93,tight,7,TBR_NOT2,200,4,22,22,0,4,144,-1858,362820,-0.005120996637451078,31.729251937646957,4,0,0,0,0,1,73.92,217.99,4.54,1,4ca6cee3196c03dd605144ad655afcf1146f8b9760707f38589fbececef6c922
rye-s-93,tight,7,RECOMPUTE,200,4,22,22,0,22,1058,1915,362820,0.00527809933300259,32.05643124619002,0,0,0,0,4,10,9077.81,11706.53,4.02,1,dcfe78308086084bb865c19d5494909cbad847a305d9bf7c6279d222e610e2de
rye-s-93,tight,7,TBR_B4,200,4,22,22,0,4,144,-1858,362820,-0.005120996637451078,31.729251937646957,4,0,0,0,0,1,79.19,196.99,4.71,1,4ca6cee3196c03dd605144ad655afcf1146f8b9760707f38589fbececef6c922
rye-s-93,tight,7,SINGLE,200,4,22,22,0,4,144,-1858,362820,-0.005120996637451078,31.729251937646957,4,0,0,0,0,1,80.89,224.54,4.36,1,4ca6cee3196c03dd605144ad655afcf1146f8b9760707f38589fbececef6c922
rye-s-93,tight,7,TBR_B16,200,4,22,22,0,4,144,-1858,362820,-0.005120996637451078,31.729251937646957,4,0,0,0,0,1,78.76,220.54,4.88,1,4ca6cee3196c03dd605144ad655afcf1146f8b9760707f38589fbececef6c922
rye-s-93,tight,7,ONE_BLOCKER,200,4,22,22,0,4,144,-1858,362820,-0.005120996637451078,31.729251937646957,4,0,0,0,0,1,82.66,188.56,4.44,1,4ca6cee3196c03dd605144ad655afcf1146f8b9760707f38589fbececef6c922
rye-s-93,tight,7,TBR_B32,200,4,22,22,0,4,144,-1858,362820,-0.005120996637451078,31.729251937646957,4,0,0,0,0,1,77.49,206.56,4.69,1,4ca6cee3196c03dd605144ad655afcf1146f8b9760707f38589fbececef6c922
rye-s-93,tight,7,TBR_NOPROX,200,4,22,22,0,4,144,-337,362820,-0.0009288352351028057,31.861708612731864,4,0,0,0,0,1,60.08,418.27,5.31,1,8f83f322feab8b37729881a06ed4c6ba376dcb8fc2a7c47e83da74aad2403756
rye-s-93,official,7,TBR,200,4,23,23,0,4,144,-1877,362820,-0.0051733642026349155,31.7275973177741,4,0,0,0,0,1,163.55,231.88,5.49,1,82320bc1eb99cb61f9111ba5c3819ac734d1fd8160a898b36119acc43da65da2
rye-s-93,official,7,TBR_B2,200,4,23,23,0,4,144,-1877,362820,-0.0051733642026349155,31.7275973177741,4,0,0,0,0,1,122.0,328.31,5.37,1,82320bc1eb99cb61f9111ba5c3819ac734d1fd8160a898b36119acc43da65da2
rye-s-93,official,7,TBR_NOT2,200,4,23,23,0,4,144,-1877,362820,-0.0051733642026349155,31.7275973177741,4,0,0,0,0,1,130.96,213.69,4.92,1,82320bc1eb99cb61f9111ba5c3819ac734d1fd8160a898b36119acc43da65da2
rye-s-93,official,7,RECOMPUTE,200,4,23,23,0,22,1058,1915,362820,0.00527809933300259,32.05643124619002,0,0,0,0,4,10,10219.28,14079.19,4.03,1,3aa800fbd52929183a70714a3cffea2271f2007041f1e06e67ae798c091e3acf
rye-s-93,official,7,TBR_B4,200,4,23,23,0,4,144,-1877,362820,-0.0051733642026349155,31.7275973177741,4,0,0,0,0,1,122.09,218.55,5.02,1,82320bc1eb99cb61f9111ba5c3819ac734d1fd8160a898b36119acc43da65da2
rye-s-93,official,7,SINGLE,200,4,23,23,0,4,144,-1877,362820,-0.0051733642026349155,31.7275973177741,4,0,0,0,0,1,115.76,212.77,4.71,1,82320bc1eb99cb61f9111ba5c3819ac734d1fd8160a898b36119acc43da65da2
rye-s-93,official,7,TBR_B16,200,4,23,23,0,4,144,-1877,362820,-0.0051733642026349155,31.7275973177741,4,0,0,0,0,1,119.74,229.38,4.87,1,82320bc1eb99cb61f9111ba5c3819ac734d1fd8160a898b36119acc43da65da2
rye-s-93,official,7,ONE_BLOCKER,200,4,23,23,0,4,144,-1877,362820,-0.0051733642026349155,31.7275973177741,4,0,0,0,0,1,113.26,204.14,4.42,1,82320bc1eb99cb61f9111ba5c3819ac734d1fd8160a898b36119acc43da65da2
rye-s-93,official,7,TBR_B32,200,4,23,23,0,4,144,-1877,362820,-0.0051733642026349155,31.7275973177741,4,0,0,0,0,1,138.69,209.15,4.9,1,82320bc1eb99cb61f9111ba5c3819ac734d1fd8160a898b36119acc43da65da2
rye-s-93,official,7,TBR_NOPROX,200,4,23,23,0,4,144,-337,362820,-0.0009288352351028057,31.861708612731864,4,0,0,0,0,1,36.3,447.31,4.91,1,bbc94bd7bc827bb6f39691c2d895af5f2db6acf0547f550727a192d666f03f28
rye-s-93,tight,8,SINGLE,200,2,22,22,0,2,449,-5312,391164,-0.013579981797915964,33.93398937559871,2,0,0,0,0,1,120.32,146.1,3.5,1,66194ae55381d5a541189fde437231d7894ad1c80251104e523f2f4eeea3fd64
rye-s-93,tight,8,RECOMPUTE,200,2,22,22,0,234,19139,-28348,391164,-0.07247088177848678,31.92641295828616,0,0,0,0,2,223,9732.05,9930.98,3.16,1,f654238ca0331c3e7fd4f41f4209b37c5d05d2f9c6e1edac9a24bca31788df16
rye-s-93,tight,8,TBR_NOPROX,200,2,22,22,0,2,449,-4268,391164,-0.01091102453190989,34.02560306540103,2,0,0,0,0,1,49.42,61.21,3.39,1,9aa7dad2c932ac347bada9ee866b330fa44d8c461fe106a4baf04bace7e47ff9
rye-s-93,tight,8,TBR,200,2,22,22,0,2,449,-5312,391164,-0.013579981797915964,33.93398937559871,2,0,0,0,0,1,143.69,175.77,4.11,1,66194ae55381d5a541189fde437231d7894ad1c80251104e523f2f4eeea3fd64
rye-s-93,tight,8,TBR_NOT2,200,2,22,22,0,2,449,-5312,391164,-0.013579981797915964,33.93398937559871,2,0,0,0,0,1,141.44,173.7,4.18,1,66194ae55381d5a541189fde437231d7894ad1c80251104e523f2f4eeea3fd64
rye-s-93,tight,8,TBR_B2,200,2,22,22,0,2,449,-5312,391164,-0.013579981797915964,33.93398937559871,2,0,0,0,0,1,140.67,173.91,4.28,1,66194ae55381d5a541189fde437231d7894ad1c80251104e523f2f4eeea3fd64
rye-s-93,tight,8,TBR_B32,200,2,22,22,0,2,449,-5312,391164,-0.013579981797915964,33.93398937559871,2,0,0,0,0,1,151.3,173.46,4.44,1,66194ae55381d5a541189fde437231d7894ad1c80251104e523f2f4eeea3fd64
rye-s-93,tight,8,TBR_B16,200,2,22,22,0,2,449,-5312,391164,-0.013579981797915964,33.93398937559871,2,0,0,0,0,1,187.69,228.75,5.43,1,66194ae55381d5a541189fde437231d7894ad1c80251104e523f2f4eeea3fd64
rye-s-93,tight,8,TBR_B4,200,2,22,22,0,2,449,-5312,391164,-0.013579981797915964,33.93398937559871,2,0,0,0,0,1,146.82,177.48,4.28,1,66194ae55381d5a541189fde437231d7894ad1c80251104e523f2f4eeea3fd64
rye-s-93,tight,8,ONE_BLOCKER,200,2,22,22,0,2,449,-5312,391164,-0.013579981797915964,33.93398937559871,2,0,0,0,0,1,156.98,203.34,4.24,1,66194ae55381d5a541189fde437231d7894ad1c80251104e523f2f4eeea3fd64
rye-s-93,official,8,SINGLE,200,2,23,23,0,2,214,-1924,391164,-0.004918653045781309,34.22903422450579,2,0,0,0,0,1,223.64,322.84,4.37,1,00124e342512d9771492ca729955578d723b98b815bfc15352f9bc7b8eac2ef3
rye-s-93,official,8,RECOMPUTE,200,2,23,23,0,234,19139,-28348,391164,-0.07247088177848678,31.92641295828616,0,0,0,0,2,223,9583.92,10009.77,3.22,1,07976c6cc672eaa776d819fa2aa6a3bc3463e3a95deb99c85906095000348ea6
rye-s-93,official,8,TBR_NOPROX,200,2,23,23,0,2,214,-1788,391164,-0.004570972788906955,34.24157450143691,2,0,0,0,0,1,61.6,76.29,4.14,1,640a983600594450d53698eade2af1e7720b5911e89e488808594d2962908f9c
rye-s-93,official,8,TBR,200,2,23,23,0,2,214,-1924,391164,-0.004918653045781309,34.22903422450579,2,0,0,0,0,1,269.96,400.72,4.12,1,00124e342512d9771492ca729955578d723b98b815bfc15352f9bc7b8eac2ef3
rye-s-93,official,8,TBR_NOT2,200,2,23,23,0,2,214,-1924,391164,-0.004918653045781309,34.22903422450579,2,0,0,0,0,1,216.47,315.6,4.16,1,00124e342512d9771492ca729955578d723b98b815bfc15352f9bc7b8eac2ef3
rye-s-93,official,8,TBR_B2,200,2,23,23,0,2,214,-1924,391164,-0.004918653045781309,34.22903422450579,2,0,0,0,0,1,247.95,341.53,4.4,1,00124e342512d9771492ca729955578d723b98b815bfc15352f9bc7b8eac2ef3
rye-s-93,official,8,TBR_B32,200,2,23,23,0,2,214,-1924,391164,-0.004918653045781309,34.22903422450579,2,0,0,0,0,1,228.49,326.69,4.36,1,00124e342512d9771492ca729955578d723b98b815bfc15352f9bc7b8eac2ef3
rye-s-93,official,8,TBR_B16,200,2,23,23,0,2,214,-1924,391164,-0.004918653045781309,34.22903422450579,2,0,0,0,0,1,228.63,330.62,4.31,1,00124e342512d9771492ca729955578d723b98b815bfc15352f9bc7b8eac2ef3
rye-s-93,official,8,TBR_B4,200,2,23,23,0,2,214,-1924,391164,-0.004918653045781309,34.22903422450579,2,0,0,0,0,1,259.88,360.36,4.7,1,00124e342512d9771492ca729955578d723b98b815bfc15352f9bc7b8eac2ef3
rye-s-93,official,8,ONE_BLOCKER,200,2,23,23,0,2,214,-1924,391164,-0.004918653045781309,34.22903422450579,2,0,0,0,0,1,229.9,337.29,4.33,1,00124e342512d9771492ca729955578d723b98b815bfc15352f9bc7b8eac2ef3
rye-s-93,tight,9,TBR_B4,200,6,22,23,1,6,485,-10295,362188,-0.028424464642671763,30.904815814682575,5,0,0,1,0,1,156.49,697.48,4.47,1,5f96569af6b89e5088ceb140ff41f3c9957130f6eb89e4c34da6f3567dfa3b58
rye-s-93,tight,9,ONE_BLOCKER,200,6,22,23,1,6,485,-10295,362188,-0.028424464642671763,30.904815814682575,5,0,0,1,0,1,160.75,291.01,5.01,1,5f96569af6b89e5088ceb140ff41f3c9957130f6eb89e4c34da6f3567dfa3b58
rye-s-93,tight,9,SINGLE,200,6,22,23,1,6,485,-10295,362188,-0.028424464642671763,30.904815814682575,5,0,0,1,0,1,79.46,157.54,3.48,1,5f96569af6b89e5088ceb140ff41f3c9957130f6eb89e4c34da6f3567dfa3b58
rye-s-93,tight,9,TBR_NOPROX,200,6,22,23,1,6,485,-6558,362188,-0.018106618662131268,31.233214316816163,5,0,0,1,0,1,27.83,634.69,3.62,1,6d9fbaeae4085953785c66703f35e7cfeb9b81913d61c16786badc88988e71bf
rye-s-93,tight,9,TBR_B16,200,6,22,23,1,6,485,-10295,362188,-0.028424464642671763,30.904815814682575,5,0,0,1,0,1,118.71,1389.12,3.51,1,5f96569af6b89e5088ceb140ff41f3c9957130f6eb89e4c34da6f3567dfa3b58
rye-s-93,tight,9,TBR_B2,200,6,22,23,1,6,485,-10295,362188,-0.028424464642671763,30.904815814682575,5,0,0,1,0,1,120.13,255.12,3.74,1,5f96569af6b89e5088ceb140ff41f3c9957130f6eb89e4c34da6f3567dfa3b58
rye-s-93,tight,9,TBR,200,6,22,23,1,6,485,-10295,362188,-0.028424464642671763,30.904815814682575,5,0,0,1,0,1,117.38,803.95,3.5,1,5f96569af6b89e5088ceb140ff41f3c9957130f6eb89e4c34da6f3567dfa3b58
rye-s-93,tight,9,TBR_B32,200,6,22,23,1,6,485,-10295,362188,-0.028424464642671763,30.904815814682575,5,0,0,1,0,1,128.7,2638.5,3.61,1,5f96569af6b89e5088ceb140ff41f3c9957130f6eb89e4c34da6f3567dfa3b58
rye-s-93,tight,9,RECOMPUTE,200,4,22,22,0,235,14242,-1150,362188,-0.0031751466089434215,31.70695811199164,0,0,0,0,4,159,7426.28,8457.2,3.0,1,65e0c75fb2430577a7927af62494e421bc2816a73a9d3401af8e78098cd25198
rye-s-93,tight,9,TBR_NOT2,200,6,22,23,1,6,485,-10295,362188,-0.028424464642671763,30.904815814682575,5,0,0,1,0,1,134.87,632.37,3.4,1,5f96569af6b89e5088ceb140ff41f3c9957130f6eb89e4c34da6f3567dfa3b58
rye-s-93,official,9,TBR_B4,200,6,23,23,0,6,485,-10375,362188,-0.028645344406772175,30.897848994165287,6,0,0,0,0,1,96.53,132.5,3.7,1,688e429bdf76ffe8af60e771f4fc8dffb8bf02999295b84056d35901c9876fe2
rye-s-93,official,9,ONE_BLOCKER,200,6,23,23,0,6,485,-10375,362188,-0.028645344406772175,30.897848994165287,6,0,0,0,0,1,93.14,135.1,3.46,1,688e429bdf76ffe8af60e771f4fc8dffb8bf02999295b84056d35901c9876fe2
rye-s-93,official,9,SINGLE,200,6,23,23,0,6,485,-10375,362188,-0.028645344406772175,30.897848994165287,6,0,0,0,0,1,91.62,153.84,3.5,1,688e429bdf76ffe8af60e771f4fc8dffb8bf02999295b84056d35901c9876fe2
rye-s-93,official,9,TBR_NOPROX,200,6,23,23,0,6,485,-6558,362188,-0.018106618662131268,31.233214316816163,6,0,0,0,0,1,29.63,39.32,3.44,1,74d210ab82a3d10ebafadef3557f87722abe9fdfdf96be4c90a6bf2754f0f70b
rye-s-93,official,9,TBR_B16,200,6,23,23,0,6,485,-10375,362188,-0.028645344406772175,30.897848994165287,6,0,0,0,0,1,87.81,130.53,3.57,1,688e429bdf76ffe8af60e771f4fc8dffb8bf02999295b84056d35901c9876fe2
rye-s-93,official,9,TBR_B2,200,6,23,23,0,6,485,-10375,362188,-0.028645344406772175,30.897848994165287,6,0,0,0,0,1,85.71,138.95,3.76,1,688e429bdf76ffe8af60e771f4fc8dffb8bf02999295b84056d35901c9876fe2
rye-s-93,official,9,TBR,200,6,23,23,0,6,485,-10375,362188,-0.028645344406772175,30.897848994165287,6,0,0,0,0,1,83.23,146.85,3.46,1,688e429bdf76ffe8af60e771f4fc8dffb8bf02999295b84056d35901c9876fe2
rye-s-93,official,9,TBR_B32,200,6,23,23,0,6,485,-10375,362188,-0.028645344406772175,30.897848994165287,6,0,0,0,0,1,94.72,132.36,3.53,1,688e429bdf76ffe8af60e771f4fc8dffb8bf02999295b84056d35901c9876fe2
rye-s-93,official,9,RECOMPUTE,200,4,23,23,0,235,14242,-1150,362188,-0.0031751466089434215,31.70695811199164,0,0,0,0,4,159,8023.33,10655.71,2.94,1,04d583e9473b02bb7f4031fa5be01030ddac26b0995035edefe4ca2341e9b7ef
rye-s-93,official,9,TBR_NOT2,200,6,23,23,0,6,485,-10375,362188,-0.028645344406772175,30.897848994165287,6,0,0,0,0,1,95.53,148.99,3.47,1,688e429bdf76ffe8af60e771f4fc8dffb8bf02999295b84056d35901c9876fe2
sta-f-83,tight,0,RECOMPUTE,200,2,13,13,0,11,482,-86,110351,-0.0007793314061494685,194.28968903436987,0,0,0,0,2,9,1019.13,1086.08,2.67,1,f4bc3fe11d95551f23f5a43952e27ad1db2653421c0d867f56e233c182969461
sta-f-83,tight,0,ONE_BLOCKER,200,2,13,13,0,2,2,-74,110351,-0.0006705874890123334,194.28805237315876,2,0,0,0,0,1,29.62,32.18,3.33,1,07a0b5219b41727718f38062dc03775ef8bd242d46a276da44755cc4b3d3f8cc
sta-f-83,tight,0,SINGLE,200,2,13,13,0,2,2,-74,110351,-0.0006705874890123334,194.28805237315876,2,0,0,0,0,1,29.76,31.36,3.39,1,07a0b5219b41727718f38062dc03775ef8bd242d46a276da44755cc4b3d3f8cc
sta-f-83,tight,0,TBR_B16,200,2,13,13,0,2,2,-74,110351,-0.0006705874890123334,194.28805237315876,2,0,0,0,0,1,26.25,27.29,3.36,1,07a0b5219b41727718f38062dc03775ef8bd242d46a276da44755cc4b3d3f8cc
sta-f-83,tight,0,TBR_B2,200,2,13,13,0,2,2,-74,110351,-0.0006705874890123334,194.28805237315876,2,0,0,0,0,1,26.09,27.13,3.32,1,07a0b5219b41727718f38062dc03775ef8bd242d46a276da44755cc4b3d3f8cc
sta-f-83,tight,0,TBR_B4,200,2,13,13,0,2,2,-74,110351,-0.0006705874890123334,194.28805237315876,2,0,0,0,0,1,26.82,27.08,3.33,1,07a0b5219b41727718f38062dc03775ef8bd242d46a276da44755cc4b3d3f8cc
sta-f-83,tight,0,TBR_NOT2,200,2,13,13,0,2,2,-74,110351,-0.0006705874890123334,194.28805237315876,2,0,0,0,0,1,28.76,29.31,3.34,1,07a0b5219b41727718f38062dc03775ef8bd242d46a276da44755cc4b3d3f8cc
sta-f-83,tight,0,TBR,200,2,13,13,0,2,2,-74,110351,-0.0006705874890123334,194.28805237315876,2,0,0,0,0,1,39.52,49.05,3.28,1,07a0b5219b41727718f38062dc03775ef8bd242d46a276da44755cc4b3d3f8cc
sta-f-83,tight,0,TBR_NOPROX,200,2,13,13,0,2,2,-23,110351,-0.00020842584117950903,194.37152209492635,2,0,0,0,0,1,32.25,42.73,3.25,1,305b223909f31e022e691aefcb88304f437b86162da2fe7880a0b537e14e48dc
sta-f-83,tight,0,TBR_B32,200,2,13,13,0,2,2,-74,110351,-0.0006705874890123334,194.28805237315876,2,0,0,0,0,1,26.68,27.3,3.39,1,07a0b5219b41727718f38062dc03775ef8bd242d46a276da44755cc4b3d3f8cc
sta-f-83,official,0,RECOMPUTE,200,2,13,13,0,11,482,-86,110351,-0.0007793314061494685,194.28968903436987,0,0,0,0,2,9,1167.38,1297.19,2.72,1,f4bc3fe11d95551f23f5a43952e27ad1db2653421c0d867f56e233c182969461
sta-f-83,official,0,ONE_BLOCKER,200,2,13,13,0,2,2,-74,110351,-0.0006705874890123334,194.28805237315876,2,0,0,0,0,1,26.62,28.31,3.22,1,07a0b5219b41727718f38062dc03775ef8bd242d46a276da44755cc4b3d3f8cc
sta-f-83,official,0,SINGLE,200,2,13,13,0,2,2,-74,110351,-0.0006705874890123334,194.28805237315876,2,0,0,0,0,1,30.77,34.22,3.38,1,07a0b5219b41727718f38062dc03775ef8bd242d46a276da44755cc4b3d3f8cc
sta-f-83,official,0,TBR_B16,200,2,13,13,0,2,2,-74,110351,-0.0006705874890123334,194.28805237315876,2,0,0,0,0,1,29.35,29.85,3.66,1,07a0b5219b41727718f38062dc03775ef8bd242d46a276da44755cc4b3d3f8cc
sta-f-83,official,0,TBR_B2,200,2,13,13,0,2,2,-74,110351,-0.0006705874890123334,194.28805237315876,2,0,0,0,0,1,26.74,28.87,3.39,1,07a0b5219b41727718f38062dc03775ef8bd242d46a276da44755cc4b3d3f8cc
sta-f-83,official,0,TBR_B4,200,2,13,13,0,2,2,-74,110351,-0.0006705874890123334,194.28805237315876,2,0,0,0,0,1,25.55,27.3,3.37,1,07a0b5219b41727718f38062dc03775ef8bd242d46a276da44755cc4b3d3f8cc
sta-f-83,official,0,TBR_NOT2,200,2,13,13,0,2,2,-74,110351,-0.0006705874890123334,194.28805237315876,2,0,0,0,0,1,28.98,30.3,3.52,1,07a0b5219b41727718f38062dc03775ef8bd242d46a276da44755cc4b3d3f8cc
sta-f-83,official,0,TBR,200,2,13,13,0,2,2,-74,110351,-0.0006705874890123334,194.28805237315876,2,0,0,0,0,1,29.18,30.01,3.5,1,07a0b5219b41727718f38062dc03775ef8bd242d46a276da44755cc4b3d3f8cc
sta-f-83,official,0,TBR_NOPROX,200,2,13,13,0,2,2,-23,110351,-0.00020842584117950903,194.37152209492635,2,0,0,0,0,1,23.85,24.45,3.39,1,305b223909f31e022e691aefcb88304f437b86162da2fe7880a0b537e14e48dc
sta-f-83,official,0,TBR_B32,200,2,13,13,0,2,2,-74,110351,-0.0006705874890123334,194.28805237315876,2,0,0,0,0,1,27.92,28.47,3.44,1,07a0b5219b41727718f38062dc03775ef8bd242d46a276da44755cc4b3d3f8cc
sta-f-83,tight,1,TBR_B32,200,0,13,13,0,0,0,0,110730,0.0,194.3960720130933,0,0,0,0,0,0,,,3.67,1,2c540df91b843560f67f3c0996b1947e4b4d9507860a1dafda8dc75ee98a4a0d
sta-f-83,tight,1,TBR_B4,200,0,13,13,0,0,0,0,110730,0.0,194.3960720130933,0,0,0,0,0,0,,,3.42,1,2c540df91b843560f67f3c0996b1947e4b4d9507860a1dafda8dc75ee98a4a0d
sta-f-83,tight,1,ONE_BLOCKER,200,0,13,13,0,0,0,0,110730,0.0,194.3960720130933,0,0,0,0,0,0,,,3.82,1,2c540df91b843560f67f3c0996b1947e4b4d9507860a1dafda8dc75ee98a4a0d
sta-f-83,tight,1,TBR,200,0,13,13,0,0,0,0,110730,0.0,194.3960720130933,0,0,0,0,0,0,,,3.88,1,2c540df91b843560f67f3c0996b1947e4b4d9507860a1dafda8dc75ee98a4a0d
sta-f-83,tight,1,TBR_B2,200,0,13,13,0,0,0,0,110730,0.0,194.3960720130933,0,0,0,0,0,0,,,3.35,1,2c540df91b843560f67f3c0996b1947e4b4d9507860a1dafda8dc75ee98a4a0d
sta-f-83,tight,1,TBR_NOPROX,200,0,13,13,0,0,0,0,110730,0.0,194.3960720130933,0,0,0,0,0,0,,,3.21,1,2c540df91b843560f67f3c0996b1947e4b4d9507860a1dafda8dc75ee98a4a0d
sta-f-83,tight,1,RECOMPUTE,200,0,13,13,0,0,0,0,110730,0.0,194.3960720130933,0,0,0,0,0,0,,,2.43,1,2c540df91b843560f67f3c0996b1947e4b4d9507860a1dafda8dc75ee98a4a0d
sta-f-83,tight,1,TBR_B16,200,0,13,13,0,0,0,0,110730,0.0,194.3960720130933,0,0,0,0,0,0,,,3.38,1,2c540df91b843560f67f3c0996b1947e4b4d9507860a1dafda8dc75ee98a4a0d
sta-f-83,tight,1,SINGLE,200,0,13,13,0,0,0,0,110730,0.0,194.3960720130933,0,0,0,0,0,0,,,3.27,1,2c540df91b843560f67f3c0996b1947e4b4d9507860a1dafda8dc75ee98a4a0d
sta-f-83,tight,1,TBR_NOT2,200,0,13,13,0,0,0,0,110730,0.0,194.3960720130933,0,0,0,0,0,0,,,3.32,1,2c540df91b843560f67f3c0996b1947e4b4d9507860a1dafda8dc75ee98a4a0d
sta-f-83,official,1,TBR_B32,200,0,13,13,0,0,0,0,110730,0.0,194.3960720130933,0,0,0,0,0,0,,,3.29,1,2c540df91b843560f67f3c0996b1947e4b4d9507860a1dafda8dc75ee98a4a0d
sta-f-83,official,1,TBR_B4,200,0,13,13,0,0,0,0,110730,0.0,194.3960720130933,0,0,0,0,0,0,,,3.38,1,2c540df91b843560f67f3c0996b1947e4b4d9507860a1dafda8dc75ee98a4a0d
sta-f-83,official,1,ONE_BLOCKER,200,0,13,13,0,0,0,0,110730,0.0,194.3960720130933,0,0,0,0,0,0,,,3.17,1,2c540df91b843560f67f3c0996b1947e4b4d9507860a1dafda8dc75ee98a4a0d
sta-f-83,official,1,TBR,200,0,13,13,0,0,0,0,110730,0.0,194.3960720130933,0,0,0,0,0,0,,,3.15,1,2c540df91b843560f67f3c0996b1947e4b4d9507860a1dafda8dc75ee98a4a0d
sta-f-83,official,1,TBR_B2,200,0,13,13,0,0,0,0,110730,0.0,194.3960720130933,0,0,0,0,0,0,,,3.48,1,2c540df91b843560f67f3c0996b1947e4b4d9507860a1dafda8dc75ee98a4a0d
sta-f-83,official,1,TBR_NOPROX,200,0,13,13,0,0,0,0,110730,0.0,194.3960720130933,0,0,0,0,0,0,,,3.21,1,2c540df91b843560f67f3c0996b1947e4b4d9507860a1dafda8dc75ee98a4a0d
sta-f-83,official,1,RECOMPUTE,200,0,13,13,0,0,0,0,110730,0.0,194.3960720130933,0,0,0,0,0,0,,,2.4,1,2c540df91b843560f67f3c0996b1947e4b4d9507860a1dafda8dc75ee98a4a0d
sta-f-83,official,1,TBR_B16,200,0,13,13,0,0,0,0,110730,0.0,194.3960720130933,0,0,0,0,0,0,,,3.24,1,2c540df91b843560f67f3c0996b1947e4b4d9507860a1dafda8dc75ee98a4a0d
sta-f-83,official,1,SINGLE,200,0,13,13,0,0,0,0,110730,0.0,194.3960720130933,0,0,0,0,0,0,,,3.1,1,2c540df91b843560f67f3c0996b1947e4b4d9507860a1dafda8dc75ee98a4a0d
sta-f-83,official,1,TBR_NOT2,200,0,13,13,0,0,0,0,110730,0.0,194.3960720130933,0,0,0,0,0,0,,,3.17,1,2c540df91b843560f67f3c0996b1947e4b4d9507860a1dafda8dc75ee98a4a0d
sta-f-83,tight,2,TBR_B16,200,1,13,13,0,1,23,131,110319,0.0011874654411298145,193.99345335515548,1,0,0,0,0,1,56.72,56.72,3.36,1,76e6faa26237c7b32f8f13a186d23e7b56e33ac1be5ebf44d272f12e87fa2173
sta-f-83,tight,2,TBR_B4,200,1,13,13,0,1,23,131,110319,0.0011874654411298145,193.99345335515548,1,0,0,0,0,1,59.79,59.79,3.32,1,76e6faa26237c7b32f8f13a186d23e7b56e33ac1be5ebf44d272f12e87fa2173
sta-f-83,tight,2,TBR_B32,200,1,13,13,0,1,23,131,110319,0.0011874654411298145,193.99345335515548,1,0,0,0,0,1,55.91,55.91,3.36,1,76e6faa26237c7b32f8f13a186d23e7b56e33ac1be5ebf44d272f12e87fa2173
sta-f-83,tight,2,TBR_NOT2,200,1,13,13,0,1,23,131,110319,0.0011874654411298145,193.99345335515548,1,0,0,0,0,1,57.11,57.11,3.23,1,76e6faa26237c7b32f8f13a186d23e7b56e33ac1be5ebf44d272f12e87fa2173
sta-f-83,tight,2,ONE_BLOCKER,200,1,13,13,0,1,23,131,110319,0.0011874654411298145,193.99345335515548,1,0,0,0,0,1,55.87,55.87,3.2,1,76e6faa26237c7b32f8f13a186d23e7b56e33ac1be5ebf44d272f12e87fa2173
sta-f-83,tight,2,TBR,200,1,13,13,0,1,23,131,110319,0.0011874654411298145,193.99345335515548,1,0,0,0,0,1,54.73,54.73,3.25,1,76e6faa26237c7b32f8f13a186d23e7b56e33ac1be5ebf44d272f12e87fa2173
sta-f-83,tight,2,TBR_NOPROX,200,1,13,13,0,1,23,131,110319,0.0011874654411298145,193.99345335515548,1,0,0,0,0,1,24.66,24.66,3.2,1,76e6faa26237c7b32f8f13a186d23e7b56e33ac1be5ebf44d272f12e87fa2173
sta-f-83,tight,2,SINGLE,200,1,13,13,0,1,23,131,110319,0.0011874654411298145,193.99345335515548,1,0,0,0,0,1,56.43,56.43,3.37,1,76e6faa26237c7b32f8f13a186d23e7b56e33ac1be5ebf44d272f12e87fa2173
sta-f-83,tight,2,RECOMPUTE,200,1,13,13,0,8,310,577,110319,0.0052302867139839915,194.82651391162028,0,0,0,0,1,8,1164.63,1164.63,2.58,1,1783671950fd455cff4bbadfe5854edc92cd3dc6495c482e747253dddd68fec6
sta-f-83,tight,2,TBR_B2,200,1,13,13,0,1,23,131,110319,0.0011874654411298145,193.99345335515548,1,0,0,0,0,1,56.62,56.62,3.46,1,76e6faa26237c7b32f8f13a186d23e7b56e33ac1be5ebf44d272f12e87fa2173
sta-f-83,official,2,TBR_B16,200,1,13,13,0,1,23,131,110319,0.0011874654411298145,193.99345335515548,1,0,0,0,0,1,56.73,56.73,3.35,1,76e6faa26237c7b32f8f13a186d23e7b56e33ac1be5ebf44d272f12e87fa2173
sta-f-83,official,2,TBR_B4,200,1,13,13,0,1,23,131,110319,0.0011874654411298145,193.99345335515548,1,0,0,0,0,1,62.95,62.95,3.43,1,76e6faa26237c7b32f8f13a186d23e7b56e33ac1be5ebf44d272f12e87fa2173
sta-f-83,official,2,TBR_B32,200,1,13,13,0,1,23,131,110319,0.0011874654411298145,193.99345335515548,1,0,0,0,0,1,54.36,54.36,3.24,1,76e6faa26237c7b32f8f13a186d23e7b56e33ac1be5ebf44d272f12e87fa2173
sta-f-83,official,2,TBR_NOT2,200,1,13,13,0,1,23,131,110319,0.0011874654411298145,193.99345335515548,1,0,0,0,0,1,62.38,62.38,3.1,1,76e6faa26237c7b32f8f13a186d23e7b56e33ac1be5ebf44d272f12e87fa2173
sta-f-83,official,2,ONE_BLOCKER,200,1,13,13,0,1,23,131,110319,0.0011874654411298145,193.99345335515548,1,0,0,0,0,1,60.7,60.7,3.1,1,76e6faa26237c7b32f8f13a186d23e7b56e33ac1be5ebf44d272f12e87fa2173
sta-f-83,official,2,TBR,200,1,13,13,0,1,23,131,110319,0.0011874654411298145,193.99345335515548,1,0,0,0,0,1,64.69,64.69,3.26,1,76e6faa26237c7b32f8f13a186d23e7b56e33ac1be5ebf44d272f12e87fa2173
sta-f-83,official,2,TBR_NOPROX,200,1,13,13,0,1,23,131,110319,0.0011874654411298145,193.99345335515548,1,0,0,0,0,1,24.41,24.41,3.21,1,76e6faa26237c7b32f8f13a186d23e7b56e33ac1be5ebf44d272f12e87fa2173
sta-f-83,official,2,SINGLE,200,1,13,13,0,1,23,131,110319,0.0011874654411298145,193.99345335515548,1,0,0,0,0,1,59.1,59.1,3.19,1,76e6faa26237c7b32f8f13a186d23e7b56e33ac1be5ebf44d272f12e87fa2173
sta-f-83,official,2,RECOMPUTE,200,1,13,13,0,8,310,577,110319,0.0052302867139839915,194.82651391162028,0,0,0,0,1,8,983.59,983.59,2.52,1,1783671950fd455cff4bbadfe5854edc92cd3dc6495c482e747253dddd68fec6
sta-f-83,official,2,TBR_B2,200,1,13,13,0,1,23,131,110319,0.0011874654411298145,193.99345335515548,1,0,0,0,0,1,57.2,57.2,3.34,1,76e6faa26237c7b32f8f13a186d23e7b56e33ac1be5ebf44d272f12e87fa2173
sta-f-83,tight,3,TBR_B16,200,2,13,13,0,2,2,-67,111256,-0.0006022147120155317,195.24222585924713,2,0,0,0,0,1,33.87,42.01,3.28,1,9188091b26528126f207d7c722168b6b24eb0c36c8bf5225f8d9adc0bf73cb82
sta-f-83,tight,3,TBR_NOPROX,200,2,13,13,0,2,2,-16,111256,-0.00014381246854102252,195.32569558101474,2,0,0,0,0,1,40.34,44.74,4.35,1,e25634925b83b2c2cba1e6fa7bfa2a44c18e85db15bf91e85caaecc52c31fd1e
sta-f-83,tight,3,TBR_B4,200,2,13,13,0,2,2,-67,111256,-0.0006022147120155317,195.24222585924713,2,0,0,0,0,1,29.55,30.9,3.77,1,9188091b26528126f207d7c722168b6b24eb0c36c8bf5225f8d9adc0bf73cb82
sta-f-83,tight,3,ONE_BLOCKER,200,2,13,13,0,2,2,-67,111256,-0.0006022147120155317,195.24222585924713,2,0,0,0,0,1,35.89,38.6,4.83,1,9188091b26528126f207d7c722168b6b24eb0c36c8bf5225f8d9adc0bf73cb82
sta-f-83,tight,3,TBR_NOT2,200,2,13,13,0,2,2,-67,111256,-0.0006022147120155317,195.24222585924713,2,0,0,0,0,1,49.12,58.64,4.82,1,9188091b26528126f207d7c722168b6b24eb0c36c8bf5225f8d9adc0bf73cb82
sta-f-83,tight,3,TBR_B32,200,2,13,13,0,2,2,-67,111256,-0.0006022147120155317,195.24222585924713,2,0,0,0,0,1,113.68,187.72,3.42,1,9188091b26528126f207d7c722168b6b24eb0c36c8bf5225f8d9adc0bf73cb82
sta-f-83,tight,3,SINGLE,200,2,13,13,0,2,2,-67,111256,-0.0006022147120155317,195.24222585924713,2,0,0,0,0,1,26.14,28.7,3.22,1,9188091b26528126f207d7c722168b6b24eb0c36c8bf5225f8d9adc0bf73cb82
sta-f-83,tight,3,TBR_B2,200,2,13,13,0,2,2,-67,111256,-0.0006022147120155317,195.24222585924713,2,0,0,0,0,1,33.43,41.34,3.51,1,9188091b26528126f207d7c722168b6b24eb0c36c8bf5225f8d9adc0bf73cb82
sta-f-83,tight,3,TBR,200,2,13,13,0,2,2,-67,111256,-0.0006022147120155317,195.24222585924713,2,0,0,0,0,1,177.29,313.36,3.29,1,9188091b26528126f207d7c722168b6b24eb0c36c8bf5225f8d9adc0bf73cb82
sta-f-83,tight,3,RECOMPUTE,200,2,13,13,0,10,386,-328,111256,-0.0029481556050909613,194.82651391162028,0,0,0,0,2,8,878.32,945.26,2.5,1,f5cc63483716388a7f887c6bec9a53b4c706355575b8108e78630e00cdf22bd9
sta-f-83,official,3,TBR_B16,200,2,13,13,0,2,2,-67,111256,-0.0006022147120155317,195.24222585924713,2,0,0,0,0,1,26.41,28.35,3.4,1,9188091b26528126f207d7c722168b6b24eb0c36c8bf5225f8d9adc0bf73cb82
sta-f-83,official,3,TBR_NOPROX,200,2,13,13,0,2,2,-16,111256,-0.00014381246854102252,195.32569558101474,2,0,0,0,0,1,25.69,30.41,3.29,1,e25634925b83b2c2cba1e6fa7bfa2a44c18e85db15bf91e85caaecc52c31fd1e
sta-f-83,official,3,TBR_B4,200,2,13,13,0,2,2,-67,111256,-0.0006022147120155317,195.24222585924713,2,0,0,0,0,1,26.76,29.42,3.32,1,9188091b26528126f207d7c722168b6b24eb0c36c8bf5225f8d9adc0bf73cb82
sta-f-83,official,3,ONE_BLOCKER,200,2,13,13,0,2,2,-67,111256,-0.0006022147120155317,195.24222585924713,2,0,0,0,0,1,25.64,27.35,3.08,1,9188091b26528126f207d7c722168b6b24eb0c36c8bf5225f8d9adc0bf73cb82
sta-f-83,official,3,TBR_NOT2,200,2,13,13,0,2,2,-67,111256,-0.0006022147120155317,195.24222585924713,2,0,0,0,0,1,106.07,179.11,3.2,1,9188091b26528126f207d7c722168b6b24eb0c36c8bf5225f8d9adc0bf73cb82
sta-f-83,official,3,TBR_B32,200,2,13,13,0,2,2,-67,111256,-0.0006022147120155317,195.24222585924713,2,0,0,0,0,1,25.64,27.93,3.35,1,9188091b26528126f207d7c722168b6b24eb0c36c8bf5225f8d9adc0bf73cb82
sta-f-83,official,3,SINGLE,200,2,13,13,0,2,2,-67,111256,-0.0006022147120155317,195.24222585924713,2,0,0,0,0,1,25.1,27.38,3.15,1,9188091b26528126f207d7c722168b6b24eb0c36c8bf5225f8d9adc0bf73cb82
sta-f-83,official,3,TBR_B2,200,2,13,13,0,2,2,-67,111256,-0.0006022147120155317,195.24222585924713,2,0,0,0,0,1,110.87,187.98,3.31,1,9188091b26528126f207d7c722168b6b24eb0c36c8bf5225f8d9adc0bf73cb82
sta-f-83,official,3,TBR,200,2,13,13,0,2,2,-67,111256,-0.0006022147120155317,195.24222585924713,2,0,0,0,0,1,27.6,28.08,3.13,1,9188091b26528126f207d7c722168b6b24eb0c36c8bf5225f8d9adc0bf73cb82
sta-f-83,official,3,RECOMPUTE,200,2,13,13,0,10,386,-328,111256,-0.0029481556050909613,194.82651391162028,0,0,0,0,2,8,876.53,925.05,2.58,1,f5cc63483716388a7f887c6bec9a53b4c706355575b8108e78630e00cdf22bd9
sta-f-83,tight,4,TBR,200,0,13,13,0,0,0,0,110449,0.0,194.31587561374795,0,0,0,0,0,0,,,3.13,1,2c540df91b843560f67f3c0996b1947e4b4d9507860a1dafda8dc75ee98a4a0d
sta-f-83,tight,4,TBR_B16,200,0,13,13,0,0,0,0,110449,0.0,194.31587561374795,0,0,0,0,0,0,,,3.3,1,2c540df91b843560f67f3c0996b1947e4b4d9507860a1dafda8dc75ee98a4a0d
sta-f-83,tight,4,RECOMPUTE,200,0,13,13,0,0,0,0,110449,0.0,194.31587561374795,0,0,0,0,0,0,,,2.49,1,2c540df91b843560f67f3c0996b1947e4b4d9507860a1dafda8dc75ee98a4a0d
sta-f-83,tight,4,ONE_BLOCKER,200,0,13,13,0,0,0,0,110449,0.0,194.31587561374795,0,0,0,0,0,0,,,3.15,1,2c540df91b843560f67f3c0996b1947e4b4d9507860a1dafda8dc75ee98a4a0d
sta-f-83,tight,4,TBR_NOPROX,200,0,13,13,0,0,0,0,110449,0.0,194.31587561374795,0,0,0,0,0,0,,,3.16,1,2c540df91b843560f67f3c0996b1947e4b4d9507860a1dafda8dc75ee98a4a0d
sta-f-83,tight,4,TBR_NOT2,200,0,13,13,0,0,0,0,110449,0.0,194.31587561374795,0,0,0,0,0,0,,,3.29,1,2c540df91b843560f67f3c0996b1947e4b4d9507860a1dafda8dc75ee98a4a0d
sta-f-83,tight,4,TBR_B2,200,0,13,13,0,0,0,0,110449,0.0,194.31587561374795,0,0,0,0,0,0,,,3.3,1,2c540df91b843560f67f3c0996b1947e4b4d9507860a1dafda8dc75ee98a4a0d
sta-f-83,tight,4,SINGLE,200,0,13,13,0,0,0,0,110449,0.0,194.31587561374795,0,0,0,0,0,0,,,3.1,1,2c540df91b843560f67f3c0996b1947e4b4d9507860a1dafda8dc75ee98a4a0d
sta-f-83,tight,4,TBR_B4,200,0,13,13,0,0,0,0,110449,0.0,194.31587561374795,0,0,0,0,0,0,,,3.39,1,2c540df91b843560f67f3c0996b1947e4b4d9507860a1dafda8dc75ee98a4a0d
sta-f-83,tight,4,TBR_B32,200,0,13,13,0,0,0,0,110449,0.0,194.31587561374795,0,0,0,0,0,0,,,3.26,1,2c540df91b843560f67f3c0996b1947e4b4d9507860a1dafda8dc75ee98a4a0d
sta-f-83,official,4,TBR,200,0,13,13,0,0,0,0,110449,0.0,194.31587561374795,0,0,0,0,0,0,,,3.21,1,2c540df91b843560f67f3c0996b1947e4b4d9507860a1dafda8dc75ee98a4a0d
sta-f-83,official,4,TBR_B16,200,0,13,13,0,0,0,0,110449,0.0,194.31587561374795,0,0,0,0,0,0,,,3.38,1,2c540df91b843560f67f3c0996b1947e4b4d9507860a1dafda8dc75ee98a4a0d
sta-f-83,official,4,RECOMPUTE,200,0,13,13,0,0,0,0,110449,0.0,194.31587561374795,0,0,0,0,0,0,,,2.52,1,2c540df91b843560f67f3c0996b1947e4b4d9507860a1dafda8dc75ee98a4a0d
sta-f-83,official,4,ONE_BLOCKER,200,0,13,13,0,0,0,0,110449,0.0,194.31587561374795,0,0,0,0,0,0,,,3.22,1,2c540df91b843560f67f3c0996b1947e4b4d9507860a1dafda8dc75ee98a4a0d
sta-f-83,official,4,TBR_NOPROX,200,0,13,13,0,0,0,0,110449,0.0,194.31587561374795,0,0,0,0,0,0,,,3.18,1,2c540df91b843560f67f3c0996b1947e4b4d9507860a1dafda8dc75ee98a4a0d
sta-f-83,official,4,TBR_NOT2,200,0,13,13,0,0,0,0,110449,0.0,194.31587561374795,0,0,0,0,0,0,,,3.28,1,2c540df91b843560f67f3c0996b1947e4b4d9507860a1dafda8dc75ee98a4a0d
sta-f-83,official,4,TBR_B2,200,0,13,13,0,0,0,0,110449,0.0,194.31587561374795,0,0,0,0,0,0,,,3.39,1,2c540df91b843560f67f3c0996b1947e4b4d9507860a1dafda8dc75ee98a4a0d
sta-f-83,official,4,SINGLE,200,0,13,13,0,0,0,0,110449,0.0,194.31587561374795,0,0,0,0,0,0,,,3.18,1,2c540df91b843560f67f3c0996b1947e4b4d9507860a1dafda8dc75ee98a4a0d
sta-f-83,official,4,TBR_B4,200,0,13,13,0,0,0,0,110449,0.0,194.31587561374795,0,0,0,0,0,0,,,3.27,1,2c540df91b843560f67f3c0996b1947e4b4d9507860a1dafda8dc75ee98a4a0d
sta-f-83,official,4,TBR_B32,200,0,13,13,0,0,0,0,110449,0.0,194.31587561374795,0,0,0,0,0,0,,,3.38,1,2c540df91b843560f67f3c0996b1947e4b4d9507860a1dafda8dc75ee98a4a0d
sta-f-83,tight,5,TBR_NOPROX,200,2,13,13,0,2,14,-133,113260,-0.0011742892459826947,198.41734860883798,2,0,0,0,0,1,23.2,27.46,3.32,1,4053d8190519dcec731804e3a2611985d602e0cf6d8a40d0980d53695952e230
sta-f-83,tight,5,TBR_NOT2,200,2,13,13,0,2,14,-363,113260,-0.0032050150097121667,198.04091653027822,2,0,0,0,0,1,39.96,55.87,3.24,1,2b385e93520b05c472746eca17eb467532b0c1815c7392cdc439d313ac54289b
sta-f-83,tight,5,TBR_B32,200,2,13,13,0,2,14,-363,113260,-0.0032050150097121667,198.04091653027822,2,0,0,0,0,1,41.19,55.0,3.34,1,2b385e93520b05c472746eca17eb467532b0c1815c7392cdc439d313ac54289b
sta-f-83,tight,5,TBR,200,2,13,13,0,2,14,-363,113260,-0.0032050150097121667,198.04091653027822,2,0,0,0,0,1,41.83,58.36,3.32,1,2b385e93520b05c472746eca17eb467532b0c1815c7392cdc439d313ac54289b
sta-f-83,tight,5,TBR_B2,200,2,13,13,0,2,14,-363,113260,-0.0032050150097121667,198.04091653027822,2,0,0,0,0,1,40.23,55.61,3.45,1,2b385e93520b05c472746eca17eb467532b0c1815c7392cdc439d313ac54289b
sta-f-83,tight,5,RECOMPUTE,200,2,13,13,0,16,685,-2495,113260,-0.022028959915239274,194.3960720130933,0,0,0,0,2,15,908.63,1022.35,2.58,1,9db149b708c5671c2e0322cd045563713ee132171d98eb0783776310d742d968
sta-f-83,tight,5,ONE_BLOCKER,200,2,13,13,0,2,14,-363,113260,-0.0032050150097121667,198.04091653027822,2,0,0,0,0,1,41.8,56.8,3.35,1,2b385e93520b05c472746eca17eb467532b0c1815c7392cdc439d313ac54289b
sta-f-83,tight,5,SINGLE,200,2,13,13,0,2,14,-363,113260,-0.0032050150097121667,198.04091653027822,2,0,0,0,0,1,39.13,54.07,3.28,1,2b385e93520b05c472746eca17eb467532b0c1815c7392cdc439d313ac54289b
sta-f-83,tight,5,TBR_B4,200,2,13,13,0,2,14,-363,113260,-0.0032050150097121667,198.04091653027822,2,0,0,0,0,1,40.55,55.3,3.41,1,2b385e93520b05c472746eca17eb467532b0c1815c7392cdc439d313ac54289b
sta-f-83,tight,5,TBR_B16,200,2,13,13,0,2,14,-363,113260,-0.0032050150097121667,198.04091653027822,2,0,0,0,0,1,42.79,56.69,3.3,1,2b385e93520b05c472746eca17eb467532b0c1815c7392cdc439d313ac54289b
sta-f-83,official,5,TBR_NOPROX,200,2,13,13,0,2,14,-133,113260,-0.0011742892459826947,198.41734860883798,2,0,0,0,0,1,21.09,24.39,3.17,1,4053d8190519dcec731804e3a2611985d602e0cf6d8a40d0980d53695952e230
sta-f-83,official,5,TBR_NOT2,200,2,13,13,0,2,14,-363,113260,-0.0032050150097121667,198.04091653027822,2,0,0,0,0,1,39.86,54.31,3.27,1,2b385e93520b05c472746eca17eb467532b0c1815c7392cdc439d313ac54289b
sta-f-83,official,5,TBR_B32,200,2,13,13,0,2,14,-363,113260,-0.0032050150097121667,198.04091653027822,2,0,0,0,0,1,40.18,53.97,3.5,1,2b385e93520b05c472746eca17eb467532b0c1815c7392cdc439d313ac54289b
sta-f-83,official,5,TBR,200,2,13,13,0,2,14,-363,113260,-0.0032050150097121667,198.04091653027822,2,0,0,0,0,1,38.54,54.11,3.22,1,2b385e93520b05c472746eca17eb467532b0c1815c7392cdc439d313ac54289b
sta-f-83,official,5,TBR_B2,200,2,13,13,0,2,14,-363,113260,-0.0032050150097121667,198.04091653027822,2,0,0,0,0,1,49.08,71.92,3.4,1,2b385e93520b05c472746eca17eb467532b0c1815c7392cdc439d313ac54289b
sta-f-83,official,5,RECOMPUTE,200,2,13,13,0,16,685,-2495,113260,-0.022028959915239274,194.3960720130933,0,0,0,0,2,15,926.47,1030.38,2.54,1,9db149b708c5671c2e0322cd045563713ee132171d98eb0783776310d742d968
sta-f-83,official,5,ONE_BLOCKER,200,2,13,13,0,2,14,-363,113260,-0.0032050150097121667,198.04091653027822,2,0,0,0,0,1,39.61,54.98,3.2,1,2b385e93520b05c472746eca17eb467532b0c1815c7392cdc439d313ac54289b
sta-f-83,official,5,SINGLE,200,2,13,13,0,2,14,-363,113260,-0.0032050150097121667,198.04091653027822,2,0,0,0,0,1,39.62,54.85,3.21,1,2b385e93520b05c472746eca17eb467532b0c1815c7392cdc439d313ac54289b
sta-f-83,official,5,TBR_B4,200,2,13,13,0,2,14,-363,113260,-0.0032050150097121667,198.04091653027822,2,0,0,0,0,1,37.44,51.41,3.28,1,2b385e93520b05c472746eca17eb467532b0c1815c7392cdc439d313ac54289b
sta-f-83,official,5,TBR_B16,200,2,13,13,0,2,14,-363,113260,-0.0032050150097121667,198.04091653027822,2,0,0,0,0,1,38.68,52.58,3.32,1,2b385e93520b05c472746eca17eb467532b0c1815c7392cdc439d313ac54289b
sta-f-83,tight,6,TBR_B32,200,1,12,13,1,1,39,-127,115176,-0.001102660276446482,201.6857610474632,0,0,0,1,0,1,602.98,602.98,3.27,1,3b3739fcab97b9c505da1c271cda93ba35c077ffa70f101d54a15bf26ef48930
sta-f-83,tight,6,TBR_B4,200,1,12,13,1,1,39,-127,115176,-0.001102660276446482,201.6857610474632,0,0,0,1,0,1,325.7,325.7,3.32,1,3b3739fcab97b9c505da1c271cda93ba35c077ffa70f101d54a15bf26ef48930
sta-f-83,tight,6,TBR_B16,200,1,12,13,1,1,39,-127,115176,-0.001102660276446482,201.6857610474632,0,0,0,1,0,1,603.21,603.21,3.33,1,3b3739fcab97b9c505da1c271cda93ba35c077ffa70f101d54a15bf26ef48930
sta-f-83,tight,6,SINGLE,200,1,12,13,1,1,39,-127,115176,-0.001102660276446482,201.6857610474632,0,0,0,1,0,1,25.77,25.77,3.18,1,3b3739fcab97b9c505da1c271cda93ba35c077ffa70f101d54a15bf26ef48930
sta-f-83,tight,6,TBR_B2,200,1,12,13,1,1,39,-127,115176,-0.001102660276446482,201.6857610474632,0,0,0,1,0,1,123.32,123.32,3.33,1,3b3739fcab97b9c505da1c271cda93ba35c077ffa70f101d54a15bf26ef48930
sta-f-83,tight,6,TBR_NOPROX,200,1,12,13,1,1,39,-127,115176,-0.001102660276446482,201.6857610474632,0,0,0,1,0,1,332.19,332.19,3.21,1,3b3739fcab97b9c505da1c271cda93ba35c077ffa70f101d54a15bf26ef48930
sta-f-83,tight,6,TBR_NOT2,200,1,12,13,1,1,39,-127,115176,-0.001102660276446482,201.6857610474632,0,0,0,1,0,1,337.33,337.33,3.29,1,3b3739fcab97b9c505da1c271cda93ba35c077ffa70f101d54a15bf26ef48930
sta-f-83,tight,6,ONE_BLOCKER,200,1,12,13,1,1,39,-127,115176,-0.001102660276446482,201.6857610474632,0,0,0,1,0,1,127.8,127.8,3.2,1,3b3739fcab97b9c505da1c271cda93ba35c077ffa70f101d54a15bf26ef48930
sta-f-83,tight,6,TBR,200,1,12,13,1,1,39,-127,115176,-0.001102660276446482,201.6857610474632,0,0,0,1,0,1,454.11,454.11,3.21,1,3b3739fcab97b9c505da1c271cda93ba35c077ffa70f101d54a15bf26ef48930
sta-f-83,tight,6,RECOMPUTE,200,1,12,13,1,40,1090,-2752,115176,-0.02389386677780093,197.17021276595744,0,0,0,0,1,40,1015.45,1015.45,2.42,1,047f72541038ba506dcc8c59ba41f2e13e85854a9f0b7cd0f3d825620632217a
sta-f-83,official,6,TBR_B32,200,1,13,13,0,1,39,-127,115176,-0.001102660276446482,201.6857610474632,1,0,0,0,0,1,114.88,114.88,3.34,1,5a349c2cd43fed28417779a8f494ade1ae69abbf809d4fc1fa7fb3543223d199
sta-f-83,official,6,TBR_B4,200,1,13,13,0,1,39,-127,115176,-0.001102660276446482,201.6857610474632,1,0,0,0,0,1,89.57,89.57,3.27,1,5a349c2cd43fed28417779a8f494ade1ae69abbf809d4fc1fa7fb3543223d199
sta-f-83,official,6,TBR_B16,200,1,13,13,0,1,39,-127,115176,-0.001102660276446482,201.6857610474632,1,0,0,0,0,1,85.19,85.19,3.33,1,5a349c2cd43fed28417779a8f494ade1ae69abbf809d4fc1fa7fb3543223d199
sta-f-83,official,6,SINGLE,200,1,13,13,0,1,39,-127,115176,-0.001102660276446482,201.6857610474632,1,0,0,0,0,1,84.23,84.23,3.16,1,5a349c2cd43fed28417779a8f494ade1ae69abbf809d4fc1fa7fb3543223d199
sta-f-83,official,6,TBR_B2,200,1,13,13,0,1,39,-127,115176,-0.001102660276446482,201.6857610474632,1,0,0,0,0,1,92.55,92.55,3.34,1,5a349c2cd43fed28417779a8f494ade1ae69abbf809d4fc1fa7fb3543223d199
sta-f-83,official,6,TBR_NOPROX,200,1,13,13,0,1,39,-127,115176,-0.001102660276446482,201.6857610474632,1,0,0,0,0,1,30.07,30.07,3.18,1,5a349c2cd43fed28417779a8f494ade1ae69abbf809d4fc1fa7fb3543223d199
sta-f-83,official,6,TBR_NOT2,200,1,13,13,0,1,39,-127,115176,-0.001102660276446482,201.6857610474632,1,0,0,0,0,1,90.1,90.1,3.25,1,5a349c2cd43fed28417779a8f494ade1ae69abbf809d4fc1fa7fb3543223d199
sta-f-83,official,6,ONE_BLOCKER,200,1,13,13,0,1,39,-127,115176,-0.001102660276446482,201.6857610474632,1,0,0,0,0,1,91.16,91.16,3.27,1,5a349c2cd43fed28417779a8f494ade1ae69abbf809d4fc1fa7fb3543223d199
sta-f-83,official,6,TBR,200,1,13,13,0,1,39,-127,115176,-0.001102660276446482,201.6857610474632,1,0,0,0,0,1,87.93,87.93,3.19,1,5a349c2cd43fed28417779a8f494ade1ae69abbf809d4fc1fa7fb3543223d199
sta-f-83,official,6,RECOMPUTE,200,1,13,13,0,40,1090,-2752,115176,-0.02389386677780093,197.17021276595744,0,0,0,0,1,40,1071.58,1071.58,2.48,1,edc6b72c7fdd204a92984a81b9cec69fe357a7752f7587b3b628b8ef975b07ba
sta-f-83,tight,7,TBR,200,1,13,13,0,1,3,-72,111021,-0.0006485259545491393,194.74795417348608,1,0,0,0,0,1,51.67,51.67,3.19,1,fe74aec4ec7a7f06d553658148ae2483793619426892d096b6cfc7f258a2f157
sta-f-83,tight,7,TBR_B2,200,1,13,13,0,1,3,-72,111021,-0.0006485259545491393,194.74795417348608,1,0,0,0,0,1,52.36,52.36,3.38,1,fe74aec4ec7a7f06d553658148ae2483793619426892d096b6cfc7f258a2f157
sta-f-83,tight,7,TBR_NOT2,200,1,13,13,0,1,3,-72,111021,-0.0006485259545491393,194.74795417348608,1,0,0,0,0,1,51.73,51.73,3.26,1,fe74aec4ec7a7f06d553658148ae2483793619426892d096b6cfc7f258a2f157
sta-f-83,tight,7,RECOMPUTE,200,1,13,13,0,2,5,-24,111021,-0.00021617531818304646,194.82651391162028,0,0,0,0,1,2,872.04,872.04,2.4,1,beb341abe867bbc0827ed3b21b3c32d24d8350774c8e41c5f8d0a002b2e332de
sta-f-83,tight,7,TBR_B4,200,1,13,13,0,1,3,-72,111021,-0.0006485259545491393,194.74795417348608,1,0,0,0,0,1,50.51,50.51,3.36,1,fe74aec4ec7a7f06d553658148ae2483793619426892d096b6cfc7f258a2f157
sta-f-83,tight,7,SINGLE,200,1,13,13,0,1,3,-72,111021,-0.0006485259545491393,194.74795417348608,1,0,0,0,0,1,49.56,49.56,3.29,1,fe74aec4ec7a7f06d553658148ae2483793619426892d096b6cfc7f258a2f157
sta-f-83,tight,7,TBR_B16,200,1,13,13,0,1,3,-72,111021,-0.0006485259545491393,194.74795417348608,1,0,0,0,0,1,50.86,50.86,3.28,1,fe74aec4ec7a7f06d553658148ae2483793619426892d096b6cfc7f258a2f157
sta-f-83,tight,7,ONE_BLOCKER,200,1,13,13,0,1,3,-72,111021,-0.0006485259545491393,194.74795417348608,1,0,0,0,0,1,49.71,49.71,3.21,1,fe74aec4ec7a7f06d553658148ae2483793619426892d096b6cfc7f258a2f157
sta-f-83,tight,7,TBR_B32,200,1,13,13,0,1,3,-72,111021,-0.0006485259545491393,194.74795417348608,1,0,0,0,0,1,48.78,48.78,3.38,1,fe74aec4ec7a7f06d553658148ae2483793619426892d096b6cfc7f258a2f157
sta-f-83,tight,7,TBR_NOPROX,200,1,13,13,0,1,3,-49,111021,-0.0004413579412903865,194.78559738134206,1,0,0,0,0,1,24.43,24.43,3.31,1,8f112fde586cbdcabca6d5de4b3aa9793b5a48ba45c2bd40cf2aac355ee8fb9a
sta-f-83,official,7,TBR,200,1,13,13,0,1,3,-72,111021,-0.0006485259545491393,194.74795417348608,1,0,0,0,0,1,51.73,51.73,3.21,1,fe74aec4ec7a7f06d553658148ae2483793619426892d096b6cfc7f258a2f157
sta-f-83,official,7,TBR_B2,200,1,13,13,0,1,3,-72,111021,-0.0006485259545491393,194.74795417348608,1,0,0,0,0,1,51.87,51.87,3.38,1,fe74aec4ec7a7f06d553658148ae2483793619426892d096b6cfc7f258a2f157
sta-f-83,official,7,TBR_NOT2,200,1,13,13,0,1,3,-72,111021,-0.0006485259545491393,194.74795417348608,1,0,0,0,0,1,69.68,69.68,3.16,1,fe74aec4ec7a7f06d553658148ae2483793619426892d096b6cfc7f258a2f157
sta-f-83,official,7,RECOMPUTE,200,1,13,13,0,2,5,-24,111021,-0.00021617531818304646,194.82651391162028,0,0,0,0,1,2,895.58,895.58,2.46,1,beb341abe867bbc0827ed3b21b3c32d24d8350774c8e41c5f8d0a002b2e332de
sta-f-83,official,7,TBR_B4,200,1,13,13,0,1,3,-72,111021,-0.0006485259545491393,194.74795417348608,1,0,0,0,0,1,50.84,50.84,3.32,1,fe74aec4ec7a7f06d553658148ae2483793619426892d096b6cfc7f258a2f157
sta-f-83,official,7,SINGLE,200,1,13,13,0,1,3,-72,111021,-0.0006485259545491393,194.74795417348608,1,0,0,0,0,1,52.61,52.61,3.15,1,fe74aec4ec7a7f06d553658148ae2483793619426892d096b6cfc7f258a2f157
sta-f-83,official,7,TBR_B16,200,1,13,13,0,1,3,-72,111021,-0.0006485259545491393,194.74795417348608,1,0,0,0,0,1,49.64,49.64,3.29,1,fe74aec4ec7a7f06d553658148ae2483793619426892d096b6cfc7f258a2f157
sta-f-83,official,7,ONE_BLOCKER,200,1,13,13,0,1,3,-72,111021,-0.0006485259545491393,194.74795417348608,1,0,0,0,0,1,53.0,53.0,3.25,1,fe74aec4ec7a7f06d553658148ae2483793619426892d096b6cfc7f258a2f157
sta-f-83,official,7,TBR_B32,200,1,13,13,0,1,3,-72,111021,-0.0006485259545491393,194.74795417348608,1,0,0,0,0,1,52.99,52.99,3.38,1,fe74aec4ec7a7f06d553658148ae2483793619426892d096b6cfc7f258a2f157
sta-f-83,official,7,TBR_NOPROX,200,1,13,13,0,1,3,-49,111021,-0.0004413579412903865,194.78559738134206,1,0,0,0,0,1,24.44,24.44,3.21,1,8f112fde586cbdcabca6d5de4b3aa9793b5a48ba45c2bd40cf2aac355ee8fb9a
sta-f-83,tight,8,SINGLE,200,0,13,13,0,0,0,0,112380,0.0,197.41243862520457,0,0,0,0,0,0,,,3.41,1,2c540df91b843560f67f3c0996b1947e4b4d9507860a1dafda8dc75ee98a4a0d
sta-f-83,tight,8,RECOMPUTE,200,0,13,13,0,0,0,0,112380,0.0,197.41243862520457,0,0,0,0,0,0,,,2.43,1,2c540df91b843560f67f3c0996b1947e4b4d9507860a1dafda8dc75ee98a4a0d
sta-f-83,tight,8,TBR_NOPROX,200,0,13,13,0,0,0,0,112380,0.0,197.41243862520457,0,0,0,0,0,0,,,3.23,1,2c540df91b843560f67f3c0996b1947e4b4d9507860a1dafda8dc75ee98a4a0d
sta-f-83,tight,8,TBR,200,0,13,13,0,0,0,0,112380,0.0,197.41243862520457,0,0,0,0,0,0,,,3.06,1,2c540df91b843560f67f3c0996b1947e4b4d9507860a1dafda8dc75ee98a4a0d
sta-f-83,tight,8,TBR_NOT2,200,0,13,13,0,0,0,0,112380,0.0,197.41243862520457,0,0,0,0,0,0,,,3.16,1,2c540df91b843560f67f3c0996b1947e4b4d9507860a1dafda8dc75ee98a4a0d
sta-f-83,tight,8,TBR_B2,200,0,13,13,0,0,0,0,112380,0.0,197.41243862520457,0,0,0,0,0,0,,,3.24,1,2c540df91b843560f67f3c0996b1947e4b4d9507860a1dafda8dc75ee98a4a0d
sta-f-83,tight,8,TBR_B32,200,0,13,13,0,0,0,0,112380,0.0,197.41243862520457,0,0,0,0,0,0,,,3.24,1,2c540df91b843560f67f3c0996b1947e4b4d9507860a1dafda8dc75ee98a4a0d
sta-f-83,tight,8,TBR_B16,200,0,13,13,0,0,0,0,112380,0.0,197.41243862520457,0,0,0,0,0,0,,,3.2,1,2c540df91b843560f67f3c0996b1947e4b4d9507860a1dafda8dc75ee98a4a0d
sta-f-83,tight,8,TBR_B4,200,0,13,13,0,0,0,0,112380,0.0,197.41243862520457,0,0,0,0,0,0,,,3.25,1,2c540df91b843560f67f3c0996b1947e4b4d9507860a1dafda8dc75ee98a4a0d
sta-f-83,tight,8,ONE_BLOCKER,200,0,13,13,0,0,0,0,112380,0.0,197.41243862520457,0,0,0,0,0,0,,,3.09,1,2c540df91b843560f67f3c0996b1947e4b4d9507860a1dafda8dc75ee98a4a0d
sta-f-83,official,8,SINGLE,200,0,13,13,0,0,0,0,112380,0.0,197.41243862520457,0,0,0,0,0,0,,,3.09,1,2c540df91b843560f67f3c0996b1947e4b4d9507860a1dafda8dc75ee98a4a0d
sta-f-83,official,8,RECOMPUTE,200,0,13,13,0,0,0,0,112380,0.0,197.41243862520457,0,0,0,0,0,0,,,2.5,1,2c540df91b843560f67f3c0996b1947e4b4d9507860a1dafda8dc75ee98a4a0d
sta-f-83,official,8,TBR_NOPROX,200,0,13,13,0,0,0,0,112380,0.0,197.41243862520457,0,0,0,0,0,0,,,3.33,1,2c540df91b843560f67f3c0996b1947e4b4d9507860a1dafda8dc75ee98a4a0d
sta-f-83,official,8,TBR,200,0,13,13,0,0,0,0,112380,0.0,197.41243862520457,0,0,0,0,0,0,,,3.16,1,2c540df91b843560f67f3c0996b1947e4b4d9507860a1dafda8dc75ee98a4a0d
sta-f-83,official,8,TBR_NOT2,200,0,13,13,0,0,0,0,112380,0.0,197.41243862520457,0,0,0,0,0,0,,,3.29,1,2c540df91b843560f67f3c0996b1947e4b4d9507860a1dafda8dc75ee98a4a0d
sta-f-83,official,8,TBR_B2,200,0,13,13,0,0,0,0,112380,0.0,197.41243862520457,0,0,0,0,0,0,,,3.33,1,2c540df91b843560f67f3c0996b1947e4b4d9507860a1dafda8dc75ee98a4a0d
sta-f-83,official,8,TBR_B32,200,0,13,13,0,0,0,0,112380,0.0,197.41243862520457,0,0,0,0,0,0,,,3.29,1,2c540df91b843560f67f3c0996b1947e4b4d9507860a1dafda8dc75ee98a4a0d
sta-f-83,official,8,TBR_B16,200,0,13,13,0,0,0,0,112380,0.0,197.41243862520457,0,0,0,0,0,0,,,3.16,1,2c540df91b843560f67f3c0996b1947e4b4d9507860a1dafda8dc75ee98a4a0d
sta-f-83,official,8,TBR_B4,200,0,13,13,0,0,0,0,112380,0.0,197.41243862520457,0,0,0,0,0,0,,,3.22,1,2c540df91b843560f67f3c0996b1947e4b4d9507860a1dafda8dc75ee98a4a0d
sta-f-83,official,8,ONE_BLOCKER,200,0,13,13,0,0,0,0,112380,0.0,197.41243862520457,0,0,0,0,0,0,,,3.04,1,2c540df91b843560f67f3c0996b1947e4b4d9507860a1dafda8dc75ee98a4a0d
sta-f-83,tight,9,TBR_B4,200,1,13,13,0,1,8,-222,109819,-0.0020215081179030953,193.12765957446808,1,0,0,0,0,1,54.22,54.22,3.25,1,5da180b489739675c1b9de358dfc842e88b0df48a5c96830a5db0dfabea30285
sta-f-83,tight,9,ONE_BLOCKER,200,1,13,13,0,1,8,-222,109819,-0.0020215081179030953,193.12765957446808,1,0,0,0,0,1,52.69,52.69,3.12,1,5da180b489739675c1b9de358dfc842e88b0df48a5c96830a5db0dfabea30285
sta-f-83,tight,9,SINGLE,200,1,13,13,0,1,8,-222,109819,-0.0020215081179030953,193.12765957446808,1,0,0,0,0,1,53.8,53.8,3.19,1,5da180b489739675c1b9de358dfc842e88b0df48a5c96830a5db0dfabea30285
sta-f-83,tight,9,TBR_NOPROX,200,1,13,13,0,1,8,-149,109819,-0.0013567779710250503,193.2471358428805,1,0,0,0,0,1,24.18,24.18,3.17,1,2710b309b704713ab8ecd9f425d4797cb42320e73a805117b963a7db0ba85eb9
sta-f-83,tight,9,TBR_B16,200,1,13,13,0,1,8,-222,109819,-0.0020215081179030953,193.12765957446808,1,0,0,0,0,1,52.52,52.52,3.33,1,5da180b489739675c1b9de358dfc842e88b0df48a5c96830a5db0dfabea30285
sta-f-83,tight,9,TBR_B2,200,1,13,13,0,1,8,-222,109819,-0.0020215081179030953,193.12765957446808,1,0,0,0,0,1,54.75,54.75,3.27,1,5da180b489739675c1b9de358dfc842e88b0df48a5c96830a5db0dfabea30285
sta-f-83,tight,9,TBR,200,1,13,13,0,1,8,-222,109819,-0.0020215081179030953,193.12765957446808,1,0,0,0,0,1,51.32,51.32,3.1,1,5da180b489739675c1b9de358dfc842e88b0df48a5c96830a5db0dfabea30285
sta-f-83,tight,9,TBR_B32,200,1,13,13,0,1,8,-222,109819,-0.0020215081179030953,193.12765957446808,1,0,0,0,0,1,53.63,53.63,3.42,1,5da180b489739675c1b9de358dfc842e88b0df48a5c96830a5db0dfabea30285
sta-f-83,tight,9,RECOMPUTE,200,1,13,13,0,15,613,479,109819,0.004361722470610732,194.3960720130933,0,0,0,0,1,15,1275.42,1275.42,2.51,1,b30f8559889cd27e3a7b0c1ad66dcb6ccff887dd9bf2d8f5f28f2a9c90e6377d
sta-f-83,tight,9,TBR_NOT2,200,1,13,13,0,1,8,-222,109819,-0.0020215081179030953,193.12765957446808,1,0,0,0,0,1,51.2,51.2,3.24,1,5da180b489739675c1b9de358dfc842e88b0df48a5c96830a5db0dfabea30285
sta-f-83,official,9,TBR_B4,200,1,13,13,0,1,8,-222,109819,-0.0020215081179030953,193.12765957446808,1,0,0,0,0,1,51.15,51.15,3.29,1,5da180b489739675c1b9de358dfc842e88b0df48a5c96830a5db0dfabea30285
sta-f-83,official,9,ONE_BLOCKER,200,1,13,13,0,1,8,-222,109819,-0.0020215081179030953,193.12765957446808,1,0,0,0,0,1,52.86,52.86,3.19,1,5da180b489739675c1b9de358dfc842e88b0df48a5c96830a5db0dfabea30285
sta-f-83,official,9,SINGLE,200,1,13,13,0,1,8,-222,109819,-0.0020215081179030953,193.12765957446808,1,0,0,0,0,1,50.71,50.71,3.25,1,5da180b489739675c1b9de358dfc842e88b0df48a5c96830a5db0dfabea30285
sta-f-83,official,9,TBR_NOPROX,200,1,13,13,0,1,8,-149,109819,-0.0013567779710250503,193.2471358428805,1,0,0,0,0,1,25.79,25.79,3.33,1,2710b309b704713ab8ecd9f425d4797cb42320e73a805117b963a7db0ba85eb9
sta-f-83,official,9,TBR_B16,200,1,13,13,0,1,8,-222,109819,-0.0020215081179030953,193.12765957446808,1,0,0,0,0,1,53.79,53.79,3.26,1,5da180b489739675c1b9de358dfc842e88b0df48a5c96830a5db0dfabea30285
sta-f-83,official,9,TBR_B2,200,1,13,13,0,1,8,-222,109819,-0.0020215081179030953,193.12765957446808,1,0,0,0,0,1,52.36,52.36,3.29,1,5da180b489739675c1b9de358dfc842e88b0df48a5c96830a5db0dfabea30285
sta-f-83,official,9,TBR,200,1,13,13,0,1,8,-222,109819,-0.0020215081179030953,193.12765957446808,1,0,0,0,0,1,57.45,57.45,3.13,1,5da180b489739675c1b9de358dfc842e88b0df48a5c96830a5db0dfabea30285
sta-f-83,official,9,TBR_B32,200,1,13,13,0,1,8,-222,109819,-0.0020215081179030953,193.12765957446808,1,0,0,0,0,1,50.59,50.59,3.39,1,5da180b489739675c1b9de358dfc842e88b0df48a5c96830a5db0dfabea30285
sta-f-83,official,9,RECOMPUTE,200,1,13,13,0,15,613,479,109819,0.004361722470610732,194.3960720130933,0,0,0,0,1,15,987.42,987.42,2.5,1,b30f8559889cd27e3a7b0c1ad66dcb6ccff887dd9bf2d8f5f28f2a9c90e6377d
sta-f-83,official,9,TBR_NOT2,200,1,13,13,0,1,8,-222,109819,-0.0020215081179030953,193.12765957446808,1,0,0,0,0,1,52.99,52.99,3.22,1,5da180b489739675c1b9de358dfc842e88b0df48a5c96830a5db0dfabea30285
tre-s-92,tight,0,RECOMPUTE,200,6,23,23,0,75,2805,-1322,68814,-0.019211207021826954,15.936467889908258,0,0,0,0,6,63,4650.82,6098.49,2.34,1,c99ad6743774c91d2548a452527613c9d49a7e31350ab7f6d7c9befbce5efccc
tre-s-92,tight,0,ONE_BLOCKER,200,6,23,23,0,6,157,-1590,68814,-0.023105763362106548,15.888532110091743,6,0,0,0,0,1,85.63,153.05,2.9,1,82a10986ac4e3ed91c6d828d737e5da4cc307df9862f3a494dcb7bc864da8c77
tre-s-92,tight,0,SINGLE,200,6,23,23,0,6,157,-1590,68814,-0.023105763362106548,15.888532110091743,6,0,0,0,0,1,85.27,124.1,2.92,1,82a10986ac4e3ed91c6d828d737e5da4cc307df9862f3a494dcb7bc864da8c77
tre-s-92,tight,0,TBR_B16,200,6,23,23,0,6,157,-1590,68814,-0.023105763362106548,15.888532110091743,6,0,0,0,0,1,89.51,128.03,3.04,1,82a10986ac4e3ed91c6d828d737e5da4cc307df9862f3a494dcb7bc864da8c77
tre-s-92,tight,0,TBR_B2,200,6,23,23,0,6,157,-1590,68814,-0.023105763362106548,15.888532110091743,6,0,0,0,0,1,88.87,125.87,3.0,1,82a10986ac4e3ed91c6d828d737e5da4cc307df9862f3a494dcb7bc864da8c77
tre-s-92,tight,0,TBR_B4,200,6,23,23,0,6,157,-1590,68814,-0.023105763362106548,15.888532110091743,6,0,0,0,0,1,85.19,103.7,2.94,1,82a10986ac4e3ed91c6d828d737e5da4cc307df9862f3a494dcb7bc864da8c77
tre-s-92,tight,0,TBR_NOT2,200,6,23,23,0,6,157,-1590,68814,-0.023105763362106548,15.888532110091743,6,0,0,0,0,1,84.58,100.34,2.63,1,82a10986ac4e3ed91c6d828d737e5da4cc307df9862f3a494dcb7bc864da8c77
tre-s-92,tight,0,TBR,200,6,23,23,0,6,157,-1590,68814,-0.023105763362106548,15.888532110091743,6,0,0,0,0,1,91.34,105.7,2.6,1,82a10986ac4e3ed91c6d828d737e5da4cc307df9862f3a494dcb7bc864da8c77
tre-s-92,tight,0,TBR_NOPROX,200,6,23,23,0,6,157,-537,68814,-0.007803644607202023,16.131422018348623,6,0,0,0,0,1,23.02,28.94,2.66,1,2dc0093e2557ebce71e1048aa27dbd7eabc32ad0f67e07e44b389e5096695b38
tre-s-92,tight,0,TBR_B32,200,6,23,23,0,6,157,-1590,68814,-0.023105763362106548,15.888532110091743,6,0,0,0,0,1,98.35,102.18,2.83,1,82a10986ac4e3ed91c6d828d737e5da4cc307df9862f3a494dcb7bc864da8c77
tre-s-92,official,0,RECOMPUTE,200,6,23,23,0,75,2805,-1322,68814,-0.019211207021826954,15.936467889908258,0,0,0,0,6,63,4456.89,5928.16,2.21,1,c99ad6743774c91d2548a452527613c9d49a7e31350ab7f6d7c9befbce5efccc
tre-s-92,official,0,ONE_BLOCKER,200,6,23,23,0,6,157,-1590,68814,-0.023105763362106548,15.888532110091743,6,0,0,0,0,1,97.1,107.79,2.66,1,82a10986ac4e3ed91c6d828d737e5da4cc307df9862f3a494dcb7bc864da8c77
tre-s-92,official,0,SINGLE,200,6,23,23,0,6,157,-1590,68814,-0.023105763362106548,15.888532110091743,6,0,0,0,0,1,85.48,103.05,2.52,1,82a10986ac4e3ed91c6d828d737e5da4cc307df9862f3a494dcb7bc864da8c77
tre-s-92,official,0,TBR_B16,200,6,23,23,0,6,157,-1590,68814,-0.023105763362106548,15.888532110091743,6,0,0,0,0,1,95.72,111.58,2.8,1,82a10986ac4e3ed91c6d828d737e5da4cc307df9862f3a494dcb7bc864da8c77
tre-s-92,official,0,TBR_B2,200,6,23,23,0,6,157,-1590,68814,-0.023105763362106548,15.888532110091743,6,0,0,0,0,1,90.02,114.33,3.02,1,82a10986ac4e3ed91c6d828d737e5da4cc307df9862f3a494dcb7bc864da8c77
tre-s-92,official,0,TBR_B4,200,6,23,23,0,6,157,-1590,68814,-0.023105763362106548,15.888532110091743,6,0,0,0,0,1,94.75,109.03,2.77,1,82a10986ac4e3ed91c6d828d737e5da4cc307df9862f3a494dcb7bc864da8c77
tre-s-92,official,0,TBR_NOT2,200,6,23,23,0,6,157,-1590,68814,-0.023105763362106548,15.888532110091743,6,0,0,0,0,1,89.09,118.71,2.61,1,82a10986ac4e3ed91c6d828d737e5da4cc307df9862f3a494dcb7bc864da8c77
tre-s-92,official,0,TBR,200,6,23,23,0,6,157,-1590,68814,-0.023105763362106548,15.888532110091743,6,0,0,0,0,1,98.58,105.67,2.93,1,82a10986ac4e3ed91c6d828d737e5da4cc307df9862f3a494dcb7bc864da8c77
tre-s-92,official,0,TBR_NOPROX,200,6,23,23,0,6,157,-537,68814,-0.007803644607202023,16.131422018348623,6,0,0,0,0,1,34.25,41.22,3.91,1,2dc0093e2557ebce71e1048aa27dbd7eabc32ad0f67e07e44b389e5096695b38
tre-s-92,official,0,TBR_B32,200,6,23,23,0,6,157,-1590,68814,-0.023105763362106548,15.888532110091743,6,0,0,0,0,1,88.37,102.56,2.94,1,82a10986ac4e3ed91c6d828d737e5da4cc307df9862f3a494dcb7bc864da8c77
tre-s-92,tight,1,TBR_B32,200,9,23,23,0,9,324,-2505,70250,-0.035658362989323844,16.006422018348623,9,0,0,0,0,1,91.58,119.58,2.95,1,dccd616be6ec412b399e5f5baffaa1cb5f077193236cfdf9617f6f350e7b6983
tre-s-92,tight,1,TBR_B4,200,9,23,23,0,9,324,-2505,70250,-0.035658362989323844,16.006422018348623,9,0,0,0,0,1,97.11,122.38,2.8,1,dccd616be6ec412b399e5f5baffaa1cb5f077193236cfdf9617f6f350e7b6983
tre-s-92,tight,1,ONE_BLOCKER,200,9,23,23,0,9,324,-2505,70250,-0.035658362989323844,16.006422018348623,9,0,0,0,0,1,99.93,145.41,2.92,1,dccd616be6ec412b399e5f5baffaa1cb5f077193236cfdf9617f6f350e7b6983
tre-s-92,tight,1,TBR,200,9,23,23,0,9,324,-2505,70250,-0.035658362989323844,16.006422018348623,9,0,0,0,0,1,88.4,134.92,2.73,1,dccd616be6ec412b399e5f5baffaa1cb5f077193236cfdf9617f6f350e7b6983
tre-s-92,tight,1,TBR_B2,200,9,23,23,0,9,324,-2505,70250,-0.035658362989323844,16.006422018348623,9,0,0,0,0,1,88.86,132.98,2.88,1,dccd616be6ec412b399e5f5baffaa1cb5f077193236cfdf9617f6f350e7b6983
tre-s-92,tight,1,TBR_NOPROX,200,9,23,23,0,9,324,-1643,70250,-0.023387900355871887,16.206651376146787,9,0,0,0,0,1,23.98,29.95,2.7,1,36c57bc83ffb2d73ee7c19092b4ea9df0be3bd0d59f8ce65adf91c7b02be79ed
tre-s-92,tight,1,RECOMPUTE,200,9,23,23,0,417,15411,-4265,70250,-0.06071174377224199,15.591284403669725,0,0,0,0,9,133,4529.81,5451.21,2.29,1,da62521dd01cbd4202e4746ff9e7fdc246486e513fbe86cb188dee1e1b89d53b
tre-s-92,tight,1,TBR_B16,200,9,23,23,0,9,324,-2505,70250,-0.035658362989323844,16.006422018348623,9,0,0,0,0,1,88.13,157.07,3.12,1,dccd616be6ec412b399e5f5baffaa1cb5f077193236cfdf9617f6f350e7b6983
tre-s-92,tight,1,SINGLE,200,9,23,23,0,9,324,-2505,70250,-0.035658362989323844,16.006422018348623,9,0,0,0,0,1,88.64,140.13,2.7,1,dccd616be6ec412b399e5f5baffaa1cb5f077193236cfdf9617f6f350e7b6983
tre-s-92,tight,1,TBR_NOT2,200,9,23,23,0,9,324,-2505,70250,-0.035658362989323844,16.006422018348623,9,0,0,0,0,1,95.33,121.69,2.76,1,dccd616be6ec412b399e5f5baffaa1cb5f077193236cfdf9617f6f350e7b6983
tre-s-92,official,1,TBR_B32,200,9,23,23,0,9,324,-2505,70250,-0.035658362989323844,16.006422018348623,9,0,0,0,0,1,86.88,120.52,2.78,1,dccd616be6ec412b399e5f5baffaa1cb5f077193236cfdf9617f6f350e7b6983
tre-s-92,official,1,TBR_B4,200,9,23,23,0,9,324,-2505,70250,-0.035658362989323844,16.006422018348623,9,0,0,0,0,1,87.82,137.59,2.83,1,dccd616be6ec412b399e5f5baffaa1cb5f077193236cfdf9617f6f350e7b6983
tre-s-92,official,1,ONE_BLOCKER,200,9,23,23,0,9,324,-2505,70250,-0.035658362989323844,16.006422018348623,9,0,0,0,0,1,85.11,149.47,2.7,1,dccd616be6ec412b399e5f5baffaa1cb5f077193236cfdf9617f6f350e7b6983
tre-s-92,official,1,TBR,200,9,23,23,0,9,324,-2505,70250,-0.035658362989323844,16.006422018348623,9,0,0,0,0,1,86.71,120.72,2.8,1,dccd616be6ec412b399e5f5baffaa1cb5f077193236cfdf9617f6f350e7b6983
tre-s-92,official,1,TBR_B2,200,9,23,23,0,9,324,-2505,70250,-0.035658362989323844,16.006422018348623,9,0,0,0,0,1,84.89,121.34,2.79,1,dccd616be6ec412b399e5f5baffaa1cb5f077193236cfdf9617f6f350e7b6983
tre-s-92,official,1,TBR_NOPROX,200,9,23,23,0,9,324,-1643,70250,-0.023387900355871887,16.206651376146787,9,0,0,0,0,1,25.39,37.25,2.69,1,36c57bc83ffb2d73ee7c19092b4ea9df0be3bd0d59f8ce65adf91c7b02be79ed
tre-s-92,official,1,RECOMPUTE,200,9,23,23,0,417,15411,-4265,70250,-0.06071174377224199,15.591284403669725,0,0,0,0,9,133,5628.02,6538.54,2.9,1,da62521dd01cbd4202e4746ff9e7fdc246486e513fbe86cb188dee1e1b89d53b
tre-s-92,official,1,TBR_B16,200,9,23,23,0,9,324,-2505,70250,-0.035658362989323844,16.006422018348623,9,0,0,0,0,1,114.16,168.01,3.76,1,dccd616be6ec412b399e5f5baffaa1cb5f077193236cfdf9617f6f350e7b6983
tre-s-92,official,1,SINGLE,200,9,23,23,0,9,324,-2505,70250,-0.035658362989323844,16.006422018348623,9,0,0,0,0,1,112.79,156.22,3.54,1,dccd616be6ec412b399e5f5baffaa1cb5f077193236cfdf9617f6f350e7b6983
tre-s-92,official,1,TBR_NOT2,200,9,23,23,0,9,324,-2505,70250,-0.035658362989323844,16.006422018348623,9,0,0,0,0,1,109.4,167.16,3.44,1,dccd616be6ec412b399e5f5baffaa1cb5f077193236cfdf9617f6f350e7b6983
tre-s-92,tight,2,TBR_B16,200,12,21,22,1,16,964,-1719,65636,-0.02618989578889634,15.106192660550459,9,1,1,1,0,4,81.33,2355.84,3.59,1,78dfb5e222545419874d72ead892e44b55dce3f56092fda1360bb39820dbc5b0
tre-s-92,tight,2,TBR_B4,200,12,21,22,1,16,964,-1719,65636,-0.02618989578889634,15.106192660550459,9,1,1,1,0,4,78.25,620.95,3.58,1,78dfb5e222545419874d72ead892e44b55dce3f56092fda1360bb39820dbc5b0
tre-s-92,tight,2,TBR_B32,200,12,21,22,1,16,964,-1719,65636,-0.02618989578889634,15.106192660550459,9,1,1,1,0,4,81.59,4050.61,3.54,1,78dfb5e222545419874d72ead892e44b55dce3f56092fda1360bb39820dbc5b0
tre-s-92,tight,2,TBR_NOT2,200,12,21,23,2,13,622,-2938,65636,-0.04476202084222073,14.826605504587157,9,0,1,2,0,2,79.38,840.36,3.48,1,3f182c1aa759e422e5728bc1aa87af433b5dce44478c5dd4e68ed069735c6701
tre-s-92,tight,2,ONE_BLOCKER,200,12,21,23,2,13,622,-2806,65636,-0.04275092936802974,14.856880733944955,9,1,0,2,0,2,78.36,211.57,3.36,1,396fbe31b5f87e2c40e79aa7bbad878693ead7c7a32e61589b89ed651c4da682
tre-s-92,tight,2,TBR,200,12,21,22,1,16,964,-1719,65636,-0.02618989578889634,15.106192660550459,9,1,1,1,0,4,85.98,1016.87,3.38,1,78dfb5e222545419874d72ead892e44b55dce3f56092fda1360bb39820dbc5b0
tre-s-92,tight,2,TBR_NOPROX,200,12,21,22,1,15,950,-1187,65636,-0.01808458772624779,15.239678899082568,10,0,1,1,0,4,28.04,856.4,3.23,1,d93a1f197a671b226b89ad29e41850ef3e82d9b7510969dfa4752fdff5eecf22
tre-s-92,tight,2,SINGLE,200,12,21,24,3,12,608,-3138,65636,-0.04780912913644951,14.780733944954129,9,0,0,3,0,1,65.99,103.57,3.27,1,d8a520107016f76a14c94626462d418d4e6c7a2574f7c3f1750d32977b668678
tre-s-92,tight,2,RECOMPUTE,200,16,21,23,2,698,27986,-3414,65636,-0.05201413858248522,14.688990825688073,0,0,0,0,16,176,5248.95,6496.25,3.02,1,1974e592627af48c000d993a876739ba92bb76fe971bd17a208390668e06e1d5
tre-s-92,tight,2,TBR_B2,200,12,21,23,2,13,622,-2806,65636,-0.04275092936802974,14.856880733944955,9,1,0,2,0,2,82.12,215.81,3.58,1,396fbe31b5f87e2c40e79aa7bbad878693ead7c7a32e61589b89ed651c4da682
tre-s-92,official,2,TBR_B16,200,12,23,23,0,13,646,-4117,65636,-0.06272472423669938,14.544495412844038,11,1,0,0,0,2,109.1,205.77,3.8,1,986a386f12ec23abbd25eaf462a680290d22a7ccc7701be0e48fbaaf8d36c83e
tre-s-92,official,2,TBR_B4,200,12,23,23,0,13,646,-4117,65636,-0.06272472423669938,14.544495412844038,11,1,0,0,0,2,97.85,201.51,3.59,1,986a386f12ec23abbd25eaf462a680290d22a7ccc7701be0e48fbaaf8d36c83e
tre-s-92,official,2,TBR_B32,200,12,23,23,0,13,646,-4117,65636,-0.06272472423669938,14.544495412844038,11,1,0,0,0,2,96.99,204.76,3.74,1,986a386f12ec23abbd25eaf462a680290d22a7ccc7701be0e48fbaaf8d36c83e
tre-s-92,official,2,TBR_NOT2,200,12,23,23,0,15,890,-3540,65636,-0.05393381680784935,14.676376146788991,11,0,1,0,0,4,111.39,516.81,3.45,1,3881482289e04195867d0ad18414236e23c3394ed8a4e7cab4b66e3c2d4e883e
tre-s-92,official,2,ONE_BLOCKER,200,12,23,23,0,13,646,-4117,65636,-0.06272472423669938,14.544495412844038,11,1,0,0,0,2,102.86,219.35,3.58,1,986a386f12ec23abbd25eaf462a680290d22a7ccc7701be0e48fbaaf8d36c83e
tre-s-92,official,2,TBR,200,12,23,23,0,13,646,-4117,65636,-0.06272472423669938,14.544495412844038,11,1,0,0,0,2,101.16,195.58,3.5,1,986a386f12ec23abbd25eaf462a680290d22a7ccc7701be0e48fbaaf8d36c83e
tre-s-92,official,2,TBR_NOPROX,200,12,23,23,0,13,606,-3740,65636,-0.056980925102078125,14.632110091743119,11,1,0,0,0,2,30.55,62.77,3.6,1,3c82b2abdb2b02ae4cbc576672313fd6bfc673a40d9865b29c53a65cf4e9a75f
tre-s-92,official,2,SINGLE,200,12,23,24,1,12,548,-4246,65636,-0.06469010908647693,14.514449541284403,11,0,0,1,0,1,89.06,151.73,3.29,1,3bd48aca7ebecd220b657e7ac5d865c639ea48fc70d7935806d6a2724a563578
tre-s-92,official,2,RECOMPUTE,200,16,23,23,0,698,27986,-3414,65636,-0.05201413858248522,14.688990825688073,0,0,0,0,16,176,5340.22,6375.23,3.23,1,2ffc660ad8766facb58146828a7a90de8ff4acd9ff99d95c3d7ac2620c84f8f6
tre-s-92,official,2,TBR_B2,200,12,23,23,0,13,646,-4117,65636,-0.06272472423669938,14.544495412844038,11,1,0,0,0,2,106.79,190.82,3.58,1,986a386f12ec23abbd25eaf462a680290d22a7ccc7701be0e48fbaaf8d36c83e
tre-s-92,tight,3,TBR_B16,200,12,23,23,0,13,484,-2843,65485,-0.04341452240971215,14.762155963302753,11,1,0,0,0,2,96.42,211.88,4.29,1,946fbda136f11b0294dc4790316f4d0624815eeb42bf38a2f9e09594eda89177
tre-s-92,tight,3,TBR_NOPROX,200,12,23,23,0,12,425,-1878,65485,-0.02867832328014049,14.985779816513762,12,0,0,0,0,1,26.82,63.47,3.36,1,93d56dd7f44a362216a9b5408eecd6f19f14f329100bb2b15b2c7509c6c17d38
tre-s-92,tight,3,TBR_B4,200,12,23,23,0,13,484,-2843,65485,-0.04341452240971215,14.762155963302753,11,1,0,0,0,2,105.36,194.46,3.53,1,946fbda136f11b0294dc4790316f4d0624815eeb42bf38a2f9e09594eda89177
tre-s-92,tight,3,ONE_BLOCKER,200,12,23,23,0,13,484,-2843,65485,-0.04341452240971215,14.762155963302753,11,1,0,0,0,2,92.59,198.13,3.54,1,946fbda136f11b0294dc4790316f4d0624815eeb42bf38a2f9e09594eda89177
tre-s-92,tight,3,TBR_NOT2,200,12,23,24,1,12,425,-3115,65485,-0.04756814537680385,14.699770642201836,11,0,0,1,0,1,86.77,484.26,3.16,1,dfb2cedf2e1bd2012e454533237a93a0caf18930b7babaec2d9cede82567bf0c
tre-s-92,tight,3,TBR_B32,200,12,23,23,0,13,484,-2843,65485,-0.04341452240971215,14.762155963302753,11,1,0,0,0,2,87.8,176.47,3.41,1,946fbda136f11b0294dc4790316f4d0624815eeb42bf38a2f9e09594eda89177
tre-s-92,tight,3,SINGLE,200,12,23,24,1,12,425,-3115,65485,-0.04756814537680385,14.699770642201836,11,0,0,1,0,1,85.01,133.47,3.55,1,dfb2cedf2e1bd2012e454533237a93a0caf18930b7babaec2d9cede82567bf0c
tre-s-92,tight,3,TBR_B2,200,12,23,23,0,13,484,-2843,65485,-0.04341452240971215,14.762155963302753,11,1,0,0,0,2,92.06,193.54,3.66,1,946fbda136f11b0294dc4790316f4d0624815eeb42bf38a2f9e09594eda89177
tre-s-92,tight,3,TBR,200,12,23,23,0,13,484,-2843,65485,-0.04341452240971215,14.762155963302753,11,1,0,0,0,2,112.58,217.47,3.76,1,946fbda136f11b0294dc4790316f4d0624815eeb42bf38a2f9e09594eda89177
tre-s-92,tight,3,RECOMPUTE,200,15,23,23,0,632,22812,-1607,65485,-0.024539970985721922,15.001834862385321,0,0,0,0,15,189,5569.37,7786.73,3.38,1,bf8499691b84413540e48f256f318ecf235f010cb2bd12ed2cc69798efde07ef
tre-s-92,official,3,TBR_B16,200,12,23,23,0,13,484,-2843,65485,-0.04341452240971215,14.762155963302753,11,1,0,0,0,2,98.16,203.1,3.98,1,946fbda136f11b0294dc4790316f4d0624815eeb42bf38a2f9e09594eda89177
tre-s-92,official,3,TBR_NOPROX,200,12,23,23,0,12,425,-1878,65485,-0.02867832328014049,14.985779816513762,12,0,0,0,0,1,29.0,57.58,3.71,1,93d56dd7f44a362216a9b5408eecd6f19f14f329100bb2b15b2c7509c6c17d38
tre-s-92,official,3,TBR_B4,200,12,23,23,0,13,484,-2843,65485,-0.04341452240971215,14.762155963302753,11,1,0,0,0,2,91.28,199.55,3.84,1,946fbda136f11b0294dc4790316f4d0624815eeb42bf38a2f9e09594eda89177
tre-s-92,official,3,ONE_BLOCKER,200,12,23,23,0,13,484,-2843,65485,-0.04341452240971215,14.762155963302753,11,1,0,0,0,2,100.27,206.16,3.62,1,946fbda136f11b0294dc4790316f4d0624815eeb42bf38a2f9e09594eda89177
tre-s-92,official,3,TBR_NOT2,200,12,23,24,1,12,425,-3115,65485,-0.04756814537680385,14.699770642201836,11,0,0,1,0,1,100.73,528.21,4.04,1,dfb2cedf2e1bd2012e454533237a93a0caf18930b7babaec2d9cede82567bf0c
tre-s-92,official,3,TBR_B32,200,12,23,23,0,13,484,-2843,65485,-0.04341452240971215,14.762155963302753,11,1,0,0,0,2,92.44,219.13,3.91,1,946fbda136f11b0294dc4790316f4d0624815eeb42bf38a2f9e09594eda89177
tre-s-92,official,3,SINGLE,200,12,23,24,1,12,425,-3115,65485,-0.04756814537680385,14.699770642201836,11,0,0,1,0,1,85.02,120.34,3.64,1,dfb2cedf2e1bd2012e454533237a93a0caf18930b7babaec2d9cede82567bf0c
tre-s-92,official,3,TBR_B2,200,12,23,23,0,13,484,-2843,65485,-0.04341452240971215,14.762155963302753,11,1,0,0,0,2,93.93,232.99,3.75,1,946fbda136f11b0294dc4790316f4d0624815eeb42bf38a2f9e09594eda89177
tre-s-92,official,3,TBR,200,12,23,23,0,13,484,-2843,65485,-0.04341452240971215,14.762155963302753,11,1,0,0,0,2,92.94,204.05,3.69,1,946fbda136f11b0294dc4790316f4d0624815eeb42bf38a2f9e09594eda89177
tre-s-92,official,3,RECOMPUTE,200,15,23,23,0,632,22812,-1607,65485,-0.024539970985721922,15.001834862385321,0,0,0,0,15,189,5660.17,7012.77,3.51,1,bf8499691b84413540e48f256f318ecf235f010cb2bd12ed2cc69798efde07ef
tre-s-92,tight,4,TBR,200,11,22,22,0,12,408,-1815,69444,-0.02613616727147054,15.930275229357798,10,1,0,0,0,2,81.5,195.35,2.74,1,fb6158cff690dc4382a88086e056f2e1595697dd42c781e10f811de76e726915
tre-s-92,tight,4,TBR_B16,200,11,22,22,0,12,408,-1815,69444,-0.02613616727147054,15.930275229357798,10,1,0,0,0,2,73.74,177.21,2.89,1,fb6158cff690dc4382a88086e056f2e1595697dd42c781e10f811de76e726915
tre-s-92,tight,4,RECOMPUTE,200,10,22,23,1,444,17572,-4104,69444,-0.05909797822706065,15.405045871559633,0,0,0,0,10,114,4654.53,19617.83,2.25,1,5dc918579cd388a84bd456e7ee181271cdd5a1a8daa90ffb0315b589b37c8fef
tre-s-92,tight,4,ONE_BLOCKER,200,11,22,22,0,12,408,-1815,69444,-0.02613616727147054,15.930275229357798,10,1,0,0,0,2,74.38,186.24,2.69,1,fb6158cff690dc4382a88086e056f2e1595697dd42c781e10f811de76e726915
tre-s-92,tight,4,TBR_NOPROX,200,10,22,22,0,10,324,-1247,69444,-0.017956914924255517,16.06559633027523,10,0,0,0,0,1,22.02,35.59,2.65,1,2ec442c2ff887dc381b56a65ac5991767c4b5ecb3304509540efbd7ccfa54e7b
tre-s-92,tight,4,TBR_NOT2,200,11,22,23,1,11,351,-2177,69444,-0.03134900063360405,15.849541284403669,10,0,0,1,0,1,86.62,438.77,2.73,1,8076d2e656c5e04c229e325cb7fb400e3e44ab897b776d1fd5e61b99971788a9
tre-s-92,tight,4,TBR_B2,200,11,22,22,0,12,408,-1815,69444,-0.02613616727147054,15.930275229357798,10,1,0,0,0,2,79.63,182.96,2.88,1,fb6158cff690dc4382a88086e056f2e1595697dd42c781e10f811de76e726915
tre-s-92,tight,4,SINGLE,200,11,22,23,1,11,351,-2177,69444,-0.03134900063360405,15.849541284403669,10,0,0,1,0,1,68.88,122.68,2.7,1,8076d2e656c5e04c229e325cb7fb400e3e44ab897b776d1fd5e61b99971788a9
tre-s-92,tight,4,TBR_B4,200,11,22,22,0,12,408,-1815,69444,-0.02613616727147054,15.930275229357798,10,1,0,0,0,2,100.4,236.7,3.84,1,fb6158cff690dc4382a88086e056f2e1595697dd42c781e10f811de76e726915
tre-s-92,tight,4,TBR_B32,200,11,22,22,0,12,408,-1815,69444,-0.02613616727147054,15.930275229357798,10,1,0,0,0,2,92.66,234.49,3.81,1,fb6158cff690dc4382a88086e056f2e1595697dd42c781e10f811de76e726915
tre-s-92,official,4,TBR,200,11,23,23,0,11,370,-2012,69444,-0.028972985427106735,15.886697247706422,11,0,0,0,0,1,78.95,152.61,3.53,1,eada19851bba977b1ba75f5d3a42ef4cd8f1f5ae6cb64de50f82edea0a0c47e5
tre-s-92,official,4,TBR_B16,200,11,23,23,0,11,370,-2012,69444,-0.028972985427106735,15.886697247706422,11,0,0,0,0,1,97.79,133.59,3.77,1,eada19851bba977b1ba75f5d3a42ef4cd8f1f5ae6cb64de50f82edea0a0c47e5
tre-s-92,official,4,RECOMPUTE,200,10,23,23,0,444,17572,-4104,69444,-0.05909797822706065,15.405045871559633,0,0,0,0,10,114,6110.14,7153.68,3.08,1,5ae4ac437fe6e81d33085303413815d4e42261b5ca40880982df0996a0fcbd98
tre-s-92,official,4,ONE_BLOCKER,200,11,23,23,0,11,370,-2012,69444,-0.028972985427106735,15.886697247706422,11,0,0,0,0,1,85.15,139.18,3.88,1,eada19851bba977b1ba75f5d3a42ef4cd8f1f5ae6cb64de50f82edea0a0c47e5
tre-s-92,official,4,TBR_NOPROX,200,10,23,23,0,10,324,-1247,69444,-0.017956914924255517,16.06559633027523,10,0,0,0,0,1,30.64,41.42,3.59,1,73745ec929c94b056796632abe7b88af5457f50d9aacf1e35fe1efd18f068d81
tre-s-92,official,4,TBR_NOT2,200,11,23,23,0,11,370,-2012,69444,-0.028972985427106735,15.886697247706422,11,0,0,0,0,1,78.67,134.07,3.54,1,eada19851bba977b1ba75f5d3a42ef4cd8f1f5ae6cb64de50f82edea0a0c47e5
tre-s-92,official,4,TBR_B2,200,11,23,23,0,11,370,-2012,69444,-0.028972985427106735,15.886697247706422,11,0,0,0,0,1,85.5,132.25,4.0,1,eada19851bba977b1ba75f5d3a42ef4cd8f1f5ae6cb64de50f82edea0a0c47e5
tre-s-92,official,4,SINGLE,200,11,23,23,0,11,370,-2012,69444,-0.028972985427106735,15.886697247706422,11,0,0,0,0,1,79.18,138.78,3.59,1,eada19851bba977b1ba75f5d3a42ef4cd8f1f5ae6cb64de50f82edea0a0c47e5
tre-s-92,official,4,TBR_B4,200,11,23,23,0,11,370,-2012,69444,-0.028972985427106735,15.886697247706422,11,0,0,0,0,1,81.83,147.51,3.6,1,eada19851bba977b1ba75f5d3a42ef4cd8f1f5ae6cb64de50f82edea0a0c47e5
tre-s-92,official,4,TBR_B32,200,11,23,23,0,11,370,-2012,69444,-0.028972985427106735,15.886697247706422,11,0,0,0,0,1,99.29,154.41,3.99,1,eada19851bba977b1ba75f5d3a42ef4cd8f1f5ae6cb64de50f82edea0a0c47e5
tre-s-92,tight,5,TBR_NOPROX,200,10,21,22,1,10,384,-1410,70406,-0.020026702269692925,16.26123853211009,9,0,0,1,0,1,31.24,573.08,3.73,1,c5a48197c03430fcffb32ddae558f3d022633682bfb0b564394a946c54793a7b
tre-s-92,tight,5,TBR_NOT2,200,10,21,22,1,10,384,-2574,70406,-0.03655938414339687,15.994266055045872,9,0,0,1,0,1,64.68,598.67,3.66,1,a626916c9ad42ee4a6ac373559bd2242ccfc76c9f829ab1ffad34687f97d62e3
tre-s-92,tight,5,TBR_B32,200,10,21,22,1,10,384,-2574,70406,-0.03655938414339687,15.994266055045872,9,0,0,1,0,1,62.37,2831.48,3.63,1,a626916c9ad42ee4a6ac373559bd2242ccfc76c9f829ab1ffad34687f97d62e3
tre-s-92,tight,5,TBR,200,10,21,22,1,10,384,-2574,70406,-0.03655938414339687,15.994266055045872,9,0,0,1,0,1,72.05,685.67,3.48,1,a626916c9ad42ee4a6ac373559bd2242ccfc76c9f829ab1ffad34687f97d62e3
tre-s-92,tight,5,TBR_B2,200,10,21,22,1,10,384,-2574,70406,-0.03655938414339687,15.994266055045872,9,0,0,1,0,1,64.69,175.13,3.7,1,a626916c9ad42ee4a6ac373559bd2242ccfc76c9f829ab1ffad34687f97d62e3
tre-s-92,tight,5,RECOMPUTE,200,5,21,23,2,381,16478,-12538,70406,-0.17808141351589354,13.680963302752293,0,0,0,0,5,155,6167.09,7152.56,3.08,1,655a562038c382ad797596a29d94ed3f06c616e019302369b13d934da0e1737f
tre-s-92,tight,5,ONE_BLOCKER,200,10,21,22,1,10,384,-2574,70406,-0.03655938414339687,15.994266055045872,9,0,0,1,0,1,61.49,180.0,3.6,1,a626916c9ad42ee4a6ac373559bd2242ccfc76c9f829ab1ffad34687f97d62e3
tre-s-92,tight,5,SINGLE,200,10,21,22,1,10,384,-2574,70406,-0.03655938414339687,15.994266055045872,9,0,0,1,0,1,61.34,141.92,3.69,1,a626916c9ad42ee4a6ac373559bd2242ccfc76c9f829ab1ffad34687f97d62e3
tre-s-92,tight,5,TBR_B4,200,10,21,22,1,10,384,-2574,70406,-0.03655938414339687,15.994266055045872,9,0,0,1,0,1,63.84,412.25,3.65,1,a626916c9ad42ee4a6ac373559bd2242ccfc76c9f829ab1ffad34687f97d62e3
tre-s-92,tight,5,TBR_B16,200,10,21,22,1,10,384,-2574,70406,-0.03655938414339687,15.994266055045872,9,0,0,1,0,1,65.56,1766.64,3.56,1,a626916c9ad42ee4a6ac373559bd2242ccfc76c9f829ab1ffad34687f97d62e3
tre-s-92,official,5,TBR_NOPROX,200,10,23,23,0,10,384,-1410,70406,-0.020026702269692925,16.26123853211009,10,0,0,0,0,1,29.79,44.41,3.46,1,0fcd73d50d888242ae968e165ba590526d0103594235c2a37b18f858a76219bc
tre-s-92,official,5,TBR_NOT2,200,10,23,23,0,10,384,-2998,70406,-0.042581598159247794,15.897018348623853,10,0,0,0,0,1,122.09,148.4,3.54,1,48042b5cc6aa91da9b7234568c4d917f568369cb501547c3d10c01172754e82c
tre-s-92,official,5,TBR_B32,200,10,23,23,0,10,384,-2998,70406,-0.042581598159247794,15.897018348623853,10,0,0,0,0,1,121.94,145.21,3.63,1,48042b5cc6aa91da9b7234568c4d917f568369cb501547c3d10c01172754e82c
tre-s-92,official,5,TBR,200,10,23,23,0,10,384,-2998,70406,-0.042581598159247794,15.897018348623853,10,0,0,0,0,1,122.24,147.66,3.37,1,48042b5cc6aa91da9b7234568c4d917f568369cb501547c3d10c01172754e82c
tre-s-92,official,5,TBR_B2,200,10,23,23,0,10,384,-2998,70406,-0.042581598159247794,15.897018348623853,10,0,0,0,0,1,119.59,161.79,3.61,1,48042b5cc6aa91da9b7234568c4d917f568369cb501547c3d10c01172754e82c
tre-s-92,official,5,RECOMPUTE,200,5,23,23,0,381,16478,-12538,70406,-0.17808141351589354,13.680963302752293,0,0,0,0,5,155,6107.62,7612.79,3.0,1,c5dd7fa69a31f8215e092e26e45a613f0cfa724560ca706d6dfd8538711bd1ee
tre-s-92,official,5,ONE_BLOCKER,200,10,23,23,0,10,384,-2998,70406,-0.042581598159247794,15.897018348623853,10,0,0,0,0,1,118.59,125.64,3.41,1,48042b5cc6aa91da9b7234568c4d917f568369cb501547c3d10c01172754e82c
tre-s-92,official,5,SINGLE,200,10,23,23,0,10,384,-2998,70406,-0.042581598159247794,15.897018348623853,10,0,0,0,0,1,117.06,140.55,3.39,1,48042b5cc6aa91da9b7234568c4d917f568369cb501547c3d10c01172754e82c
tre-s-92,official,5,TBR_B4,200,10,23,23,0,10,384,-2998,70406,-0.042581598159247794,15.897018348623853,10,0,0,0,0,1,116.44,138.54,3.74,1,48042b5cc6aa91da9b7234568c4d917f568369cb501547c3d10c01172754e82c
tre-s-92,official,5,TBR_B16,200,10,23,23,0,10,384,-2998,70406,-0.042581598159247794,15.897018348623853,10,0,0,0,0,1,123.34,149.76,3.52,1,48042b5cc6aa91da9b7234568c4d917f568369cb501547c3d10c01172754e82c
tre-s-92,tight,6,TBR_B32,200,9,23,23,0,9,418,-2254,71103,-0.031700490837236125,16.238073394495412,9,0,0,0,0,1,99.4,162.24,3.59,1,aedf2f3035684b2891d8921ca15923280626c662cd77c3caedb8e7a530c501ca
tre-s-92,tight,6,TBR_B4,200,9,23,23,0,9,418,-2254,71103,-0.031700490837236125,16.238073394495412,9,0,0,0,0,1,119.06,166.48,3.65,1,aedf2f3035684b2891d8921ca15923280626c662cd77c3caedb8e7a530c501ca
tre-s-92,tight,6,TBR_B16,200,9,23,23,0,9,418,-2254,71103,-0.031700490837236125,16.238073394495412,9,0,0,0,0,1,96.29,170.81,3.71,1,aedf2f3035684b2891d8921ca15923280626c662cd77c3caedb8e7a530c501ca
tre-s-92,tight,6,SINGLE,200,9,23,23,0,9,418,-2254,71103,-0.031700490837236125,16.238073394495412,9,0,0,0,0,1,104.27,164.7,3.5,1,aedf2f3035684b2891d8921ca15923280626c662cd77c3caedb8e7a530c501ca
tre-s-92,tight,6,TBR_B2,200,9,23,23,0,9,418,-2254,71103,-0.031700490837236125,16.238073394495412,9,0,0,0,0,1,105.15,171.1,3.68,1,aedf2f3035684b2891d8921ca15923280626c662cd77c3caedb8e7a530c501ca
tre-s-92,tight,6,TBR_NOPROX,200,9,23,23,0,9,418,-1900,71103,-0.02672179795507925,16.32064220183486,9,0,0,0,0,1,30.21,41.66,3.63,1,81219f7dde9c742e8420fa98c3f9e404a83de28db142c5d78b1aa88fc4dc4f9e
tre-s-92,tight,6,TBR_NOT2,200,9,23,23,0,9,418,-2254,71103,-0.031700490837236125,16.238073394495412,9,0,0,0,0,1,108.1,183.07,3.79,1,aedf2f3035684b2891d8921ca15923280626c662cd77c3caedb8e7a530c501ca
tre-s-92,tight,6,ONE_BLOCKER,200,9,23,23,0,9,418,-2254,71103,-0.031700490837236125,16.238073394495412,9,0,0,0,0,1,97.3,188.93,3.59,1,aedf2f3035684b2891d8921ca15923280626c662cd77c3caedb8e7a530c501ca
tre-s-92,tight,6,TBR,200,9,23,23,0,9,418,-2254,71103,-0.031700490837236125,16.238073394495412,9,0,0,0,0,1,124.7,171.55,3.66,1,aedf2f3035684b2891d8921ca15923280626c662cd77c3caedb8e7a530c501ca
tre-s-92,tight,6,RECOMPUTE,200,7,23,23,0,466,16987,-6702,71103,-0.09425762626049534,15.203211009174312,0,0,0,0,7,130,6110.38,6535.05,3.21,1,d199caa5535eff95501759966a28e52103edf70a6b0c893c6bead54258d66b1f
tre-s-92,official,6,TBR_B32,200,9,23,23,0,9,418,-2254,71103,-0.031700490837236125,16.238073394495412,9,0,0,0,0,1,102.03,174.29,3.76,1,aedf2f3035684b2891d8921ca15923280626c662cd77c3caedb8e7a530c501ca
tre-s-92,official,6,TBR_B4,200,9,23,23,0,9,418,-2254,71103,-0.031700490837236125,16.238073394495412,9,0,0,0,0,1,116.68,176.62,3.62,1,aedf2f3035684b2891d8921ca15923280626c662cd77c3caedb8e7a530c501ca
tre-s-92,official,6,TBR_B16,200,9,23,23,0,9,418,-2254,71103,-0.031700490837236125,16.238073394495412,9,0,0,0,0,1,102.26,178.64,3.83,1,aedf2f3035684b2891d8921ca15923280626c662cd77c3caedb8e7a530c501ca
tre-s-92,official,6,SINGLE,200,9,23,23,0,9,418,-2254,71103,-0.031700490837236125,16.238073394495412,9,0,0,0,0,1,105.78,182.67,3.92,1,aedf2f3035684b2891d8921ca15923280626c662cd77c3caedb8e7a530c501ca
tre-s-92,official,6,TBR_B2,200,9,23,23,0,9,418,-2254,71103,-0.031700490837236125,16.238073394495412,9,0,0,0,0,1,112.64,177.67,4.07,1,aedf2f3035684b2891d8921ca15923280626c662cd77c3caedb8e7a530c501ca
tre-s-92,official,6,TBR_NOPROX,200,9,23,23,0,9,418,-1900,71103,-0.02672179795507925,16.32064220183486,9,0,0,0,0,1,29.8,42.32,3.82,1,81219f7dde9c742e8420fa98c3f9e404a83de28db142c5d78b1aa88fc4dc4f9e
tre-s-92,official,6,TBR_NOT2,200,9,23,23,0,9,418,-2254,71103,-0.031700490837236125,16.238073394495412,9,0,0,0,0,1,119.0,182.74,3.62,1,aedf2f3035684b2891d8921ca15923280626c662cd77c3caedb8e7a530c501ca
tre-s-92,official,6,ONE_BLOCKER,200,9,23,23,0,9,418,-2254,71103,-0.031700490837236125,16.238073394495412,9,0,0,0,0,1,102.74,171.45,3.65,1,aedf2f3035684b2891d8921ca15923280626c662cd77c3caedb8e7a530c501ca
tre-s-92,official,6,TBR,200,9,23,23,0,9,418,-2254,71103,-0.031700490837236125,16.238073394495412,9,0,0,0,0,1,98.26,164.7,3.62,1,aedf2f3035684b2891d8921ca15923280626c662cd77c3caedb8e7a530c501ca
tre-s-92,official,6,RECOMPUTE,200,7,23,23,0,466,16987,-6702,71103,-0.09425762626049534,15.203211009174312,0,0,0,0,7,130,6018.92,8016.87,3.19,1,d199caa5535eff95501759966a28e52103edf70a6b0c893c6bead54258d66b1f
tre-s-92,tight,7,TBR,200,7,21,22,1,8,310,-1523,68902,-0.02210385765289832,15.98440366972477,5,1,0,1,0,2,137.36,1353.55,3.73,1,8532c2e1c93915db04bf40c9bf2bda87f93341283f3d5f06df7f06933d6d4a74
tre-s-92,tight,7,TBR_B2,200,7,21,22,1,8,310,-1523,68902,-0.02210385765289832,15.98440366972477,5,1,0,1,0,2,146.13,219.4,3.96,1,8532c2e1c93915db04bf40c9bf2bda87f93341283f3d5f06df7f06933d6d4a74
tre-s-92,tight,7,TBR_NOT2,200,7,21,22,1,8,310,-1523,68902,-0.02210385765289832,15.98440366972477,5,0,1,1,0,2,146.73,1445.43,4.13,1,9453c3e98b62afea2a355d3458e070cfd31052c527732004384fb4ca981bddbc
tre-s-92,tight,7,RECOMPUTE,200,4,21,23,2,327,15387,-1792,68902,-0.026007953325012337,15.906651376146788,0,0,0,0,4,159,6382.67,7147.61,2.79,1,c24a50acc86101cdf2fd2a99bf60a4100efa6c2b6141de56ed32e401877c6391
tre-s-92,tight,7,TBR_B4,200,7,21,22,1,8,310,-1523,68902,-0.02210385765289832,15.98440366972477,5,1,0,1,0,2,139.55,659.39,3.94,1,8532c2e1c93915db04bf40c9bf2bda87f93341283f3d5f06df7f06933d6d4a74
tre-s-92,tight,7,SINGLE,200,7,21,22,1,7,275,-1637,68902,-0.023758381469333255,15.958256880733945,6,0,0,1,0,1,68.56,167.76,3.42,1,dd300ca8b1ea26915e6c82057fafab7e40d38b39e803e95b307a3db30feda1d5
tre-s-92,tight,7,TBR_B16,200,7,21,22,1,8,310,-1523,68902,-0.02210385765289832,15.98440366972477,5,1,0,1,0,2,145.85,1985.12,3.79,1,8532c2e1c93915db04bf40c9bf2bda87f93341283f3d5f06df7f06933d6d4a74
tre-s-92,tight,7,ONE_BLOCKER,200,7,21,22,1,8,310,-1523,68902,-0.02210385765289832,15.98440366972477,5,1,0,1,0,2,147.64,274.57,3.81,1,8532c2e1c93915db04bf40c9bf2bda87f93341283f3d5f06df7f06933d6d4a74
tre-s-92,tight,7,TBR_B32,200,7,21,22,1,8,310,-1523,68902,-0.02210385765289832,15.98440366972477,5,1,0,1,0,2,146.99,2054.82,3.89,1,8532c2e1c93915db04bf40c9bf2bda87f93341283f3d5f06df7f06933d6d4a74
tre-s-92,tight,7,TBR_NOPROX,200,7,21,22,1,8,310,-1582,68902,-0.022960146294737454,15.970871559633027,5,1,0,1,0,2,32.85,1253.35,3.71,1,76a93666c32e45a50eb45111fd53408d8e4ecbdcb1c853d89d0f7a64a3da315a
tre-s-92,official,7,TBR,200,7,23,23,0,7,275,-1924,68902,-0.027923717744042263,15.89059633027523,7,0,0,0,0,1,152.12,175.67,3.91,1,999d5b3567df9326d1dc1ac79ab13dbb574c3e462b24145c7e6a6ecb91d87ae3
tre-s-92,official,7,TBR_B2,200,7,23,23,0,7,275,-1924,68902,-0.027923717744042263,15.89059633027523,7,0,0,0,0,1,134.32,184.06,3.89,1,999d5b3567df9326d1dc1ac79ab13dbb574c3e462b24145c7e6a6ecb91d87ae3
tre-s-92,official,7,TBR_NOT2,200,7,23,23,0,7,275,-1924,68902,-0.027923717744042263,15.89059633027523,7,0,0,0,0,1,125.53,158.78,3.51,1,999d5b3567df9326d1dc1ac79ab13dbb574c3e462b24145c7e6a6ecb91d87ae3
tre-s-92,official,7,RECOMPUTE,200,4,23,23,0,327,15387,-1792,68902,-0.026007953325012337,15.906651376146788,0,0,0,0,4,159,6454.22,7167.82,2.99,1,4a0f904073940e18b806222cecd7e06746b69c2d7dec589a69ddcb0a0c31ccbd
tre-s-92,official,7,TBR_B4,200,7,23,23,0,7,275,-1924,68902,-0.027923717744042263,15.89059633027523,7,0,0,0,0,1,134.22,186.6,3.91,1,999d5b3567df9326d1dc1ac79ab13dbb574c3e462b24145c7e6a6ecb91d87ae3
tre-s-92,official,7,SINGLE,200,7,23,23,0,7,275,-1924,68902,-0.027923717744042263,15.89059633027523,7,0,0,0,0,1,126.56,169.43,3.72,1,999d5b3567df9326d1dc1ac79ab13dbb574c3e462b24145c7e6a6ecb91d87ae3
tre-s-92,official,7,TBR_B16,200,7,23,23,0,7,275,-1924,68902,-0.027923717744042263,15.89059633027523,7,0,0,0,0,1,128.6,162.58,3.77,1,999d5b3567df9326d1dc1ac79ab13dbb574c3e462b24145c7e6a6ecb91d87ae3
tre-s-92,official,7,ONE_BLOCKER,200,7,23,23,0,7,275,-1924,68902,-0.027923717744042263,15.89059633027523,7,0,0,0,0,1,133.82,171.08,3.77,1,999d5b3567df9326d1dc1ac79ab13dbb574c3e462b24145c7e6a6ecb91d87ae3
tre-s-92,official,7,TBR_B32,200,7,23,23,0,7,275,-1924,68902,-0.027923717744042263,15.89059633027523,7,0,0,0,0,1,131.89,149.99,3.58,1,999d5b3567df9326d1dc1ac79ab13dbb574c3e462b24145c7e6a6ecb91d87ae3
tre-s-92,official,7,TBR_NOPROX,200,7,23,23,0,7,275,-1696,68902,-0.02461467011117239,15.944724770642202,7,0,0,0,0,1,32.57,39.38,3.52,1,78f57b7dcbea445b3545602f4f1f3db916f1c35eb91ab30b020d15c121fb1ac4
tre-s-92,tight,8,SINGLE,200,8,23,23,0,8,352,-2568,68848,-0.0372995584475947,15.666743119266055,8,0,0,0,0,1,95.14,127.09,3.58,1,a094714239e247f95868809d35862c974d49c498b6c6ccfd387742c9c769ddac
tre-s-92,tight,8,RECOMPUTE,200,11,23,23,0,567,21298,-3702,68848,-0.053770625145247504,15.418577981651376,0,0,0,0,11,120,5847.2,7757.24,3.4,1,ce0df792df991ae8b9476362946e126813842095a7fde74bdb107a21430ab62d
tre-s-92,tight,8,TBR_NOPROX,200,9,23,23,0,9,391,-1871,68848,-0.02717580757610969,15.830733944954128,9,0,0,0,0,1,28.56,49.02,3.49,1,2bd2edb2b2166ec845a05a6de80e2fe3b38f16e9e68bebc8a22c20ace0b07406
tre-s-92,tight,8,TBR,200,8,23,23,0,8,352,-2568,68848,-0.0372995584475947,15.666743119266055,8,0,0,0,0,1,95.68,134.1,3.36,1,a094714239e247f95868809d35862c974d49c498b6c6ccfd387742c9c769ddac
tre-s-92,tight,8,TBR_NOT2,200,8,23,23,0,8,352,-2568,68848,-0.0372995584475947,15.666743119266055,8,0,0,0,0,1,96.86,138.18,3.63,1,a094714239e247f95868809d35862c974d49c498b6c6ccfd387742c9c769ddac
tre-s-92,tight,8,TBR_B2,200,8,23,23,0,8,352,-2568,68848,-0.0372995584475947,15.666743119266055,8,0,0,0,0,1,93.37,159.56,3.76,1,a094714239e247f95868809d35862c974d49c498b6c6ccfd387742c9c769ddac
tre-s-92,tight,8,TBR_B32,200,8,23,23,0,8,352,-2568,68848,-0.0372995584475947,15.666743119266055,8,0,0,0,0,1,97.03,137.92,3.59,1,a094714239e247f95868809d35862c974d49c498b6c6ccfd387742c9c769ddac
tre-s-92,tight,8,TBR_B16,200,8,23,23,0,8,352,-2568,68848,-0.0372995584475947,15.666743119266055,8,0,0,0,0,1,94.06,133.35,3.67,1,a094714239e247f95868809d35862c974d49c498b6c6ccfd387742c9c769ddac
tre-s-92,tight,8,TBR_B4,200,8,23,23,0,8,352,-2568,68848,-0.0372995584475947,15.666743119266055,8,0,0,0,0,1,95.05,129.09,3.63,1,a094714239e247f95868809d35862c974d49c498b6c6ccfd387742c9c769ddac
tre-s-92,tight,8,ONE_BLOCKER,200,8,23,23,0,8,352,-2568,68848,-0.0372995584475947,15.666743119266055,8,0,0,0,0,1,109.66,136.78,3.75,1,a094714239e247f95868809d35862c974d49c498b6c6ccfd387742c9c769ddac
tre-s-92,official,8,SINGLE,200,8,23,23,0,8,352,-2568,68848,-0.0372995584475947,15.666743119266055,8,0,0,0,0,1,105.2,171.07,3.85,1,a094714239e247f95868809d35862c974d49c498b6c6ccfd387742c9c769ddac
tre-s-92,official,8,RECOMPUTE,200,11,23,23,0,567,21298,-3702,68848,-0.053770625145247504,15.418577981651376,0,0,0,0,11,120,5814.55,6817.16,3.41,1,ce0df792df991ae8b9476362946e126813842095a7fde74bdb107a21430ab62d
tre-s-92,official,8,TBR_NOPROX,200,9,23,23,0,9,391,-1871,68848,-0.02717580757610969,15.830733944954128,9,0,0,0,0,1,29.18,40.05,3.46,1,2bd2edb2b2166ec845a05a6de80e2fe3b38f16e9e68bebc8a22c20ace0b07406
tre-s-92,official,8,TBR,200,8,23,23,0,8,352,-2568,68848,-0.0372995584475947,15.666743119266055,8,0,0,0,0,1,96.19,137.48,3.42,1,a094714239e247f95868809d35862c974d49c498b6c6ccfd387742c9c769ddac
tre-s-92,official,8,TBR_NOT2,200,8,23,23,0,8,352,-2568,68848,-0.0372995584475947,15.666743119266055,8,0,0,0,0,1,106.01,140.63,3.58,1,a094714239e247f95868809d35862c974d49c498b6c6ccfd387742c9c769ddac
tre-s-92,official,8,TBR_B2,200,8,23,23,0,8,352,-2568,68848,-0.0372995584475947,15.666743119266055,8,0,0,0,0,1,103.02,127.75,3.66,1,a094714239e247f95868809d35862c974d49c498b6c6ccfd387742c9c769ddac
tre-s-92,official,8,TBR_B32,200,8,23,23,0,8,352,-2568,68848,-0.0372995584475947,15.666743119266055,8,0,0,0,0,1,103.79,154.75,3.85,1,a094714239e247f95868809d35862c974d49c498b6c6ccfd387742c9c769ddac
tre-s-92,official,8,TBR_B16,200,8,23,23,0,8,352,-2568,68848,-0.0372995584475947,15.666743119266055,8,0,0,0,0,1,103.45,144.2,3.65,1,a094714239e247f95868809d35862c974d49c498b6c6ccfd387742c9c769ddac
tre-s-92,official,8,TBR_B4,200,8,23,23,0,8,352,-2568,68848,-0.0372995584475947,15.666743119266055,8,0,0,0,0,1,94.29,130.38,3.62,1,a094714239e247f95868809d35862c974d49c498b6c6ccfd387742c9c769ddac
tre-s-92,official,8,ONE_BLOCKER,200,8,23,23,0,8,352,-2568,68848,-0.0372995584475947,15.666743119266055,8,0,0,0,0,1,95.78,125.87,3.42,1,a094714239e247f95868809d35862c974d49c498b6c6ccfd387742c9c769ddac
tre-s-92,tight,9,TBR_B4,200,10,21,23,2,11,604,-3228,68697,-0.04698895148259749,15.449311926605505,7,1,0,2,0,2,104.88,643.37,3.8,1,abd956f731b0c255172a5dbf5de5332460e5da5f261fbcb18662eedb9e5000da
tre-s-92,tight,9,ONE_BLOCKER,200,10,21,23,2,11,604,-3228,68697,-0.04698895148259749,15.449311926605505,7,1,0,2,0,2,102.94,241.59,3.62,1,abd956f731b0c255172a5dbf5de5332460e5da5f261fbcb18662eedb9e5000da
tre-s-92,tight,9,SINGLE,200,10,21,23,2,10,465,-3341,68697,-0.0486338559180168,15.41697247706422,8,0,0,2,0,1,79.09,127.67,3.58,1,c5db0be49d780acc3938a5fca8b41edbb3f13d9a5bfe386522f39ea1d1d40193
tre-s-92,tight,9,TBR_NOPROX,200,10,21,23,2,11,604,-2458,68697,-0.035780310639474795,15.627752293577982,7,1,0,2,0,2,30.68,915.7,3.51,1,2b82e12a794db58fe81d36f6b4b3135415acb6942a02834c70c33ac647d62a80
tre-s-92,tight,9,TBR_B16,200,10,21,23,2,11,604,-3228,68697,-0.04698895148259749,15.449311926605505,7,1,0,2,0,2,106.28,2757.82,4.06,1,abd956f731b0c255172a5dbf5de5332460e5da5f261fbcb18662eedb9e5000da
tre-s-92,tight,9,TBR_B2,200,10,21,23,2,11,604,-3228,68697,-0.04698895148259749,15.449311926605505,7,1,0,2,0,2,98.66,221.63,3.62,1,abd956f731b0c255172a5dbf5de5332460e5da5f261fbcb18662eedb9e5000da
tre-s-92,tight,9,TBR,200,10,21,23,2,11,604,-3228,68697,-0.04698895148259749,15.449311926605505,7,1,0,2,0,2,102.18,1064.75,3.68,1,abd956f731b0c255172a5dbf5de5332460e5da5f261fbcb18662eedb9e5000da
tre-s-92,tight,9,TBR_B32,200,10,21,23,2,11,604,-3228,68697,-0.04698895148259749,15.449311926605505,7,1,0,2,0,2,100.17,5268.27,3.79,1,abd956f731b0c255172a5dbf5de5332460e5da5f261fbcb18662eedb9e5000da
tre-s-92,tight,9,RECOMPUTE,200,11,21,23,2,857,34502,-2181,68697,-0.03174811127123455,15.64059633027523,0,0,0,0,11,136,6422.37,7558.78,3.17,1,b33259dbddbc0fe89ed172a3346c39089520bed81a9b00fdb4ccd9d978041646
tre-s-92,tight,9,TBR_NOT2,200,10,21,23,2,10,465,-3341,68697,-0.0486338559180168,15.41697247706422,8,0,0,2,0,1,93.27,1454.02,3.44,1,c5db0be49d780acc3938a5fca8b41edbb3f13d9a5bfe386522f39ea1d1d40193
tre-s-92,official,9,TBR_B4,200,10,23,23,0,10,465,-3462,68697,-0.05039521376479322,15.388532110091743,10,0,0,0,0,1,98.48,159.46,3.81,1,e4cbfc54c2b458a0f3a51be0532aee949fe72ff2a56f6f0f291619dad6dbf9e4
tre-s-92,official,9,ONE_BLOCKER,200,10,23,23,0,10,465,-3462,68697,-0.05039521376479322,15.388532110091743,10,0,0,0,0,1,127.43,246.42,4.84,1,e4cbfc54c2b458a0f3a51be0532aee949fe72ff2a56f6f0f291619dad6dbf9e4
tre-s-92,official,9,SINGLE,200,10,23,23,0,10,465,-3462,68697,-0.05039521376479322,15.388532110091743,10,0,0,0,0,1,93.76,167.71,3.68,1,e4cbfc54c2b458a0f3a51be0532aee949fe72ff2a56f6f0f291619dad6dbf9e4
tre-s-92,official,9,TBR_NOPROX,200,10,23,23,0,10,465,-2573,68697,-0.03745432842773338,15.594954128440367,10,0,0,0,0,1,31.4,43.81,3.75,1,70d598db1797001a9f252edfea6271898caa13e9dbe0eba3bd3181d7249b188f
tre-s-92,official,9,TBR_B16,200,10,23,23,0,10,465,-3462,68697,-0.05039521376479322,15.388532110091743,10,0,0,0,0,1,94.34,161.83,4.0,1,e4cbfc54c2b458a0f3a51be0532aee949fe72ff2a56f6f0f291619dad6dbf9e4
tre-s-92,official,9,TBR_B2,200,10,23,23,0,10,465,-3462,68697,-0.05039521376479322,15.388532110091743,10,0,0,0,0,1,85.8,169.58,3.95,1,e4cbfc54c2b458a0f3a51be0532aee949fe72ff2a56f6f0f291619dad6dbf9e4
tre-s-92,official,9,TBR,200,10,23,23,0,10,465,-3462,68697,-0.05039521376479322,15.388532110091743,10,0,0,0,0,1,95.99,165.8,3.8,1,e4cbfc54c2b458a0f3a51be0532aee949fe72ff2a56f6f0f291619dad6dbf9e4
tre-s-92,official,9,TBR_B32,200,10,23,23,0,10,465,-3462,68697,-0.05039521376479322,15.388532110091743,10,0,0,0,0,1,97.68,162.68,3.81,1,e4cbfc54c2b458a0f3a51be0532aee949fe72ff2a56f6f0f291619dad6dbf9e4
tre-s-92,official,9,RECOMPUTE,200,11,23,23,0,857,34502,-2181,68697,-0.03174811127123455,15.64059633027523,0,0,0,0,11,136,6379.97,7490.37,3.27,1,78f891e194e3f56f28cdabee1e5b9f6234f55b379406b6f806d7d132a5df95ae
tre-s-92,official,9,TBR_NOT2,200,10,23,23,0,10,465,-3462,68697,-0.05039521376479322,15.388532110091743,10,0,0,0,0,1,110.64,205.42,4.54,1,e4cbfc54c2b458a0f3a51be0532aee949fe72ff2a56f6f0f291619dad6dbf9e4
uta-s-92,tight,0,RECOMPUTE,200,3,31,31,0,308,13594,2126,163543,0.01299963923861003,7.852534562211981,0,0,0,0,3,232,35851.93,37851.85,3.98,1,f557db3d9b01363be28c1c2f01d27ffdb126f5bbb8bcef37df0006dcfebbe63a
uta-s-92,tight,0,ONE_BLOCKER,200,4,31,31,0,4,165,-886,163543,-0.005417535449392515,7.708878021254585,4,0,0,0,0,1,84.28,210.08,4.42,1,2ca46ae3772afa3475123b834c5b263547e3139909008d0c7a6a44129aee2125
uta-s-92,tight,0,SINGLE,200,4,31,31,0,4,165,-886,163543,-0.005417535449392515,7.708878021254585,4,0,0,0,0,1,89.85,201.28,4.5,1,2ca46ae3772afa3475123b834c5b263547e3139909008d0c7a6a44129aee2125
uta-s-92,tight,0,TBR_B16,200,4,31,31,0,4,165,-886,163543,-0.005417535449392515,7.708878021254585,4,0,0,0,0,1,88.16,249.24,4.45,1,2ca46ae3772afa3475123b834c5b263547e3139909008d0c7a6a44129aee2125
uta-s-92,tight,0,TBR_B2,200,4,31,31,0,4,165,-886,163543,-0.005417535449392515,7.708878021254585,4,0,0,0,0,1,83.6,204.47,4.21,1,2ca46ae3772afa3475123b834c5b263547e3139909008d0c7a6a44129aee2125
uta-s-92,tight,0,TBR_B4,200,4,31,31,0,4,165,-886,163543,-0.005417535449392515,7.708878021254585,4,0,0,0,0,1,101.0,208.2,5.13,1,2ca46ae3772afa3475123b834c5b263547e3139909008d0c7a6a44129aee2125
uta-s-92,tight,0,TBR_NOT2,200,4,31,31,0,4,165,-886,163543,-0.005417535449392515,7.708878021254585,4,0,0,0,0,1,74.86,196.8,4.08,1,2ca46ae3772afa3475123b834c5b263547e3139909008d0c7a6a44129aee2125
uta-s-92,tight,0,TBR,200,4,31,31,0,4,165,-886,163543,-0.005417535449392515,7.708878021254585,4,0,0,0,0,1,90.87,211.64,4.03,1,2ca46ae3772afa3475123b834c5b263547e3139909008d0c7a6a44129aee2125
uta-s-92,tight,0,TBR_NOPROX,200,4,31,31,0,4,165,-571,163543,-0.0034914365029380654,7.723690397818113,4,0,0,0,0,1,46.12,55.6,3.96,1,efc942501990136e8c6a71b0d8952a6da2156403e3964606f32eba1e9709555f
uta-s-92,tight,0,TBR_B32,200,4,31,31,0,4,165,-886,163543,-0.005417535449392515,7.708878021254585,4,0,0,0,0,1,81.34,182.39,3.71,1,2ca46ae3772afa3475123b834c5b263547e3139909008d0c7a6a44129aee2125
uta-s-92,official,0,RECOMPUTE,200,3,35,35,0,308,13594,2126,163543,0.01299963923861003,7.852534562211981,0,0,0,0,3,232,25246.88,27190.97,3.46,1,21ecf7ccc0a5f3f68acb0ce2256ff8f61879053d869222ca321bfaa0f45f5e40
uta-s-92,official,0,ONE_BLOCKER,200,4,35,35,0,4,165,-1049,163543,-0.006414215221684817,7.701213204175679,4,0,0,0,0,1,152.12,188.0,3.31,1,c6fc65b8b04ec957dc91cea65f5cff214089e89dff86ea04f66378fa4d00edcb
uta-s-92,official,0,SINGLE,200,4,35,35,0,4,165,-1049,163543,-0.006414215221684817,7.701213204175679,4,0,0,0,0,1,144.26,197.88,3.07,1,c6fc65b8b04ec957dc91cea65f5cff214089e89dff86ea04f66378fa4d00edcb
uta-s-92,official,0,TBR_B16,200,4,35,35,0,4,165,-1049,163543,-0.006414215221684817,7.701213204175679,4,0,0,0,0,1,194.61,431.68,3.83,1,c6fc65b8b04ec957dc91cea65f5cff214089e89dff86ea04f66378fa4d00edcb
uta-s-92,official,0,TBR_B2,200,4,35,35,0,4,165,-1049,163543,-0.006414215221684817,7.701213204175679,4,0,0,0,0,1,150.65,204.85,3.18,1,c6fc65b8b04ec957dc91cea65f5cff214089e89dff86ea04f66378fa4d00edcb
uta-s-92,official,0,TBR_B4,200,4,35,35,0,4,165,-1049,163543,-0.006414215221684817,7.701213204175679,4,0,0,0,0,1,141.08,175.97,3.16,1,c6fc65b8b04ec957dc91cea65f5cff214089e89dff86ea04f66378fa4d00edcb
uta-s-92,official,0,TBR_NOT2,200,4,35,35,0,4,165,-1049,163543,-0.006414215221684817,7.701213204175679,4,0,0,0,0,1,142.83,174.43,3.05,1,c6fc65b8b04ec957dc91cea65f5cff214089e89dff86ea04f66378fa4d00edcb
uta-s-92,official,0,TBR,200,4,35,35,0,4,165,-1049,163543,-0.006414215221684817,7.701213204175679,4,0,0,0,0,1,143.84,199.0,3.14,1,c6fc65b8b04ec957dc91cea65f5cff214089e89dff86ea04f66378fa4d00edcb
uta-s-92,official,0,TBR_NOPROX,200,4,35,35,0,4,165,-571,163543,-0.0034914365029380654,7.723690397818113,4,0,0,0,0,1,34.57,46.02,3.04,1,cc2567646d3109795e05d412a35666df7a84c00cc1af514bbac691a5874ba980
uta-s-92,official,0,TBR_B32,200,4,35,35,0,4,165,-1049,163543,-0.006414215221684817,7.701213204175679,4,0,0,0,0,1,173.06,509.19,3.84,1,c6fc65b8b04ec957dc91cea65f5cff214089e89dff86ea04f66378fa4d00edcb
uta-s-92,tight,1,TBR_B32,200,6,31,32,1,6,673,-2626,162457,-0.016164277316459124,7.565691714473808,5,0,0,1,0,1,128.96,9006.6,3.75,1,00a903af2bd138c16c2006847a1a5a3e540883b4add127a2b4a50611234d4de3
uta-s-92,tight,1,TBR_B4,200,6,31,32,1,6,673,-2626,162457,-0.016164277316459124,7.565691714473808,5,0,0,1,0,1,137.47,863.38,3.5,1,00a903af2bd138c16c2006847a1a5a3e540883b4add127a2b4a50611234d4de3
uta-s-92,tight,1,ONE_BLOCKER,200,6,31,32,1,6,673,-2626,162457,-0.016164277316459124,7.565691714473808,5,0,0,1,0,1,235.15,1043.87,6.0,1,00a903af2bd138c16c2006847a1a5a3e540883b4add127a2b4a50611234d4de3
uta-s-92,tight,1,TBR,200,6,31,32,1,6,673,-2626,162457,-0.016164277316459124,7.565691714473808,5,0,0,1,0,1,167.32,1961.69,4.56,1,00a903af2bd138c16c2006847a1a5a3e540883b4add127a2b4a50611234d4de3
uta-s-92,tight,1,TBR_B2,200,6,31,32,1,6,673,-2626,162457,-0.016164277316459124,7.565691714473808,5,0,0,1,0,1,157.23,356.9,4.4,1,00a903af2bd138c16c2006847a1a5a3e540883b4add127a2b4a50611234d4de3
uta-s-92,tight,1,TBR_NOPROX,200,6,31,32,1,6,673,-2458,162457,-0.015130157518604923,7.573591648641023,5,0,0,1,0,1,52.71,1712.99,3.94,1,cb220df463b07809e6c823e194e111024020c7b482bc7faa1f1e475411cf97ca
uta-s-92,tight,1,RECOMPUTE,200,4,31,31,0,1210,69739,343,162457,0.0021113279206189947,7.700601899746074,0,0,0,0,4,366,33577.79,39789.21,3.94,1,384a00b9f96e25cdedbf8fef69b10fefd6653cdbb4e308c21a199b82e8c93f1e
uta-s-92,tight,1,TBR_B16,200,6,31,32,1,6,673,-2626,162457,-0.016164277316459124,7.565691714473808,5,0,0,1,0,1,234.68,7357.75,5.54,1,00a903af2bd138c16c2006847a1a5a3e540883b4add127a2b4a50611234d4de3
uta-s-92,tight,1,SINGLE,200,6,31,32,1,6,673,-2626,162457,-0.016164277316459124,7.565691714473808,5,0,0,1,0,1,121.96,225.97,4.32,1,00a903af2bd138c16c2006847a1a5a3e540883b4add127a2b4a50611234d4de3
uta-s-92,tight,1,TBR_NOT2,200,6,31,32,1,6,673,-2626,162457,-0.016164277316459124,7.565691714473808,5,0,0,1,0,1,148.86,1628.92,3.96,1,00a903af2bd138c16c2006847a1a5a3e540883b4add127a2b4a50611234d4de3
uta-s-92,official,1,TBR_B32,200,6,35,35,0,6,673,-3586,162457,-0.02207353330419742,7.520549233518292,6,0,0,0,0,1,248.56,338.15,4.87,1,0a7016dc6ae3622e7bd5ec9a66bc6e1f4913ca63823d878ae09e9087821da186
uta-s-92,official,1,TBR_B4,200,6,35,35,0,6,673,-3586,162457,-0.02207353330419742,7.520549233518292,6,0,0,0,0,1,227.47,349.92,4.41,1,0a7016dc6ae3622e7bd5ec9a66bc6e1f4913ca63823d878ae09e9087821da186
uta-s-92,official,1,ONE_BLOCKER,200,6,35,35,0,6,673,-3586,162457,-0.02207353330419742,7.520549233518292,6,0,0,0,0,1,230.88,348.34,5.11,1,0a7016dc6ae3622e7bd5ec9a66bc6e1f4913ca63823d878ae09e9087821da186
uta-s-92,official,1,TBR,200,6,35,35,0,6,673,-3586,162457,-0.02207353330419742,7.520549233518292,6,0,0,0,0,1,232.85,314.06,4.67,1,0a7016dc6ae3622e7bd5ec9a66bc6e1f4913ca63823d878ae09e9087821da186
uta-s-92,official,1,TBR_B2,200,6,35,35,0,6,673,-3586,162457,-0.02207353330419742,7.520549233518292,6,0,0,0,0,1,233.05,323.24,4.23,1,0a7016dc6ae3622e7bd5ec9a66bc6e1f4913ca63823d878ae09e9087821da186
uta-s-92,official,1,TBR_NOPROX,200,6,35,35,0,6,673,-2458,162457,-0.015130157518604923,7.573591648641023,6,0,0,0,0,1,59.17,77.46,4.33,1,af0313d98089d4bef7ec282cd07398f9efb2e5a1ccaa9869dd3a09c46e53d0e4
uta-s-92,official,1,RECOMPUTE,200,4,35,35,0,1210,69739,343,162457,0.0021113279206189947,7.700601899746074,0,0,0,0,4,366,33648.09,36324.61,3.73,1,9ea0df2cbdad31a3800ae93e43581e3db560051fe925b4b6aa58ddf2300519a5
uta-s-92,official,1,TBR_B16,200,6,35,35,0,6,673,-3586,162457,-0.02207353330419742,7.520549233518292,6,0,0,0,0,1,229.05,321.59,4.79,1,0a7016dc6ae3622e7bd5ec9a66bc6e1f4913ca63823d878ae09e9087821da186
uta-s-92,official,1,SINGLE,200,6,35,35,0,6,673,-3586,162457,-0.02207353330419742,7.520549233518292,6,0,0,0,0,1,234.1,309.78,4.16,1,0a7016dc6ae3622e7bd5ec9a66bc6e1f4913ca63823d878ae09e9087821da186
uta-s-92,official,1,TBR_NOT2,200,6,35,35,0,6,673,-3586,162457,-0.02207353330419742,7.520549233518292,6,0,0,0,0,1,265.68,318.23,3.88,1,0a7016dc6ae3622e7bd5ec9a66bc6e1f4913ca63823d878ae09e9087821da186
uta-s-92,tight,2,TBR_B16,200,9,31,32,1,10,637,-1819,160707,-0.011318735338224221,7.526050973384746,7,1,0,1,0,2,139.95,2682.93,4.92,1,e7326299398e1232afa49b3601fc9df46a8339506282f8f1c44ba25575d52df9
uta-s-92,tight,2,TBR_B4,200,9,31,32,1,10,637,-1819,160707,-0.011318735338224221,7.526050973384746,7,1,0,1,0,2,104.62,972.19,4.19,1,e7326299398e1232afa49b3601fc9df46a8339506282f8f1c44ba25575d52df9
uta-s-92,tight,2,TBR_B32,200,9,31,32,1,10,637,-1819,160707,-0.011318735338224221,7.526050973384746,7,1,0,1,0,2,122.69,6541.29,4.04,1,e7326299398e1232afa49b3601fc9df46a8339506282f8f1c44ba25575d52df9
uta-s-92,tight,2,TBR_NOT2,200,9,31,33,2,9,563,-2051,160707,-0.012762356337931763,7.515141540487162,7,0,0,2,0,1,99.17,1804.14,3.84,1,f4f53a75c3dc10a3a4ef192144126de232ca48f21f36b54b3bf6c44d6b708099
uta-s-92,tight,2,ONE_BLOCKER,200,9,31,32,1,10,637,-1819,160707,-0.011318735338224221,7.526050973384746,7,1,0,1,0,2,139.5,434.3,4.24,1,e7326299398e1232afa49b3601fc9df46a8339506282f8f1c44ba25575d52df9
uta-s-92,tight,2,TBR,200,9,31,32,1,10,637,-1819,160707,-0.011318735338224221,7.526050973384746,7,1,0,1,0,2,109.26,1457.92,4.04,1,e7326299398e1232afa49b3601fc9df46a8339506282f8f1c44ba25575d52df9
uta-s-92,tight,2,TBR_NOPROX,200,9,31,32,1,9,563,-1136,160707,-0.00706876489511969,7.558167967647889,8,0,0,1,0,1,44.73,1139.3,4.34,1,f33fddebd1ec3adb2557e77789e6709a8f70983b3cf491140ef5c1facf251df3
uta-s-92,tight,2,SINGLE,200,9,31,33,2,9,563,-2051,160707,-0.012762356337931763,7.515141540487162,7,0,0,2,0,1,100.31,202.8,4.86,1,f4f53a75c3dc10a3a4ef192144126de232ca48f21f36b54b3bf6c44d6b708099
uta-s-92,tight,2,RECOMPUTE,200,8,31,31,0,711,38318,6353,160707,0.03953156987561214,7.9175679488385216,0,0,0,0,8,323,30294.24,31833.08,3.94,1,145cb23e2be119e01ae16df90dfe2dc21df0ed26428bef8c9e9f9193e20c0d71
uta-s-92,tight,2,TBR_B2,200,9,31,32,1,10,637,-1819,160707,-0.011318735338224221,7.526050973384746,7,1,0,1,0,2,144.96,432.84,5.41,1,e7326299398e1232afa49b3601fc9df46a8339506282f8f1c44ba25575d52df9
uta-s-92,official,2,TBR_B16,200,9,35,35,0,9,563,-2553,160707,-0.01588605350109205,7.491535784820841,9,0,0,0,0,1,184.74,270.07,3.51,1,3b3a6531073db86c35dc4875b3c2b73b997312d7d07e33d1a80e6d4f90a49f05
uta-s-92,official,2,TBR_B4,200,9,35,35,0,9,563,-2553,160707,-0.01588605350109205,7.491535784820841,9,0,0,0,0,1,238.04,320.94,4.58,1,3b3a6531073db86c35dc4875b3c2b73b997312d7d07e33d1a80e6d4f90a49f05
uta-s-92,official,2,TBR_B32,200,9,35,35,0,9,563,-2553,160707,-0.01588605350109205,7.491535784820841,9,0,0,0,0,1,212.76,304.58,4.31,1,3b3a6531073db86c35dc4875b3c2b73b997312d7d07e33d1a80e6d4f90a49f05
uta-s-92,official,2,TBR_NOT2,200,9,35,35,0,9,563,-2553,160707,-0.01588605350109205,7.491535784820841,9,0,0,0,0,1,225.94,360.45,4.19,1,3b3a6531073db86c35dc4875b3c2b73b997312d7d07e33d1a80e6d4f90a49f05
uta-s-92,official,2,ONE_BLOCKER,200,9,35,35,0,9,563,-2553,160707,-0.01588605350109205,7.491535784820841,9,0,0,0,0,1,223.91,325.29,4.17,1,3b3a6531073db86c35dc4875b3c2b73b997312d7d07e33d1a80e6d4f90a49f05
uta-s-92,official,2,TBR,200,9,35,35,0,9,563,-2553,160707,-0.01588605350109205,7.491535784820841,9,0,0,0,0,1,237.16,581.16,4.77,1,3b3a6531073db86c35dc4875b3c2b73b997312d7d07e33d1a80e6d4f90a49f05
uta-s-92,official,2,TBR_NOPROX,200,9,35,35,0,9,563,-1136,160707,-0.00706876489511969,7.558167967647889,9,0,0,0,0,1,45.87,69.14,4.22,1,104e403e8b3fecdb0fdbb99e004d5b39c161ccb1a94e9f748ab7476cd74a87c8
uta-s-92,official,2,SINGLE,200,9,35,35,0,9,563,-2553,160707,-0.01588605350109205,7.491535784820841,9,0,0,0,0,1,221.84,325.4,3.96,1,3b3a6531073db86c35dc4875b3c2b73b997312d7d07e33d1a80e6d4f90a49f05
uta-s-92,official,2,RECOMPUTE,200,8,35,35,0,711,38318,6353,160707,0.03953156987561214,7.9175679488385216,0,0,0,0,8,323,30975.57,60098.96,4.27,1,805161a16abdffb7634e8373ab6cf1258ba8747b53d1dcb29a6830382ae9cbec
uta-s-92,official,2,TBR_B2,200,9,35,35,0,9,563,-2553,160707,-0.01588605350109205,7.491535784820841,9,0,0,0,0,1,238.17,317.47,4.32,1,3b3a6531073db86c35dc4875b3c2b73b997312d7d07e33d1a80e6d4f90a49f05
uta-s-92,tight,3,TBR_B16,200,10,31,32,1,10,739,-3068,168059,-0.018255493606412033,7.815856296435625,9,0,0,1,0,1,113.06,2664.73,4.18,1,630735fcb9907b373e2735303cd6eedf1d2d22712a3791a65ee858593d698eb2
uta-s-92,tight,3,TBR_NOPROX,200,10,31,32,1,10,739,-2149,168059,-0.012787175932261884,7.859070817266999,9,0,0,1,0,1,45.64,1288.02,4.45,1,f189c4262e3debc5b17f3ae922b121d52a2c7108bdc59a40b5b2673360378d77
uta-s-92,tight,3,TBR_B4,200,10,31,32,1,10,739,-3068,168059,-0.018255493606412033,7.815856296435625,9,0,0,1,0,1,126.89,801.55,3.99,1,630735fcb9907b373e2735303cd6eedf1d2d22712a3791a65ee858593d698eb2
uta-s-92,tight,3,ONE_BLOCKER,200,10,31,32,1,10,739,-3068,168059,-0.018255493606412033,7.815856296435625,9,0,0,1,0,1,117.38,319.08,3.93,1,630735fcb9907b373e2735303cd6eedf1d2d22712a3791a65ee858593d698eb2
uta-s-92,tight,3,TBR_NOT2,200,10,31,32,1,10,739,-3068,168059,-0.018255493606412033,7.815856296435625,9,0,0,1,0,1,143.37,1143.6,3.87,1,630735fcb9907b373e2735303cd6eedf1d2d22712a3791a65ee858593d698eb2
uta-s-92,tight,3,TBR_B32,200,10,31,32,1,10,739,-3068,168059,-0.018255493606412033,7.815856296435625,9,0,0,1,0,1,121.9,8046.6,4.21,1,630735fcb9907b373e2735303cd6eedf1d2d22712a3791a65ee858593d698eb2
uta-s-92,tight,3,SINGLE,200,10,31,32,1,10,739,-3068,168059,-0.018255493606412033,7.815856296435625,9,0,0,1,0,1,90.23,235.4,4.29,1,630735fcb9907b373e2735303cd6eedf1d2d22712a3791a65ee858593d698eb2
uta-s-92,tight,3,TBR_B2,200,10,31,32,1,10,739,-3068,168059,-0.018255493606412033,7.815856296435625,9,0,0,1,0,1,108.18,344.92,4.25,1,630735fcb9907b373e2735303cd6eedf1d2d22712a3791a65ee858593d698eb2
uta-s-92,tight,3,TBR,200,10,31,32,1,10,739,-3068,168059,-0.018255493606412033,7.815856296435625,9,0,0,1,0,1,143.93,1441.11,4.79,1,630735fcb9907b373e2735303cd6eedf1d2d22712a3791a65ee858593d698eb2
uta-s-92,tight,3,RECOMPUTE,200,6,31,32,1,1203,65645,-2325,168059,-0.013834427195211206,7.853898241324179,0,0,0,0,6,370,32024.25,32905.85,4.08,1,a27039595666239666f34e0c1e67292b08feda7d88caad806acf5ef6b2a9990e
uta-s-92,official,3,TBR_B16,200,10,35,35,0,10,739,-3868,168059,-0.02301572661981804,7.778237562306028,10,0,0,0,0,1,196.12,366.63,5.11,1,7840bd26b84a3a1117dc3449b0d1f101267559e2a967f4e7692e32c65d9464a1
uta-s-92,official,3,TBR_NOPROX,200,10,35,35,0,10,739,-2149,168059,-0.012787175932261884,7.859070817266999,10,0,0,0,0,1,47.81,70.94,4.42,1,cb58fc45fda42fcde8887212238d2e89daf80af92523a9a78b2f63a0422f4100
uta-s-92,official,3,TBR_B4,200,10,35,35,0,10,739,-3868,168059,-0.02301572661981804,7.778237562306028,10,0,0,0,0,1,199.64,398.83,4.61,1,7840bd26b84a3a1117dc3449b0d1f101267559e2a967f4e7692e32c65d9464a1
uta-s-92,official,3,ONE_BLOCKER,200,10,35,35,0,10,739,-3868,168059,-0.02301572661981804,7.778237562306028,10,0,0,0,0,1,204.55,380.12,4.1,1,7840bd26b84a3a1117dc3449b0d1f101267559e2a967f4e7692e32c65d9464a1
uta-s-92,official,3,TBR_NOT2,200,10,35,35,0,10,739,-3868,168059,-0.02301572661981804,7.778237562306028,10,0,0,0,0,1,189.03,416.79,3.8,1,7840bd26b84a3a1117dc3449b0d1f101267559e2a967f4e7692e32c65d9464a1
uta-s-92,official,3,TBR_B32,200,10,35,35,0,10,739,-3868,168059,-0.02301572661981804,7.778237562306028,10,0,0,0,0,1,194.22,370.47,4.35,1,7840bd26b84a3a1117dc3449b0d1f101267559e2a967f4e7692e32c65d9464a1
uta-s-92,official,3,SINGLE,200,10,35,35,0,10,739,-3868,168059,-0.02301572661981804,7.778237562306028,10,0,0,0,0,1,188.64,373.63,4.04,1,7840bd26b84a3a1117dc3449b0d1f101267559e2a967f4e7692e32c65d9464a1
uta-s-92,official,3,TBR_B2,200,10,35,35,0,10,739,-3868,168059,-0.02301572661981804,7.778237562306028,10,0,0,0,0,1,200.07,365.48,5.06,1,7840bd26b84a3a1117dc3449b0d1f101267559e2a967f4e7692e32c65d9464a1
uta-s-92,official,3,TBR,200,10,35,35,0,10,739,-3868,168059,-0.02301572661981804,7.778237562306028,10,0,0,0,0,1,222.77,402.95,4.45,1,7840bd26b84a3a1117dc3449b0d1f101267559e2a967f4e7692e32c65d9464a1
uta-s-92,official,3,RECOMPUTE,200,6,35,35,0,1203,65645,-2325,168059,-0.013834427195211206,7.853898241324179,0,0,0,0,6,370,30595.7,31526.69,4.03,1,d962cc6b9f3db931725dc1464f5881067555ec5dc39ffb9abfbaebeb0904f346
uta-s-92,tight,4,TBR,200,9,31,31,0,9,624,-1849,165568,-0.011167616930807886,7.761638295871344,9,0,0,0,0,1,99.19,127.6,4.62,1,7d388ffda27cea165a2a5dd420e6bcb953a44fc677f8674a8318d854952f3a60
uta-s-92,tight,4,TBR_B16,200,9,31,31,0,9,624,-1849,165568,-0.011167616930807886,7.761638295871344,9,0,0,0,0,1,92.74,126.61,4.37,1,7d388ffda27cea165a2a5dd420e6bcb953a44fc677f8674a8318d854952f3a60
uta-s-92,tight,4,RECOMPUTE,200,11,31,31,0,303,12056,2564,165568,0.015486084267491302,7.976112103827706,0,0,0,0,11,74,29341.08,50843.11,4.71,1,38d70ca31590f431afeba3e3096c0aaf630b3966aea0a823ac0f6182b6dae242
uta-s-92,tight,4,ONE_BLOCKER,200,9,31,31,0,9,624,-1849,165568,-0.011167616930807886,7.761638295871344,9,0,0,0,0,1,87.48,140.47,4.58,1,7d388ffda27cea165a2a5dd420e6bcb953a44fc677f8674a8318d854952f3a60
uta-s-92,tight,4,TBR_NOPROX,200,9,31,31,0,9,624,-686,165568,-0.004143312717433321,7.816326530612245,9,0,0,0,0,1,41.06,56.74,4.53,1,cdac1f7c4b7a382de41f54e26735028205dac73e07d8635239103f1decb7496f
uta-s-92,tight,4,TBR_NOT2,200,9,31,31,0,9,624,-1849,165568,-0.011167616930807886,7.761638295871344,9,0,0,0,0,1,98.58,137.34,5.21,1,7d388ffda27cea165a2a5dd420e6bcb953a44fc677f8674a8318d854952f3a60
uta-s-92,tight,4,TBR_B2,200,9,31,31,0,9,624,-1849,165568,-0.011167616930807886,7.761638295871344,9,0,0,0,0,1,89.64,132.67,4.3,1,7d388ffda27cea165a2a5dd420e6bcb953a44fc677f8674a8318d854952f3a60
uta-s-92,tight,4,SINGLE,200,9,31,31,0,9,624,-1849,165568,-0.011167616930807886,7.761638295871344,9,0,0,0,0,1,107.27,139.07,4.11,1,7d388ffda27cea165a2a5dd420e6bcb953a44fc677f8674a8318d854952f3a60
uta-s-92,tight,4,TBR_B4,200,9,31,31,0,9,624,-1849,165568,-0.011167616930807886,7.761638295871344,9,0,0,0,0,1,90.42,146.78,4.24,1,7d388ffda27cea165a2a5dd420e6bcb953a44fc677f8674a8318d854952f3a60
uta-s-92,tight,4,TBR_B32,200,9,31,31,0,9,624,-1849,165568,-0.011167616930807886,7.761638295871344,9,0,0,0,0,1,90.82,150.38,4.29,1,7d388ffda27cea165a2a5dd420e6bcb953a44fc677f8674a8318d854952f3a60
uta-s-92,official,4,TBR,200,9,35,35,0,9,624,-2961,165568,-0.017883890606880556,7.7093482554312045,9,0,0,0,0,1,194.5,272.52,4.47,1,fd77fc32ac6f0a2fda94f1c3214a9bc26e9e3fc2b24e5672ec10afe567392346
uta-s-92,official,4,TBR_B16,200,9,35,35,0,9,624,-2961,165568,-0.017883890606880556,7.7093482554312045,9,0,0,0,0,1,217.95,295.72,5.05,1,fd77fc32ac6f0a2fda94f1c3214a9bc26e9e3fc2b24e5672ec10afe567392346
uta-s-92,official,4,RECOMPUTE,200,11,35,35,0,303,12056,2564,165568,0.015486084267491302,7.976112103827706,0,0,0,0,11,74,29500.25,57552.11,4.7,1,729685fb814b762713c5c5c725e0477358469ce6b55053ccbb9472d613dbbffc
uta-s-92,official,4,ONE_BLOCKER,200,9,35,35,0,9,624,-2961,165568,-0.017883890606880556,7.7093482554312045,9,0,0,0,0,1,196.0,286.53,4.3,1,fd77fc32ac6f0a2fda94f1c3214a9bc26e9e3fc2b24e5672ec10afe567392346
uta-s-92,official,4,TBR_NOPROX,200,9,35,35,0,9,624,-686,165568,-0.004143312717433321,7.816326530612245,9,0,0,0,0,1,43.75,59.28,4.29,1,ceaf30a0cc07143e525093e7e7d948d1a9eaf997ef149c64765514113d14b023
uta-s-92,official,4,TBR_NOT2,200,9,35,35,0,9,624,-2961,165568,-0.017883890606880556,7.7093482554312045,9,0,0,0,0,1,192.24,281.89,4.3,1,fd77fc32ac6f0a2fda94f1c3214a9bc26e9e3fc2b24e5672ec10afe567392346
uta-s-92,official,4,TBR_B2,200,9,35,35,0,9,624,-2961,165568,-0.017883890606880556,7.7093482554312045,9,0,0,0,0,1,193.24,267.9,4.61,1,fd77fc32ac6f0a2fda94f1c3214a9bc26e9e3fc2b24e5672ec10afe567392346
uta-s-92,official,4,SINGLE,200,9,35,35,0,9,624,-2961,165568,-0.017883890606880556,7.7093482554312045,9,0,0,0,0,1,199.32,272.0,4.15,1,fd77fc32ac6f0a2fda94f1c3214a9bc26e9e3fc2b24e5672ec10afe567392346
uta-s-92,official,4,TBR_B4,200,9,35,35,0,9,624,-2961,165568,-0.017883890606880556,7.7093482554312045,9,0,0,0,0,1,194.38,277.12,4.42,1,fd77fc32ac6f0a2fda94f1c3214a9bc26e9e3fc2b24e5672ec10afe567392346
uta-s-92,official,4,TBR_B32,200,9,35,35,0,9,624,-2961,165568,-0.017883890606880556,7.7093482554312045,9,0,0,0,0,1,193.32,303.51,4.83,1,fd77fc32ac6f0a2fda94f1c3214a9bc26e9e3fc2b24e5672ec10afe567392346
uta-s-92,tight,5,TBR_NOPROX,200,7,31,32,1,7,750,-2064,162021,-0.012739089377302943,7.577212451800997,6,0,0,1,0,1,50.64,1695.17,4.53,1,4eff5a1dc20c52d0c02b17c0d76ee14368e0cb759ae3224cb429ffd2e64e3b9b
uta-s-92,tight,5,TBR_NOT2,200,7,31,32,1,7,750,-2479,162021,-0.015300485739502904,7.557697733471269,6,0,0,1,0,1,178.18,1787.8,4.19,1,c8118fbb318f4ad401ca7382c3640f4187aeeb0ce464ae9b77bd6657f47f3114
uta-s-92,tight,5,TBR_B32,200,7,31,32,1,7,750,-2479,162021,-0.015300485739502904,7.557697733471269,6,0,0,1,0,1,187.27,10761.26,4.31,1,c8118fbb318f4ad401ca7382c3640f4187aeeb0ce464ae9b77bd6657f47f3114
uta-s-92,tight,5,TBR,200,7,31,32,1,7,750,-2479,162021,-0.015300485739502904,7.557697733471269,6,0,0,1,0,1,178.31,2238.98,4.32,1,c8118fbb318f4ad401ca7382c3640f4187aeeb0ce464ae9b77bd6657f47f3114
uta-s-92,tight,5,TBR_B2,200,7,31,32,1,7,750,-2479,162021,-0.015300485739502904,7.557697733471269,6,0,0,1,0,1,201.96,303.53,4.26,1,c8118fbb318f4ad401ca7382c3640f4187aeeb0ce464ae9b77bd6657f47f3114
uta-s-92,tight,5,RECOMPUTE,200,6,31,31,0,842,46928,4547,162021,0.028064263274513796,7.88761403178783,0,0,0,0,6,337,31548.86,44575.45,4.2,1,95b466a8fe6c27a47d8ff35bd6461ca073f6897461d6f1c3dde2bf5c9e8fe166
uta-s-92,tight,5,ONE_BLOCKER,200,7,31,32,1,7,750,-2479,162021,-0.015300485739502904,7.557697733471269,6,0,0,1,0,1,196.04,845.45,5.33,1,c8118fbb318f4ad401ca7382c3640f4187aeeb0ce464ae9b77bd6657f47f3114
uta-s-92,tight,5,SINGLE,200,7,31,32,1,7,750,-2479,162021,-0.015300485739502904,7.557697733471269,6,0,0,1,0,1,238.54,331.84,6.01,1,c8118fbb318f4ad401ca7382c3640f4187aeeb0ce464ae9b77bd6657f47f3114
uta-s-92,tight,5,TBR_B4,200,7,31,32,1,7,750,-2479,162021,-0.015300485739502904,7.557697733471269,6,0,0,1,0,1,178.14,1103.82,4.83,1,c8118fbb318f4ad401ca7382c3640f4187aeeb0ce464ae9b77bd6657f47f3114
uta-s-92,tight,5,TBR_B16,200,7,31,32,1,7,750,-2479,162021,-0.015300485739502904,7.557697733471269,6,0,0,1,0,1,179.97,6372.44,4.48,1,c8118fbb318f4ad401ca7382c3640f4187aeeb0ce464ae9b77bd6657f47f3114
uta-s-92,official,5,TBR_NOPROX,200,7,35,35,0,7,687,-1686,162021,-0.010406058473901532,7.5949873036772315,7,0,0,0,0,1,67.45,72.3,5.51,1,a83f268396c90b9f2c0fd25461da460c6fc7695c85ef96129be311ed749a3d8b
uta-s-92,official,5,TBR_NOT2,200,7,35,35,0,7,687,-3005,162021,-0.018546978478098518,7.532963415781059,7,0,0,0,0,1,286.91,688.76,5.28,1,475c8776577e59c07e941930dcde0a4555f1f58611cdf9b8645f4d32915ab776
uta-s-92,official,5,TBR_B32,200,7,35,35,0,7,687,-3005,162021,-0.018546978478098518,7.532963415781059,7,0,0,0,0,1,261.27,310.26,4.68,1,475c8776577e59c07e941930dcde0a4555f1f58611cdf9b8645f4d32915ab776
uta-s-92,official,5,TBR,200,7,35,35,0,7,687,-3005,162021,-0.018546978478098518,7.532963415781059,7,0,0,0,0,1,290.28,316.13,4.42,1,475c8776577e59c07e941930dcde0a4555f1f58611cdf9b8645f4d32915ab776
uta-s-92,official,5,TBR_B2,200,7,35,35,0,7,687,-3005,162021,-0.018546978478098518,7.532963415781059,7,0,0,0,0,1,266.02,329.3,4.58,1,475c8776577e59c07e941930dcde0a4555f1f58611cdf9b8645f4d32915ab776
uta-s-92,official,5,RECOMPUTE,200,6,35,35,0,842,46928,4547,162021,0.028064263274513796,7.88761403178783,0,0,0,0,6,337,32865.13,66516.15,4.35,1,b60c7c1d03dc74c216ce8a254c1c226b6e1e5c65b5604afa25c6e98b84c521ec
uta-s-92,official,5,ONE_BLOCKER,200,7,35,35,0,7,687,-3005,162021,-0.018546978478098518,7.532963415781059,7,0,0,0,0,1,264.91,369.62,4.95,1,475c8776577e59c07e941930dcde0a4555f1f58611cdf9b8645f4d32915ab776
uta-s-92,official,5,SINGLE,200,7,35,35,0,7,687,-3005,162021,-0.018546978478098518,7.532963415781059,7,0,0,0,0,1,276.58,342.55,4.87,1,475c8776577e59c07e941930dcde0a4555f1f58611cdf9b8645f4d32915ab776
uta-s-92,official,5,TBR_B4,200,7,35,35,0,7,687,-3005,162021,-0.018546978478098518,7.532963415781059,7,0,0,0,0,1,264.78,331.43,4.51,1,475c8776577e59c07e941930dcde0a4555f1f58611cdf9b8645f4d32915ab776
uta-s-92,official,5,TBR_B16,200,7,35,35,0,7,687,-3005,162021,-0.018546978478098518,7.532963415781059,7,0,0,0,0,1,282.9,328.57,5.59,1,475c8776577e59c07e941930dcde0a4555f1f58611cdf9b8645f4d32915ab776
uta-s-92,tight,6,TBR_B32,200,12,31,32,1,13,1099,-3434,169729,-0.020232252590894898,7.882488479262673,10,1,0,1,0,2,132.13,6937.43,5.46,1,bad73e4955e04486c993e63755ccd2b1c280b7bb3786f0865adce40824ea9e20
uta-s-92,tight,6,TBR_B4,200,12,31,32,1,13,1099,-3434,169729,-0.020232252590894898,7.882488479262673,10,1,0,1,0,2,121.92,809.71,5.02,1,bad73e4955e04486c993e63755ccd2b1c280b7bb3786f0865adce40824ea9e20
uta-s-92,tight,6,TBR_B16,200,12,31,32,1,13,1099,-3434,169729,-0.020232252590894898,7.882488479262673,10,1,0,1,0,2,123.03,3991.59,4.96,1,bad73e4955e04486c993e63755ccd2b1c280b7bb3786f0865adce40824ea9e20
uta-s-92,tight,6,SINGLE,200,12,31,33,2,12,1006,-3796,169729,-0.022365064308397506,7.865466002069031,10,0,0,2,0,1,103.0,179.08,4.59,1,74c0872a68f912a53d89cd9cd6199f4c0f3e64fd23e474696cde77ac495b1335
uta-s-92,tight,6,TBR_B2,200,12,31,32,1,13,1099,-3434,169729,-0.020232252590894898,7.882488479262673,10,1,0,1,0,2,125.0,386.87,4.66,1,bad73e4955e04486c993e63755ccd2b1c280b7bb3786f0865adce40824ea9e20
uta-s-92,tight,6,TBR_NOPROX,200,12,31,32,1,12,1050,-2062,169729,-0.012148778346658496,7.947004608294931,11,0,0,1,0,1,48.73,1088.93,5.11,1,8defb2dc74f8d4a28f80ee3ae0c79fc0ea1cb438e3590c9778f9b5e778bd6ed7
uta-s-92,tight,6,TBR_NOT2,200,12,31,33,2,12,1006,-3796,169729,-0.022365064308397506,7.865466002069031,10,0,0,2,0,1,125.26,2177.57,4.42,1,74c0872a68f912a53d89cd9cd6199f4c0f3e64fd23e474696cde77ac495b1335
uta-s-92,tight,6,ONE_BLOCKER,200,12,31,32,1,13,1099,-3434,169729,-0.020232252590894898,7.882488479262673,10,1,0,1,0,2,126.65,377.2,4.32,1,bad73e4955e04486c993e63755ccd2b1c280b7bb3786f0865adce40824ea9e20
uta-s-92,tight,6,TBR,200,12,31,32,1,13,1099,-3434,169729,-0.020232252590894898,7.882488479262673,10,1,0,1,0,2,127.33,1346.87,4.17,1,bad73e4955e04486c993e63755ccd2b1c280b7bb3786f0865adce40824ea9e20
uta-s-92,tight,6,RECOMPUTE,200,6,31,31,0,933,57549,-2747,169729,-0.016184623723700723,7.9098561083419545,0,0,0,0,6,386,31617.4,61064.05,4.38,1,fe7ae63129bb21f046af934322d87768e95b0fc417ddc49776ca4d5b873be0ba
uta-s-92,official,6,TBR_B32,200,12,35,35,0,12,982,-5051,169729,-0.02975920437874494,7.806404589485564,12,0,0,0,0,1,266.65,359.14,5.63,1,a22947b8d8ebbd83c1a39df3284a847b6e19db0737bb98ad7c3ceeaa5c294410
uta-s-92,official,6,TBR_B4,200,12,35,35,0,12,982,-5051,169729,-0.02975920437874494,7.806404589485564,12,0,0,0,0,1,225.18,277.0,4.67,1,a22947b8d8ebbd83c1a39df3284a847b6e19db0737bb98ad7c3ceeaa5c294410
uta-s-92,official,6,TBR_B16,200,12,35,35,0,12,982,-5051,169729,-0.02975920437874494,7.806404589485564,12,0,0,0,0,1,226.14,296.2,4.75,1,a22947b8d8ebbd83c1a39df3284a847b6e19db0737bb98ad7c3ceeaa5c294410
uta-s-92,official,6,SINGLE,200,12,35,35,0,12,982,-5051,169729,-0.02975920437874494,7.806404589485564,12,0,0,0,0,1,219.4,282.88,4.25,1,a22947b8d8ebbd83c1a39df3284a847b6e19db0737bb98ad7c3ceeaa5c294410
uta-s-92,official,6,TBR_B2,200,12,35,35,0,12,982,-5051,169729,-0.02975920437874494,7.806404589485564,12,0,0,0,0,1,253.19,534.24,5.43,1,a22947b8d8ebbd83c1a39df3284a847b6e19db0737bb98ad7c3ceeaa5c294410
uta-s-92,official,6,TBR_NOPROX,200,12,35,35,0,12,982,-3702,169729,-0.021811240271255944,7.869886203329258,12,0,0,0,0,1,47.05,67.66,4.28,1,c870242e8a1847d7072a27d3139febcf596a9245d9ab32c483ea256220f7b7fe
uta-s-92,official,6,TBR_NOT2,200,12,35,35,0,12,982,-5051,169729,-0.02975920437874494,7.806404589485564,12,0,0,0,0,1,214.58,295.55,4.29,1,a22947b8d8ebbd83c1a39df3284a847b6e19db0737bb98ad7c3ceeaa5c294410
uta-s-92,official,6,ONE_BLOCKER,200,12,35,35,0,12,982,-5051,169729,-0.02975920437874494,7.806404589485564,12,0,0,0,0,1,222.05,307.01,4.28,1,a22947b8d8ebbd83c1a39df3284a847b6e19db0737bb98ad7c3ceeaa5c294410
uta-s-92,official,6,TBR,200,12,35,35,0,12,982,-5051,169729,-0.02975920437874494,7.806404589485564,12,0,0,0,0,1,223.85,275.0,4.32,1,a22947b8d8ebbd83c1a39df3284a847b6e19db0737bb98ad7c3ceeaa5c294410
uta-s-92,official,6,RECOMPUTE,200,6,35,35,0,933,57549,-2747,169729,-0.016184623723700723,7.9098561083419545,0,0,0,0,6,386,34157.59,64799.2,5.15,1,a756dff48998af4f979c61ea077fd96559c66aa4d34c5a32259f943a1f4f9dcc
uta-s-92,tight,7,TBR,200,5,31,31,0,5,124,-728,169102,-0.004305093966954856,7.97620615066303,5,0,0,0,0,1,92.12,170.62,5.25,1,b09fffd1fe6c7768dcb7570b67d213e2da5e2bc3e5acd2660f04f8a43c2d6d0e
uta-s-92,tight,7,TBR_B2,200,5,31,31,0,5,124,-728,169102,-0.004305093966954856,7.97620615066303,5,0,0,0,0,1,82.79,129.46,4.78,1,b09fffd1fe6c7768dcb7570b67d213e2da5e2bc3e5acd2660f04f8a43c2d6d0e
uta-s-92,tight,7,TBR_NOT2,200,5,31,31,0,5,124,-728,169102,-0.004305093966954856,7.97620615066303,5,0,0,0,0,1,67.84,137.29,4.18,1,b09fffd1fe6c7768dcb7570b67d213e2da5e2bc3e5acd2660f04f8a43c2d6d0e
uta-s-92,tight,7,RECOMPUTE,200,7,31,31,0,613,28215,-943,169102,-0.005576515948953886,7.968494310166463,0,0,0,0,7,207,31443.33,33115.73,4.46,1,14a9fee77eb1b83e1822cbc95ebf180dc70f66c9d08ed68ab479c2e877b03232
uta-s-92,tight,7,TBR_B4,200,5,31,31,0,5,124,-728,169102,-0.004305093966954856,7.97620615066303,5,0,0,0,0,1,101.32,158.38,5.1,1,b09fffd1fe6c7768dcb7570b67d213e2da5e2bc3e5acd2660f04f8a43c2d6d0e
uta-s-92,tight,7,SINGLE,200,5,31,31,0,5,124,-728,169102,-0.004305093966954856,7.97620615066303,5,0,0,0,0,1,115.3,171.82,6.63,1,b09fffd1fe6c7768dcb7570b67d213e2da5e2bc3e5acd2660f04f8a43c2d6d0e
uta-s-92,tight,7,TBR_B16,200,5,31,31,0,5,124,-728,169102,-0.004305093966954856,7.97620615066303,5,0,0,0,0,1,66.96,128.98,4.33,1,b09fffd1fe6c7768dcb7570b67d213e2da5e2bc3e5acd2660f04f8a43c2d6d0e
uta-s-92,tight,7,ONE_BLOCKER,200,5,31,31,0,5,124,-728,169102,-0.004305093966954856,7.97620615066303,5,0,0,0,0,1,72.25,124.53,4.28,1,b09fffd1fe6c7768dcb7570b67d213e2da5e2bc3e5acd2660f04f8a43c2d6d0e
uta-s-92,tight,7,TBR_B32,200,5,31,31,0,5,124,-728,169102,-0.004305093966954856,7.97620615066303,5,0,0,0,0,1,67.97,125.18,4.25,1,b09fffd1fe6c7768dcb7570b67d213e2da5e2bc3e5acd2660f04f8a43c2d6d0e
uta-s-92,tight,7,TBR_NOPROX,200,5,31,31,0,5,124,-75,169102,-0.00044351929604617333,8.006912442396313,5,0,0,0,0,1,39.89,52.69,4.44,1,1bda4eec27345a3823d29e3f286213a63af1cdf3fe987893ae2242a762ab5dc8
uta-s-92,official,7,TBR,200,5,35,35,0,5,124,-748,169102,-0.004423365779233835,7.97526568230979,5,0,0,0,0,1,176.07,192.52,5.12,1,bb7f3405d97db65ddd200958288a2acc19204879e0b4e2468110fe9f376b1fa2
uta-s-92,official,7,TBR_B2,200,5,35,35,0,5,124,-748,169102,-0.004423365779233835,7.97526568230979,5,0,0,0,0,1,161.0,171.37,4.4,1,bb7f3405d97db65ddd200958288a2acc19204879e0b4e2468110fe9f376b1fa2
uta-s-92,official,7,TBR_NOT2,200,5,35,35,0,5,124,-748,169102,-0.004423365779233835,7.97526568230979,5,0,0,0,0,1,148.04,259.75,4.66,1,bb7f3405d97db65ddd200958288a2acc19204879e0b4e2468110fe9f376b1fa2
uta-s-92,official,7,RECOMPUTE,200,7,35,35,0,613,28215,-943,169102,-0.005576515948953886,7.968494310166463,0,0,0,0,7,207,29153.48,60574.23,3.85,1,d7e8c0107cedaab47df60115dafbd583c9e4a1a158e4d53d92f402bb7e93e049
uta-s-92,official,7,TBR_B4,200,5,35,35,0,5,124,-748,169102,-0.004423365779233835,7.97526568230979,5,0,0,0,0,1,161.93,176.58,4.86,1,bb7f3405d97db65ddd200958288a2acc19204879e0b4e2468110fe9f376b1fa2
uta-s-92,official,7,SINGLE,200,5,35,35,0,5,124,-748,169102,-0.004423365779233835,7.97526568230979,5,0,0,0,0,1,140.28,171.13,4.13,1,bb7f3405d97db65ddd200958288a2acc19204879e0b4e2468110fe9f376b1fa2
uta-s-92,official,7,TBR_B16,200,5,35,35,0,5,124,-748,169102,-0.004423365779233835,7.97526568230979,5,0,0,0,0,1,148.94,174.54,4.41,1,bb7f3405d97db65ddd200958288a2acc19204879e0b4e2468110fe9f376b1fa2
uta-s-92,official,7,ONE_BLOCKER,200,5,35,35,0,5,124,-748,169102,-0.004423365779233835,7.97526568230979,5,0,0,0,0,1,140.67,188.35,4.32,1,bb7f3405d97db65ddd200958288a2acc19204879e0b4e2468110fe9f376b1fa2
uta-s-92,official,7,TBR_B32,200,5,35,35,0,5,124,-748,169102,-0.004423365779233835,7.97526568230979,5,0,0,0,0,1,140.19,166.24,4.29,1,bb7f3405d97db65ddd200958288a2acc19204879e0b4e2468110fe9f376b1fa2
uta-s-92,official,7,TBR_NOPROX,200,5,35,35,0,5,124,-75,169102,-0.00044351929604617333,8.006912442396313,5,0,0,0,0,1,43.13,54.11,4.33,1,0930198e6b1f0a622f70e957f45d4008dc59503c03178ee24fcad0c179827d20
uta-s-92,tight,8,SINGLE,200,8,31,33,2,8,650,-2778,167373,-0.016597659120646698,7.792156493933979,6,0,0,2,0,1,110.39,172.69,4.75,1,5b27d83426635576abd777cb4f4058df1195577f3a7ee9d1d0f6fe3d07c697af
uta-s-92,tight,8,RECOMPUTE,200,7,31,31,0,779,50118,-1228,167373,-0.007336906191560168,7.864666603968776,0,0,0,0,7,378,34140.19,63630.77,4.42,1,e139d85452af3f941009e2d48f9cb29a573ea12df65d043041e3c271a3ffab3f
uta-s-92,tight,8,TBR_NOPROX,200,8,31,32,1,11,965,-1569,167373,-0.009374271835959205,7.849760180569924,6,0,1,1,0,4,49.85,1738.6,4.62,1,636ed15703e6147af9c1bbbcdfd40aec27a980c1a27389bbc3491db0d7d4e259
uta-s-92,tight,8,TBR,200,8,31,32,1,11,965,-2480,167373,-0.01481720468653845,7.8061694723972535,6,0,1,1,0,4,125.65,2120.29,4.86,1,4f61c495c1d76fcbce9fa50116b1052c162961694d78ef16ac029bffba389672
uta-s-92,tight,8,TBR_NOT2,200,8,31,32,1,11,965,-2480,167373,-0.01481720468653845,7.8061694723972535,6,0,1,1,0,4,109.55,1745.09,4.77,1,4f61c495c1d76fcbce9fa50116b1052c162961694d78ef16ac029bffba389672
uta-s-92,tight,8,TBR_B2,200,8,31,33,2,8,650,-2778,167373,-0.016597659120646698,7.792156493933979,6,0,0,2,0,1,114.8,458.0,4.6,1,5b27d83426635576abd777cb4f4058df1195577f3a7ee9d1d0f6fe3d07c697af
uta-s-92,tight,8,TBR_B32,200,8,31,32,1,11,965,-2480,167373,-0.01481720468653845,7.8061694723972535,6,0,1,1,0,4,114.09,11932.68,4.77,1,4f61c495c1d76fcbce9fa50116b1052c162961694d78ef16ac029bffba389672
uta-s-92,tight,8,TBR_B16,200,8,31,32,1,11,965,-2480,167373,-0.01481720468653845,7.8061694723972535,6,0,1,1,0,4,111.63,4371.99,4.46,1,4f61c495c1d76fcbce9fa50116b1052c162961694d78ef16ac029bffba389672
uta-s-92,tight,8,TBR_B4,200,8,31,32,1,11,965,-2480,167373,-0.01481720468653845,7.8061694723972535,6,0,1,1,0,4,111.44,1453.91,4.44,1,4f61c495c1d76fcbce9fa50116b1052c162961694d78ef16ac029bffba389672
uta-s-92,tight,8,ONE_BLOCKER,200,8,31,33,2,8,650,-2778,167373,-0.016597659120646698,7.792156493933979,6,0,0,2,0,1,127.46,370.84,4.28,1,5b27d83426635576abd777cb4f4058df1195577f3a7ee9d1d0f6fe3d07c697af
uta-s-92,official,8,SINGLE,200,8,35,35,0,8,650,-3487,167373,-0.020833706750790153,7.758816890811624,8,0,0,0,0,1,226.81,309.83,3.97,1,7d98c8656418808aa8a479de1d975d2b814db19de46eb4b07fc19877b7e7dcc8
uta-s-92,official,8,RECOMPUTE,200,7,35,35,0,779,50118,-1228,167373,-0.007336906191560168,7.864666603968776,0,0,0,0,7,378,22625.52,26199.32,3.81,1,44d8f925c11692ab04daf431e0029f9898641c581022e57232283f213dfa17aa
uta-s-92,official,8,TBR_NOPROX,200,8,35,35,0,8,650,-1834,167373,-0.010957561852867547,7.837298974889495,8,0,0,0,0,1,39.34,75.06,3.33,1,a378dde6f4f3385435e1214ece9461a374158eee45e146cab279e3cf45cefd4c
uta-s-92,official,8,TBR,200,8,35,35,0,8,650,-3487,167373,-0.020833706750790153,7.758816890811624,8,0,0,0,0,1,219.22,291.41,3.39,1,7d98c8656418808aa8a479de1d975d2b814db19de46eb4b07fc19877b7e7dcc8
uta-s-92,official,8,TBR_NOT2,200,8,35,35,0,8,650,-3487,167373,-0.020833706750790153,7.758816890811624,8,0,0,0,0,1,211.54,329.29,3.48,1,7d98c8656418808aa8a479de1d975d2b814db19de46eb4b07fc19877b7e7dcc8
uta-s-92,official,8,TBR_B2,200,8,35,35,0,8,650,-3487,167373,-0.020833706750790153,7.758816890811624,8,0,0,0,0,1,225.66,282.36,4.19,1,7d98c8656418808aa8a479de1d975d2b814db19de46eb4b07fc19877b7e7dcc8
uta-s-92,official,8,TBR_B32,200,8,35,35,0,8,650,-3487,167373,-0.020833706750790153,7.758816890811624,8,0,0,0,0,1,221.52,293.52,3.5,1,7d98c8656418808aa8a479de1d975d2b814db19de46eb4b07fc19877b7e7dcc8
uta-s-92,official,8,TBR_B16,200,8,35,35,0,8,650,-3487,167373,-0.020833706750790153,7.758816890811624,8,0,0,0,0,1,217.96,294.21,3.48,1,7d98c8656418808aa8a479de1d975d2b814db19de46eb4b07fc19877b7e7dcc8
uta-s-92,official,8,TBR_B4,200,8,35,35,0,8,650,-3487,167373,-0.020833706750790153,7.758816890811624,8,0,0,0,0,1,214.05,379.78,3.73,1,7d98c8656418808aa8a479de1d975d2b814db19de46eb4b07fc19877b7e7dcc8
uta-s-92,official,8,ONE_BLOCKER,200,8,35,35,0,8,650,-3487,167373,-0.020833706750790153,7.758816890811624,8,0,0,0,0,1,261.55,354.26,4.13,1,7d98c8656418808aa8a479de1d975d2b814db19de46eb4b07fc19877b7e7dcc8
uta-s-92,tight,9,TBR_B4,200,6,31,31,0,7,380,-1211,169382,-0.007149520019836818,7.965860998777391,5,1,0,0,0,2,126.85,355.76,5.0,1,d17cca13e0e53b2230f56c173887aa51cdf553f8de86a6047166bfce08d5b788
uta-s-92,tight,9,ONE_BLOCKER,200,6,31,31,0,7,380,-1211,169382,-0.007149520019836818,7.965860998777391,5,1,0,0,0,2,124.42,358.2,4.18,1,d17cca13e0e53b2230f56c173887aa51cdf553f8de86a6047166bfce08d5b788
uta-s-92,tight,9,SINGLE,200,6,31,32,1,6,334,-1332,169382,-0.007863881640315972,7.959983071569642,5,0,0,1,0,1,114.31,154.04,4.62,1,f9884fc66c06ef1ec64134bbdf10cacf57be29529bf3fe575e3fdcc33b1fa286
uta-s-92,tight,9,TBR_NOPROX,200,6,31,31,0,6,334,-656,169382,-0.0038729026697051634,7.992335182921095,6,0,0,0,0,1,40.96,58.28,4.09,1,474d7549d1e36985dfa887ef0c3134fa4b1b4f70f69627d2afefd3884102223c
uta-s-92,tight,9,TBR_B16,200,6,31,31,0,7,380,-1211,169382,-0.007149520019836818,7.965860998777391,5,1,0,0,0,2,128.15,362.1,4.35,1,d17cca13e0e53b2230f56c173887aa51cdf553f8de86a6047166bfce08d5b788
uta-s-92,tight,9,TBR_B2,200,6,31,31,0,7,380,-1211,169382,-0.007149520019836818,7.965860998777391,5,1,0,0,0,2,125.6,336.38,4.75,1,d17cca13e0e53b2230f56c173887aa51cdf553f8de86a6047166bfce08d5b788
uta-s-92,tight,9,TBR,200,6,31,31,0,7,380,-1211,169382,-0.007149520019836818,7.965860998777391,5,1,0,0,0,2,122.35,326.06,4.23,1,d17cca13e0e53b2230f56c173887aa51cdf553f8de86a6047166bfce08d5b788
uta-s-92,tight,9,TBR_B32,200,6,31,31,0,7,380,-1211,169382,-0.007149520019836818,7.965860998777391,5,1,0,0,0,2,122.15,327.58,4.2,1,d17cca13e0e53b2230f56c173887aa51cdf553f8de86a6047166bfce08d5b788
uta-s-92,tight,9,RECOMPUTE,200,6,31,31,0,511,25393,-3875,169382,-0.022877283300468763,7.842424527414653,0,0,0,0,6,298,29406.48,62955.39,4.31,1,2d9ea5442d1d52000c3c8ba32d03efe0b6f1bc3def70dcbe6c76a3dcd44189d5
uta-s-92,tight,9,TBR_NOT2,200,6,31,32,1,6,334,-1332,169382,-0.007863881640315972,7.959983071569642,5,0,0,1,0,1,118.75,1491.9,4.3,1,f9884fc66c06ef1ec64134bbdf10cacf57be29529bf3fe575e3fdcc33b1fa286
uta-s-92,official,9,TBR_B4,200,6,35,35,0,6,334,-1780,169382,-0.010508790780602425,7.938822533621743,6,0,0,0,0,1,158.03,306.98,4.74,1,71b20b6b8b43dbc84e1c08f25132dea3c277e1e93c912e20c20952fbf6b696f1
uta-s-92,official,9,ONE_BLOCKER,200,6,35,35,0,6,334,-1780,169382,-0.010508790780602425,7.938822533621743,6,0,0,0,0,1,163.64,278.83,4.02,1,71b20b6b8b43dbc84e1c08f25132dea3c277e1e93c912e20c20952fbf6b696f1
uta-s-92,official,9,SINGLE,200,6,35,35,0,6,334,-1780,169382,-0.010508790780602425,7.938822533621743,6,0,0,0,0,1,188.97,404.53,5.05,1,71b20b6b8b43dbc84e1c08f25132dea3c277e1e93c912e20c20952fbf6b696f1
uta-s-92,official,9,TBR_NOPROX,200,6,35,35,0,6,334,-656,169382,-0.0038729026697051634,7.992335182921095,6,0,0,0,0,1,44.16,67.16,4.36,1,995f44815a68cec3ebebbd5d491aa6407ca1d06963a5003468709a9995f4d8aa
uta-s-92,official,9,TBR_B16,200,6,35,35,0,6,334,-1780,169382,-0.010508790780602425,7.938822533621743,6,0,0,0,0,1,159.5,321.73,5.18,1,71b20b6b8b43dbc84e1c08f25132dea3c277e1e93c912e20c20952fbf6b696f1
uta-s-92,official,9,TBR_B2,200,6,35,35,0,6,334,-1780,169382,-0.010508790780602425,7.938822533621743,6,0,0,0,0,1,161.76,304.34,4.63,1,71b20b6b8b43dbc84e1c08f25132dea3c277e1e93c912e20c20952fbf6b696f1
uta-s-92,official,9,TBR,200,6,35,35,0,6,334,-1780,169382,-0.010508790780602425,7.938822533621743,6,0,0,0,0,1,168.69,293.04,4.2,1,71b20b6b8b43dbc84e1c08f25132dea3c277e1e93c912e20c20952fbf6b696f1
uta-s-92,official,9,TBR_B32,200,6,35,35,0,6,334,-1780,169382,-0.010508790780602425,7.938822533621743,6,0,0,0,0,1,150.77,295.1,4.12,1,71b20b6b8b43dbc84e1c08f25132dea3c277e1e93c912e20c20952fbf6b696f1
uta-s-92,official,9,RECOMPUTE,200,6,35,35,0,511,25393,-3875,169382,-0.022877283300468763,7.842424527414653,0,0,0,0,6,298,31744.51,64673.22,4.39,1,f84d563edba00250b6fddb7a37100ef561c638d6a1b4e0d210bd8c3a109bd944
uta-s-92,official,9,TBR_NOT2,200,6,35,35,0,6,334,-1780,169382,-0.010508790780602425,7.938822533621743,6,0,0,0,0,1,188.85,321.31,4.38,1,71b20b6b8b43dbc84e1c08f25132dea3c277e1e93c912e20c20952fbf6b696f1
ute-s-92,tight,0,RECOMPUTE,200,3,10,10,0,40,2044,-3335,159548,-0.02090280041116153,58.871953437613676,0,0,0,0,3,32,1346.47,1705.14,2.59,1,2b9afd08b45c55cfc5063232152971f4bc59bbdc7f14ef392a160fc073ef4083
ute-s-92,tight,0,ONE_BLOCKER,200,2,10,10,0,2,73,-2511,159548,-0.01573821044450573,59.20480174608949,2,0,0,0,0,1,54.42,54.77,3.33,1,75e3f4df472bfb54f99a8ba8eeeb32e41c4be6309edb985fa4bf1314fbfeeaed
ute-s-92,tight,0,SINGLE,200,2,10,10,0,2,73,-2511,159548,-0.01573821044450573,59.20480174608949,2,0,0,0,0,1,52.28,53.86,3.27,1,75e3f4df472bfb54f99a8ba8eeeb32e41c4be6309edb985fa4bf1314fbfeeaed
ute-s-92,tight,0,TBR_B16,200,2,10,10,0,2,73,-2511,159548,-0.01573821044450573,59.20480174608949,2,0,0,0,0,1,48.65,48.67,3.41,1,75e3f4df472bfb54f99a8ba8eeeb32e41c4be6309edb985fa4bf1314fbfeeaed
ute-s-92,tight,0,TBR_B2,200,2,10,10,0,2,73,-2511,159548,-0.01573821044450573,59.20480174608949,2,0,0,0,0,1,51.39,52.3,3.45,1,75e3f4df472bfb54f99a8ba8eeeb32e41c4be6309edb985fa4bf1314fbfeeaed
ute-s-92,tight,0,TBR_B4,200,2,10,10,0,2,73,-2511,159548,-0.01573821044450573,59.20480174608949,2,0,0,0,0,1,54.15,54.34,3.44,1,75e3f4df472bfb54f99a8ba8eeeb32e41c4be6309edb985fa4bf1314fbfeeaed
ute-s-92,tight,0,TBR_NOT2,200,2,10,10,0,2,73,-2511,159548,-0.01573821044450573,59.20480174608949,2,0,0,0,0,1,50.61,51.74,3.22,1,75e3f4df472bfb54f99a8ba8eeeb32e41c4be6309edb985fa4bf1314fbfeeaed
ute-s-92,tight,0,TBR,200,2,10,10,0,2,73,-2511,159548,-0.01573821044450573,59.20480174608949,2,0,0,0,0,1,56.3,60.65,3.39,1,75e3f4df472bfb54f99a8ba8eeeb32e41c4be6309edb985fa4bf1314fbfeeaed
ute-s-92,tight,0,TBR_NOPROX,200,2,10,10,0,2,73,-1165,159548,-0.007301877804798556,59.71335030920335,2,0,0,0,0,1,26.88,30.18,3.19,1,7417351c683555049da7cf0dd8e5c81eb865fde1f056b497153caaf8442d1219
ute-s-92,tight,0,TBR_B32,200,2,10,10,0,2,73,-2511,159548,-0.01573821044450573,59.20480174608949,2,0,0,0,0,1,54.19,56.88,3.39,1,75e3f4df472bfb54f99a8ba8eeeb32e41c4be6309edb985fa4bf1314fbfeeaed
ute-s-92,official,0,RECOMPUTE,200,3,10,10,0,40,2044,-3335,159548,-0.02090280041116153,58.871953437613676,0,0,0,0,3,32,1218.66,1578.27,2.43,1,2b9afd08b45c55cfc5063232152971f4bc59bbdc7f14ef392a160fc073ef4083
ute-s-92,official,0,ONE_BLOCKER,200,2,10,10,0,2,73,-2511,159548,-0.01573821044450573,59.20480174608949,2,0,0,0,0,1,77.9,101.41,3.28,1,75e3f4df472bfb54f99a8ba8eeeb32e41c4be6309edb985fa4bf1314fbfeeaed
ute-s-92,official,0,SINGLE,200,2,10,10,0,2,73,-2511,159548,-0.01573821044450573,59.20480174608949,2,0,0,0,0,1,53.17,55.11,3.49,1,75e3f4df472bfb54f99a8ba8eeeb32e41c4be6309edb985fa4bf1314fbfeeaed
ute-s-92,official,0,TBR_B16,200,2,10,10,0,2,73,-2511,159548,-0.01573821044450573,59.20480174608949,2,0,0,0,0,1,50.92,51.32,3.46,1,75e3f4df472bfb54f99a8ba8eeeb32e41c4be6309edb985fa4bf1314fbfeeaed
ute-s-92,official,0,TBR_B2,200,2,10,10,0,2,73,-2511,159548,-0.01573821044450573,59.20480174608949,2,0,0,0,0,1,50.5,51.37,3.48,1,75e3f4df472bfb54f99a8ba8eeeb32e41c4be6309edb985fa4bf1314fbfeeaed
ute-s-92,official,0,TBR_B4,200,2,10,10,0,2,73,-2511,159548,-0.01573821044450573,59.20480174608949,2,0,0,0,0,1,83.56,89.29,3.42,1,75e3f4df472bfb54f99a8ba8eeeb32e41c4be6309edb985fa4bf1314fbfeeaed
ute-s-92,official,0,TBR_NOT2,200,2,10,10,0,2,73,-2511,159548,-0.01573821044450573,59.20480174608949,2,0,0,0,0,1,52.78,53.15,3.44,1,75e3f4df472bfb54f99a8ba8eeeb32e41c4be6309edb985fa4bf1314fbfeeaed
ute-s-92,official,0,TBR,200,2,10,10,0,2,73,-2511,159548,-0.01573821044450573,59.20480174608949,2,0,0,0,0,1,59.07,59.16,3.41,1,75e3f4df472bfb54f99a8ba8eeeb32e41c4be6309edb985fa4bf1314fbfeeaed
ute-s-92,official,0,TBR_NOPROX,200,2,10,10,0,2,73,-1165,159548,-0.007301877804798556,59.71335030920335,2,0,0,0,0,1,24.61,28.7,3.26,1,7417351c683555049da7cf0dd8e5c81eb865fde1f056b497153caaf8442d1219
ute-s-92,official,0,TBR_B32,200,2,10,10,0,2,73,-2511,159548,-0.01573821044450573,59.20480174608949,2,0,0,0,0,1,50.59,50.94,3.47,1,75e3f4df472bfb54f99a8ba8eeeb32e41c4be6309edb985fa4bf1314fbfeeaed
ute-s-92,tight,1,TBR_B32,200,4,10,10,0,5,216,-3984,154976,-0.02570720627710097,56.83521280465624,3,1,0,0,0,2,66.4,108.36,3.54,1,952f16f2ffe2134156b1477ab91c1092ef18b64f20a2d8b3462cb6b57ba3a4d9
ute-s-92,tight,1,TBR_B4,200,4,10,10,0,5,216,-3984,154976,-0.02570720627710097,56.83521280465624,3,1,0,0,0,2,64.22,100.85,3.46,1,952f16f2ffe2134156b1477ab91c1092ef18b64f20a2d8b3462cb6b57ba3a4d9
ute-s-92,tight,1,ONE_BLOCKER,200,4,10,10,0,5,216,-3984,154976,-0.02570720627710097,56.83521280465624,3,1,0,0,0,2,65.68,116.26,3.54,1,952f16f2ffe2134156b1477ab91c1092ef18b64f20a2d8b3462cb6b57ba3a4d9
ute-s-92,tight,1,TBR,200,4,10,10,0,5,216,-3984,154976,-0.02570720627710097,56.83521280465624,3,1,0,0,0,2,69.03,113.17,3.4,1,952f16f2ffe2134156b1477ab91c1092ef18b64f20a2d8b3462cb6b57ba3a4d9
ute-s-92,tight,1,TBR_B2,200,4,10,10,0,5,216,-3984,154976,-0.02570720627710097,56.83521280465624,3,1,0,0,0,2,72.19,107.51,3.37,1,952f16f2ffe2134156b1477ab91c1092ef18b64f20a2d8b3462cb6b57ba3a4d9
ute-s-92,tight,1,TBR_NOPROX,200,4,10,10,0,5,216,-4119,154976,-0.026578308899442495,56.784285194616224,3,1,0,0,0,2,38.78,60.83,3.4,1,ff71243841b44b8b8ef811259db895bee30a4cc5584d2f62a456ffcc5af6a828
ute-s-92,tight,1,RECOMPUTE,200,3,10,10,0,47,2124,1477,154976,0.009530507949618005,58.871953437613676,0,0,0,0,3,44,1147.62,2038.28,2.42,1,7c1ed722c37f1f7363345d2d608b9f3a709ddcf93ad2ec918d7ea00a50322077
ute-s-92,tight,1,TBR_B16,200,4,10,10,0,5,216,-3984,154976,-0.02570720627710097,56.83521280465624,3,1,0,0,0,2,68.78,108.62,3.63,1,952f16f2ffe2134156b1477ab91c1092ef18b64f20a2d8b3462cb6b57ba3a4d9
ute-s-92,tight,1,SINGLE,200,4,10,11,1,4,178,-3850,154976,-0.02484255626677679,56.87486358675882,3,0,0,1,0,1,45.84,70.25,3.34,1,aedb394fa2bbf251d8b87a331c60372c220771393a3880d538d2a7883a5e0f63
ute-s-92,tight,1,TBR_NOT2,200,4,10,11,1,4,178,-3850,154976,-0.02484255626677679,56.87486358675882,3,0,0,1,0,1,71.39,144.78,3.24,1,aedb394fa2bbf251d8b87a331c60372c220771393a3880d538d2a7883a5e0f63
ute-s-92,official,1,TBR_B32,200,4,10,10,0,5,216,-3984,154976,-0.02570720627710097,56.83521280465624,3,1,0,0,0,2,52.87,78.86,2.85,1,952f16f2ffe2134156b1477ab91c1092ef18b64f20a2d8b3462cb6b57ba3a4d9
ute-s-92,official,1,TBR_B4,200,4,10,10,0,5,216,-3984,154976,-0.02570720627710097,56.83521280465624,3,1,0,0,0,2,51.38,81.49,2.83,1,952f16f2ffe2134156b1477ab91c1092ef18b64f20a2d8b3462cb6b57ba3a4d9
ute-s-92,official,1,ONE_BLOCKER,200,4,10,10,0,5,216,-3984,154976,-0.02570720627710097,56.83521280465624,3,1,0,0,0,2,50.04,91.41,2.7,1,952f16f2ffe2134156b1477ab91c1092ef18b64f20a2d8b3462cb6b57ba3a4d9
ute-s-92,official,1,TBR,200,4,10,10,0,5,216,-3984,154976,-0.02570720627710097,56.83521280465624,3,1,0,0,0,2,51.56,100.44,2.63,1,952f16f2ffe2134156b1477ab91c1092ef18b64f20a2d8b3462cb6b57ba3a4d9
ute-s-92,official,1,TBR_B2,200,4,10,10,0,5,216,-3984,154976,-0.02570720627710097,56.83521280465624,3,1,0,0,0,2,65.32,76.65,2.76,1,952f16f2ffe2134156b1477ab91c1092ef18b64f20a2d8b3462cb6b57ba3a4d9
ute-s-92,official,1,TBR_NOPROX,200,4,10,10,0,5,216,-4119,154976,-0.026578308899442495,56.784285194616224,3,1,0,0,0,2,20.81,42.24,2.66,1,ff71243841b44b8b8ef811259db895bee30a4cc5584d2f62a456ffcc5af6a828
ute-s-92,official,1,RECOMPUTE,200,3,10,10,0,47,2124,1477,154976,0.009530507949618005,58.871953437613676,0,0,0,0,3,44,1022.78,1167.05,1.96,1,7c1ed722c37f1f7363345d2d608b9f3a709ddcf93ad2ec918d7ea00a50322077
ute-s-92,official,1,TBR_B16,200,4,10,10,0,5,216,-3984,154976,-0.02570720627710097,56.83521280465624,3,1,0,0,0,2,52.57,82.88,2.91,1,952f16f2ffe2134156b1477ab91c1092ef18b64f20a2d8b3462cb6b57ba3a4d9
ute-s-92,official,1,SINGLE,200,4,10,11,1,4,178,-3850,154976,-0.02484255626677679,56.87486358675882,3,0,0,1,0,1,43.92,71.82,2.66,1,aedb394fa2bbf251d8b87a331c60372c220771393a3880d538d2a7883a5e0f63
ute-s-92,official,1,TBR_NOT2,200,4,10,11,1,4,178,-3850,154976,-0.02484255626677679,56.87486358675882,3,0,0,1,0,1,50.38,138.17,2.73,1,aedb394fa2bbf251d8b87a331c60372c220771393a3880d538d2a7883a5e0f63
ute-s-92,tight,2,TBR_B16,200,2,10,10,0,2,14,-298,161043,-0.0018504374608023944,60.492178974172425,2,0,0,0,0,1,53.82,59.07,3.12,1,5e1ac27e6e98a35093969e1c883fff43c14829db9bd6c1d976551b70ba754fff
ute-s-92,tight,2,TBR_B4,200,2,10,10,0,2,14,-298,161043,-0.0018504374608023944,60.492178974172425,2,0,0,0,0,1,50.14,57.71,3.12,1,5e1ac27e6e98a35093969e1c883fff43c14829db9bd6c1d976551b70ba754fff
ute-s-92,tight,2,TBR_B32,200,2,10,10,0,2,14,-298,161043,-0.0018504374608023944,60.492178974172425,2,0,0,0,0,1,59.48,75.06,3.29,1,5e1ac27e6e98a35093969e1c883fff43c14829db9bd6c1d976551b70ba754fff
ute-s-92,tight,2,TBR_NOT2,200,2,10,10,0,2,14,-298,161043,-0.0018504374608023944,60.492178974172425,2,0,0,0,0,1,52.28,59.15,3.2,1,5e1ac27e6e98a35093969e1c883fff43c14829db9bd6c1d976551b70ba754fff
ute-s-92,tight,2,ONE_BLOCKER,200,2,10,10,0,2,14,-298,161043,-0.0018504374608023944,60.492178974172425,2,0,0,0,0,1,52.72,58.67,3.14,1,5e1ac27e6e98a35093969e1c883fff43c14829db9bd6c1d976551b70ba754fff
ute-s-92,tight,2,TBR,200,2,10,10,0,2,14,-298,161043,-0.0018504374608023944,60.492178974172425,2,0,0,0,0,1,50.96,59.4,3.27,1,5e1ac27e6e98a35093969e1c883fff43c14829db9bd6c1d976551b70ba754fff
ute-s-92,tight,2,TBR_NOPROX,200,2,10,10,0,2,14,-141,161043,-0.0008755425569568376,60.549290651145874,2,0,0,0,0,1,25.47,28.49,3.08,1,4d1dfaa5225f233ff4c2fd67e77d29bee2635a0f272dd3dc545ed70cb8eec494
ute-s-92,tight,2,SINGLE,200,2,10,10,0,2,14,-298,161043,-0.0018504374608023944,60.492178974172425,2,0,0,0,0,1,55.46,64.63,3.08,1,5e1ac27e6e98a35093969e1c883fff43c14829db9bd6c1d976551b70ba754fff
ute-s-92,tight,2,RECOMPUTE,200,2,10,10,0,51,2838,-4726,161043,-0.02934619946225542,58.871953437613676,0,0,0,0,2,50,1348.95,1511.75,2.19,1,1eebec49dc29c501ca3096b7297dd4e0827e906d001acb319b7016d009dc3c76
ute-s-92,tight,2,TBR_B2,200,2,10,10,0,2,14,-298,161043,-0.0018504374608023944,60.492178974172425,2,0,0,0,0,1,54.59,61.09,3.4,1,5e1ac27e6e98a35093969e1c883fff43c14829db9bd6c1d976551b70ba754fff
ute-s-92,official,2,TBR_B16,200,2,10,10,0,2,14,-298,161043,-0.0018504374608023944,60.492178974172425,2,0,0,0,0,1,55.0,62.3,3.38,1,5e1ac27e6e98a35093969e1c883fff43c14829db9bd6c1d976551b70ba754fff
ute-s-92,official,2,TBR_B4,200,2,10,10,0,2,14,-298,161043,-0.0018504374608023944,60.492178974172425,2,0,0,0,0,1,51.82,60.71,3.32,1,5e1ac27e6e98a35093969e1c883fff43c14829db9bd6c1d976551b70ba754fff
ute-s-92,official,2,TBR_B32,200,2,10,10,0,2,14,-298,161043,-0.0018504374608023944,60.492178974172425,2,0,0,0,0,1,57.91,60.89,3.33,1,5e1ac27e6e98a35093969e1c883fff43c14829db9bd6c1d976551b70ba754fff
ute-s-92,official,2,TBR_NOT2,200,2,10,10,0,2,14,-298,161043,-0.0018504374608023944,60.492178974172425,2,0,0,0,0,1,51.01,57.01,3.17,1,5e1ac27e6e98a35093969e1c883fff43c14829db9bd6c1d976551b70ba754fff
ute-s-92,official,2,ONE_BLOCKER,200,2,10,10,0,2,14,-298,161043,-0.0018504374608023944,60.492178974172425,2,0,0,0,0,1,50.64,60.14,3.23,1,5e1ac27e6e98a35093969e1c883fff43c14829db9bd6c1d976551b70ba754fff
ute-s-92,official,2,TBR,200,2,10,10,0,2,14,-298,161043,-0.0018504374608023944,60.492178974172425,2,0,0,0,0,1,51.2,60.27,3.27,1,5e1ac27e6e98a35093969e1c883fff43c14829db9bd6c1d976551b70ba754fff
ute-s-92,official,2,TBR_NOPROX,200,2,10,10,0,2,14,-141,161043,-0.0008755425569568376,60.549290651145874,2,0,0,0,0,1,26.06,28.37,3.16,1,4d1dfaa5225f233ff4c2fd67e77d29bee2635a0f272dd3dc545ed70cb8eec494
ute-s-92,official,2,SINGLE,200,2,10,10,0,2,14,-298,161043,-0.0018504374608023944,60.492178974172425,2,0,0,0,0,1,51.58,59.76,3.13,1,5e1ac27e6e98a35093969e1c883fff43c14829db9bd6c1d976551b70ba754fff
ute-s-92,official,2,RECOMPUTE,200,2,10,10,0,51,2838,-4726,161043,-0.02934619946225542,58.871953437613676,0,0,0,0,2,50,1376.04,1582.84,2.31,1,1eebec49dc29c501ca3096b7297dd4e0827e906d001acb319b7016d009dc3c76
ute-s-92,official,2,TBR_B2,200,2,10,10,0,2,14,-298,161043,-0.0018504374608023944,60.492178974172425,2,0,0,0,0,1,52.01,59.16,3.27,1,5e1ac27e6e98a35093969e1c883fff43c14829db9bd6c1d976551b70ba754fff
ute-s-92,tight,3,TBR_B16,200,5,10,10,0,5,172,-1114,150156,-0.007418950957670689,56.21971626045835,5,0,0,0,0,1,53.76,61.28,3.52,1,faf47ddd7d44cc79cc0c083461e401995003136b2f3021cc413f2a46d3744382
ute-s-92,tight,3,TBR_NOPROX,200,5,10,10,0,5,172,-466,150156,-0.003103439090013053,56.4572571844307,5,0,0,0,0,1,20.74,28.12,3.27,1,5b70b013a5f96d980e8bdac52d3d5edcf77d92963aa432e3d70b1ed536b7d6c7
ute-s-92,tight,3,TBR_B4,200,5,10,10,0,5,172,-1114,150156,-0.007418950957670689,56.21971626045835,5,0,0,0,0,1,53.37,63.44,3.29,1,faf47ddd7d44cc79cc0c083461e401995003136b2f3021cc413f2a46d3744382
ute-s-92,tight,3,ONE_BLOCKER,200,5,10,10,0,5,172,-1114,150156,-0.007418950957670689,56.21971626045835,5,0,0,0,0,1,54.37,64.87,3.3,1,faf47ddd7d44cc79cc0c083461e401995003136b2f3021cc413f2a46d3744382
ute-s-92,tight,3,TBR_NOT2,200,5,10,10,0,5,172,-1114,150156,-0.007418950957670689,56.21971626045835,5,0,0,0,0,1,53.2,61.9,3.35,1,faf47ddd7d44cc79cc0c083461e401995003136b2f3021cc413f2a46d3744382
ute-s-92,tight,3,TBR_B32,200,5,10,10,0,5,172,-1114,150156,-0.007418950957670689,56.21971626045835,5,0,0,0,0,1,52.52,66.24,3.46,1,faf47ddd7d44cc79cc0c083461e401995003136b2f3021cc413f2a46d3744382
ute-s-92,tight,3,SINGLE,200,5,10,10,0,5,172,-1114,150156,-0.007418950957670689,56.21971626045835,5,0,0,0,0,1,53.61,66.97,3.25,1,faf47ddd7d44cc79cc0c083461e401995003136b2f3021cc413f2a46d3744382
ute-s-92,tight,3,TBR_B2,200,5,10,10,0,5,172,-1114,150156,-0.007418950957670689,56.21971626045835,5,0,0,0,0,1,59.1,67.2,3.54,1,faf47ddd7d44cc79cc0c083461e401995003136b2f3021cc413f2a46d3744382
ute-s-92,tight,3,TBR,200,5,10,10,0,5,172,-1114,150156,-0.007418950957670689,56.21971626045835,5,0,0,0,0,1,51.72,71.7,3.1,1,faf47ddd7d44cc79cc0c083461e401995003136b2f3021cc413f2a46d3744382
ute-s-92,tight,3,RECOMPUTE,200,3,10,10,0,90,4346,6022,150156,0.040104957510855375,58.871953437613676,0,0,0,0,3,57,1201.28,1552.11,2.23,1,e3e97bd0d312c0fefc46c9e343b26ded476478be18f5971f193929e642d27bff
ute-s-92,official,3,TBR_B16,200,5,10,10,0,5,172,-1114,150156,-0.007418950957670689,56.21971626045835,5,0,0,0,0,1,65.06,76.46,3.34,1,faf47ddd7d44cc79cc0c083461e401995003136b2f3021cc413f2a46d3744382
ute-s-92,official,3,TBR_NOPROX,200,5,10,10,0,5,172,-466,150156,-0.003103439090013053,56.4572571844307,5,0,0,0,0,1,20.31,26.74,3.29,1,5b70b013a5f96d980e8bdac52d3d5edcf77d92963aa432e3d70b1ed536b7d6c7
ute-s-92,official,3,TBR_B4,200,5,10,10,0,5,172,-1114,150156,-0.007418950957670689,56.21971626045835,5,0,0,0,0,1,56.39,63.3,3.38,1,faf47ddd7d44cc79cc0c083461e401995003136b2f3021cc413f2a46d3744382
ute-s-92,official,3,ONE_BLOCKER,200,5,10,10,0,5,172,-1114,150156,-0.007418950957670689,56.21971626045835,5,0,0,0,0,1,51.29,64.8,3.17,1,faf47ddd7d44cc79cc0c083461e401995003136b2f3021cc413f2a46d3744382
ute-s-92,official,3,TBR_NOT2,200,5,10,10,0,5,172,-1114,150156,-0.007418950957670689,56.21971626045835,5,0,0,0,0,1,50.92,58.58,3.13,1,faf47ddd7d44cc79cc0c083461e401995003136b2f3021cc413f2a46d3744382
ute-s-92,official,3,TBR_B32,200,5,10,10,0,5,172,-1114,150156,-0.007418950957670689,56.21971626045835,5,0,0,0,0,1,54.58,59.52,3.23,1,faf47ddd7d44cc79cc0c083461e401995003136b2f3021cc413f2a46d3744382
ute-s-92,official,3,SINGLE,200,5,10,10,0,5,172,-1114,150156,-0.007418950957670689,56.21971626045835,5,0,0,0,0,1,51.37,60.55,3.13,1,faf47ddd7d44cc79cc0c083461e401995003136b2f3021cc413f2a46d3744382
ute-s-92,official,3,TBR_B2,200,5,10,10,0,5,172,-1114,150156,-0.007418950957670689,56.21971626045835,5,0,0,0,0,1,51.79,60.54,3.38,1,faf47ddd7d44cc79cc0c083461e401995003136b2f3021cc413f2a46d3744382
ute-s-92,official,3,TBR,200,5,10,10,0,5,172,-1114,150156,-0.007418950957670689,56.21971626045835,5,0,0,0,0,1,55.24,59.74,3.17,1,faf47ddd7d44cc79cc0c083461e401995003136b2f3021cc413f2a46d3744382
ute-s-92,official,3,RECOMPUTE,200,3,10,10,0,90,4346,6022,150156,0.040104957510855375,58.871953437613676,0,0,0,0,3,57,1217.81,1583.69,2.24,1,e3e97bd0d312c0fefc46c9e343b26ded476478be18f5971f193929e642d27bff
ute-s-92,tight,4,TBR,200,2,10,10,0,2,23,-316,157456,-0.002006909866883447,59.24518006547836,2,0,0,0,0,1,46.29,47.22,3.16,1,17abd56aa69cd3883d46cd6731a5d5a5d3dcf4f757ba8e3e0eb598a3ac142d23
ute-s-92,tight,4,TBR_B16,200,2,10,10,0,2,23,-316,157456,-0.002006909866883447,59.24518006547836,2,0,0,0,0,1,49.37,53.68,3.25,1,17abd56aa69cd3883d46cd6731a5d5a5d3dcf4f757ba8e3e0eb598a3ac142d23
ute-s-92,tight,4,RECOMPUTE,200,2,10,10,0,31,1423,202,157456,0.0012828980794634692,59.3903237540924,0,0,0,0,2,29,1301.55,1406.42,2.25,1,04ecfc681c6fe400c191d98476f3cf25d169efc1dcdc24c020276970b5b8c0d0
ute-s-92,tight,4,ONE_BLOCKER,200,2,10,10,0,2,23,-316,157456,-0.002006909866883447,59.24518006547836,2,0,0,0,0,1,45.11,45.94,3.12,1,17abd56aa69cd3883d46cd6731a5d5a5d3dcf4f757ba8e3e0eb598a3ac142d23
ute-s-92,tight,4,TBR_NOPROX,200,2,10,10,0,2,23,-77,157456,-0.000489025505538055,59.33503092033467,2,0,0,0,0,1,24.35,29.53,3.12,1,c9093644ba6f8bacbb5e69fa5a515fedd0d57cacb1683e33b486f3bd61645054
ute-s-92,tight,4,TBR_NOT2,200,2,10,10,0,2,23,-316,157456,-0.002006909866883447,59.24518006547836,2,0,0,0,0,1,43.1,43.59,3.06,1,17abd56aa69cd3883d46cd6731a5d5a5d3dcf4f757ba8e3e0eb598a3ac142d23
ute-s-92,tight,4,TBR_B2,200,2,10,10,0,2,23,-316,157456,-0.002006909866883447,59.24518006547836,2,0,0,0,0,1,45.01,45.74,3.22,1,17abd56aa69cd3883d46cd6731a5d5a5d3dcf4f757ba8e3e0eb598a3ac142d23
ute-s-92,tight,4,SINGLE,200,2,10,10,0,2,23,-316,157456,-0.002006909866883447,59.24518006547836,2,0,0,0,0,1,46.12,47.73,3.12,1,17abd56aa69cd3883d46cd6731a5d5a5d3dcf4f757ba8e3e0eb598a3ac142d23
ute-s-92,tight,4,TBR_B4,200,2,10,10,0,2,23,-316,157456,-0.002006909866883447,59.24518006547836,2,0,0,0,0,1,45.42,45.48,3.25,1,17abd56aa69cd3883d46cd6731a5d5a5d3dcf4f757ba8e3e0eb598a3ac142d23
ute-s-92,tight,4,TBR_B32,200,2,10,10,0,2,23,-316,157456,-0.002006909866883447,59.24518006547836,2,0,0,0,0,1,44.9,46.13,3.36,1,17abd56aa69cd3883d46cd6731a5d5a5d3dcf4f757ba8e3e0eb598a3ac142d23
ute-s-92,official,4,TBR,200,2,10,10,0,2,23,-316,157456,-0.002006909866883447,59.24518006547836,2,0,0,0,0,1,48.99,50.86,3.1,1,17abd56aa69cd3883d46cd6731a5d5a5d3dcf4f757ba8e3e0eb598a3ac142d23
ute-s-92,official,4,TBR_B16,200,2,10,10,0,2,23,-316,157456,-0.002006909866883447,59.24518006547836,2,0,0,0,0,1,46.37,47.33,3.2,1,17abd56aa69cd3883d46cd6731a5d5a5d3dcf4f757ba8e3e0eb598a3ac142d23
ute-s-92,official,4,RECOMPUTE,200,2,10,10,0,31,1423,202,157456,0.0012828980794634692,59.3903237540924,0,0,0,0,2,29,1407.25,1596.14,2.28,1,04ecfc681c6fe400c191d98476f3cf25d169efc1dcdc24c020276970b5b8c0d0
ute-s-92,official,4,ONE_BLOCKER,200,2,10,10,0,2,23,-316,157456,-0.002006909866883447,59.24518006547836,2,0,0,0,0,1,73.66,77.64,3.04,1,17abd56aa69cd3883d46cd6731a5d5a5d3dcf4f757ba8e3e0eb598a3ac142d23
ute-s-92,official,4,TBR_NOPROX,200,2,10,10,0,2,23,-77,157456,-0.000489025505538055,59.33503092033467,2,0,0,0,0,1,23.43,27.83,3.06,1,c9093644ba6f8bacbb5e69fa5a515fedd0d57cacb1683e33b486f3bd61645054
ute-s-92,official,4,TBR_NOT2,200,2,10,10,0,2,23,-316,157456,-0.002006909866883447,59.24518006547836,2,0,0,0,0,1,46.24,46.71,3.05,1,17abd56aa69cd3883d46cd6731a5d5a5d3dcf4f757ba8e3e0eb598a3ac142d23
ute-s-92,official,4,TBR_B2,200,2,10,10,0,2,23,-316,157456,-0.002006909866883447,59.24518006547836,2,0,0,0,0,1,44.82,44.87,3.23,1,17abd56aa69cd3883d46cd6731a5d5a5d3dcf4f757ba8e3e0eb598a3ac142d23
ute-s-92,official,4,SINGLE,200,2,10,10,0,2,23,-316,157456,-0.002006909866883447,59.24518006547836,2,0,0,0,0,1,45.07,45.49,2.96,1,17abd56aa69cd3883d46cd6731a5d5a5d3dcf4f757ba8e3e0eb598a3ac142d23
ute-s-92,official,4,TBR_B4,200,2,10,10,0,2,23,-316,157456,-0.002006909866883447,59.24518006547836,2,0,0,0,0,1,43.18,43.37,3.16,1,17abd56aa69cd3883d46cd6731a5d5a5d3dcf4f757ba8e3e0eb598a3ac142d23
ute-s-92,official,4,TBR_B32,200,2,10,10,0,2,23,-316,157456,-0.002006909866883447,59.24518006547836,2,0,0,0,0,1,53.72,58.48,3.21,1,17abd56aa69cd3883d46cd6731a5d5a5d3dcf4f757ba8e3e0eb598a3ac142d23
ute-s-92,tight,5,TBR_NOPROX,200,1,11,11,0,1,55,-980,151495,-0.006468860358427671,56.56384139687159,1,0,0,0,0,1,166.62,166.62,3.29,1,02c2c84cf5b7c19ef36c53c8198f18076fb688b1d5cd7d80ff6097bc2ce1eed3
ute-s-92,tight,5,TBR_NOT2,200,1,11,11,0,1,55,-1413,151495,-0.009327040496386019,56.39578028373954,1,0,0,0,0,1,77.41,77.41,3.16,1,89777f2a9e8b5da5090bfa2017ef9e2795467306b86da5cf0289f228fa707a58
ute-s-92,tight,5,TBR_B32,200,1,11,11,0,1,55,-1413,151495,-0.009327040496386019,56.39578028373954,1,0,0,0,0,1,61.37,61.37,3.27,1,89777f2a9e8b5da5090bfa2017ef9e2795467306b86da5cf0289f228fa707a58
ute-s-92,tight,5,TBR,200,1,11,11,0,1,55,-1413,151495,-0.009327040496386019,56.39578028373954,1,0,0,0,0,1,58.99,58.99,3.08,1,89777f2a9e8b5da5090bfa2017ef9e2795467306b86da5cf0289f228fa707a58
ute-s-92,tight,5,TBR_B2,200,1,11,11,0,1,55,-1413,151495,-0.009327040496386019,56.39578028373954,1,0,0,0,0,1,58.13,58.13,3.27,1,89777f2a9e8b5da5090bfa2017ef9e2795467306b86da5cf0289f228fa707a58
ute-s-92,tight,5,RECOMPUTE,200,1,11,11,0,69,3267,4592,151495,0.03031123139377537,58.62640960349218,0,0,0,0,1,69,1623.15,1623.15,2.21,1,f657bdc7a218beac6ae9ad07328d894c0126e51b5f89ef37366a43264329a771
ute-s-92,tight,5,ONE_BLOCKER,200,1,11,11,0,1,55,-1413,151495,-0.009327040496386019,56.39578028373954,1,0,0,0,0,1,61.04,61.04,3.0,1,89777f2a9e8b5da5090bfa2017ef9e2795467306b86da5cf0289f228fa707a58
ute-s-92,tight,5,SINGLE,200,1,11,11,0,1,55,-1413,151495,-0.009327040496386019,56.39578028373954,1,0,0,0,0,1,57.77,57.77,2.99,1,89777f2a9e8b5da5090bfa2017ef9e2795467306b86da5cf0289f228fa707a58
ute-s-92,tight,5,TBR_B4,200,1,11,11,0,1,55,-1413,151495,-0.009327040496386019,56.39578028373954,1,0,0,0,0,1,96.08,96.08,3.22,1,89777f2a9e8b5da5090bfa2017ef9e2795467306b86da5cf0289f228fa707a58
ute-s-92,tight,5,TBR_B16,200,1,11,11,0,1,55,-1413,151495,-0.009327040496386019,56.39578028373954,1,0,0,0,0,1,59.42,59.42,3.25,1,89777f2a9e8b5da5090bfa2017ef9e2795467306b86da5cf0289f228fa707a58
ute-s-92,official,5,TBR_NOPROX,200,1,11,11,0,1,55,-980,151495,-0.006468860358427671,56.56384139687159,1,0,0,0,0,1,31.66,31.66,3.16,1,02c2c84cf5b7c19ef36c53c8198f18076fb688b1d5cd7d80ff6097bc2ce1eed3
ute-s-92,official,5,TBR_NOT2,200,1,11,11,0,1,55,-1413,151495,-0.009327040496386019,56.39578028373954,1,0,0,0,0,1,60.09,60.09,3.13,1,89777f2a9e8b5da5090bfa2017ef9e2795467306b86da5cf0289f228fa707a58
ute-s-92,official,5,TBR_B32,200,1,11,11,0,1,55,-1413,151495,-0.009327040496386019,56.39578028373954,1,0,0,0,0,1,60.44,60.44,3.19,1,89777f2a9e8b5da5090bfa2017ef9e2795467306b86da5cf0289f228fa707a58
ute-s-92,official,5,TBR,200,1,11,11,0,1,55,-1413,151495,-0.009327040496386019,56.39578028373954,1,0,0,0,0,1,66.68,66.68,3.09,1,89777f2a9e8b5da5090bfa2017ef9e2795467306b86da5cf0289f228fa707a58
ute-s-92,official,5,TBR_B2,200,1,11,11,0,1,55,-1413,151495,-0.009327040496386019,56.39578028373954,1,0,0,0,0,1,59.28,59.28,3.2,1,89777f2a9e8b5da5090bfa2017ef9e2795467306b86da5cf0289f228fa707a58
ute-s-92,official,5,RECOMPUTE,200,1,11,11,0,69,3267,4592,151495,0.03031123139377537,58.62640960349218,0,0,0,0,1,69,2282.3,2282.3,2.2,1,f657bdc7a218beac6ae9ad07328d894c0126e51b5f89ef37366a43264329a771
ute-s-92,official,5,ONE_BLOCKER,200,1,11,11,0,1,55,-1413,151495,-0.009327040496386019,56.39578028373954,1,0,0,0,0,1,80.52,80.52,3.11,1,89777f2a9e8b5da5090bfa2017ef9e2795467306b86da5cf0289f228fa707a58
ute-s-92,official,5,SINGLE,200,1,11,11,0,1,55,-1413,151495,-0.009327040496386019,56.39578028373954,1,0,0,0,0,1,57.63,57.63,3.02,1,89777f2a9e8b5da5090bfa2017ef9e2795467306b86da5cf0289f228fa707a58
ute-s-92,official,5,TBR_B4,200,1,11,11,0,1,55,-1413,151495,-0.009327040496386019,56.39578028373954,1,0,0,0,0,1,59.56,59.56,3.18,1,89777f2a9e8b5da5090bfa2017ef9e2795467306b86da5cf0289f228fa707a58
ute-s-92,official,5,TBR_B16,200,1,11,11,0,1,55,-1413,151495,-0.009327040496386019,56.39578028373954,1,0,0,0,0,1,58.36,58.36,3.31,1,89777f2a9e8b5da5090bfa2017ef9e2795467306b86da5cf0289f228fa707a58
ute-s-92,tight,6,TBR_B32,200,8,10,10,0,8,505,-13393,163280,-0.08202474277315042,56.559839941797016,8,0,0,0,0,1,52.87,69.43,3.45,1,585f2e350a617a1358a33eb1099e19b65deed6c6a0b91a6e65cf687e79fb2ac1
ute-s-92,tight,6,TBR_B4,200,8,10,10,0,8,505,-13393,163280,-0.08202474277315042,56.559839941797016,8,0,0,0,0,1,47.54,68.69,3.28,1,585f2e350a617a1358a33eb1099e19b65deed6c6a0b91a6e65cf687e79fb2ac1
ute-s-92,tight,6,TBR_B16,200,8,10,10,0,8,505,-13393,163280,-0.08202474277315042,56.559839941797016,8,0,0,0,0,1,43.9,83.07,3.41,1,585f2e350a617a1358a33eb1099e19b65deed6c6a0b91a6e65cf687e79fb2ac1
ute-s-92,tight,6,SINGLE,200,8,10,10,0,8,505,-13393,163280,-0.08202474277315042,56.559839941797016,8,0,0,0,0,1,48.09,68.29,3.13,1,585f2e350a617a1358a33eb1099e19b65deed6c6a0b91a6e65cf687e79fb2ac1
ute-s-92,tight,6,TBR_B2,200,8,10,10,0,8,505,-13393,163280,-0.08202474277315042,56.559839941797016,8,0,0,0,0,1,48.62,85.67,3.4,1,585f2e350a617a1358a33eb1099e19b65deed6c6a0b91a6e65cf687e79fb2ac1
ute-s-92,tight,6,TBR_NOPROX,200,8,10,10,0,8,505,-8489,163280,-0.051990445859872614,58.38013823208439,8,0,0,0,0,1,19.74,26.5,3.25,1,51b5e0b4e9687e2be28f0fe287b8c4d6026c8941df32acad583c45e56d04206c
ute-s-92,tight,6,TBR_NOT2,200,8,10,10,0,8,505,-13393,163280,-0.08202474277315042,56.559839941797016,8,0,0,0,0,1,48.73,64.66,3.18,1,585f2e350a617a1358a33eb1099e19b65deed6c6a0b91a6e65cf687e79fb2ac1
ute-s-92,tight,6,ONE_BLOCKER,200,8,10,10,0,8,505,-13393,163280,-0.08202474277315042,56.559839941797016,8,0,0,0,0,1,47.14,66.38,3.05,1,585f2e350a617a1358a33eb1099e19b65deed6c6a0b91a6e65cf687e79fb2ac1
ute-s-92,tight,6,TBR,200,8,10,10,0,8,505,-13393,163280,-0.08202474277315042,56.559839941797016,8,0,0,0,0,1,43.7,83.99,3.12,1,585f2e350a617a1358a33eb1099e19b65deed6c6a0b91a6e65cf687e79fb2ac1
ute-s-92,tight,6,RECOMPUTE,200,8,10,11,1,193,10760,-7293,163280,-0.0446656050955414,58.824663514005096,0,0,0,0,8,80,1136.55,1365.05,2.33,1,456bb61109d1d25c06b1cf3106e0fe6af8bcaf81113e98ea6af4f27332932826
ute-s-92,official,6,TBR_B32,200,8,10,10,0,8,505,-13393,163280,-0.08202474277315042,56.559839941797016,8,0,0,0,0,1,44.88,72.32,3.44,1,585f2e350a617a1358a33eb1099e19b65deed6c6a0b91a6e65cf687e79fb2ac1
ute-s-92,official,6,TBR_B4,200,8,10,10,0,8,505,-13393,163280,-0.08202474277315042,56.559839941797016,8,0,0,0,0,1,44.41,73.13,3.27,1,585f2e350a617a1358a33eb1099e19b65deed6c6a0b91a6e65cf687e79fb2ac1
ute-s-92,official,6,TBR_B16,200,8,10,10,0,8,505,-13393,163280,-0.08202474277315042,56.559839941797016,8,0,0,0,0,1,46.16,106.09,3.45,1,585f2e350a617a1358a33eb1099e19b65deed6c6a0b91a6e65cf687e79fb2ac1
ute-s-92,official,6,SINGLE,200,8,10,10,0,8,505,-13393,163280,-0.08202474277315042,56.559839941797016,8,0,0,0,0,1,46.09,65.56,3.19,1,585f2e350a617a1358a33eb1099e19b65deed6c6a0b91a6e65cf687e79fb2ac1
ute-s-92,official,6,TBR_B2,200,8,10,10,0,8,505,-13393,163280,-0.08202474277315042,56.559839941797016,8,0,0,0,0,1,47.21,65.27,3.34,1,585f2e350a617a1358a33eb1099e19b65deed6c6a0b91a6e65cf687e79fb2ac1
ute-s-92,official,6,TBR_NOPROX,200,8,10,10,0,8,505,-8489,163280,-0.051990445859872614,58.38013823208439,8,0,0,0,0,1,22.41,35.16,3.24,1,51b5e0b4e9687e2be28f0fe287b8c4d6026c8941df32acad583c45e56d04206c
ute-s-92,official,6,TBR_NOT2,200,8,10,10,0,8,505,-13393,163280,-0.08202474277315042,56.559839941797016,8,0,0,0,0,1,47.62,80.97,3.2,1,585f2e350a617a1358a33eb1099e19b65deed6c6a0b91a6e65cf687e79fb2ac1
ute-s-92,official,6,ONE_BLOCKER,200,8,10,10,0,8,505,-13393,163280,-0.08202474277315042,56.559839941797016,8,0,0,0,0,1,58.82,80.36,3.94,1,585f2e350a617a1358a33eb1099e19b65deed6c6a0b91a6e65cf687e79fb2ac1
ute-s-92,official,6,TBR,200,8,10,10,0,8,505,-13393,163280,-0.08202474277315042,56.559839941797016,8,0,0,0,0,1,44.61,65.86,3.27,1,585f2e350a617a1358a33eb1099e19b65deed6c6a0b91a6e65cf687e79fb2ac1
ute-s-92,official,6,RECOMPUTE,200,8,10,11,1,193,10760,-7293,163280,-0.0446656050955414,58.824663514005096,0,0,0,0,8,80,1157.85,1372.68,2.59,1,456bb61109d1d25c06b1cf3106e0fe6af8bcaf81113e98ea6af4f27332932826
ute-s-92,tight,7,TBR,200,3,10,10,0,3,226,-3537,157711,-0.022427097665983983,58.03455802109858,3,0,0,0,0,1,35.98,47.28,3.23,1,f6001fa3a57d12779196961a30d4011057dfddc32585445546b34686898d4b3b
ute-s-92,tight,7,TBR_B2,200,3,10,10,0,3,226,-3537,157711,-0.022427097665983983,58.03455802109858,3,0,0,0,0,1,44.58,46.63,3.25,1,f6001fa3a57d12779196961a30d4011057dfddc32585445546b34686898d4b3b
ute-s-92,tight,7,TBR_NOT2,200,3,10,10,0,3,226,-3537,157711,-0.022427097665983983,58.03455802109858,3,0,0,0,0,1,36.03,46.84,3.24,1,f6001fa3a57d12779196961a30d4011057dfddc32585445546b34686898d4b3b
ute-s-92,tight,7,RECOMPUTE,200,2,10,10,0,64,4011,1400,157711,0.00887699653163064,59.846853401236814,0,0,0,0,2,61,1352.22,1527.83,2.25,1,ef33d05453751ef6fbdb5d0d0d63b4aa8945f01559b1892079ff5df739317404
ute-s-92,tight,7,TBR_B4,200,3,10,10,0,3,226,-3537,157711,-0.022427097665983983,58.03455802109858,3,0,0,0,0,1,36.86,46.38,3.29,1,f6001fa3a57d12779196961a30d4011057dfddc32585445546b34686898d4b3b
ute-s-92,tight,7,SINGLE,200,3,10,10,0,3,226,-3537,157711,-0.022427097665983983,58.03455802109858,3,0,0,0,0,1,37.33,47.51,3.19,1,f6001fa3a57d12779196961a30d4011057dfddc32585445546b34686898d4b3b
ute-s-92,tight,7,TBR_B16,200,3,10,10,0,3,226,-3537,157711,-0.022427097665983983,58.03455802109858,3,0,0,0,0,1,47.5,48.15,3.4,1,f6001fa3a57d12779196961a30d4011057dfddc32585445546b34686898d4b3b
ute-s-92,tight,7,ONE_BLOCKER,200,3,10,10,0,3,226,-3537,157711,-0.022427097665983983,58.03455802109858,3,0,0,0,0,1,37.18,46.06,3.23,1,f6001fa3a57d12779196961a30d4011057dfddc32585445546b34686898d4b3b
ute-s-92,tight,7,TBR_B32,200,3,10,10,0,3,226,-3537,157711,-0.022427097665983983,58.03455802109858,3,0,0,0,0,1,40.67,66.9,3.42,1,f6001fa3a57d12779196961a30d4011057dfddc32585445546b34686898d4b3b
ute-s-92,tight,7,TBR_NOPROX,200,2,10,10,0,2,113,-1631,157711,-0.010341700959349697,58.76500545652965,2,0,0,0,0,1,23.23,26.99,3.27,1,0265ee459d93865fb91aa1579ff662513236046e6ee0347e0dfe2b0c8612b57f
ute-s-92,official,7,TBR,200,3,10,10,0,3,226,-3537,157711,-0.022427097665983983,58.03455802109858,3,0,0,0,0,1,38.24,49.33,3.36,1,f6001fa3a57d12779196961a30d4011057dfddc32585445546b34686898d4b3b
ute-s-92,official,7,TBR_B2,200,3,10,10,0,3,226,-3537,157711,-0.022427097665983983,58.03455802109858,3,0,0,0,0,1,47.08,50.16,3.45,1,f6001fa3a57d12779196961a30d4011057dfddc32585445546b34686898d4b3b
ute-s-92,official,7,TBR_NOT2,200,3,10,10,0,3,226,-3537,157711,-0.022427097665983983,58.03455802109858,3,0,0,0,0,1,37.64,46.07,3.26,1,f6001fa3a57d12779196961a30d4011057dfddc32585445546b34686898d4b3b
ute-s-92,official,7,RECOMPUTE,200,2,10,10,0,64,4011,1400,157711,0.00887699653163064,59.846853401236814,0,0,0,0,2,61,1347.54,1500.95,2.34,1,ef33d05453751ef6fbdb5d0d0d63b4aa8945f01559b1892079ff5df739317404
ute-s-92,official,7,TBR_B4,200,3,10,10,0,3,226,-3537,157711,-0.022427097665983983,58.03455802109858,3,0,0,0,0,1,46.96,61.97,3.41,1,f6001fa3a57d12779196961a30d4011057dfddc32585445546b34686898d4b3b
ute-s-92,official,7,SINGLE,200,3,10,10,0,3,226,-3537,157711,-0.022427097665983983,58.03455802109858,3,0,0,0,0,1,36.58,44.91,3.32,1,f6001fa3a57d12779196961a30d4011057dfddc32585445546b34686898d4b3b
ute-s-92,official,7,TBR_B16,200,3,10,10,0,3,226,-3537,157711,-0.022427097665983983,58.03455802109858,3,0,0,0,0,1,37.86,48.38,3.36,1,f6001fa3a57d12779196961a30d4011057dfddc32585445546b34686898d4b3b
ute-s-92,official,7,ONE_BLOCKER,200,3,10,10,0,3,226,-3537,157711,-0.022427097665983983,58.03455802109858,3,0,0,0,0,1,44.68,46.08,3.17,1,f6001fa3a57d12779196961a30d4011057dfddc32585445546b34686898d4b3b
ute-s-92,official,7,TBR_B32,200,3,10,10,0,3,226,-3537,157711,-0.022427097665983983,58.03455802109858,3,0,0,0,0,1,38.65,46.46,3.73,1,f6001fa3a57d12779196961a30d4011057dfddc32585445546b34686898d4b3b
ute-s-92,official,7,TBR_NOPROX,200,2,10,10,0,2,113,-1631,157711,-0.010341700959349697,58.76500545652965,2,0,0,0,0,1,23.39,27.39,3.32,1,0265ee459d93865fb91aa1579ff662513236046e6ee0347e0dfe2b0c8612b57f
ute-s-92,tight,8,SINGLE,200,4,10,11,1,4,145,-3091,157068,-0.01967937453841648,58.05383775918516,3,0,0,1,0,1,52.47,68.08,3.25,1,68eeeebaafb97129df7d0cdd5a474a014320fc318bfa053d9df5aae8249a1161
ute-s-92,tight,8,RECOMPUTE,200,5,10,11,1,135,6584,-1508,157068,-0.009600937173708203,58.58457620953074,0,0,0,0,5,60,1259.33,1367.63,2.32,1,e824c732276e99e043467822cfd2db08e324b03f1d05db35b9f0352c27d17dd0
ute-s-92,tight,8,TBR_NOPROX,200,4,10,10,0,5,184,-1874,157068,-0.011931138105788575,58.51473263004729,3,1,0,0,0,2,26.66,56.43,3.3,1,f4f9c9d3a5796ecbf882ec1a552c3344d01335d92d3713ee8bf80353d12bc0a1
ute-s-92,tight,8,TBR,200,4,10,10,0,5,184,-2603,157068,-0.016572439962309317,58.23863222990178,3,1,0,0,0,2,53.73,101.57,3.26,1,559171396790a3f12a7e95bc2b3029b00bf8636f17faded51f0edc25280ce886
ute-s-92,tight,8,TBR_NOT2,200,4,10,11,1,4,145,-3091,157068,-0.01967937453841648,58.05383775918516,3,0,0,1,0,1,66.17,173.95,3.28,1,68eeeebaafb97129df7d0cdd5a474a014320fc318bfa053d9df5aae8249a1161
ute-s-92,tight,8,TBR_B2,200,4,10,10,0,5,184,-2603,157068,-0.016572439962309317,58.23863222990178,3,1,0,0,0,2,53.49,117.52,3.48,1,559171396790a3f12a7e95bc2b3029b00bf8636f17faded51f0edc25280ce886
ute-s-92,tight,8,TBR_B32,200,4,10,10,0,5,184,-2603,157068,-0.016572439962309317,58.23863222990178,3,1,0,0,0,2,54.33,99.86,3.6,1,559171396790a3f12a7e95bc2b3029b00bf8636f17faded51f0edc25280ce886
ute-s-92,tight,8,TBR_B16,200,4,10,10,0,5,184,-2603,157068,-0.016572439962309317,58.23863222990178,3,1,0,0,0,2,54.34,99.14,3.41,1,559171396790a3f12a7e95bc2b3029b00bf8636f17faded51f0edc25280ce886
ute-s-92,tight,8,TBR_B4,200,4,10,10,0,5,184,-2603,157068,-0.016572439962309317,58.23863222990178,3,1,0,0,0,2,56.42,104.07,3.49,1,559171396790a3f12a7e95bc2b3029b00bf8636f17faded51f0edc25280ce886
ute-s-92,tight,8,ONE_BLOCKER,200,4,10,10,0,5,184,-2603,157068,-0.016572439962309317,58.23863222990178,3,1,0,0,0,2,69.83,104.99,3.3,1,559171396790a3f12a7e95bc2b3029b00bf8636f17faded51f0edc25280ce886
ute-s-92,official,8,SINGLE,200,4,10,11,1,4,145,-3091,157068,-0.01967937453841648,58.05383775918516,3,0,0,1,0,1,55.36,73.66,3.25,1,68eeeebaafb97129df7d0cdd5a474a014320fc318bfa053d9df5aae8249a1161
ute-s-92,official,8,RECOMPUTE,200,5,10,11,1,135,6584,-1508,157068,-0.009600937173708203,58.58457620953074,0,0,0,0,5,60,1191.83,2440.64,2.17,1,e824c732276e99e043467822cfd2db08e324b03f1d05db35b9f0352c27d17dd0
ute-s-92,official,8,TBR_NOPROX,200,4,10,10,0,5,184,-1874,157068,-0.011931138105788575,58.51473263004729,3,1,0,0,0,2,33.44,60.31,3.24,1,f4f9c9d3a5796ecbf882ec1a552c3344d01335d92d3713ee8bf80353d12bc0a1
ute-s-92,official,8,TBR,200,4,10,10,0,5,184,-2603,157068,-0.016572439962309317,58.23863222990178,3,1,0,0,0,2,58.45,104.71,3.41,1,559171396790a3f12a7e95bc2b3029b00bf8636f17faded51f0edc25280ce886
ute-s-92,official,8,TBR_NOT2,200,4,10,11,1,4,145,-3091,157068,-0.01967937453841648,58.05383775918516,3,0,0,1,0,1,64.56,181.36,3.34,1,68eeeebaafb97129df7d0cdd5a474a014320fc318bfa053d9df5aae8249a1161
ute-s-92,official,8,TBR_B2,200,4,10,10,0,5,184,-2603,157068,-0.016572439962309317,58.23863222990178,3,1,0,0,0,2,54.23,143.54,3.83,1,559171396790a3f12a7e95bc2b3029b00bf8636f17faded51f0edc25280ce886
ute-s-92,official,8,TBR_B32,200,4,10,10,0,5,184,-2603,157068,-0.016572439962309317,58.23863222990178,3,1,0,0,0,2,55.62,105.43,3.53,1,559171396790a3f12a7e95bc2b3029b00bf8636f17faded51f0edc25280ce886
ute-s-92,official,8,TBR_B16,200,4,10,10,0,5,184,-2603,157068,-0.016572439962309317,58.23863222990178,3,1,0,0,0,2,71.56,101.63,3.52,1,559171396790a3f12a7e95bc2b3029b00bf8636f17faded51f0edc25280ce886
ute-s-92,official,8,TBR_B4,200,4,10,10,0,5,184,-2603,157068,-0.016572439962309317,58.23863222990178,3,1,0,0,0,2,57.32,99.05,3.56,1,559171396790a3f12a7e95bc2b3029b00bf8636f17faded51f0edc25280ce886
ute-s-92,official,8,ONE_BLOCKER,200,4,10,10,0,5,184,-2603,157068,-0.016572439962309317,58.23863222990178,3,1,0,0,0,2,67.91,125.37,3.38,1,559171396790a3f12a7e95bc2b3029b00bf8636f17faded51f0edc25280ce886
ute-s-92,tight,9,TBR_B4,200,4,11,11,0,4,247,-3020,152884,-0.019753538630595747,56.44343397599127,4,0,0,0,0,1,49.61,67.14,3.55,1,4d502167899adb554e8910e6812bef3df7f9611aee9fd75d9d242998ccf28755
ute-s-92,tight,9,ONE_BLOCKER,200,4,11,11,0,4,247,-3020,152884,-0.019753538630595747,56.44343397599127,4,0,0,0,0,1,56.12,63.95,3.38,1,4d502167899adb554e8910e6812bef3df7f9611aee9fd75d9d242998ccf28755
ute-s-92,tight,9,SINGLE,200,4,11,11,0,4,247,-3020,152884,-0.019753538630595747,56.44343397599127,4,0,0,0,0,1,62.93,96.21,3.24,1,4d502167899adb554e8910e6812bef3df7f9611aee9fd75d9d242998ccf28755
ute-s-92,tight,9,TBR_NOPROX,200,4,11,11,0,4,247,-2015,152884,-0.013179927265116036,56.81265914878138,4,0,0,0,0,1,22.02,33.41,3.26,1,9e8bd068f2cd95b980d11398606f07fe6633ae1003e7aa7bd1e27468296af6a5
ute-s-92,tight,9,TBR_B16,200,4,11,11,0,4,247,-3020,152884,-0.019753538630595747,56.44343397599127,4,0,0,0,0,1,54.97,65.0,3.65,1,4d502167899adb554e8910e6812bef3df7f9611aee9fd75d9d242998ccf28755
ute-s-92,tight,9,TBR_B2,200,4,11,11,0,4,247,-3020,152884,-0.019753538630595747,56.44343397599127,4,0,0,0,0,1,59.54,61.66,3.56,1,4d502167899adb554e8910e6812bef3df7f9611aee9fd75d9d242998ccf28755
ute-s-92,tight,9,TBR,200,4,11,11,0,4,247,-3020,152884,-0.019753538630595747,56.44343397599127,4,0,0,0,0,1,50.32,60.66,3.39,1,4d502167899adb554e8910e6812bef3df7f9611aee9fd75d9d242998ccf28755
ute-s-92,tight,9,TBR_B32,200,4,11,11,0,4,247,-3020,152884,-0.019753538630595747,56.44343397599127,4,0,0,0,0,1,51.5,60.06,3.41,1,4d502167899adb554e8910e6812bef3df7f9611aee9fd75d9d242998ccf28755
ute-s-92,tight,9,RECOMPUTE,200,6,11,11,0,120,5506,3461,152884,0.02263807854320923,58.824663514005096,0,0,0,0,6,52,1228.21,1369.75,2.25,1,26632a817a516b81163a6bb3203541c0f06dfd86304a5274653e53b34afc2505
ute-s-92,tight,9,TBR_NOT2,200,4,11,11,0,4,247,-3020,152884,-0.019753538630595747,56.44343397599127,4,0,0,0,0,1,56.73,63.17,3.54,1,4d502167899adb554e8910e6812bef3df7f9611aee9fd75d9d242998ccf28755
ute-s-92,official,9,TBR_B4,200,4,11,11,0,4,247,-3020,152884,-0.019753538630595747,56.44343397599127,4,0,0,0,0,1,54.4,60.8,3.46,1,4d502167899adb554e8910e6812bef3df7f9611aee9fd75d9d242998ccf28755
ute-s-92,official,9,ONE_BLOCKER,200,4,11,11,0,4,247,-3020,152884,-0.019753538630595747,56.44343397599127,4,0,0,0,0,1,49.35,67.47,3.26,1,4d502167899adb554e8910e6812bef3df7f9611aee9fd75d9d242998ccf28755
ute-s-92,official,9,SINGLE,200,4,11,11,0,4,247,-3020,152884,-0.019753538630595747,56.44343397599127,4,0,0,0,0,1,49.14,58.51,3.26,1,4d502167899adb554e8910e6812bef3df7f9611aee9fd75d9d242998ccf28755
ute-s-92,official,9,TBR_NOPROX,200,4,11,11,0,4,247,-2015,152884,-0.013179927265116036,56.81265914878138,4,0,0,0,0,1,20.67,31.53,3.23,1,9e8bd068f2cd95b980d11398606f07fe6633ae1003e7aa7bd1e27468296af6a5
ute-s-92,official,9,TBR_B16,200,4,11,11,0,4,247,-3020,152884,-0.019753538630595747,56.44343397599127,4,0,0,0,0,1,49.96,60.03,3.29,1,4d502167899adb554e8910e6812bef3df7f9611aee9fd75d9d242998ccf28755
ute-s-92,official,9,TBR_B2,200,4,11,11,0,4,247,-3020,152884,-0.019753538630595747,56.44343397599127,4,0,0,0,0,1,49.94,91.92,3.42,1,4d502167899adb554e8910e6812bef3df7f9611aee9fd75d9d242998ccf28755
ute-s-92,official,9,TBR,200,4,11,11,0,4,247,-3020,152884,-0.019753538630595747,56.44343397599127,4,0,0,0,0,1,58.25,59.89,3.29,1,4d502167899adb554e8910e6812bef3df7f9611aee9fd75d9d242998ccf28755
ute-s-92,official,9,TBR_B32,200,4,11,11,0,4,247,-3020,152884,-0.019753538630595747,56.44343397599127,4,0,0,0,0,1,53.74,62.12,3.46,1,4d502167899adb554e8910e6812bef3df7f9611aee9fd75d9d242998ccf28755
ute-s-92,official,9,RECOMPUTE,200,6,11,11,0,120,5506,3461,152884,0.02263807854320923,58.824663514005096,0,0,0,0,6,52,1205.28,1336.2,2.37,1,26632a817a516b81163a6bb3203541c0f06dfd86304a5274653e53b34afc2505
ute-s-92,official,9,TBR_NOT2,200,4,11,11,0,4,247,-3020,152884,-0.019753538630595747,56.44343397599127,4,0,0,0,0,1,51.34,64.4,3.4,1,4d502167899adb554e8910e6812bef3df7f9611aee9fd75d9d242998ccf28755
yor-f-83,tight,0,RECOMPUTE,200,2,20,20,0,90,2495,-611,55836,-0.010942760942760943,62.674814027630184,0,0,0,0,2,49,4543.54,4865.77,3.39,1,c473ee19d10da37ee586b5f88bc10d7b26c5636d2b9dcea296d9953980141107
yor-f-83,tight,0,ONE_BLOCKER,200,5,20,20,0,6,120,-867,55836,-0.015527616591446379,62.34537725823592,4,1,0,0,0,2,55.03,233.9,4.08,1,25b143408edc79b4d573c8387b28b29ae09c140a827ffda71f1bfbe9176162ab
yor-f-83,tight,0,SINGLE,200,5,20,21,1,5,104,-965,55836,-0.01728275664445877,62.24017003188098,4,0,0,1,0,1,61.95,102.57,3.96,1,b1eb58d8b1b872dcfea9ff61430142fd54d4967d2f7320d1a82eae0559f8f685
yor-f-83,tight,0,TBR_B16,200,5,20,20,0,6,120,-867,55836,-0.015527616591446379,62.34537725823592,4,1,0,0,0,2,55.73,229.92,4.06,1,25b143408edc79b4d573c8387b28b29ae09c140a827ffda71f1bfbe9176162ab
yor-f-83,tight,0,TBR_B2,200,5,20,20,0,6,120,-867,55836,-0.015527616591446379,62.34537725823592,4,1,0,0,0,2,56.48,225.79,4.12,1,25b143408edc79b4d573c8387b28b29ae09c140a827ffda71f1bfbe9176162ab
yor-f-83,tight,0,TBR_B4,200,5,20,20,0,6,120,-867,55836,-0.015527616591446379,62.34537725823592,4,1,0,0,0,2,62.15,248.89,4.04,1,25b143408edc79b4d573c8387b28b29ae09c140a827ffda71f1bfbe9176162ab
yor-f-83,tight,0,TBR_NOT2,200,5,20,21,1,5,104,-965,55836,-0.01728275664445877,62.24017003188098,4,0,0,1,0,1,63.56,714.24,4.07,1,b1eb58d8b1b872dcfea9ff61430142fd54d4967d2f7320d1a82eae0559f8f685
yor-f-83,tight,0,TBR,200,5,20,20,0,6,120,-867,55836,-0.015527616591446379,62.34537725823592,4,1,0,0,0,2,54.4,226.54,3.94,1,25b143408edc79b4d573c8387b28b29ae09c140a827ffda71f1bfbe9176162ab
yor-f-83,tight,0,TBR_NOPROX,200,5,20,20,0,6,120,-659,55836,-0.011802421376889463,62.57917109458023,4,1,0,0,0,2,28.1,67.53,3.95,1,494c9672b2c83f792d80cba1f8ae9ab7a32972d9f7c538e09b49c0e55f2117cb
yor-f-83,tight,0,TBR_B32,200,5,20,20,0,6,120,-867,55836,-0.015527616591446379,62.34537725823592,4,1,0,0,0,2,56.58,232.87,4.15,1,25b143408edc79b4d573c8387b28b29ae09c140a827ffda71f1bfbe9176162ab
yor-f-83,official,0,RECOMPUTE,200,2,21,21,0,90,2495,-611,55836,-0.010942760942760943,62.674814027630184,0,0,0,0,2,49,3854.58,3867.32,3.15,1,ae8ce943bc61369f9aa5ef3ab6c5471289143a50820ab5a79bb191233c376798
yor-f-83,official,0,ONE_BLOCKER,200,5,21,21,0,5,104,-1035,55836,-0.018536428110896196,62.15940488841658,5,0,0,0,0,1,104.78,125.1,3.88,1,89ec4035185a1ad90362d171c9abb9f554b10e8a0f0065b107b9f9c99ca8aff5
yor-f-83,official,0,SINGLE,200,5,21,21,0,5,104,-1035,55836,-0.018536428110896196,62.15940488841658,5,0,0,0,0,1,99.91,113.3,3.76,1,89ec4035185a1ad90362d171c9abb9f554b10e8a0f0065b107b9f9c99ca8aff5
yor-f-83,official,0,TBR_B16,200,5,21,21,0,5,104,-1035,55836,-0.018536428110896196,62.15940488841658,5,0,0,0,0,1,98.8,142.62,3.87,1,89ec4035185a1ad90362d171c9abb9f554b10e8a0f0065b107b9f9c99ca8aff5
yor-f-83,official,0,TBR_B2,200,5,21,21,0,5,104,-1035,55836,-0.018536428110896196,62.15940488841658,5,0,0,0,0,1,95.43,124.76,4.03,1,89ec4035185a1ad90362d171c9abb9f554b10e8a0f0065b107b9f9c99ca8aff5
yor-f-83,official,0,TBR_B4,200,5,21,21,0,5,104,-1035,55836,-0.018536428110896196,62.15940488841658,5,0,0,0,0,1,102.36,135.67,3.97,1,89ec4035185a1ad90362d171c9abb9f554b10e8a0f0065b107b9f9c99ca8aff5
yor-f-83,official,0,TBR_NOT2,200,5,21,21,0,5,104,-1035,55836,-0.018536428110896196,62.15940488841658,5,0,0,0,0,1,100.86,115.77,3.89,1,89ec4035185a1ad90362d171c9abb9f554b10e8a0f0065b107b9f9c99ca8aff5
yor-f-83,official,0,TBR,200,5,21,21,0,5,104,-1035,55836,-0.018536428110896196,62.15940488841658,5,0,0,0,0,1,101.97,109.48,3.63,1,89ec4035185a1ad90362d171c9abb9f554b10e8a0f0065b107b9f9c99ca8aff5
yor-f-83,official,0,TBR_NOPROX,200,5,21,21,0,5,104,-772,55836,-0.013826205315567018,62.46333687566419,5,0,0,0,0,1,28.09,35.52,3.8,1,802a0058d7cf8cc4ffc82b628ac0823819591d09ad0e916f5b05452ea3a6417a
yor-f-83,official,0,TBR_B32,200,5,21,21,0,5,104,-1035,55836,-0.018536428110896196,62.15940488841658,5,0,0,0,0,1,106.32,118.38,3.88,1,89ec4035185a1ad90362d171c9abb9f554b10e8a0f0065b107b9f9c99ca8aff5
yor-f-83,tight,1,TBR_B32,200,8,21,21,0,10,182,-2039,54683,-0.03728763966863559,59.75876726886291,6,2,0,0,0,2,94.33,209.68,3.98,1,ffeb7f92755af23b98bfea9a03240b3257f999fa35b20af71ecfc5758480653e
yor-f-83,tight,1,TBR_B4,200,8,21,21,0,10,182,-2039,54683,-0.03728763966863559,59.75876726886291,6,2,0,0,0,2,88.75,213.19,3.95,1,ffeb7f92755af23b98bfea9a03240b3257f999fa35b20af71ecfc5758480653e
yor-f-83,tight,1,ONE_BLOCKER,200,8,21,21,0,10,182,-2039,54683,-0.03728763966863559,59.75876726886291,6,2,0,0,0,2,87.26,215.09,3.92,1,ffeb7f92755af23b98bfea9a03240b3257f999fa35b20af71ecfc5758480653e
yor-f-83,tight,1,TBR,200,8,21,21,0,10,182,-2039,54683,-0.03728763966863559,59.75876726886291,6,2,0,0,0,2,87.0,222.09,3.84,1,ffeb7f92755af23b98bfea9a03240b3257f999fa35b20af71ecfc5758480653e
yor-f-83,tight,1,TBR_B2,200,8,21,21,0,10,182,-2039,54683,-0.03728763966863559,59.75876726886291,6,2,0,0,0,2,96.85,212.95,4.01,1,ffeb7f92755af23b98bfea9a03240b3257f999fa35b20af71ecfc5758480653e
yor-f-83,tight,1,TBR_NOPROX,200,8,21,21,0,9,169,-1552,54683,-0.028381763985150778,60.311370882040386,7,1,0,0,0,2,27.27,54.3,3.69,1,4b2dd77953b76324a3802678beb045453e80ca88829e4ea830a51d738cf1f795
yor-f-83,tight,1,RECOMPUTE,200,10,21,22,1,592,16330,-5691,54683,-0.10407256368524039,55.792773645058446,0,0,0,0,10,119,4002.28,4911.08,3.52,1,6ac71b9ab92fef2c3a23e740962ef7ce14a907fc93b8b3f425251ad7b34f2dca
yor-f-83,tight,1,TBR_B16,200,8,21,21,0,10,182,-2039,54683,-0.03728763966863559,59.75876726886291,6,2,0,0,0,2,84.87,218.73,4.09,1,ffeb7f92755af23b98bfea9a03240b3257f999fa35b20af71ecfc5758480653e
yor-f-83,tight,1,SINGLE,200,8,21,23,2,8,155,-2434,54683,-0.04451109119836146,59.32731137088204,6,0,0,2,0,1,57.04,120.83,3.77,1,09ddf00f56851751121784a81ff9e2e153056ad851b1b4b6520c20b25d8d0e9b
yor-f-83,tight,1,TBR_NOT2,200,8,21,22,1,9,168,-2091,54683,-0.038238575059890645,59.70775770456961,6,0,1,1,0,2,85.92,851.98,3.88,1,6e0848e0ff8f696fde69c32d6ba8cfc2bc412cc57bdda65c97cde04c7c7b092a
yor-f-83,official,1,TBR_B32,200,8,21,21,0,10,182,-2039,54683,-0.03728763966863559,59.75876726886291,6,2,0,0,0,2,92.63,236.7,4.2,1,ffeb7f92755af23b98bfea9a03240b3257f999fa35b20af71ecfc5758480653e
yor-f-83,official,1,TBR_B4,200,8,21,21,0,10,182,-2039,54683,-0.03728763966863559,59.75876726886291,6,2,0,0,0,2,89.6,209.66,4.06,1,ffeb7f92755af23b98bfea9a03240b3257f999fa35b20af71ecfc5758480653e
yor-f-83,official,1,ONE_BLOCKER,200,8,21,21,0,10,182,-2039,54683,-0.03728763966863559,59.75876726886291,6,2,0,0,0,2,89.09,235.93,4.08,1,ffeb7f92755af23b98bfea9a03240b3257f999fa35b20af71ecfc5758480653e
yor-f-83,official,1,TBR,200,8,21,21,0,10,182,-2039,54683,-0.03728763966863559,59.75876726886291,6,2,0,0,0,2,86.6,213.68,3.83,1,ffeb7f92755af23b98bfea9a03240b3257f999fa35b20af71ecfc5758480653e
yor-f-83,official,1,TBR_B2,200,8,21,21,0,10,182,-2039,54683,-0.03728763966863559,59.75876726886291,6,2,0,0,0,2,95.22,211.53,3.99,1,ffeb7f92755af23b98bfea9a03240b3257f999fa35b20af71ecfc5758480653e
yor-f-83,official,1,TBR_NOPROX,200,8,21,21,0,9,169,-1552,54683,-0.028381763985150778,60.311370882040386,7,1,0,0,0,2,27.42,76.75,3.89,1,4b2dd77953b76324a3802678beb045453e80ca88829e4ea830a51d738cf1f795
yor-f-83,official,1,RECOMPUTE,200,10,21,22,1,592,16330,-5691,54683,-0.10407256368524039,55.792773645058446,0,0,0,0,10,119,4000.86,4705.53,3.46,1,6ac71b9ab92fef2c3a23e740962ef7ce14a907fc93b8b3f425251ad7b34f2dca
yor-f-83,official,1,TBR_B16,200,8,21,21,0,10,182,-2039,54683,-0.03728763966863559,59.75876726886291,6,2,0,0,0,2,87.46,213.54,4.05,1,ffeb7f92755af23b98bfea9a03240b3257f999fa35b20af71ecfc5758480653e
yor-f-83,official,1,SINGLE,200,8,21,23,2,8,155,-2434,54683,-0.04451109119836146,59.32731137088204,6,0,0,2,0,1,60.55,132.93,3.97,1,09ddf00f56851751121784a81ff9e2e153056ad851b1b4b6520c20b25d8d0e9b
yor-f-83,official,1,TBR_NOT2,200,8,21,22,1,9,168,-2091,54683,-0.038238575059890645,59.70775770456961,6,0,1,1,0,2,90.86,877.28,3.94,1,6e0848e0ff8f696fde69c32d6ba8cfc2bc412cc57bdda65c97cde04c7c7b092a
yor-f-83,tight,2,TBR_B16,200,6,19,21,2,6,177,-2701,55871,-0.0483435055753432,60.5249734325186,4,0,0,2,0,1,92.29,2904.83,3.99,1,aeabc1a79917244609a19b5510c19ec87a8ea374db9482f4dc55bb8058700afe
yor-f-83,tight,2,TBR_B4,200,6,19,21,2,6,177,-2701,55871,-0.0483435055753432,60.5249734325186,4,0,0,2,0,1,96.11,514.45,3.81,1,aeabc1a79917244609a19b5510c19ec87a8ea374db9482f4dc55bb8058700afe
yor-f-83,tight,2,TBR_B32,200,6,19,21,2,6,177,-2701,55871,-0.0483435055753432,60.5249734325186,4,0,0,2,0,1,88.32,3891.83,3.78,1,aeabc1a79917244609a19b5510c19ec87a8ea374db9482f4dc55bb8058700afe
yor-f-83,tight,2,TBR_NOT2,200,6,19,21,2,6,177,-2701,55871,-0.0483435055753432,60.5249734325186,4,0,0,2,0,1,86.35,908.03,3.67,1,aeabc1a79917244609a19b5510c19ec87a8ea374db9482f4dc55bb8058700afe
yor-f-83,tight,2,ONE_BLOCKER,200,6,19,21,2,6,177,-2701,55871,-0.0483435055753432,60.5249734325186,4,0,0,2,0,1,99.33,171.31,3.73,1,aeabc1a79917244609a19b5510c19ec87a8ea374db9482f4dc55bb8058700afe
yor-f-83,tight,2,TBR,200,6,19,21,2,6,177,-2701,55871,-0.0483435055753432,60.5249734325186,4,0,0,2,0,1,91.04,1124.3,4.08,1,aeabc1a79917244609a19b5510c19ec87a8ea374db9482f4dc55bb8058700afe
yor-f-83,tight,2,TBR_NOPROX,200,6,19,21,2,6,177,-2464,55871,-0.044101591165363066,60.76408076514346,4,0,0,2,0,1,41.02,1028.41,3.68,1,6ae69b2be0e2b1e25af158d2a36420bc3e2968f1fa550ba0a4faab48fefe4a7b
yor-f-83,tight,2,SINGLE,200,6,19,21,2,6,177,-2701,55871,-0.0483435055753432,60.5249734325186,4,0,0,2,0,1,59.04,100.23,3.91,1,aeabc1a79917244609a19b5510c19ec87a8ea374db9482f4dc55bb8058700afe
yor-f-83,tight,2,RECOMPUTE,200,8,19,21,2,436,13221,-4126,55871,-0.07384868715433766,58.910733262486715,0,0,0,0,8,114,4082.97,4701.27,3.45,1,73673d81e18d6a9aebe41772faa5e5b784c836aa3998434bc29dda677fee46f3
yor-f-83,tight,2,TBR_B2,200,6,19,21,2,6,177,-2701,55871,-0.0483435055753432,60.5249734325186,4,0,0,2,0,1,85.71,166.46,3.93,1,aeabc1a79917244609a19b5510c19ec87a8ea374db9482f4dc55bb8058700afe
yor-f-83,official,2,TBR_B16,200,6,21,21,0,6,177,-3175,55871,-0.056827334395303464,60.024442082890545,6,0,0,0,0,1,111.16,133.76,3.88,1,2ad83b81b3b951ea8dd96d67838115994d171adea42cc4c5fa55c2878f57feda
yor-f-83,official,2,TBR_B4,200,6,21,21,0,6,177,-3175,55871,-0.056827334395303464,60.024442082890545,6,0,0,0,0,1,118.92,149.26,3.96,1,2ad83b81b3b951ea8dd96d67838115994d171adea42cc4c5fa55c2878f57feda
yor-f-83,official,2,TBR_B32,200,6,21,21,0,6,177,-3175,55871,-0.056827334395303464,60.024442082890545,6,0,0,0,0,1,113.09,182.06,3.76,1,2ad83b81b3b951ea8dd96d67838115994d171adea42cc4c5fa55c2878f57feda
yor-f-83,official,2,TBR_NOT2,200,6,21,21,0,6,177,-3175,55871,-0.056827334395303464,60.024442082890545,6,0,0,0,0,1,127.03,140.2,4.11,1,2ad83b81b3b951ea8dd96d67838115994d171adea42cc4c5fa55c2878f57feda
yor-f-83,official,2,ONE_BLOCKER,200,6,21,21,0,6,177,-3175,55871,-0.056827334395303464,60.024442082890545,6,0,0,0,0,1,115.54,195.58,3.6,1,2ad83b81b3b951ea8dd96d67838115994d171adea42cc4c5fa55c2878f57feda
yor-f-83,official,2,TBR,200,6,21,21,0,6,177,-3175,55871,-0.056827334395303464,60.024442082890545,6,0,0,0,0,1,110.79,136.24,3.72,1,2ad83b81b3b951ea8dd96d67838115994d171adea42cc4c5fa55c2878f57feda
yor-f-83,official,2,TBR_NOPROX,200,6,21,21,0,6,177,-2464,55871,-0.044101591165363066,60.76408076514346,6,0,0,0,0,1,31.9,51.05,3.75,1,45ee1e3c6ae605eb6d9c001ae2bd5b5df55527f1e926f42765c5a2084ee381a8
yor-f-83,official,2,SINGLE,200,6,21,21,0,6,177,-3175,55871,-0.056827334395303464,60.024442082890545,6,0,0,0,0,1,113.06,137.04,3.74,1,2ad83b81b3b951ea8dd96d67838115994d171adea42cc4c5fa55c2878f57feda
yor-f-83,official,2,RECOMPUTE,200,8,21,21,0,436,13221,-4126,55871,-0.07384868715433766,58.910733262486715,0,0,0,0,8,114,3765.03,4305.63,3.33,1,95e9ab33ca1af08fc3ca9ca2ff795710eeeaa47e119a08e4e20d55f8bf86bd0b
yor-f-83,official,2,TBR_B2,200,6,21,21,0,6,177,-3175,55871,-0.056827334395303464,60.024442082890545,6,0,0,0,0,1,127.81,149.11,3.95,1,2ad83b81b3b951ea8dd96d67838115994d171adea42cc4c5fa55c2878f57feda
yor-f-83,tight,3,TBR_B16,200,7,20,21,1,8,248,-2380,58281,-0.0408366362965632,63.12008501594049,5,1,0,1,0,2,105.5,1939.28,4.08,1,413391976aca679e4dfd90f4130b2fd3dbf666bd208186a0988670f99b8a2863
yor-f-83,tight,3,TBR_NOPROX,200,7,20,21,1,7,180,-1394,58281,-0.02391860125941559,64.24017003188098,6,0,0,1,0,1,27.32,617.12,4.14,1,f607a4aaf27e2fa19c5283a3d6bd0296231d8ad8e287d48f7a631bbbb9427826
yor-f-83,tight,3,TBR_B4,200,7,20,21,1,8,248,-2380,58281,-0.0408366362965632,63.12008501594049,5,1,0,1,0,2,108.65,420.05,4.05,1,413391976aca679e4dfd90f4130b2fd3dbf666bd208186a0988670f99b8a2863
yor-f-83,tight,3,ONE_BLOCKER,200,7,20,21,1,8,248,-2380,58281,-0.0408366362965632,63.12008501594049,5,1,0,1,0,2,111.72,199.97,3.99,1,413391976aca679e4dfd90f4130b2fd3dbf666bd208186a0988670f99b8a2863
yor-f-83,tight,3,TBR_NOT2,200,7,20,21,1,10,307,-3139,58281,-0.05385974846004701,62.210414452709884,5,0,1,1,0,4,110.65,816.08,3.95,1,bcb572e263f32b9c5584edae69e0924857a429f6f12383e8dc1f8fe11c9b78a3
yor-f-83,tight,3,TBR_B32,200,7,20,21,1,8,248,-2380,58281,-0.0408366362965632,63.12008501594049,5,1,0,1,0,2,107.09,2769.36,4.04,1,413391976aca679e4dfd90f4130b2fd3dbf666bd208186a0988670f99b8a2863
yor-f-83,tight,3,SINGLE,200,7,20,21,1,7,180,-1748,58281,-0.029992621952265746,63.806588735387884,6,0,0,1,0,1,95.44,125.22,3.89,1,edb7d697fdac2dcf3dbb6a5e2239168b5ef34633d3068a070c285bdb5a2dd6ff
yor-f-83,tight,3,TBR_B2,200,7,20,21,1,8,248,-2380,58281,-0.0408366362965632,63.12008501594049,5,1,0,1,0,2,130.22,209.2,3.91,1,413391976aca679e4dfd90f4130b2fd3dbf666bd208186a0988670f99b8a2863
yor-f-83,tight,3,TBR,200,7,20,21,1,8,248,-2380,58281,-0.0408366362965632,63.12008501594049,5,1,0,1,0,2,118.99,742.28,3.88,1,413391976aca679e4dfd90f4130b2fd3dbf666bd208186a0988670f99b8a2863
yor-f-83,tight,3,RECOMPUTE,200,18,20,22,2,937,28200,-11610,58281,-0.1992072888248314,53.09989373007439,0,0,0,0,18,128,3679.37,4742.41,3.89,1,a1ca81e287e7d20c8fc74edd5b247d0b44220013d203dfb8f48f241906d50fda
yor-f-83,official,3,TBR_B16,200,7,21,21,0,8,194,-1592,58281,-0.02731593486728093,63.964930924548355,6,1,0,0,0,2,109.26,231.61,4.26,1,f7c35c7354aac567ac4cfbe6927e502a64f75d1d6132359453c88b46b5542035
yor-f-83,official,3,TBR_NOPROX,200,7,21,21,0,7,180,-1394,58281,-0.02391860125941559,64.24017003188098,7,0,0,0,0,1,29.2,50.34,3.94,1,e9644a1fe630691c1d559c1d13a014f787a92dc0fbec2f464e92d50ba26ed4c1
yor-f-83,official,3,TBR_B4,200,7,21,21,0,8,194,-1592,58281,-0.02731593486728093,63.964930924548355,6,1,0,0,0,2,112.0,234.06,4.4,1,f7c35c7354aac567ac4cfbe6927e502a64f75d1d6132359453c88b46b5542035
yor-f-83,official,3,ONE_BLOCKER,200,7,21,21,0,8,194,-1592,58281,-0.02731593486728093,63.964930924548355,6,1,0,0,0,2,113.56,230.4,4.14,1,f7c35c7354aac567ac4cfbe6927e502a64f75d1d6132359453c88b46b5542035
yor-f-83,official,3,TBR_NOT2,200,7,21,22,1,7,180,-1832,58281,-0.0314339149980268,63.70988310308183,6,0,0,1,0,1,133.0,765.53,4.09,1,ccd8add0ffd9c54621122d4022576f08b2338213b1e81b6cc558bda8d9a4aabb
yor-f-83,official,3,TBR_B32,200,7,21,21,0,8,194,-1592,58281,-0.02731593486728093,63.964930924548355,6,1,0,0,0,2,117.21,236.82,4.17,1,f7c35c7354aac567ac4cfbe6927e502a64f75d1d6132359453c88b46b5542035
yor-f-83,official,3,SINGLE,200,7,21,22,1,7,180,-1832,58281,-0.0314339149980268,63.70988310308183,6,0,0,1,0,1,96.33,149.52,3.9,1,ccd8add0ffd9c54621122d4022576f08b2338213b1e81b6cc558bda8d9a4aabb
yor-f-83,official,3,TBR_B2,200,7,21,21,0,8,194,-1592,58281,-0.02731593486728093,63.964930924548355,6,1,0,0,0,2,112.62,228.4,4.13,1,f7c35c7354aac567ac4cfbe6927e502a64f75d1d6132359453c88b46b5542035
yor-f-83,official,3,TBR,200,7,21,21,0,8,194,-1592,58281,-0.02731593486728093,63.964930924548355,6,1,0,0,0,2,133.08,242.91,4.16,1,f7c35c7354aac567ac4cfbe6927e502a64f75d1d6132359453c88b46b5542035
yor-f-83,official,3,RECOMPUTE,200,18,21,22,1,937,28200,-11610,58281,-0.1992072888248314,53.09989373007439,0,0,0,0,18,128,3845.97,4546.53,3.91,1,1de503fe4365f4570af9af399e1aa158d15de830556cb5e6034cda6494f3588d
yor-f-83,tight,4,TBR,200,11,20,21,1,12,306,-4806,57601,-0.08343605145743997,60.00318809776833,9,1,0,1,0,2,103.58,698.8,4.27,1,e19ec473dc78c0cf3b7224e4f02a5f500192a4c7bc0db01c3d3868f887e1131b
yor-f-83,tight,4,TBR_B16,200,11,20,21,1,12,306,-4806,57601,-0.08343605145743997,60.00318809776833,9,1,0,1,0,2,98.07,1586.52,4.3,1,e19ec473dc78c0cf3b7224e4f02a5f500192a4c7bc0db01c3d3868f887e1131b
yor-f-83,tight,4,RECOMPUTE,200,10,20,22,2,604,18266,-12955,57601,-0.22490928976927485,51.212539851222104,0,0,0,0,10,122,4185.19,4891.6,3.65,1,cb5e7328be035fe001af4d87b70f0652819a555f475a37df558f2969582d2efb
yor-f-83,tight,4,ONE_BLOCKER,200,11,20,21,1,12,306,-4806,57601,-0.08343605145743997,60.00318809776833,9,1,0,1,0,2,93.95,387.64,4.29,1,e19ec473dc78c0cf3b7224e4f02a5f500192a4c7bc0db01c3d3868f887e1131b
yor-f-83,tight,4,TBR_NOPROX,200,11,20,21,1,12,306,-4257,57601,-0.07390496692765751,60.60361317747078,9,1,0,1,0,2,28.33,520.18,4.04,1,a4c654e2c2d3189dc635c967cdccb10b12d49130c5677765fe804a2076420fa9
yor-f-83,tight,4,TBR_NOT2,200,11,20,22,2,12,278,-3749,57601,-0.06508567559590979,61.12646121147715,8,0,1,2,0,2,98.8,841.68,4.11,1,83ac8bd83dc9187d59ef5a70101c7d5cc7ffb51e1046ce7fe7367ef4606da121
yor-f-83,tight,4,TBR_B2,200,11,20,21,1,12,306,-4806,57601,-0.08343605145743997,60.00318809776833,9,1,0,1,0,2,97.57,216.89,4.27,1,e19ec473dc78c0cf3b7224e4f02a5f500192a4c7bc0db01c3d3868f887e1131b
yor-f-83,tight,4,SINGLE,200,11,20,22,2,11,253,-4138,57601,-0.0718390305723859,60.71200850159405,9,0,0,2,0,1,53.82,119.73,4.02,1,275c8ab6b0ede27917f07acd82e933b55f90118b6ed5ee9f8b113749f9a4ff22
yor-f-83,tight,4,TBR_B4,200,11,20,21,1,12,306,-4806,57601,-0.08343605145743997,60.00318809776833,9,1,0,1,0,2,99.67,412.68,4.17,1,e19ec473dc78c0cf3b7224e4f02a5f500192a4c7bc0db01c3d3868f887e1131b
yor-f-83,tight,4,TBR_B32,200,11,20,21,1,12,306,-4806,57601,-0.08343605145743997,60.00318809776833,9,1,0,1,0,2,102.69,2096.98,4.27,1,e19ec473dc78c0cf3b7224e4f02a5f500192a4c7bc0db01c3d3868f887e1131b
yor-f-83,official,4,TBR,200,11,21,21,0,12,269,-3979,57601,-0.06907866182878769,60.89479277364506,10,1,0,0,0,2,90.42,232.64,4.1,1,956510bd3844e242df1cdc7474437f72532612295bb7be30495339a812be7a70
yor-f-83,official,4,TBR_B16,200,11,21,21,0,12,269,-3979,57601,-0.06907866182878769,60.89479277364506,10,1,0,0,0,2,86.81,225.14,4.31,1,956510bd3844e242df1cdc7474437f72532612295bb7be30495339a812be7a70
yor-f-83,official,4,RECOMPUTE,200,10,21,22,1,604,18266,-12955,57601,-0.22490928976927485,51.212539851222104,0,0,0,0,10,122,3880.13,4526.04,3.64,1,4604809b6380da1491e246ecbdbe5c0c83427e3636c50818dcd3167f2bcda7ca
yor-f-83,official,4,ONE_BLOCKER,200,11,21,21,0,12,269,-3979,57601,-0.06907866182878769,60.89479277364506,10,1,0,0,0,2,100.71,214.09,4.02,1,956510bd3844e242df1cdc7474437f72532612295bb7be30495339a812be7a70
yor-f-83,official,4,TBR_NOPROX,200,11,21,21,0,11,253,-3725,57601,-0.06466901616291384,61.18278427205101,11,0,0,0,0,1,27.65,40.24,3.98,1,f8ecf785491cf6a28b30399d4de398a90fca7818aa45aa51e3871433743868a9
yor-f-83,official,4,TBR_NOT2,200,11,21,21,0,12,278,-3599,57601,-0.06248155413968508,61.28161530286929,10,0,1,0,0,2,83.55,482.61,4.12,1,051222f06b2c6c7ff7cc3fc4a3784bcf200517734a408e6938d38cc334133471
yor-f-83,official,4,TBR_B2,200,11,21,21,0,12,269,-3979,57601,-0.06907866182878769,60.89479277364506,10,1,0,0,0,2,88.88,223.32,4.22,1,956510bd3844e242df1cdc7474437f72532612295bb7be30495339a812be7a70
yor-f-83,official,4,SINGLE,200,11,21,22,1,11,253,-4241,57601,-0.07362719397232687,60.59936238044634,10,0,0,1,0,1,68.09,152.93,4.0,1,312af3ad4b8ca43c72e6f8f660bbd6478cf82ac7d623c03d921b8b114f4f3a8e
yor-f-83,official,4,TBR_B4,200,11,21,21,0,12,269,-3979,57601,-0.06907866182878769,60.89479277364506,10,1,0,0,0,2,88.57,213.4,4.12,1,956510bd3844e242df1cdc7474437f72532612295bb7be30495339a812be7a70
yor-f-83,official,4,TBR_B32,200,11,21,21,0,12,269,-3979,57601,-0.06907866182878769,60.89479277364506,10,1,0,0,0,2,95.88,211.47,4.11,1,956510bd3844e242df1cdc7474437f72532612295bb7be30495339a812be7a70
yor-f-83,tight,5,TBR_NOPROX,200,12,20,21,1,14,300,-1889,55063,-0.03430615840037775,60.23591923485654,9,2,0,1,0,2,28.24,519.86,4.04,1,c740b202ce12dbefdf1b258f4814fc467060e33a1b80947ce122c5c712e6bfbf
yor-f-83,tight,5,TBR_NOT2,200,11,20,22,2,11,260,-2915,55063,-0.05293936036903184,59.00106269925611,9,0,0,2,0,1,84.92,1058.43,4.03,1,4ec2294f25cc1a10c88a4456c49a9f3f578029aefc4c315425268cb514ac3ab5
yor-f-83,tight,5,TBR_B32,200,11,20,21,1,13,304,-2639,55063,-0.0479269200733705,59.35281615302869,8,2,0,1,0,2,117.29,2011.95,4.45,1,90316d2207086565dc3d92c675444e8e79e9fa244798bd3454980d6181c46436
yor-f-83,tight,5,TBR,200,11,20,21,1,13,304,-2639,55063,-0.0479269200733705,59.35281615302869,8,2,0,1,0,2,86.23,648.42,3.99,1,90316d2207086565dc3d92c675444e8e79e9fa244798bd3454980d6181c46436
yor-f-83,tight,5,TBR_B2,200,11,20,21,1,13,304,-2639,55063,-0.0479269200733705,59.35281615302869,8,2,0,1,0,2,96.14,256.48,4.19,1,90316d2207086565dc3d92c675444e8e79e9fa244798bd3454980d6181c46436
yor-f-83,tight,5,RECOMPUTE,200,14,20,22,2,781,22547,-5391,55063,-0.09790603490547191,56.683315621679064,0,0,0,0,14,123,4034.69,4315.49,3.79,1,72a37cde51f25769b983aba529593536d11f19238f6edfe169b86cc1b6c9ba2b
yor-f-83,tight,5,ONE_BLOCKER,200,11,20,21,1,13,304,-2639,55063,-0.0479269200733705,59.35281615302869,8,2,0,1,0,2,84.9,222.81,4.04,1,90316d2207086565dc3d92c675444e8e79e9fa244798bd3454980d6181c46436
yor-f-83,tight,5,SINGLE,200,11,20,22,2,11,260,-2915,55063,-0.05293936036903184,59.00106269925611,9,0,0,2,0,1,69.52,102.03,3.82,1,4ec2294f25cc1a10c88a4456c49a9f3f578029aefc4c315425268cb514ac3ab5
yor-f-83,tight,5,TBR_B4,200,11,20,21,1,13,304,-2639,55063,-0.0479269200733705,59.35281615302869,8,2,0,1,0,2,87.71,385.75,4.05,1,90316d2207086565dc3d92c675444e8e79e9fa244798bd3454980d6181c46436
yor-f-83,tight,5,TBR_B16,200,11,20,21,1,13,304,-2639,55063,-0.0479269200733705,59.35281615302869,8,2,0,1,0,2,86.12,1589.06,4.16,1,90316d2207086565dc3d92c675444e8e79e9fa244798bd3454980d6181c46436
yor-f-83,official,5,TBR_NOPROX,200,12,21,21,0,13,232,-1229,55063,-0.022319888128144127,60.974495217853345,11,1,0,0,0,2,27.09,62.51,4.03,1,915badc76deb86b03d854c810fc48c3e960eeeaeb8fa689a9053c9b3852e29ee
yor-f-83,official,5,TBR_NOT2,200,11,21,22,1,11,204,-2006,55063,-0.03643099722136462,60.05738575982997,10,0,0,1,0,1,96.55,538.1,4.04,1,a511030cad3e359e6203ddf8d4c68453a3ac4be18a3aa3fd9f003c1bd07efd04
yor-f-83,official,5,TBR_B32,200,11,21,21,0,13,240,-1519,55063,-0.027586582641701322,60.6461211477152,9,2,0,0,0,2,113.52,242.26,4.0,1,1b7864bf90df193cefe33415df21b30653be861483dffc8c6bb0f299e0158117
yor-f-83,official,5,TBR,200,11,21,21,0,13,240,-1519,55063,-0.027586582641701322,60.6461211477152,9,2,0,0,0,2,98.19,209.97,3.98,1,1b7864bf90df193cefe33415df21b30653be861483dffc8c6bb0f299e0158117
yor-f-83,official,5,TBR_B2,200,11,21,21,0,13,240,-1519,55063,-0.027586582641701322,60.6461211477152,9,2,0,0,0,2,104.17,215.37,4.08,1,1b7864bf90df193cefe33415df21b30653be861483dffc8c6bb0f299e0158117
yor-f-83,official,5,RECOMPUTE,200,14,21,22,1,781,22547,-5391,55063,-0.09790603490547191,56.683315621679064,0,0,0,0,14,123,4037.45,14192.08,3.71,1,4c97b6b46e46906a837e2918ca2db69fd471f1167e633ccd5ed5b02e7aee65ef
yor-f-83,official,5,ONE_BLOCKER,200,11,21,21,0,13,240,-1519,55063,-0.027586582641701322,60.6461211477152,9,2,0,0,0,2,104.26,231.04,3.99,1,1b7864bf90df193cefe33415df21b30653be861483dffc8c6bb0f299e0158117
yor-f-83,official,5,SINGLE,200,11,21,22,1,11,204,-2006,55063,-0.03643099722136462,60.05738575982997,10,0,0,1,0,1,99.72,116.12,3.98,1,a511030cad3e359e6203ddf8d4c68453a3ac4be18a3aa3fd9f003c1bd07efd04
yor-f-83,official,5,TBR_B4,200,11,21,21,0,13,240,-1519,55063,-0.027586582641701322,60.6461211477152,9,2,0,0,0,2,104.97,267.06,4.24,1,1b7864bf90df193cefe33415df21b30653be861483dffc8c6bb0f299e0158117
yor-f-83,official,5,TBR_B16,200,11,21,21,0,13,240,-1519,55063,-0.027586582641701322,60.6461211477152,9,2,0,0,0,2,101.5,217.79,4.33,1,1b7864bf90df193cefe33415df21b30653be861483dffc8c6bb0f299e0158117
yor-f-83,tight,6,TBR_B32,200,13,21,22,1,14,424,-3847,57263,-0.06718125141889178,60.34218916046759,11,1,0,1,0,2,89.01,1908.68,4.21,1,6069c2b51ff3afcb254d6e6054edc44c35d4db39c3e41716deba19e4ab098e3b
yor-f-83,tight,6,TBR_B4,200,13,21,22,1,14,424,-3847,57263,-0.06718125141889178,60.34218916046759,11,1,0,1,0,2,77.85,384.88,4.25,1,6069c2b51ff3afcb254d6e6054edc44c35d4db39c3e41716deba19e4ab098e3b
yor-f-83,tight,6,TBR_B16,200,13,21,22,1,14,424,-3847,57263,-0.06718125141889178,60.34218916046759,11,1,0,1,0,2,90.16,1482.84,4.17,1,6069c2b51ff3afcb254d6e6054edc44c35d4db39c3e41716deba19e4ab098e3b
yor-f-83,tight,6,SINGLE,200,13,21,23,2,13,393,-3920,57263,-0.0684560711104902,60.264612114771516,11,0,0,2,0,1,67.28,120.15,4.2,1,33160188be201312d995f30582001967ce65fbb11e17c78e2593b6d06b26244e
yor-f-83,tight,6,TBR_B2,200,13,21,22,1,14,424,-3847,57263,-0.06718125141889178,60.34218916046759,11,1,0,1,0,2,81.57,199.07,4.34,1,6069c2b51ff3afcb254d6e6054edc44c35d4db39c3e41716deba19e4ab098e3b
yor-f-83,tight,6,TBR_NOPROX,200,13,21,22,1,18,438,-2791,57263,-0.048740024099331154,61.47290116896918,7,5,0,1,0,2,43.97,416.89,4.32,1,cb7c2cde986d64e80b5232c21e27a3bdba91afe66c80239eda2e6fab74ade358
yor-f-83,tight,6,TBR_NOT2,200,13,21,22,1,15,447,-4045,57263,-0.0706389815413094,60.11583421891605,11,0,1,1,0,3,73.11,969.85,4.12,1,2243055308a99ea134857be6074b5d9065c472e8ea8de2d0dec6301596c3ab6a
yor-f-83,tight,6,ONE_BLOCKER,200,13,21,22,1,14,424,-3847,57263,-0.06718125141889178,60.34218916046759,11,1,0,1,0,2,72.92,206.66,4.08,1,6069c2b51ff3afcb254d6e6054edc44c35d4db39c3e41716deba19e4ab098e3b
yor-f-83,tight,6,TBR,200,13,21,22,1,14,424,-3847,57263,-0.06718125141889178,60.34218916046759,11,1,0,1,0,2,75.49,553.25,4.06,1,6069c2b51ff3afcb254d6e6054edc44c35d4db39c3e41716deba19e4ab098e3b
yor-f-83,tight,6,RECOMPUTE,200,16,21,23,2,887,24801,-10479,57263,-0.1829977472364354,53.443145589798085,0,0,0,0,16,124,3852.41,4234.16,3.81,1,eb3df6d72eddf078bdee1ae0453776f8f2b8a053aa5009f772adb3d32b45d5ff
yor-f-83,official,6,TBR_B32,200,13,21,22,1,14,424,-3847,57263,-0.06718125141889178,60.34218916046759,11,1,0,1,0,2,74.7,1933.69,4.12,1,6069c2b51ff3afcb254d6e6054edc44c35d4db39c3e41716deba19e4ab098e3b
yor-f-83,official,6,TBR_B4,200,13,21,22,1,14,424,-3847,57263,-0.06718125141889178,60.34218916046759,11,1,0,1,0,2,102.7,373.5,4.17,1,6069c2b51ff3afcb254d6e6054edc44c35d4db39c3e41716deba19e4ab098e3b
yor-f-83,official,6,TBR_B16,200,13,21,22,1,14,424,-3847,57263,-0.06718125141889178,60.34218916046759,11,1,0,1,0,2,73.8,1500.21,4.2,1,6069c2b51ff3afcb254d6e6054edc44c35d4db39c3e41716deba19e4ab098e3b
yor-f-83,official,6,SINGLE,200,13,21,23,2,13,393,-3920,57263,-0.0684560711104902,60.264612114771516,11,0,0,2,0,1,57.66,134.43,4.07,1,33160188be201312d995f30582001967ce65fbb11e17c78e2593b6d06b26244e
yor-f-83,official,6,TBR_B2,200,13,21,22,1,14,424,-3847,57263,-0.06718125141889178,60.34218916046759,11,1,0,1,0,2,109.51,205.4,4.76,1,6069c2b51ff3afcb254d6e6054edc44c35d4db39c3e41716deba19e4ab098e3b
yor-f-83,official,6,TBR_NOPROX,200,13,21,22,1,18,438,-2791,57263,-0.048740024099331154,61.47290116896918,7,5,0,1,0,2,45.35,418.59,4.32,1,cb7c2cde986d64e80b5232c21e27a3bdba91afe66c80239eda2e6fab74ade358
yor-f-83,official,6,TBR_NOT2,200,13,21,22,1,15,447,-4045,57263,-0.0706389815413094,60.11583421891605,11,0,1,1,0,3,73.66,940.65,4.08,1,2243055308a99ea134857be6074b5d9065c472e8ea8de2d0dec6301596c3ab6a
yor-f-83,official,6,ONE_BLOCKER,200,13,21,22,1,14,424,-3847,57263,-0.06718125141889178,60.34218916046759,11,1,0,1,0,2,72.98,202.12,4.04,1,6069c2b51ff3afcb254d6e6054edc44c35d4db39c3e41716deba19e4ab098e3b
yor-f-83,official,6,TBR,200,13,21,22,1,14,424,-3847,57263,-0.06718125141889178,60.34218916046759,11,1,0,1,0,2,71.33,534.5,4.08,1,6069c2b51ff3afcb254d6e6054edc44c35d4db39c3e41716deba19e4ab098e3b
yor-f-83,official,6,RECOMPUTE,200,16,21,23,2,887,24801,-10479,57263,-0.1829977472364354,53.443145589798085,0,0,0,0,16,124,3965.92,4299.01,4.0,1,eb3df6d72eddf078bdee1ae0453776f8f2b8a053aa5009f772adb3d32b45d5ff
yor-f-83,tight,7,TBR,200,7,20,21,1,7,162,-2475,61557,-0.0402066377503777,67.4952178533475,6,0,0,1,0,1,104.77,774.84,4.0,1,8ff2a9f07a8ea7e13b17e6f36c78cb618ab199bc1e6f235cffef42aab5c0a1cf
yor-f-83,tight,7,TBR_B2,200,7,20,21,1,7,162,-2475,61557,-0.0402066377503777,67.4952178533475,6,0,0,1,0,1,105.14,130.38,4.08,1,8ff2a9f07a8ea7e13b17e6f36c78cb618ab199bc1e6f235cffef42aab5c0a1cf
yor-f-83,tight,7,TBR_NOT2,200,7,20,21,1,7,162,-2475,61557,-0.0402066377503777,67.4952178533475,6,0,0,1,0,1,100.26,641.04,3.88,1,8ff2a9f07a8ea7e13b17e6f36c78cb618ab199bc1e6f235cffef42aab5c0a1cf
yor-f-83,tight,7,RECOMPUTE,200,10,20,21,1,534,14944,-7803,61557,-0.1267605633802817,61.28586609989373,0,0,0,0,10,109,3847.7,4788.43,3.64,1,6290b435d1945edb79c3ac9c6cefe7e74b4674c02187a5e571c169aad310bfd0
yor-f-83,tight,7,TBR_B4,200,7,20,21,1,7,162,-2475,61557,-0.0402066377503777,67.4952178533475,6,0,0,1,0,1,104.39,398.04,3.92,1,8ff2a9f07a8ea7e13b17e6f36c78cb618ab199bc1e6f235cffef42aab5c0a1cf
yor-f-83,tight,7,SINGLE,200,7,20,21,1,7,162,-2475,61557,-0.0402066377503777,67.4952178533475,6,0,0,1,0,1,105.7,118.99,3.92,1,8ff2a9f07a8ea7e13b17e6f36c78cb618ab199bc1e6f235cffef42aab5c0a1cf
yor-f-83,tight,7,TBR_B16,200,7,20,21,1,7,162,-2475,61557,-0.0402066377503777,67.4952178533475,6,0,0,1,0,1,96.96,1773.96,3.98,1,8ff2a9f07a8ea7e13b17e6f36c78cb618ab199bc1e6f235cffef42aab5c0a1cf
yor-f-83,tight,7,ONE_BLOCKER,200,7,20,21,1,7,162,-2475,61557,-0.0402066377503777,67.4952178533475,6,0,0,1,0,1,108.6,153.81,3.88,1,8ff2a9f07a8ea7e13b17e6f36c78cb618ab199bc1e6f235cffef42aab5c0a1cf
yor-f-83,tight,7,TBR_B32,200,7,20,21,1,7,162,-2475,61557,-0.0402066377503777,67.4952178533475,6,0,0,1,0,1,98.37,2821.04,4.04,1,8ff2a9f07a8ea7e13b17e6f36c78cb618ab199bc1e6f235cffef42aab5c0a1cf
yor-f-83,tight,7,TBR_NOPROX,200,7,20,21,1,8,180,-2175,61557,-0.035333105901847066,67.83103081827842,5,1,0,1,0,2,32.71,679.61,4.05,1,eb309ac5d4ef085b790b9c4ad30d730107debce1f9123eb63327753f4f2d71df
yor-f-83,official,7,TBR,200,7,21,21,0,7,162,-2475,61557,-0.0402066377503777,67.4952178533475,7,0,0,0,0,1,91.49,114.79,3.91,1,67555133057dc4b21876318cf55f824af7f3799e723fc0a5aebbd90597125f99
yor-f-83,official,7,TBR_B2,200,7,21,21,0,7,162,-2475,61557,-0.0402066377503777,67.4952178533475,7,0,0,0,0,1,101.51,107.41,4.03,1,67555133057dc4b21876318cf55f824af7f3799e723fc0a5aebbd90597125f99
yor-f-83,official,7,TBR_NOT2,200,7,21,21,0,7,162,-2475,61557,-0.0402066377503777,67.4952178533475,7,0,0,0,0,1,93.35,124.8,3.79,1,67555133057dc4b21876318cf55f824af7f3799e723fc0a5aebbd90597125f99
yor-f-83,official,7,RECOMPUTE,200,10,21,21,0,534,14944,-7803,61557,-0.1267605633802817,61.28586609989373,0,0,0,0,10,109,3530.95,4393.84,3.48,1,d41dccf5c714d8cda957d5b8bd1fd2d58c4a46350970ecf036055551185788de
yor-f-83,official,7,TBR_B4,200,7,21,21,0,7,162,-2475,61557,-0.0402066377503777,67.4952178533475,7,0,0,0,0,1,77.99,106.37,3.27,1,67555133057dc4b21876318cf55f824af7f3799e723fc0a5aebbd90597125f99
yor-f-83,official,7,SINGLE,200,7,21,21,0,7,162,-2475,61557,-0.0402066377503777,67.4952178533475,7,0,0,0,0,1,82.01,92.73,3.17,1,67555133057dc4b21876318cf55f824af7f3799e723fc0a5aebbd90597125f99
yor-f-83,official,7,TBR_B16,200,7,21,21,0,7,162,-2475,61557,-0.0402066377503777,67.4952178533475,7,0,0,0,0,1,79.03,89.08,3.29,1,67555133057dc4b21876318cf55f824af7f3799e723fc0a5aebbd90597125f99
yor-f-83,official,7,ONE_BLOCKER,200,7,21,21,0,7,162,-2475,61557,-0.0402066377503777,67.4952178533475,7,0,0,0,0,1,83.22,89.09,3.17,1,67555133057dc4b21876318cf55f824af7f3799e723fc0a5aebbd90597125f99
yor-f-83,official,7,TBR_B32,200,7,21,21,0,7,162,-2475,61557,-0.0402066377503777,67.4952178533475,7,0,0,0,0,1,76.34,93.07,3.2,1,67555133057dc4b21876318cf55f824af7f3799e723fc0a5aebbd90597125f99
yor-f-83,official,7,TBR_NOPROX,200,7,21,21,0,8,180,-2175,61557,-0.035333105901847066,67.83103081827842,6,1,0,0,0,2,23.73,55.62,3.24,1,dc231a8e15fe46f189dd8799d9b82daa2f34c93ff0fa815b5115d6802ed77c8b
yor-f-83,tight,8,SINGLE,200,9,21,22,1,9,247,-3712,55756,-0.06657579453332377,59.506907545164715,8,0,0,1,0,1,67.71,102.22,3.07,1,47986e601bc4ee2611fe554f13aa6291656becf3b56177a671db320a43913a06
yor-f-83,tight,8,RECOMPUTE,200,9,21,22,1,531,15304,-7939,55756,-0.1423882631465672,54.33156216790648,0,0,0,0,9,107,3093.96,3831.15,2.74,1,cf3316d77161d47e18def4de868576b4c7413ec241ac05261a27ce6f2b2658b0
yor-f-83,tight,8,TBR_NOPROX,200,9,21,21,0,10,263,-3266,55756,-0.05857665542721859,59.98724760892667,8,1,0,0,0,2,23.57,47.72,3.06,1,d46d18eb37d49b7205c63fc7bff0ca8ad65e1c767dc5b64bc87b8f8efcbfd692
yor-f-83,tight,8,TBR,200,9,21,21,0,11,277,-3535,55756,-0.0634012482961475,59.686503719447394,7,2,0,0,0,2,86.74,173.13,3.09,1,593ae1246b1271acd36728aecb5de0798f0bd0ea0765d95b3757994f90e1576d
yor-f-83,tight,8,TBR_NOT2,200,9,21,22,1,9,247,-3712,55756,-0.06657579453332377,59.506907545164715,8,0,0,1,0,1,69.3,489.11,3.09,1,47986e601bc4ee2611fe554f13aa6291656becf3b56177a671db320a43913a06
yor-f-83,tight,8,TBR_B2,200,9,21,21,0,11,277,-3535,55756,-0.0634012482961475,59.686503719447394,7,2,0,0,0,2,85.83,158.74,3.21,1,593ae1246b1271acd36728aecb5de0798f0bd0ea0765d95b3757994f90e1576d
yor-f-83,tight,8,TBR_B32,200,9,21,21,0,11,277,-3535,55756,-0.0634012482961475,59.686503719447394,7,2,0,0,0,2,90.26,157.36,3.21,1,593ae1246b1271acd36728aecb5de0798f0bd0ea0765d95b3757994f90e1576d
yor-f-83,tight,8,TBR_B16,200,9,21,21,0,11,277,-3535,55756,-0.0634012482961475,59.686503719447394,7,2,0,0,0,2,79.95,164.38,3.2,1,593ae1246b1271acd36728aecb5de0798f0bd0ea0765d95b3757994f90e1576d
yor-f-83,tight,8,TBR_B4,200,9,21,21,0,11,277,-3535,55756,-0.0634012482961475,59.686503719447394,7,2,0,0,0,2,88.78,177.94,3.3,1,593ae1246b1271acd36728aecb5de0798f0bd0ea0765d95b3757994f90e1576d
yor-f-83,tight,8,ONE_BLOCKER,200,9,21,21,0,11,277,-3535,55756,-0.0634012482961475,59.686503719447394,7,2,0,0,0,2,85.55,165.33,3.13,1,593ae1246b1271acd36728aecb5de0798f0bd0ea0765d95b3757994f90e1576d
yor-f-83,official,8,SINGLE,200,9,21,22,1,9,247,-3712,55756,-0.06657579453332377,59.506907545164715,8,0,0,1,0,1,67.98,97.84,3.2,1,47986e601bc4ee2611fe554f13aa6291656becf3b56177a671db320a43913a06
yor-f-83,official,8,RECOMPUTE,200,9,21,22,1,531,15304,-7939,55756,-0.1423882631465672,54.33156216790648,0,0,0,0,9,107,3090.4,3584.4,2.71,1,cf3316d77161d47e18def4de868576b4c7413ec241ac05261a27ce6f2b2658b0
yor-f-83,official,8,TBR_NOPROX,200,9,21,21,0,10,263,-3266,55756,-0.05857665542721859,59.98724760892667,8,1,0,0,0,2,23.16,48.01,3.07,1,d46d18eb37d49b7205c63fc7bff0ca8ad65e1c767dc5b64bc87b8f8efcbfd692
yor-f-83,official,8,TBR,200,9,21,21,0,11,277,-3535,55756,-0.0634012482961475,59.686503719447394,7,2,0,0,0,2,82.2,158.26,3.12,1,593ae1246b1271acd36728aecb5de0798f0bd0ea0765d95b3757994f90e1576d
yor-f-83,official,8,TBR_NOT2,200,9,21,22,1,9,247,-3712,55756,-0.06657579453332377,59.506907545164715,8,0,0,1,0,1,74.54,464.06,3.1,1,47986e601bc4ee2611fe554f13aa6291656becf3b56177a671db320a43913a06
yor-f-83,official,8,TBR_B2,200,9,21,21,0,11,277,-3535,55756,-0.0634012482961475,59.686503719447394,7,2,0,0,0,2,84.63,171.22,3.29,1,593ae1246b1271acd36728aecb5de0798f0bd0ea0765d95b3757994f90e1576d
yor-f-83,official,8,TBR_B32,200,9,21,21,0,11,277,-3535,55756,-0.0634012482961475,59.686503719447394,7,2,0,0,0,2,84.66,155.39,3.25,1,593ae1246b1271acd36728aecb5de0798f0bd0ea0765d95b3757994f90e1576d
yor-f-83,official,8,TBR_B16,200,9,21,21,0,11,277,-3535,55756,-0.0634012482961475,59.686503719447394,7,2,0,0,0,2,82.32,161.12,3.27,1,593ae1246b1271acd36728aecb5de0798f0bd0ea0765d95b3757994f90e1576d
yor-f-83,official,8,TBR_B4,200,9,21,21,0,11,277,-3535,55756,-0.0634012482961475,59.686503719447394,7,2,0,0,0,2,81.96,155.63,3.32,1,593ae1246b1271acd36728aecb5de0798f0bd0ea0765d95b3757994f90e1576d
yor-f-83,official,8,ONE_BLOCKER,200,9,21,21,0,11,277,-3535,55756,-0.0634012482961475,59.686503719447394,7,2,0,0,0,2,82.74,157.32,3.21,1,593ae1246b1271acd36728aecb5de0798f0bd0ea0765d95b3757994f90e1576d
yor-f-83,tight,9,TBR_B4,200,10,21,21,0,16,388,-1526,54721,-0.027886917271248698,60.624867162592984,7,1,2,0,0,4,85.93,480.0,3.45,1,a3b4a4aa9306571a6f8d402c1170d6ceab35d8c9d0d9246f456b8880846dc501
yor-f-83,tight,9,ONE_BLOCKER,200,10,21,22,1,10,248,-2020,54721,-0.036914530070722394,60.05844845908608,9,0,0,1,0,1,64.76,120.48,3.25,1,bee23dff230237407a7d5999e96b23725ae875d11e8e546ea8018dabb149ca13
yor-f-83,tight,9,SINGLE,200,10,21,22,1,10,248,-2020,54721,-0.036914530070722394,60.05844845908608,9,0,0,1,0,1,53.59,80.87,3.12,1,bee23dff230237407a7d5999e96b23725ae875d11e8e546ea8018dabb149ca13
yor-f-83,tight,9,TBR_NOPROX,200,11,21,21,0,17,401,-1329,54721,-0.024286836863361416,60.8586609989373,9,0,2,0,0,4,22.0,580.27,3.21,1,e34b9dabe3459ff8e90fe865d0c4e5d4b84bd102544b4138505b13015d5126af
yor-f-83,tight,9,TBR_B16,200,10,21,21,0,16,388,-1526,54721,-0.027886917271248698,60.624867162592984,7,1,2,0,0,4,81.32,1270.07,3.26,1,a3b4a4aa9306571a6f8d402c1170d6ceab35d8c9d0d9246f456b8880846dc501
yor-f-83,tight,9,TBR_B2,200,10,21,22,1,10,248,-2020,54721,-0.036914530070722394,60.05844845908608,9,0,0,1,0,1,63.94,115.09,3.23,1,bee23dff230237407a7d5999e96b23725ae875d11e8e546ea8018dabb149ca13
yor-f-83,tight,9,TBR,200,10,21,21,0,16,388,-1526,54721,-0.027886917271248698,60.624867162592984,7,1,2,0,0,4,79.11,686.96,3.21,1,a3b4a4aa9306571a6f8d402c1170d6ceab35d8c9d0d9246f456b8880846dc501
yor-f-83,tight,9,TBR_B32,200,10,21,21,0,16,388,-1526,54721,-0.027886917271248698,60.624867162592984,7,1,2,0,0,4,79.15,1587.77,3.24,1,a3b4a4aa9306571a6f8d402c1170d6ceab35d8c9d0d9246f456b8880846dc501
yor-f-83,tight,9,RECOMPUTE,200,21,21,22,1,1249,36294,-13403,54721,-0.24493338937519415,47.563230605738575,0,0,0,0,21,121,3068.54,3501.45,3.04,1,27bd13a8e5ee547f1cf123815eac5d10eeeaa2abaa276a6ffbab73c90d057324
yor-f-83,tight,9,TBR_NOT2,200,8,21,21,0,15,373,-1434,54721,-0.0262056614462455,60.731137088204036,6,0,2,0,0,6,75.8,618.57,3.15,1,4703c41334afb252a129eeace4631c83e0c745f9a30c9b7ca2f82d0642cc851e
yor-f-83,official,9,TBR_B4,200,10,21,21,0,16,388,-1526,54721,-0.027886917271248698,60.624867162592984,7,1,2,0,0,4,82.4,463.54,3.34,1,a3b4a4aa9306571a6f8d402c1170d6ceab35d8c9d0d9246f456b8880846dc501
yor-f-83,official,9,ONE_BLOCKER,200,10,21,22,1,10,248,-2020,54721,-0.036914530070722394,60.05844845908608,9,0,0,1,0,1,64.42,120.04,3.3,1,bee23dff230237407a7d5999e96b23725ae875d11e8e546ea8018dabb149ca13
yor-f-83,official,9,SINGLE,200,10,21,22,1,10,248,-2020,54721,-0.036914530070722394,60.05844845908608,9,0,0,1,0,1,55.1,82.52,3.21,1,bee23dff230237407a7d5999e96b23725ae875d11e8e546ea8018dabb149ca13
yor-f-83,official,9,TBR_NOPROX,200,11,21,21,0,17,401,-1329,54721,-0.024286836863361416,60.8586609989373,9,0,2,0,0,4,21.39,588.77,3.21,1,e34b9dabe3459ff8e90fe865d0c4e5d4b84bd102544b4138505b13015d5126af
yor-f-83,official,9,TBR_B16,200,10,21,21,0,16,388,-1526,54721,-0.027886917271248698,60.624867162592984,7,1,2,0,0,4,79.49,1252.18,3.35,1,a3b4a4aa9306571a6f8d402c1170d6ceab35d8c9d0d9246f456b8880846dc501
yor-f-83,official,9,TBR_B2,200,10,21,22,1,10,248,-2020,54721,-0.036914530070722394,60.05844845908608,9,0,0,1,0,1,64.91,118.17,3.24,1,bee23dff230237407a7d5999e96b23725ae875d11e8e546ea8018dabb149ca13
yor-f-83,official,9,TBR,200,10,21,21,0,16,388,-1526,54721,-0.027886917271248698,60.624867162592984,7,1,2,0,0,4,80.26,677.12,3.17,1,a3b4a4aa9306571a6f8d402c1170d6ceab35d8c9d0d9246f456b8880846dc501
yor-f-83,official,9,TBR_B32,200,10,21,21,0,16,388,-1526,54721,-0.027886917271248698,60.624867162592984,7,1,2,0,0,4,79.08,1618.33,3.33,1,a3b4a4aa9306571a6f8d402c1170d6ceab35d8c9d0d9246f456b8880846dc501
yor-f-83,official,9,RECOMPUTE,200,21,21,22,1,1249,36294,-13403,54721,-0.24493338937519415,47.563230605738575,0,0,0,0,21,121,3078.73,3457.3,3.12,1,27bd13a8e5ee547f1cf123815eac5d10eeeaa2abaa276a6ffbab73c90d057324
yor-f-83,official,9,TBR_NOT2,200,8,21,21,0,15,373,-1434,54721,-0.0262056614462455,60.731137088204036,6,0,2,0,0,6,74.05,634.24,3.14,1,4703c41334afb252a129eeace4631c83e0c745f9a30c9b7ca2f82d0642cc851e
