source_id,merged_ids,cite,type,year,in_window,harvard,h_pre,h_italic,h_post,doi_url,access_level,status,finding,limitations,report_use,algorithm,title
C16,C16,"Akkan, Gülcü and Kuş, 2021",journal,2021,True,"Akkan, C., Gülcü, A. and Kuş, Z. (2021) 'Minimum penalty perturbation heuristics for curriculum-based timetables subject to multiple disruptions', Computers & Operations Research, 132, article 105306. Available at: https://doi.org/10.1016/j.cor.2021.105306.","Akkan, C., Gülcü, A. and Kuş, Z. (2021) 'Minimum penalty perturbation heuristics for curriculum-based timetables subject to multiple disruptions', ",Computers & Operations Research,", 132, article 105306. Available at: https://doi.org/10.1016/j.cor.2021.105306.",https://doi.org/10.1016/j.cor.2021.105306,metadata+abstract,verified,"Repairs course timetables made infeasible by unexpected changes. It minimises quality degradation subject to an upper limit on the structural difference from the initial timetable, which is a perturbation budget. Proposes one simulated annealing algorithm and a set of IP-based algorithms. Tested on ITC-2007 curriculum-based instances with random disruption scenarios built from four disruption types that affect teacher and room availability. Also used to estimate solution robustness.","Curriculum-based course timetabling, not exams. Disruptions are availability changes (teacher/room), not new student-conflict edges. ITC-2007, not Toronto.",Nearest prior work (budgeted perturbation),Simulated annealing and IP-based repair with a structural-difference budget,Minimum penalty perturbation heuristics for curriculum-based timetables subject to multiple disruptions
B14,B14,"Al-Betar, Khader and Abu Doush, 2014",journal,2014,False,"Al-Betar, M.A., Khader, A.T. and Abu Doush, I. (2014) 'Memetic techniques for examination timetabling', Annals of Operations Research, 218(1), pp. 23–50. Available at: https://doi.org/10.1007/s10479-013-1500-7.","Al-Betar, M.A., Khader, A.T. and Abu Doush, I. (2014) 'Memetic techniques for examination timetabling', ",Annals of Operations Research,", 218(1), pp. 23–50. Available at: https://doi.org/10.1007/s10479-013-1500-7.",https://doi.org/10.1007/s10479-013-1500-7,metadata+abstract,verified,"Uses harmony search, treated as a memetic algorithm variant, to test 17 scenarios combining recombination, randomness and neighbourhood structures for uncapacitated exam timetabling; combining all three gives the best results. Compared with 22 methods on the Carter dataset, it exceeded previous results on 2 of 12 instances.",Pre-window; best on only 2 of 12 instances.,Algorithm review / literature synthesis,Harmony search as a memetic algorithm,Memetic techniques for examination timetabling
B15,B15,"Alzaqebah and Abdullah, 2014",journal,2014,False,"Alzaqebah, M. and Abdullah, S. (2014) 'An adaptive artificial bee colony and late-acceptance hill-climbing algorithm for examination timetabling', Journal of Scheduling, 17(3), pp. 249–262. Available at: https://doi.org/10.1007/s10951-013-0352-y.","Alzaqebah, M. and Abdullah, S. (2014) 'An adaptive artificial bee colony and late-acceptance hill-climbing algorithm for examination timetabling', ",Journal of Scheduling,", 17(3), pp. 249–262. Available at: https://doi.org/10.1007/s10951-013-0352-y.",https://doi.org/10.1007/s10951-013-0352-y,metadata+abstract,verified,"Modifies artificial bee colony with a disruptive selection strategy for population diversity and a self-adaptive choice of neighbourhood structures, and hybridises it with late-acceptance hill-climbing. Both the disruptive-selection variant and the hybrid outperform the basic ABC on exam timetabling.",Pre-window; retrieved abstract (partly paraphrased by tool) does not name the datasets.,Algorithm review / literature synthesis,Artificial bee colony + late-acceptance hill-climbing,An adaptive artificial bee colony and late-acceptance hill-climbing algorithm for examination timetabling
B26d,B26d,"Arbaoui, Boufflet and Moukrim, 2019",journal,2019,True,"Arbaoui, T., Boufflet, J.-P. and Moukrim, A. (2019) 'Lower bounds and compact mathematical formulations for spacing soft constraints for university examination timetabling problems', Computers & Operations Research, 106, pp. 133–142. Available at: https://doi.org/10.1016/j.cor.2019.02.013.","Arbaoui, T., Boufflet, J.-P. and Moukrim, A. (2019) 'Lower bounds and compact mathematical formulations for spacing soft constraints for university examination timetabling problems', ",Computers & Operations Research,", 106, pp. 133–142. Available at: https://doi.org/10.1016/j.cor.2019.02.013.",https://doi.org/10.1016/j.cor.2019.02.013,metadata+abstract,verified,"For ITC2007 spacing soft constraints (students sitting more than one exam per day), proposes a generic lower-bound model and compact formulations with O(number of exams) equations instead of quadratic. Results improve on earlier lower bounds, and the compact models outperform existing formulations.",Lower bounds only for spacing constraints; not a full solver.,Algorithm review / literature synthesis,Integer programming formulations and lower bounds,Lower bounds and compact mathematical formulations for spacing soft constraints for university examination timetabling problems
A33a,A33a,"Aslan and Baykan, 2016",journal,2016,True,"Aslan, M. and Baykan, N.A. (2016) 'A Performance Comparison of Graph Coloring Algorithms', International Journal of Intelligent Systems and Applications in Engineering, 4(Special Issue-1), pp. 1–7. Available at: https://doi.org/10.18201/ijisae.273053.","Aslan, M. and Baykan, N.A. (2016) 'A Performance Comparison of Graph Coloring Algorithms', ",International Journal of Intelligent Systems and Applications in Engineering,", 4(Special Issue-1), pp. 1–7. Available at: https://doi.org/10.18201/ijisae.273053.",https://doi.org/10.18201/ijisae.273053,metadata+abstract,verified,"Compares First Fit, Largest Degree Ordering, Welsh-Powell, Incidence Degree Ordering, DSATUR and RLF on DIMACS benchmark graphs; RLF and DSATUR are found sufficient while First Fit is generally deficient, with Welsh-Powell fastest to reach optimal results on some sets and RLF best on the rest.",Small-venue journal; DIMACS graphs only; no timetabling instances.,Algorithm review / literature synthesis,"Comparative study of greedy constructive heuristics (FF, LDO, WP, IDO, DSATUR, RLF)",A Performance Comparison of Graph Coloring Algorithms
B16,B16,"Asmuni et al., 2009",journal,2009,False,"Asmuni, H., Burke, E.K., Garibaldi, J.M., McCollum, B. and Parkes, A.J. (2009) 'An investigation of fuzzy multiple heuristic orderings in the construction of university examination timetables', Computers & Operations Research, 36(4), pp. 981–1001. Available at: https://doi.org/10.1016/j.cor.2007.12.007.","Asmuni, H., Burke, E.K., Garibaldi, J.M., McCollum, B. and Parkes, A.J. (2009) 'An investigation of fuzzy multiple heuristic orderings in the construction of university examination timetables', ",Computers & Operations Research,", 36(4), pp. 981–1001. Available at: https://doi.org/10.1016/j.cor.2007.12.007.",https://doi.org/10.1016/j.cor.2007.12.007,metadata+abstract,verified,"Uses fuzzy methods to combine pairs of three single construction (graph-colouring ordering) heuristics to decide exam insertion order. On 12 benchmark problems the fuzzy combinations gave lower penalty than any single heuristic on all 12 (and the best published constructive result on one), with less backtracking.",Pre-window; construction only.,Algorithm review / literature synthesis,Fuzzy combination of constructive ordering heuristics,An investigation of fuzzy multiple heuristic orderings in the construction of university examination timetables
C02,C02,"Barba et al., 2019",journal,2019,True,"Barba, L., Cardinal, J., Korman, M., Langerman, S., van Renssen, A., Roeloffzen, M. and Verdonschot, S. (2019) 'Dynamic Graph Coloring', Algorithmica, 81(4), pp. 1319–1341. Available at: https://doi.org/10.1007/s00453-018-0473-y.","Barba, L., Cardinal, J., Korman, M., Langerman, S., van Renssen, A., Roeloffzen, M. and Verdonschot, S. (2019) 'Dynamic Graph Coloring', ",Algorithmica,", 81(4), pp. 1319–1341. Available at: https://doi.org/10.1007/s00453-018-0473-y.",https://doi.org/10.1007/s00453-018-0473-y,metadata+abstract,verified,Studies how many vertex recolourings are needed to keep a colouring proper when vertices and edges are inserted and deleted. One algorithm keeps an O(C d N^(1/d))-colouring with O(d) recolourings per update. The other keeps an O(C d)-colouring with O(d N^(1/d)) recolourings per update. Lower bound: any algorithm that keeps a c-colouring of a 2-colourable graph must recolour Omega(N^(2/(c(c-1)))) vertices per update.,Worst-case theory only. The number of colours grows with C and log N rather than staying within a fixed palette (periods). No experiments.,Recourse vs colours trade-off,Two recolouring-budgeted dynamic colouring algorithms (colours vs recolourings trade-off) plus lower bound,Dynamic Graph Coloring
D10,D10,"Bartz-Beielstein et al., 2020",preprint,2020,True,"Bartz-Beielstein, T., Doerr, C., van den Berg, D., Bossek, J., Chandrasekaran, S., Eftimov, T., Fischbach, A., Kerschke, P., La Cava, W., López-Ibáñez, M., Malan, K.M., Moore, J.H., Naujoks, B., Orzechowski, P., Volz, V., Wagner, M. and Weise, T. (2020) 'Benchmarking in optimization: best practice and open issues'. arXiv [Preprint]. Available at: https://doi.org/10.48550/arXiv.2007.03488.","Bartz-Beielstein, T., Doerr, C., van den Berg, D., Bossek, J., Chandrasekaran, S., Eftimov, T., Fischbach, A., Kerschke, P., La Cava, W., López-Ibáñez, M., Malan, K.M., Moore, J.H., Naujoks, B., Orzechowski, P., Volz, V., Wagner, M. and Weise, T. (2020) 'Benchmarking in optimization: best practice and open issues'. ",arXiv, [Preprint]. Available at: https://doi.org/10.48550/arXiv.2007.03488.,https://doi.org/10.48550/arXiv.2007.03488,metadata+abstract,verified,"Survey compiling recommendations from more than a dozen researchers to promote best practice in benchmarking, covering eight topics: clearly stated goals, well-specified problems, suitable algorithms, adequate performance measures, thoughtful analysis, effective and efficient designs, comprehensible presentations, and guaranteed reproducibility.",NOT peer-reviewed: still a preprint. Cite as arXiv preprint; pair with a peer-reviewed source (D18a/D18b).,Algorithm review / literature synthesis,,Benchmarking in optimization: best practice and open issues
B24,B24;C21a,"Bassimir and Wanka, 2025",journal,2025,True,"Bassimir, B. and Wanka, R. (2025) 'On the computation of robust examination timetables: methods and experimental results', Journal of Scheduling, 28(2), pp. 159–181. Available at: https://doi.org/10.1007/s10951-024-00815-y.","Bassimir, B. and Wanka, R. (2025) 'On the computation of robust examination timetables: methods and experimental results', ",Journal of Scheduling,", 28(2), pp. 159–181. Available at: https://doi.org/10.1007/s10951-024-00815-y.",https://doi.org/10.1007/s10951-024-00815-y,metadata+abstract,corrected,"Defines examination timetabling from curricula (before registration data exist) and introduces three robustness measures for the uncertainty of this model, analysed with multi-objective simulated annealing and Pareto front approximations. A case study shows that, without significant quality loss, the chance of needing rescheduling once exact numbers are known is significantly reduced.","Curriculum-based (pre-registration) model; proactive robustness, not reactive repair.",Nearest exam-specific related work (robust timetables),Multi-objective simulated annealing with three robustness measures,On the computation of robust examination timetables: methods and experimental results
B19,B19,"Battistutta, Schaerf and Urli, 2017",journal,2017,True,"Battistutta, M., Schaerf, A. and Urli, T. (2017) 'Feature-based tuning of single-stage simulated annealing for examination timetabling', Annals of Operations Research, 252(2), pp. 239–254. Available at: https://doi.org/10.1007/s10479-015-2061-8.","Battistutta, M., Schaerf, A. and Urli, T. (2017) 'Feature-based tuning of single-stage simulated annealing for examination timetabling', ",Annals of Operations Research,", 252(2), pp. 239–254. Available at: https://doi.org/10.1007/s10479-015-2061-8.",https://doi.org/10.1007/s10479-015-2061-8,metadata+abstract,verified,"Single-stage simulated annealing for the ITC2007 examination formulation that searches infeasible space with penalties, plus a statistically principled, feature-based parameter tuning that generalises better to unseen instances than a one-size-fits-all setting. Properly tuned, it competes with all state-of-the-art specialised solvers; a larger set of artificial instances is published.","Capacitated ITC2007 formulation, not Toronto.",Algorithm review / literature synthesis,Single-stage simulated annealing with feature-based parameter tuning,Feature-based tuning of single-stage simulated annealing for examination timetabling
D18a,D18a,"Beiranvand, Hare and Lucet, 2017",journal,2017,True,"Beiranvand, V., Hare, W. and Lucet, Y. (2017) 'Best practices for comparing optimization algorithms', Optimization and Engineering, 18(4), pp. 815–848. Available at: https://doi.org/10.1007/s11081-017-9366-1.","Beiranvand, V., Hare, W. and Lucet, Y. (2017) 'Best practices for comparing optimization algorithms', ",Optimization and Engineering,", 18(4), pp. 815–848. Available at: https://doi.org/10.1007/s11081-017-9366-1.",https://doi.org/10.1007/s11081-017-9366-1,metadata+abstract,verified,"Systematic review of benchmarking optimisation algorithms, which 'involves many subtle considerations to yield a fair and unbiased evaluation'; discusses challenges of fair comparison, gives suggestions for each step of the comparison process, pitfalls to avoid when evaluating performance, approaches to reporting benchmarking results, and future-research suggestions.",Focus on (mostly continuous/deterministic) optimisation solvers; abstract-level only.,Benchmarking practice,,Best practices for comparing optimization algorithms
B06,B06,"Bellio et al., 2021",journal,2021,True,"Bellio, R., Ceschia, S., Di Gaspero, L. and Schaerf, A. (2021) 'Two-stage multi-neighborhood simulated annealing for uncapacitated examination timetabling', Computers & Operations Research, 132, article 105300. Available at: https://doi.org/10.1016/j.cor.2021.105300.","Bellio, R., Ceschia, S., Di Gaspero, L. and Schaerf, A. (2021) 'Two-stage multi-neighborhood simulated annealing for uncapacitated examination timetabling', ",Computers & Operations Research,", 132, article 105300. Available at: https://doi.org/10.1016/j.cor.2021.105300.",https://doi.org/10.1016/j.cor.2021.105300,metadata+abstract,verified,"Proposes simulated annealing for the classical uncapacitated formulation of Carter et al. (1996), combining many neighbourhoods with a principled tuning procedure on artificial training instances. On real-world benchmarks it improves on all state-of-the-art methods on most instances at equal running time; an ablation analysis identifies the most important neighbourhoods, and instances, solutions and source code are released.",Static problem only; tuning on artificial instances; no disruption/repair setting.,State of the art on Toronto (SA); algorithm review,Two-stage multi-neighbourhood simulated annealing with statistical parameter tuning,Two-stage multi-neighborhood simulated annealing for uncapacitated examination timetabling
D17c,D17c,"Bezanson et al., 2017",journal,2017,True,"Bezanson, J., Edelman, A., Karpinski, S. and Shah, V.B. (2017) 'Julia: a fresh approach to numerical computing', SIAM Review, 59(1), pp. 65–98. Available at: https://doi.org/10.1137/141000671.","Bezanson, J., Edelman, A., Karpinski, S. and Shah, V.B. (2017) 'Julia: a fresh approach to numerical computing', ",SIAM Review,", 59(1), pp. 65–98. Available at: https://doi.org/10.1137/141000671.",https://doi.org/10.1137/141000671,metadata+abstract,verified,"Challenges assumptions that high-level dynamic programs must be slow and that one must prototype in one language then rewrite in another for speed/deployment (the 'two-language' trade-off), proposing Julia's design (multiple dispatch, generic programming) to get machine performance without sacrificing human convenience.","Optional alternate: argues for Julia, so it is an indirect (critical) source on Python's productivity-vs-performance trade-off; abstract paraphrased by fetch tool from arXiv version.",Alternative language (Julia),,Julia: a fresh approach to numerical computing
C01,C01,"Bhattacharya et al., 2018",conference,2018,True,"Bhattacharya, S., Chakrabarty, D., Henzinger, M.R. and Nanongkai, D. (2018) 'Dynamic Algorithms for Graph Coloring', in Proceedings of the Twenty-Ninth Annual ACM-SIAM Symposium on Discrete Algorithms (SODA 2018). Philadelphia, PA: SIAM, pp. 1–20. Available at: https://doi.org/10.1137/1.9781611975031.1.","Bhattacharya, S., Chakrabarty, D., Henzinger, M.R. and Nanongkai, D. (2018) 'Dynamic Algorithms for Graph Coloring', in ",Proceedings of the Twenty-Ninth Annual ACM-SIAM Symposium on Discrete Algorithms (SODA 2018),". Philadelphia, PA: SIAM, pp. 1–20. Available at: https://doi.org/10.1137/1.9781611975031.1.",https://doi.org/10.1137/1.9781611975031.1,full_text,verified,"Fast dynamic algorithms maintaining a proper vertex colouring under edge insertions and deletions: randomized (Delta+1)-colouring with O(log Delta) expected amortized update time, and deterministic (1+o(1))Delta-colouring. Full text (arXiv 1711.04355, sections 3.1 and 3.3, read 4 Oct 2026): a colour is 'blank' for a vertex if no relevant neighbour has it and 'unique' if exactly one does; a vertex being recoloured picks a random blank or unique colour, and if the colour is unique the single neighbour holding it is recoloured recursively.","Theoretical. The palette is tied to the maximum degree (about Delta+1 colours), not a fixed number of periods; no minimal-perturbation objective. Only sections 3.1 and 3.3 of the full text were read.",Unique-neighbour recolouring basis of Tier 2; dynamic colouring,Randomized and deterministic dynamic (Delta+1)-vertex-colouring data structures (hierarchical decomposition),Dynamic Algorithms for Graph Coloring
C05,C05,"Bhattacharya et al., 2022",journal,2022,True,"Bhattacharya, S., Grandoni, F., Kulkarni, J., Liu, Q.C. and Solomon, S. (2022) 'Fully Dynamic (Δ+1)-Coloring in O(1) Update Time', ACM Transactions on Algorithms, 18(2), pp. 1–25. Available at: https://doi.org/10.1145/3494539.","Bhattacharya, S., Grandoni, F., Kulkarni, J., Liu, Q.C. and Solomon, S. (2022) 'Fully Dynamic (Δ+1)-Coloring in O(1) Update Time', ",ACM Transactions on Algorithms,", 18(2), pp. 1–25. Available at: https://doi.org/10.1145/3494539.",https://doi.org/10.1145/3494539,metadata+abstract,verified,"Randomized algorithm that maintains a (Delta+1)-colouring with O(1) amortized update time, both in expectation and with high probability. This improves the O(log Delta) bound of Bhattacharya et al. (SODA 2018) and builds on Solomon's dynamic maximal matching approach.","Theory only. The palette is degree-based, and there is no minimal-perturbation objective.",Algorithm review / literature synthesis,Randomized dynamic (Delta+1)-colouring,Fully Dynamic (Δ+1)-Coloring in O(1) Update Time
A02e,A02e,"Biswas et al., 2023",journal,2023,True,"Biswas, S., Nusrat, S.A., Sharmin, N. and Rahman, M. (2023) 'Graph coloring in university timetable scheduling', International Journal of Intelligent Systems and Applications (IJISA), 15(3), pp. 16–32. Available at: https://doi.org/10.5815/ijisa.2023.03.02.","Biswas, S., Nusrat, S.A., Sharmin, N. and Rahman, M. (2023) 'Graph coloring in university timetable scheduling', ",International Journal of Intelligent Systems and Applications (IJISA),", 15(3), pp. 16–32. Available at: https://doi.org/10.5815/ijisa.2023.03.02.",https://doi.org/10.5815/ijisa.2023.03.02,metadata+abstract,verified,"Models university timetabling as graph colouring (courses as vertices; shared students or teachers as edges). Evaluates First Fit, Welsh-Powell, Largest Degree Ordering, Incidence Degree Ordering and DSATUR, and finds Welsh-Powell and DSATUR most effective at producing optimal schedules.",Course timetabling (not exam); lower-tier venue (MECS Press); abstract only.,Algorithm review / literature synthesis,"Welsh-Powell and DSATUR in university timetabling (evidence for A02, A01)",Graph coloring in university timetable scheduling
A29,A29,"Björklund, Husfeldt and Koivisto, 2009",journal,2009,False,"Björklund, A., Husfeldt, T. and Koivisto, M. (2009) 'Set Partitioning via Inclusion-Exclusion', SIAM Journal on Computing, 39(2), pp. 546–563. Available at: https://doi.org/10.1137/070683933.","Björklund, A., Husfeldt, T. and Koivisto, M. (2009) 'Set Partitioning via Inclusion-Exclusion', ",SIAM Journal on Computing,", 39(2), pp. 546–563. Available at: https://doi.org/10.1137/070683933.",https://doi.org/10.1137/070683933,metadata+abstract,verified,"Uses inclusion-exclusion and the zeta transform to partition an n-set into k family members in 2^n n^O(1) time, giving exact algorithms of that complexity for chromatic number, chromatic polynomial and related partition problems; with polynomial space, chromatic number is solved in O(2.8718^n).",Exponential-time exact method; practical only for small graphs.,Algorithm review (inclusion-exclusion exact),Inclusion-exclusion / zeta-transform exact chromatic number algorithm,Set Partitioning via Inclusion-Exclusion
D17b,D17b,"Blank and Deb, 2020",journal,2020,True,"Blank, J. and Deb, K. (2020) 'Pymoo: multi-objective optimization in Python', IEEE Access, 8, pp. 89497–89509. Available at: https://doi.org/10.1109/ACCESS.2020.2990567.","Blank, J. and Deb, K. (2020) 'Pymoo: multi-objective optimization in Python', ",IEEE Access,", 8, pp. 89497–89509. Available at: https://doi.org/10.1109/ACCESS.2020.2990567.",https://doi.org/10.1109/ACCESS.2020.2990567,metadata+abstract,verified,"'Python has become the programming language of choice for research and industry projects related to data science, machine learning, and deep learning'; since optimisation is inherent to these fields, more optimisation frameworks have arisen, motivating pymoo, a Python framework for multi-objective optimisation.","Framework paper; ecosystem argument, not a performance study.",Python in optimisation research,,Pymoo: multi-objective optimization in Python
A18,A18,"Blöchliger and Zufferey, 2008",journal,2008,False,"Blöchliger, I. and Zufferey, N. (2008) 'A graph coloring heuristic using partial solutions and a reactive tabu scheme', Computers & Operations Research, 35(3), pp. 960–975. Available at: https://doi.org/10.1016/j.cor.2006.05.014.","Blöchliger, I. and Zufferey, N. (2008) 'A graph coloring heuristic using partial solutions and a reactive tabu scheme', ",Computers & Operations Research,", 35(3), pp. 960–975. Available at: https://doi.org/10.1016/j.cor.2006.05.014.",https://doi.org/10.1016/j.cor.2006.05.014,metadata+abstract,verified,"Introduces FOO-PARTIALCOL, a tabu search over feasible partial k-colourings (k disjoint stable sets plus uncoloured vertices), and a reactive tabu tenure that also improves TABUCOL. It outperforms TABUCOL on some instances and found an optimal 28-colouring of flat300_28_0, where the previous best was 31 colours.",Benchmark-graph evaluation only.,Algorithm review / literature synthesis,PartialCol (FOO-PARTIALCOL) with reactive tabu tenure,A graph coloring heuristic using partial solutions and a reactive tabu scheme
A28,A28,"Bogle et al., 2022",journal,2022,True,"Bogle, I., Slota, G.M., Boman, E.G., Devine, K. and Rajamanickam, S. (2022) 'Parallel graph coloring algorithms for distributed GPU environments', Parallel Computing, 110, article 102896. Available at: https://doi.org/10.1016/j.parco.2022.102896.","Bogle, I., Slota, G.M., Boman, E.G., Devine, K. and Rajamanickam, S. (2022) 'Parallel graph coloring algorithms for distributed GPU environments', ",Parallel Computing,", 110, article 102896. Available at: https://doi.org/10.1016/j.parco.2022.102896.",https://doi.org/10.1016/j.parco.2022.102896,metadata+abstract,verified,"Presents hybrid MPI+GPU colouring approaches (building on Gebremedhin et al. and Deveci et al., implemented with KokkosKernels), extends them to distance-2 and partial distance-2 colouring, and proposes a heuristic to reduce recolouring communication; scales to graphs with 76.7 billion edges on 128 GPUs.","HPC focus; abstract taken from arXiv preprint version (2107.00075), not the journal page.",Algorithm review / literature synthesis,"Distributed MPI+GPU speculative colouring with recolouring (distance-1, distance-2)",Parallel graph coloring algorithms for distributed GPU environments
C23e,C23e,"Bonamy et al., 2018",journal,2018,True,"Bonamy, M., Bousquet, N., Feghali, C. and Johnson, M. (2018) 'On a conjecture of Mohar concerning Kempe equivalence of regular graphs', Journal of Combinatorial Theory, Series B, 135, pp. 179–199. Available at: https://doi.org/10.1016/j.jctb.2018.08.002.","Bonamy, M., Bousquet, N., Feghali, C. and Johnson, M. (2018) 'On a conjecture of Mohar concerning Kempe equivalence of regular graphs', ","Journal of Combinatorial Theory, Series B",", 135, pp. 179–199. Available at: https://doi.org/10.1016/j.jctb.2018.08.002.",https://doi.org/10.1016/j.jctb.2018.08.002,metadata_only,verified,,Abstract not retrieved; content not assessed beyond the title.,Algorithm review / literature synthesis,,On a conjecture of Mohar concerning Kempe equivalence of regular graphs
C23c,C23c,"Bonamy et al., 2020a",journal,2020,True,"Bonamy, M., Heinrich, M., Ito, T., Kobayashi, Y., Mizuta, H., Mühlenthal, M., Suzuki, A. and Wasa, K. (2020a) 'Diameter of colorings under Kempe changes', Theoretical Computer Science, 838, pp. 45–57. Available at: https://doi.org/10.1016/j.tcs.2020.05.033.","Bonamy, M., Heinrich, M., Ito, T., Kobayashi, Y., Mizuta, H., Mühlenthal, M., Suzuki, A. and Wasa, K. (2020a) 'Diameter of colorings under Kempe changes', ",Theoretical Computer Science,", 838, pp. 45–57. Available at: https://doi.org/10.1016/j.tcs.2020.05.033.",https://doi.org/10.1016/j.tcs.2020.05.033,metadata_only,verified,,Abstract not retrieved; content not assessed beyond the title (bounds on the diameter of the Kempe-change reconfiguration graph).,Algorithm review / literature synthesis,,Diameter of colorings under Kempe changes
C23b,C23b,"Bonamy et al., 2020b",conference,2020,True,"Bonamy, M., Heinrich, M., Ito, T., Kobayashi, Y., Mizuta, H., Mühlenthal, M., Suzuki, A. and Wasa, K. (2020b) 'Shortest Reconfiguration of Colorings Under Kempe Changes', in 37th International Symposium on Theoretical Aspects of Computer Science (STACS 2020). Dagstuhl: Schloss Dagstuhl (LIPIcs, 154), article 35. Available at: https://doi.org/10.4230/LIPIcs.STACS.2020.35.","Bonamy, M., Heinrich, M., Ito, T., Kobayashi, Y., Mizuta, H., Mühlenthal, M., Suzuki, A. and Wasa, K. (2020b) 'Shortest Reconfiguration of Colorings Under Kempe Changes', in ",37th International Symposium on Theoretical Aspects of Computer Science (STACS 2020),". Dagstuhl: Schloss Dagstuhl (LIPIcs, 154), article 35. Available at: https://doi.org/10.4230/LIPIcs.STACS.2020.35.",https://doi.org/10.4230/LIPIcs.STACS.2020.35,metadata+abstract,verified,"A Kempe change swaps the two colours on a bicoloured connected component. The paper studies the complexity of finding the fewest Kempe changes that transform one given k-colouring into another. It admits a (highly non-trivial) polynomial-time dynamic program on paths. It is NP-hard even on star graphs, yet has a constant-factor approximation and is fixed-parameter tractable in k.","Theory on restricted graph classes. The objective is the number of Kempe changes between two given proper colourings, not repair after edge insertion.",Algorithm review / literature synthesis,Dynamic programming on paths; approximation and FPT algorithms via canonical transformations,Shortest Reconfiguration of Colorings Under Kempe Changes
C23d,C23d,"Bonamy, Delecroix and Legrand-Duchesne, 2023",journal,2023,True,"Bonamy, M., Delecroix, V. and Legrand-Duchesne, C. (2023) 'Kempe changes in degenerate graphs', European Journal of Combinatorics, 119, article 103802. Available at: https://doi.org/10.1016/j.ejc.2023.103802.","Bonamy, M., Delecroix, V. and Legrand-Duchesne, C. (2023) 'Kempe changes in degenerate graphs', ",European Journal of Combinatorics,", 119, article 103802. Available at: https://doi.org/10.1016/j.ejc.2023.103802.",https://doi.org/10.1016/j.ejc.2023.103802,metadata+abstract,verified,"In (k-1)-degenerate graphs all k-colourings are Kempe-equivalent, but the known sequences can be exponentially long. If treewidth is at most k-1, any two k-colourings are equivalent within O(k n^2) Kempe changes. For maximum degree Delta, Delta-colourings are equivalent within O(n^2) Kempe changes, unless Delta = 3 and a component is a 3-prism.","Pure graph theory. Polynomial bounds on sequence length, not algorithms for minimal repair.",Algorithm review / literature synthesis,,Kempe changes in degenerate graphs
C22c,C22c,"Bosek and Zych-Pawlewicz, 2022",conference,2022,True,"Bosek, B. and Zych-Pawlewicz, A. (2022) 'Dynamic Coloring of Unit Interval Graphs with Limited Recourse Budget', in 30th Annual European Symposium on Algorithms (ESA 2022). Dagstuhl: Schloss Dagstuhl (LIPIcs, 244), article 25. Available at: https://doi.org/10.4230/LIPIcs.ESA.2022.25.","Bosek, B. and Zych-Pawlewicz, A. (2022) 'Dynamic Coloring of Unit Interval Graphs with Limited Recourse Budget', in ",30th Annual European Symposium on Algorithms (ESA 2022),". Dagstuhl: Schloss Dagstuhl (LIPIcs, 244), article 25. Available at: https://doi.org/10.4230/LIPIcs.ESA.2022.25.",https://doi.org/10.4230/LIPIcs.ESA.2022.25,metadata+abstract,verified,"Unit intervals are inserted or removed and must be coloured immediately, with a limited number of recolourings per update. For k-colourable graphs with insertions only, an amortized recourse budget of O(k^7 log n) is enough to keep a proper k-colouring, an exponential improvement on earlier results. In the fully dynamic setting there is an Omega(n) lower bound.",Unit interval graphs only. Theoretical.,Algorithm review / literature synthesis,Recourse-budgeted dynamic k-colouring of unit interval graphs,Dynamic Coloring of Unit Interval Graphs with Limited Recourse Budget
C11,C11,"Bosek et al., 2020",conference,2020,True,"Bosek, B., Disser, Y., Feldmann, A.E., Pawlewicz, J. and Zych-Pawlewicz, A. (2020) 'Recoloring Interval Graphs with Limited Recourse Budget', in 17th Scandinavian Symposium and Workshops on Algorithm Theory (SWAT 2020). Dagstuhl: Schloss Dagstuhl (LIPIcs, 162), pp. 17:1–17:23. Available at: https://doi.org/10.4230/LIPIcs.SWAT.2020.17.","Bosek, B., Disser, Y., Feldmann, A.E., Pawlewicz, J. and Zych-Pawlewicz, A. (2020) 'Recoloring Interval Graphs with Limited Recourse Budget', in ",17th Scandinavian Symposium and Workshops on Algorithm Theory (SWAT 2020),". Dagstuhl: Schloss Dagstuhl (LIPIcs, 162), pp. 17:1–17:23. Available at: https://doi.org/10.4230/LIPIcs.SWAT.2020.17.",https://doi.org/10.4230/LIPIcs.SWAT.2020.17,metadata+abstract,verified,"Intervals arrive one at a time and must be coloured immediately, with only a limited number of recolourings (the recourse budget) allowed per step. Results: a 2k-colouring with amortized O(log n) recourse; a k-colouring with O(k*k!*sqrt(n)) recourse; for unit interval graphs, a (k+1)-colouring with O(k^2) worst-case recourse; and an Omega(log n) lower bound for maintaining a k-colouring.","Interval graphs only (not general conflict graphs). Vertex arrivals, not edge insertions between existing vertices. Theoretical.",Algorithm review / literature synthesis,Recourse-budgeted online/dynamic interval-graph colouring,Recoloring Interval Graphs with Limited Recourse Budget
C22a,C22a,"Bossek et al., 2021",journal,2021,True,"Bossek, J., Neumann, F., Peng, P. and Sudholt, D. (2021) 'Time Complexity Analysis of Randomized Search Heuristics for the Dynamic Graph Coloring Problem', Algorithmica, 83(10), pp. 3148–3179. Available at: https://doi.org/10.1007/s00453-021-00838-3.","Bossek, J., Neumann, F., Peng, P. and Sudholt, D. (2021) 'Time Complexity Analysis of Randomized Search Heuristics for the Dynamic Graph Coloring Problem', ",Algorithmica,", 83(10), pp. 3148–3179. Available at: https://doi.org/10.1007/s00453-021-00838-3.",https://doi.org/10.1007/s00453-021-00838-3,full_text,verified,"Analyses the expected time for randomized search heuristics ((1+1) EA, RLS with a bounded palette minimising conflicts; iterated local search with an unbounded palette and a Kempe-chain mutation operator) to rediscover a proper or high-quality colouring after up to T edges are added. Edge deletions are ignored because they cannot worsen a colouring. For some bipartite graph classes, reoptimisation is as hard as or harder than optimising from scratch. Mutation operators tailored to where the changes occurred can greatly reduce the expected time.","Runtime theory on bipartite graphs (paths, binary trees, stars, general bipartite) and planar graphs with maximum degree at most 6. The objective is time to restore a proper or optimal colouring, not minimising the number of recoloured vertices. No timetabling or Toronto instances.",Algorithm review / literature synthesis,"(1+1) EA, RLS, iterated local search with Kempe-chain mutation; tailored mutation near inserted edges",Time Complexity Analysis of Randomized Search Heuristics for the Dynamic Graph Coloring Problem
A01,A01,"Brélaz, 1979",journal,1979,False,"Brélaz, D. (1979) 'New methods to color the vertices of a graph', Communications of the ACM, 22(4), pp. 251–256. Available at: https://doi.org/10.1145/359094.359101.","Brélaz, D. (1979) 'New methods to color the vertices of a graph', ",Communications of the ACM,", 22(4), pp. 251–256. Available at: https://doi.org/10.1145/359094.359101.",https://doi.org/10.1145/359094.359101,metadata+abstract,verified,"Describes heuristic vertex-colouring methods based on comparing vertex degrees and graph structure (the DSATUR approach); one method is exact for bipartite graphs. Also gives an exact method reported to outperform the Randall-Brown algorithm and colour larger graphs, and compares the new heuristics with classical and exact methods.",Abstract gives no instance sizes or quantitative results; 1979 original.,Q3/Q4 initial-timetable constructor (DSATUR); baseline M4 core; algorithm review,DSATUR (saturation-degree greedy) and DSATUR-based exact backtracking,New methods to color the vertices of a graph
B10,B10,"Burke and Bykov, 2017",journal,2017,True,"Burke, E.K. and Bykov, Y. (2017) 'The late acceptance hill-climbing heuristic', European Journal of Operational Research, 258(1), pp. 70–78. Available at: https://doi.org/10.1016/j.ejor.2016.07.012.","Burke, E.K. and Bykov, Y. (2017) 'The late acceptance hill-climbing heuristic', ",European Journal of Operational Research,", 258(1), pp. 70–78. Available at: https://doi.org/10.1016/j.ejor.2016.07.012.",https://doi.org/10.1016/j.ejor.2016.07.012,metadata+abstract,verified,"Introduces Late Acceptance Hill-Climbing (LAHC), a local search that accepts a non-improving candidate if its cost is better than the cost a fixed number of iterations earlier, with a single parameter. On travelling salesman and exam timetabling benchmarks it was compared with simulated annealing, threshold accepting and great deluge and performed better on most instances, particularly larger ones.",General-purpose metaheuristic; exam instances not named in retrieved abstract; abstract partly paraphrased by retrieval tool.,Algorithm review / literature synthesis,Late acceptance hill-climbing,The late acceptance hill-climbing heuristic
B09,B09,"Burke et al., 2004",journal,2004,False,"Burke, E.K., Bykov, Y., Newall, J.P. and Petrovic, S. (2004) 'A time-predefined local search approach to exam timetabling problems', IIE Transactions, 36(6), pp. 509–528. Available at: https://doi.org/10.1080/07408170490438410.","Burke, E.K., Bykov, Y., Newall, J.P. and Petrovic, S. (2004) 'A time-predefined local search approach to exam timetabling problems', ",IIE Transactions,", 36(6), pp. 509–528. Available at: https://doi.org/10.1080/07408170490438410.",https://doi.org/10.1080/07408170490438410,metadata+abstract,verified,"Presents two local search variants in which run time is an input parameter: a time-predefined simulated annealing and an adapted great deluge method. Experiments show they significantly outperform previous best results on a range of benchmark exam timetabling problems, at the price of increased execution time.",Pre-window; quality-time trade-off (longer runs).,Algorithm review / literature synthesis,Time-predefined simulated annealing; great deluge,A time-predefined local search approach to exam timetabling problems
B11,B11,"Burke et al., 2007",journal,2007,False,"Burke, E.K., McCollum, B., Meisels, A., Petrovic, S. and Qu, R. (2007) 'A graph-based hyper-heuristic for educational timetabling problems', European Journal of Operational Research, 176(1), pp. 177–192. Available at: https://doi.org/10.1016/j.ejor.2005.08.012.","Burke, E.K., McCollum, B., Meisels, A., Petrovic, S. and Qu, R. (2007) 'A graph-based hyper-heuristic for educational timetabling problems', ",European Journal of Operational Research,", 176(1), pp. 177–192. Available at: https://doi.org/10.1016/j.ejor.2005.08.012.",https://doi.org/10.1016/j.ejor.2005.08.012,metadata+abstract,verified,"Uses tabu search to search permutations of graph colouring constructive heuristics, which are then used to build exam and course timetables, including a two-stage multi-stage variant. Results on exam and course benchmarks are within the range of the best reported in the literature.",Pre-window; constructive focus.,Algorithm review / literature synthesis,Graph-based hyper-heuristic: tabu search over sequences of graph-colouring heuristics,A graph-based hyper-heuristic for educational timetabling problems
W03,W03,"Cardiff Metropolitan University, no date",web,,True,Cardiff Metropolitan University (no date) AI Student Hub. Available at: https://www.cardiffmet.ac.uk/about/artificial-intelligence/ai-student-hub/ (Accessed: 4 October 2026).,Cardiff Metropolitan University (no date) ,AI Student Hub,. Available at: https://www.cardiffmet.ac.uk/about/artificial-intelligence/ai-student-hub/ (Accessed: 4 October 2026).,https://www.cardiffmet.ac.uk/about/artificial-intelligence/ai-student-hub/,full_text,verified,States that assessment rules on AI are set at module level and that students remain responsible for their own work.,Retrieved via a page summariser; wording should be checked on the live page.,AI-use rules,,AI Student Hub
B26e,B26e,"Carlsson et al., 2023",journal,2023,True,"Carlsson, M., Ceschia, S., Di Gaspero, L., Mikkelsen, R.Ø., Schaerf, A. and Stidsen, T. (2023) 'Exact and metaheuristic methods for a real-world examination timetabling problem', Journal of Scheduling, 26(4), pp. 353–367. Available at: https://doi.org/10.1007/s10951-023-00778-6.","Carlsson, M., Ceschia, S., Di Gaspero, L., Mikkelsen, R.Ø., Schaerf, A. and Stidsen, T. (2023) 'Exact and metaheuristic methods for a real-world examination timetabling problem', ",Journal of Scheduling,", 26(4), pp. 353–367. Available at: https://doi.org/10.1007/s10951-023-00778-6.",https://doi.org/10.1007/s10951-023-00778-6,metadata+abstract,verified,"For a rich real-world Italian exam problem (two-part exams, multi-room exams, period and room unavailabilities and preferences), compares a CP model (MiniZinc/Gecode), two MIP models (Gurobi) and an extended simulated annealing with a new neighbourhood. Instances, solutions and a solution checker are made public.",Specific real-world formulation; abstract does not state which method wins.,Algorithm review / literature synthesis,"Constraint programming (MiniZinc/Gecode), MIP (Gurobi), simulated annealing",Exact and metaheuristic methods for a real-world examination timetabling problem
B01,B01,"Carter, Laporte and Lee, 1996",journal,1996,False,"Carter, M.W., Laporte, G. and Lee, S.Y. (1996) 'Examination timetabling: algorithmic strategies and applications', Journal of the Operational Research Society, 47(3), pp. 373–383. Available at: https://doi.org/10.1057/jors.1996.37.","Carter, M.W., Laporte, G. and Lee, S.Y. (1996) 'Examination timetabling: algorithmic strategies and applications', ",Journal of the Operational Research Society,", 47(3), pp. 373–383. Available at: https://doi.org/10.1057/jors.1996.37.",https://doi.org/10.1057/jors.1996.37,metadata+abstract,verified,Describes the authors' computerised examination timetabling system EXAMINE and investigates and compares several algorithmic strategies for the problem. Computational results are reported on randomly generated problems and some real problems.,Pre-window foundational original; abstract does not name the individual strategies or give quantitative results.,Q1/Q2 Toronto benchmark origin; Carter proximity cost; data provenance,Several algorithmic strategies within the EXAMINE system (not itemised in abstract),Examination timetabling: algorithmic strategies and applications
B04,B04,"Ceschia, Di Gaspero and Schaerf, 2023",journal,2023,True,"Ceschia, S., Di Gaspero, L. and Schaerf, A. (2023) 'Educational timetabling: problems, benchmarks, and state-of-the-art results', European Journal of Operational Research, 308(1), pp. 1–18. Available at: https://doi.org/10.1016/j.ejor.2022.07.011.","Ceschia, S., Di Gaspero, L. and Schaerf, A. (2023) 'Educational timetabling: problems, benchmarks, and state-of-the-art results', ",European Journal of Operational Research,", 308(1), pp. 1–18. Available at: https://doi.org/10.1016/j.ejor.2022.07.011.",https://doi.org/10.1016/j.ejor.2022.07.011,metadata+abstract,verified,"Surveys educational timetabling with a focus on 'standard' formulations and their benchmark instances, identifying six such formulations and discussing their relevance and usability. It reports main state-of-the-art results on the selected benchmarks (upper and lower bounds, search techniques, running times).",Survey; no new algorithm.,Recent survey: benchmarks and state of the art,"Survey of formulations, benchmarks and state-of-the-art results","Educational timetabling: problems, benchmarks, and state-of-the-art results"
A09e3,A09e3,"Chalupa and Nielsen, 2021",journal,2021,True,"Chalupa, D. and Nielsen, P. (2021) 'Parameter-free and cooperative local search algorithms for graph colouring', Soft Computing, 25(24), pp. 15035–15050. Available at: https://doi.org/10.1007/s00500-021-06347-3.","Chalupa, D. and Nielsen, P. (2021) 'Parameter-free and cooperative local search algorithms for graph colouring', ",Soft Computing,", 25(24), pp. 15035–15050. Available at: https://doi.org/10.1007/s00500-021-06347-3.",https://doi.org/10.1007/s00500-021-06347-3,metadata+abstract,verified,"Proposes parameter-free local search variants (PFLS-A, PFLS-B) and a cooperative variant (CPFLS) for graph colouring, presented as the underlying problem of many scheduling applications. Compared with 13 other local search methods from the literature, CPFLS gives better or equal results in 67.25% of per-instance comparisons.",The abstract does not name the 13 comparators (TabuCol/PartialCol not confirmed).,Algorithm review / literature synthesis,Local search benchmark comparison for graph colouring (weak evidence for A09/A18),Parameter-free and cooperative local search algorithms for graph colouring
A09e,A09e,"Chalupa, 2018",journal,2018,True,"Chalupa, D. (2018) 'On transitions in the behaviour of tabu search algorithm TabuCol for graph colouring', Journal of Experimental & Theoretical Artificial Intelligence, 30(1), pp. 53–69. Available at: https://doi.org/10.1080/0952813X.2017.1354082.","Chalupa, D. (2018) 'On transitions in the behaviour of tabu search algorithm TabuCol for graph colouring', ",Journal of Experimental & Theoretical Artificial Intelligence,", 30(1), pp. 53–69. Available at: https://doi.org/10.1080/0952813X.2017.1354082.",https://doi.org/10.1080/0952813X.2017.1354082,metadata+abstract,verified,"Studies TabuCol theoretically and experimentally, showing sharp transitions in its behaviour that depend on the tabu tenure. Where the transitions occur depends on graph structure and possibly instance size. Success-rate profiles cover cases from 2-colouring trees and forests to DIMACS benchmarks.",Benchmark/structured graphs; no timetabling instances.,Algorithm review / literature synthesis,TabuCol (evidence for A09),On transitions in the behaviour of tabu search algorithm TabuCol for graph colouring
A25,A25,"Coleman and Moré, 1983",journal,1983,False,"Coleman, T.F. and Moré, J.J. (1983) 'Estimation of Sparse Jacobian Matrices and Graph Coloring Problems', SIAM Journal on Numerical Analysis, 20(1), pp. 187–209. Available at: https://doi.org/10.1137/0720013.","Coleman, T.F. and Moré, J.J. (1983) 'Estimation of Sparse Jacobian Matrices and Graph Coloring Problems', ",SIAM Journal on Numerical Analysis,", 20(1), pp. 187–209. Available at: https://doi.org/10.1137/0720013.",https://doi.org/10.1137/0720013,metadata+abstract,verified,"Shows that minimising function evaluations for estimating a sparse Jacobian by differences can be treated as a graph colouring problem, leading to efficient algorithms; two of the algorithms are proved optimal for band graphs and numerical evidence indicates near-optimality on practical problems.",Dated original; application domain is numerical differentiation rather than timetabling.,Algorithm review / literature synthesis,Graph-colouring-based ordering heuristics (incl. smallest-last style orderings) for Jacobian estimation,Estimation of Sparse Jacobian Matrices and Graph Coloring Problems
D15,D15,"Cormen et al., 2022",book,2022,True,"Cormen, T.H., Leiserson, C.E., Rivest, R.L. and Stein, C. (2022) Introduction to Algorithms. 4th edn. Cambridge, MA: MIT Press.","Cormen, T.H., Leiserson, C.E., Rivest, R.L. and Stein, C. (2022) ",Introduction to Algorithms,". 4th edn. Cambridge, MA: MIT Press.",,metadata_only,verified,"Publisher description: 'A comprehensive update of the leading algorithms text, with new material on matchings in bipartite graphs, online algorithms, machine learning, and other topics.'",Textbook; cite specific chapters/pages.,Algorithm review / literature synthesis,,Introduction to algorithms
D07,D07,"Crouse, 2016",journal,2016,False,"Crouse, D.F. (2016) 'On implementing 2D rectangular assignment algorithms', IEEE Transactions on Aerospace and Electronic Systems, 52(4), pp. 1679–1696. Available at: https://doi.org/10.1109/TAES.2016.140952.","Crouse, D.F. (2016) 'On implementing 2D rectangular assignment algorithms', ",IEEE Transactions on Aerospace and Electronic Systems,", 52(4), pp. 1679–1696. Available at: https://doi.org/10.1109/TAES.2016.140952.",https://doi.org/10.1109/TAES.2016.140952,metadata+abstract,verified,Reviews research on the 2D rectangular assignment problem and combines the best methods into a k-best 2D rectangular assignment algorithm with bounded runtime; identifies the 'best' algorithm as a strongly polynomial shortest-augmenting-path approach; Matlab code provided. Cited by SciPy docs as the basis of linear_sum_assignment (D03a).,Closed access.,Assignment algorithm used by SciPy,,On implementing 2D rectangular assignment algorithms
A20,A20,"Culberson and Luo, 1996",chapter,1996,False,"Culberson, J.C. and Luo, F. (1996) 'Exploring the k-colorable landscape with iterated greedy', in Cliques, Coloring, and Satisfiability: Second DIMACS Implementation Challenge. Providence, RI: American Mathematical Society (DIMACS Series in Discrete Mathematics and Theoretical Computer Science, 26), pp. 245–284. Available at: https://doi.org/10.1090/dimacs/026/13.","Culberson, J.C. and Luo, F. (1996) 'Exploring the k-colorable landscape with iterated greedy', in ","Cliques, Coloring, and Satisfiability: Second DIMACS Implementation Challenge",". Providence, RI: American Mathematical Society (DIMACS Series in Discrete Mathematics and Theoretical Computer Science, 26), pp. 245–284. Available at: https://doi.org/10.1090/dimacs/026/13.",https://doi.org/10.1090/dimacs/026/13,metadata+abstract,corrected,Shows that re-running greedy colouring on a new vertex permutation that respects the colour classes of the previous colouring never increases (and may decrease) the number of colours; the resulting Iterated Greedy (IG) algorithm can optimally colour k-colourable graphs with k up to 60 and n = 1000.,Dated original (1996); abstract retrieved from OpenAlex was truncated at the end.,Algorithm review / literature synthesis,Iterated Greedy (IG) colouring with permutation-generation heuristics; hybridised with modified tabu search,Exploring the k-colorable landscape with iterated greedy
B17,B17,"Demeester et al., 2012",journal,2012,False,"Demeester, P., Bilgin, B., De Causmaecker, P. and Vanden Berghe, G. (2012) 'A hyperheuristic approach to examination timetabling problems: benchmarks and a new problem from practice', Journal of Scheduling, 15(1), pp. 83–103. Available at: https://doi.org/10.1007/s10951-011-0258-5.","Demeester, P., Bilgin, B., De Causmaecker, P. and Vanden Berghe, G. (2012) 'A hyperheuristic approach to examination timetabling problems: benchmarks and a new problem from practice', ",Journal of Scheduling,", 15(1), pp. 83–103. Available at: https://doi.org/10.1007/s10951-011-0258-5.",https://doi.org/10.1007/s10951-011-0258-5,metadata_only,verified,,Abstract could not be retrieved (OpenAlex/Crossref/Semantic Scholar null; Springer page rate-limited; Lirias timed out). Content claims must be checked against the paper.,Algorithm review / literature synthesis,Hyperheuristic (from title only),A hyperheuristic approach to examination timetabling problems: benchmarks and a new problem from practice
D09,D09,"Demšar, 2006",journal,2006,False,"Demšar, J. (2006) 'Statistical comparisons of classifiers over multiple data sets', Journal of Machine Learning Research, 7(1), pp. 1–30. Available at: https://jmlr.org/papers/v7/demsar06a.html (Accessed: 4 October 2026).","Demšar, J. (2006) 'Statistical comparisons of classifiers over multiple data sets', ",Journal of Machine Learning Research,", 7(1), pp. 1–30. Available at: https://jmlr.org/papers/v7/demsar06a.html (Accessed: 4 October 2026).",https://jmlr.org/papers/v7/demsar06a.html,metadata+abstract,verified,"Reviews practice and examines tests theoretically and empirically; recommends simple, safe, robust non-parametric tests: the Wilcoxon signed-ranks test for comparing two classifiers and the Friedman test with post-hoc tests for more classifiers over multiple data sets; introduces critical difference (CD) diagrams.",Machine-learning context (classifiers/data sets); transfer to heuristic-vs-heuristic over problem instances is by analogy.,Statistical comparison method,,Statistical comparisons of classifiers over multiple data sets
B20,B20,"Dimitsas et al., 2022",conference,2022,True,"Dimitsas, A., Nastos, V., Valouxis, C., Alefragis, P. and Gogos, C. (2022) 'A proven optimal result for a benchmark instance of the uncapacitated examination timetabling problem', in Proceedings of the 13th International Conference on the Practice and Theory of Automated Timetabling (PATAT 2022), Volume III. Edited by P. De Causmaecker, E. Özcan and G. Vanden Berghe. Leuven: PATAT, pp. 30–46. Available at: https://patatconference.org/patat2022/proceedings/PATAT_2022_paper_05.pdf (Accessed: 4 October 2026).","Dimitsas, A., Nastos, V., Valouxis, C., Alefragis, P. and Gogos, C. (2022) 'A proven optimal result for a benchmark instance of the uncapacitated examination timetabling problem', in ","Proceedings of the 13th International Conference on the Practice and Theory of Automated Timetabling (PATAT 2022), Volume III",". Edited by P. De Causmaecker, E. Özcan and G. Vanden Berghe. Leuven: PATAT, pp. 30–46. Available at: https://patatconference.org/patat2022/proceedings/PATAT_2022_paper_05.pdf (Accessed: 4 October 2026).",https://patatconference.org/patat2022/proceedings/PATAT_2022_paper_05.pdf,full_text,verified,"Proves optimality of the best known solution for Carter's sta83 instance by decomposing the problem into three parts, each closed by a different approach (MIP with CPLEX, clique-based enumeration and lower bounds). The paper reports the optimum as 95947 (157.0327 per student) and also gives optimal solutions for subproblems and two new best known solutions.",Single small instance proven optimal; heavy computation (several hours); proceedings paper without DOI.,Proven optimum for sta83 (conference),Problem decomposition + mixed integer programming + enumeration/lower bounds,A proven optimal result for a benchmark instance of the uncapacitated examination timetabling problem
B26g,B26g,"Dimitsas et al., 2025",journal,2025,True,"Dimitsas, A., Gogos, C., Valouxis, C., Nastos, V. and Alefragis, P. (2025) 'A proven optimal result for a benchmark instance of the uncapacitated examination timetabling problem', Journal of Scheduling, 28(2), pp. 183–194. Available at: https://doi.org/10.1007/s10951-024-00805-0.","Dimitsas, A., Gogos, C., Valouxis, C., Nastos, V. and Alefragis, P. (2025) 'A proven optimal result for a benchmark instance of the uncapacitated examination timetabling problem', ",Journal of Scheduling,", 28(2), pp. 183–194. Available at: https://doi.org/10.1007/s10951-024-00805-0.",https://doi.org/10.1007/s10951-024-00805-0,metadata+abstract,verified,"Journal version of B20: proves optimality of the best known sta83 (Carter) solution by decomposing the problem into three parts, each closed with a different approach. It also gives optimal solutions to subproblems in public datasets and two best known solutions.",Single instance proven optimal; same work as the PATAT 2022 paper.,Proven optimum for sta83 (journal),Decomposition + mixed integer programming / exact methods,A proven optimal result for a benchmark instance of the uncapacitated examination timetabling problem
A01e,A01e;A33c,"Dupin, 2024",conference,2024,True,"Dupin, N. (2024) 'Matheuristic variants of DSATUR for the vertex coloring problem', in Metaheuristics: MIC 2024. Cham: Springer (Lecture Notes in Computer Science, 14754), pp. 96–111. Available at: https://doi.org/10.1007/978-3-031-62922-8_7.","Dupin, N. (2024) 'Matheuristic variants of DSATUR for the vertex coloring problem', in ",Metaheuristics: MIC 2024,". Cham: Springer (Lecture Notes in Computer Science, 14754), pp. 96–111. Available at: https://doi.org/10.1007/978-3-031-62922-8_7.",https://doi.org/10.1007/978-3-031-62922-8_7,metadata+abstract,verified,"Adds matheuristic operators to DSATUR: clique and partial-optimal-colouring initialisation of saturation, and an ILP for larger local greedy optimisation in the construction step. Also derives dual bounds. Computational results analyse why DSATUR is inefficient and its strengths and weaknesses.",Vertex colouring benchmarks; not timetabling-specific.,Algorithm review / literature synthesis,"DSATUR (evidence of continued use, A01)",Matheuristic variants of DSATUR for the vertex coloring problem
B13,B13,"Eley, 2007",conference,2007,False,"Eley, M. (2007) 'Ant algorithms for the exam timetabling problem', in Practice and Theory of Automated Timetabling VI: PATAT 2006. Edited by E.K. Burke and H. Rudová. Berlin: Springer (Lecture Notes in Computer Science, 3867), pp. 364–382. Available at: https://doi.org/10.1007/978-3-540-77345-0_23.","Eley, M. (2007) 'Ant algorithms for the exam timetabling problem', in ",Practice and Theory of Automated Timetabling VI: PATAT 2006,". Edited by E.K. Burke and H. Rudová. Berlin: Springer (Lecture Notes in Computer Science, 3867), pp. 364–382. Available at: https://doi.org/10.1007/978-3-540-77345-0_23.",https://doi.org/10.1007/978-3-540-77345-0_23,metadata+abstract,verified,"Presents two ant colony approaches for exam timetabling, a Max-Min and an ANTCOL approach, and compares them with other heuristics on the Toronto benchmarks. Despite some shortcomings, ANTCOL was found to be among the best algorithms then in use.",Pre-window; conference chapter.,Algorithm review / literature synthesis,"Ant colony optimisation (Max-Min Ant System, ANTCOL)",Ant algorithms for the exam timetabling problem
A15,A15,"Faber, Jabrayilov and Mutzel, 2024",conference,2024,True,"Faber, D., Jabrayilov, A. and Mutzel, P. (2024) 'SAT encoding of partial ordering models for graph coloring problems', in 27th International Conference on Theory and Applications of Satisfiability Testing (SAT 2024). Dagstuhl: Schloss Dagstuhl (LIPIcs, 305), pp. 12:1–12:20. Available at: https://doi.org/10.4230/LIPIcs.SAT.2024.12.","Faber, D., Jabrayilov, A. and Mutzel, P. (2024) 'SAT encoding of partial ordering models for graph coloring problems', in ",27th International Conference on Theory and Applications of Satisfiability Testing (SAT 2024),". Dagstuhl: Schloss Dagstuhl (LIPIcs, 305), pp. 12:1–12:20. Available at: https://doi.org/10.4230/LIPIcs.SAT.2024.12.",https://doi.org/10.4230/LIPIcs.SAT.2024.12,metadata+abstract,verified,"Proposes SAT encodings of the partial-ordering ILP model for graph colouring (GCP) and bandwidth colouring (BCP). On DIMACS instances the GCP encoding is effective for sparse graphs and outperforms some state-of-the-art approaches. For BCP the formulations are asymptotically smaller than assignment-based ones, and several open BCP instances are solved for the first time.",Benchmark (DIMACS and BCP literature) instances only.,Algorithm review (SAT encodings),SAT encoding of partial-ordering (POP) models,SAT encoding of partial ordering models for graph coloring problems
A01e2,A01e2,"Furini, Gabrel and Ternier, 2017",journal,2017,True,"Furini, F., Gabrel, V. and Ternier, I.-C. (2017) 'An improved DSATUR-based branch-and-bound algorithm for the vertex coloring problem', Networks, 69(1), pp. 124–141. Available at: https://doi.org/10.1002/net.21716.","Furini, F., Gabrel, V. and Ternier, I.-C. (2017) 'An improved DSATUR-based branch-and-bound algorithm for the vertex coloring problem', ",Networks,", 69(1), pp. 124–141. Available at: https://doi.org/10.1002/net.21716.",https://doi.org/10.1002/net.21716,metadata+abstract,verified,"Improves DSATUR-based branch-and-bound for exact vertex colouring by using a reduced graph to recompute lower bounds at tree nodes, where the original computes the bound only once. Compares classical bounds and a new stable-set-based bound. Outperforms the state of the art on dense random instances and enlarges the instances solved to proven optimality.",Random dense instances emphasised; exact method scales only to moderate sizes.,"Algorithm review (exact DSATUR B&B, recent)","Exact DSATUR branch-and-bound (evidence for A01, and for A17/A16 lineage)",An improved DSATUR-based branch-and-bound algorithm for the vertex coloring problem
A10,A10,"Galinier and Hao, 1999",journal,1999,False,"Galinier, P. and Hao, J.-K. (1999) 'Hybrid evolutionary algorithms for graph coloring', Journal of Combinatorial Optimization, 3(4), pp. 379–397. Available at: https://doi.org/10.1023/A:1009823419804.","Galinier, P. and Hao, J.-K. (1999) 'Hybrid evolutionary algorithms for graph coloring', ",Journal of Combinatorial Optimization,", 3(4), pp. 379–397. Available at: https://doi.org/10.1023/A:1009823419804.",https://doi.org/10.1023/A:1009823419804,metadata+abstract,verified,"Embeds local search in an evolutionary algorithm framework, combining specialised crossover operators with tabu search for graph colouring. Reports competitive or better results than state-of-the-art methods on DIMACS benchmark graphs (IDEAS/RePEc abstract, only partly quoted verbatim).",Abstract only partly retrieved; benchmark-graph evaluation only.,Algorithm review / literature synthesis,HEA (hybrid evolutionary algorithm: GPX crossover + TabuCol),Hybrid evolutionary algorithms for graph coloring
A06,A06,"Garey and Johnson, 1979",book,1979,False,"Garey, M.R. and Johnson, D.S. (1979) Computers and Intractability: A Guide to the Theory of NP-Completeness. San Francisco, CA: W.H. Freeman.","Garey, M.R. and Johnson, D.S. (1979) ",Computers and Intractability: A Guide to the Theory of NP-Completeness,". San Francisco, CA: W.H. Freeman.",,metadata_only,verified,"no abstract retrieved. The publisher description (Google Books) says the book shows how to recognise NP-complete problems, gives practical suggestions for handling them, and catalogues more than 300 NP-complete and NP-hard problems.",,Q2 complexity background,NP-completeness theory (reference catalogue),Computers and Intractability: A Guide to the Theory of NP-Completeness
A06b,A06b,"Garey, Johnson and Stockmeyer, 1976",journal,1976,False,"Garey, M.R., Johnson, D.S. and Stockmeyer, L. (1976) 'Some simplified NP-complete graph problems', Theoretical Computer Science, 1(3), pp. 237–267. Available at: https://doi.org/10.1016/0304-3975(76)90059-1.","Garey, M.R., Johnson, D.S. and Stockmeyer, L. (1976) 'Some simplified NP-complete graph problems', ",Theoretical Computer Science,", 1(3), pp. 237–267. Available at: https://doi.org/10.1016/0304-3975(76)90059-1.",https://doi.org/10.1016/0304-3975(76)90059-1,metadata+abstract,verified,"Abstract (ScienceDirect, read 4 Oct 2026): several NP-complete problems remain NP-complete on substantially restricted domains; for Graph 3-Colorability (and Node Cover, Undirected Hamiltonian Circuit) the paper determines essentially the lowest node-degree bounds for which the problems remain NP-complete.",Pre-window foundational original; abstract only.,Q2 NP-completeness of 3-colourability (fixed k >= 3),,Some simplified NP-complete graph problems
C23a,C23a,"Garnero et al., 2018",journal,2018,True,"Garnero, V., Junosza-Szaniawski, K., Liedloff, M., Montealegre, P. and Rzążewski, P. (2018) 'Fixing improper colorings of graphs', Theoretical Computer Science, 711, pp. 66–78. Available at: https://doi.org/10.1016/j.tcs.2017.11.013.","Garnero, V., Junosza-Szaniawski, K., Liedloff, M., Montealegre, P. and Rzążewski, P. (2018) 'Fixing improper colorings of graphs', ",Theoretical Computer Science,", 711, pp. 66–78. Available at: https://doi.org/10.1016/j.tcs.2017.11.013.",https://doi.org/10.1016/j.tcs.2017.11.013,metadata+abstract,verified,"Defines Color-Fixing: given a non-proper r-colouring of a graph, find a proper r-colouring that differs from it on as few vertices as possible. The problem is NP-complete for every r >= 3, even on bipartite planar graphs. It is fixed-parameter tractable in the number k of recoloured vertices. Other results: a 2^n n^O(1) exact algorithm, a linear algorithm for bounded treewidth, lower bounds under standard assumptions, and the notion of the 'fixing number' of a graph.","Theory only, with no experiments or timetabling application.",Q2/Q6 complexity of the repair problem (Color-Fixing); FPT basis of Tier 4,Exact exponential and FPT algorithms; hardness proofs,Fixing improper colorings of graphs
B25,B25,"Ghaffar et al., 2025",journal,2025,True,"Ghaffar, A., Ud Din, I., Tariq, A. and Zafar, M.H. (2025) 'Hybridization and artificial intelligence in optimizing university examination timetabling problem: a systematic review', Review of Education, 13(2), article e70071. Available at: https://doi.org/10.1002/rev3.70071.","Ghaffar, A., Ud Din, I., Tariq, A. and Zafar, M.H. (2025) 'Hybridization and artificial intelligence in optimizing university examination timetabling problem: a systematic review', ",Review of Education,", 13(2), article e70071. Available at: https://doi.org/10.1002/rev3.70071.",https://doi.org/10.1002/rev3.70071,metadata+abstract,verified,"Systematic review of heuristic, metaheuristic, mixed integer programming, hybrid and hyper-heuristic approaches, and the role of AI, for university exam timetabling. Gaps identified include the level of hybridisation between population-based and local search, design of the initial solution, balancing multiple stakeholders, and phase-wise partial solution construction.","Education-research journal rather than OR/CS venue; OpenAlex abstract reconstruction is garbled, so wording is approximate.",Recent systematic review (exam timetabling),Systematic literature review,Hybridization and artificial intelligence in optimizing university examination timetabling problem: a systematic review
C22d,C22d,"Ghaffari and Koo, 2025",preprint,2025,True,"Ghaffari, M. and Koo, J. (2025) 'Dynamic Graph Coloring: Sequential, Parallel, and Distributed'. arXiv [Preprint]. Available at: https://doi.org/10.48550/arXiv.2512.09218.","Ghaffari, M. and Koo, J. (2025) 'Dynamic Graph Coloring: Sequential, Parallel, and Distributed'. ",arXiv, [Preprint]. Available at: https://doi.org/10.48550/arXiv.2512.09218.,https://doi.org/10.48550/arXiv.2512.09218,metadata+abstract,verified,"A simple randomized algorithm maintains a (Delta+1)-colouring under edge insertions and deletions with O(1) expected worst-case time per update, strengthening the amortized O(1) results of C04 and C05. It extends to batch-parallel and distributed settings.","Preprint, not peer reviewed. The palette is degree-based. No minimal-perturbation objective.",Algorithm review / literature synthesis,Randomized dynamic (Delta+1)-colouring,"Dynamic Graph Coloring: Sequential, Parallel, and Distributed"
A13,A13,"Goudet, Grelier and Hao, 2022",journal,2022,True,"Goudet, O., Grelier, C. and Hao, J.-K. (2022) 'A deep learning guided memetic framework for graph coloring problems', Knowledge-Based Systems, 258, article 109986 (article number). Available at: https://doi.org/10.1016/j.knosys.2022.109986.","Goudet, O., Grelier, C. and Hao, J.-K. (2022) 'A deep learning guided memetic framework for graph coloring problems', ",Knowledge-Based Systems,", 258, article 109986 (article number). Available at: https://doi.org/10.1016/j.knosys.2022.109986.",https://doi.org/10.1016/j.knosys.2022.109986,metadata+abstract,verified,Proposes a framework combining a deep neural network with conventional heuristics (a memetic framework) for graph colouring. Reports competitive results on vertex-colouring and weighted-colouring benchmarks (from a partial abstract on the co-author's publications page).,Only a partial/paraphrased abstract was retrieved; benchmark instances only.,Algorithm review / literature synthesis,Deep-learning-guided memetic algorithm (extends HEA-style memetics),A deep learning guided memetic framework for graph coloring problems
A10e,A10e,"Guo and Guo, 2023",journal,2023,True,"Guo, P. and Guo, B. (2023) 'NERS_HEAD: a new hybrid evolutionary algorithm for solving graph coloring problem', Soft Computing, 27(17), pp. 12117–12131. Available at: https://doi.org/10.1007/s00500-023-08413-4.","Guo, P. and Guo, B. (2023) 'NERS_HEAD: a new hybrid evolutionary algorithm for solving graph coloring problem', ",Soft Computing,", 27(17), pp. 12117–12131. Available at: https://doi.org/10.1007/s00500-023-08413-4.",https://doi.org/10.1007/s00500-023-08413-4,metadata+abstract,verified,"Calls the hybrid evolutionary algorithm one of the most effective graph colouring methods and proposes NERS_HEAD, with local-optimum detection and a new elite structure and replacement strategy to keep diversity. On 59 DIMACS instances it improves efficiency and success rate over current leading algorithms.",DIMACS benchmarks only.,Algorithm review / literature synthesis,"HEA/HEAD lineage (evidence for A10, A12)",NERS_HEAD: a new hybrid evolutionary algorithm for solving graph coloring problem
C17,C17,"Gülcü and Akkan, 2020",journal,2020,True,"Gülcü, A. and Akkan, C. (2020) 'Robust university course timetabling problem subject to single and multiple disruptions', European Journal of Operational Research, 283(2), pp. 630–646. Available at: https://doi.org/10.1016/j.ejor.2019.11.024.","Gülcü, A. and Akkan, C. (2020) 'Robust university course timetabling problem subject to single and multiple disruptions', ",European Journal of Operational Research,", 283(2), pp. 630–646. Available at: https://doi.org/10.1016/j.ejor.2019.11.024.",https://doi.org/10.1016/j.ejor.2019.11.024,metadata+abstract,verified,"Builds robust course timetables, where robustness means few changes are needed when disruptions occur. It defines single-disruption and multiple-disruption versions. Two multi-objective simulated annealing algorithms (MOSA-SD, MOSA-SAA) approximate Pareto fronts of soft-constraint penalty versus robustness. On ITC data, MOSA-SD beats a genetic algorithm, and MOSA-SAA does better under multiple disruptions, using a solution network for efficient evaluation.","Proactive robustness, not reactive repair. Course timetabling. ITC data.",Related work (robust course timetabling),"Multi-objective simulated annealing (MOSA-SD, MOSA-SAA)",Robust university course timetabling problem subject to single and multiple disruptions
D01,D01,"Hagberg, Schult and Swart, 2008",conference,2008,False,"Hagberg, A.A., Schult, D. and Swart, P.J. (2008) 'Exploring network structure, dynamics, and function using NetworkX', in Proceedings of the 7th Python in Science Conference (SciPy 2008). Pasadena, CA, pp. 11–15. Available at: https://doi.org/10.25080/TCWV9851.","Hagberg, A.A., Schult, D. and Swart, P.J. (2008) 'Exploring network structure, dynamics, and function using NetworkX', in ",Proceedings of the 7th Python in Science Conference (SciPy 2008),". Pasadena, CA, pp. 11–15. Available at: https://doi.org/10.25080/TCWV9851.",https://doi.org/10.25080/TCWV9851,metadata+abstract,corrected,"Presents NetworkX, a Python package for studying network structure and algorithms: data structures for many graph types (incl. directed graphs and self-loops), nodes as any hashable object with flexible attribute data, algorithms for metrics such as shortest paths, centrality and clustering, generators for classic models (Erdos-Renyi, small-world, Barabasi-Albert), and integration with SciPy (abstract via OpenAlex, paraphrased by fetch tool).","Describes the 2008 package; current API (NetworkX 3.x, incl. greedy_color strategies) differs and should be cited via D20 docs.",Algorithm review / literature synthesis,,"Exploring network structure, dynamics, and function using NetworkX"
C22b,C22b,"Hardy, Lewis and Thompson, 2016",conference,2016,,"Hardy, B., Lewis, R. and Thompson, J. (2016) 'Modifying Colourings Between Time-Steps to Tackle Changes in Dynamic Random Graphs', in Lecture Notes in Computer Science (conference volume not confirmed), pp. 186–201. Available at: https://doi.org/10.1007/978-3-319-30698-8_13.","Hardy, B., Lewis, R. and Thompson, J. (2016) 'Modifying Colourings Between Time-Steps to Tackle Changes in Dynamic Random Graphs', in ",Lecture Notes in Computer Science (conference volume not confirmed),", pp. 186–201. Available at: https://doi.org/10.1007/978-3-319-30698-8_13.",https://doi.org/10.1007/978-3-319-30698-8_13,metadata_only,verified,,"Abstract not retrieved. From the title only, this is the conference precursor of C09 on random dynamic graphs.",Not cited: conference volume could not be confirmed,Colouring-modification operators between time steps (from title only),Modifying Colourings Between Time-Steps to Tackle Changes in Dynamic Random Graphs
C09,C09,"Hardy, Lewis and Thompson, 2018",journal,2018,True,"Hardy, B., Lewis, R. and Thompson, J.M. (2018) 'Tackling the edge dynamic graph colouring problem with and without future adjacency information', Journal of Heuristics, 24(3), pp. 321–343. Available at: https://doi.org/10.1007/s10732-017-9327-z.","Hardy, B., Lewis, R. and Thompson, J.M. (2018) 'Tackling the edge dynamic graph colouring problem with and without future adjacency information', ",Journal of Heuristics,", 24(3), pp. 321–343. Available at: https://doi.org/10.1007/s10732-017-9327-z.",https://doi.org/10.1007/s10732-017-9327-z,full_text,corrected,"For edge-dynamic graphs, proposes ways to turn the feasible colouring at time t into an initial colouring at t+1, for random changes and for changes with probabilistic future information. Methods: reset (recolour from scratch); pass the old colouring with its clashes to tabu search; uncolour clashing vertices; and solveClashes (build a partial proper colouring, reinsert vertices, colour the residual graph). The text defines a Kempe-chain interchange operator. Experiments show that reusing the previous colouring helps. Exam timetabling is named as a motivating application.","Minimises the number of colours by solving successive k-colouring problems. Per the full text, it does not measure how many vertices change colour between time steps (no stability or perturbation objective). Experiments use edge-dynamic random graphs (n=500), not timetabling or Toronto instances.",Kempe chains in edge-dynamic colouring,"Modification operators (reset, calculateClashes, uncolourClashes, solveClashes) feeding TabuCol-style tabu search; Kempe-chain interchange",Tackling the edge dynamic graph colouring problem with and without future adjacency information
D02,D02,"Harris et al., 2020",journal,2020,True,"Harris, C.R., Millman, K.J., van der Walt, S.J., Gommers, R., Virtanen, P., Cournapeau, D., Wieser, E., Taylor, J., Berg, S., Smith, N.J., Kern, R., Picus, M., Hoyer, S., van Kerkwijk, M.H., Brett, M., Haldane, A., Fernández del Río, J., Wiebe, M., Peterson, P., Gérard-Marchant, P., Sheppard, K., Reddy, T., Weckesser, W., Abbasi, H., Gohlke, C. and Oliphant, T.E. (2020) 'Array programming with NumPy', Nature, 585(7825), pp. 357–362. Available at: https://doi.org/10.1038/s41586-020-2649-2.","Harris, C.R., Millman, K.J., van der Walt, S.J., Gommers, R., Virtanen, P., Cournapeau, D., Wieser, E., Taylor, J., Berg, S., Smith, N.J., Kern, R., Picus, M., Hoyer, S., van Kerkwijk, M.H., Brett, M., Haldane, A., Fernández del Río, J., Wiebe, M., Peterson, P., Gérard-Marchant, P., Sheppard, K., Reddy, T., Weckesser, W., Abbasi, H., Gohlke, C. and Oliphant, T.E. (2020) 'Array programming with NumPy', ",Nature,", 585(7825), pp. 357–362. Available at: https://doi.org/10.1038/s41586-020-2649-2.",https://doi.org/10.1038/s41586-020-2649-2,metadata+abstract,verified,"NumPy is the primary array programming library for Python and 'the foundation upon which the scientific ecosystem is constructed'; the review explains how a few fundamental array concepts yield a simple, powerful paradigm for organising, exploring and analysing scientific data, and notes NumPy increasingly acts as an interoperability layer between array libraries.",Software overview/review; no performance benchmarks relevant to graph colouring.,Python ecosystem (NumPy),,Array programming with NumPy
A24,A24,"Hebrard and Katsirelos, 2019",conference,2019,True,"Hebrard, E. and Katsirelos, G. (2019) 'A Hybrid Approach for Exact Coloring of Massive Graphs', in Integration of Constraint Programming, Artificial Intelligence, and Operations Research: CPAIOR 2019. Cham: Springer (Lecture Notes in Computer Science, 11494), pp. 374–390. Available at: https://doi.org/10.1007/978-3-030-19212-9_25.","Hebrard, E. and Katsirelos, G. (2019) 'A Hybrid Approach for Exact Coloring of Massive Graphs', in ","Integration of Constraint Programming, Artificial Intelligence, and Operations Research: CPAIOR 2019",". Cham: Springer (Lecture Notes in Computer Science, 11494), pp. 374–390. Available at: https://doi.org/10.1007/978-3-030-19212-9_25.",https://doi.org/10.1007/978-3-030-19212-9_25,metadata+abstract,verified,"Combines local search, to find good colourings of massive graphs, with the identification of small subgraphs of potentially large chromatic number that yield strong lower bounds, making it possible to solve extremely large graphs optimally even when they have large k-cores.",Targets massive sparse real-world networks; exactness depends on finding matching bounds.,Algorithm review (hybrid exact),Hybrid local search + lower-bounding subgraph extraction for exact colouring,A Hybrid Approach for Exact Coloring of Massive Graphs
C04,C04,"Henzinger and Peng, 2022",journal,2022,True,"Henzinger, M.R. and Peng, P. (2022) 'Constant-time Dynamic (Δ+1)-Coloring', ACM Transactions on Algorithms, 18(2), pp. 1–21. Available at: https://doi.org/10.1145/3501403.","Henzinger, M.R. and Peng, P. (2022) 'Constant-time Dynamic (Δ+1)-Coloring', ",ACM Transactions on Algorithms,", 18(2), pp. 1–21. Available at: https://doi.org/10.1145/3501403.",https://doi.org/10.1145/3501403,metadata+abstract,verified,"Fully dynamic Las Vegas algorithm with constant expected amortized time per update that maintains a proper (Delta+1)-vertex colouring, based on random vertex ranks. It also shows that deciding Delta-colourability in a dynamic graph needs Omega(log n) time per operation.",Theory only. The (Delta+1) palette is not the timetable's fixed number of periods. It does not minimise the number of recoloured vertices.,Algorithm review / literature synthesis,Random-rank-based dynamic (Delta+1)-colouring,Constant-time Dynamic (Δ+1)-Coloring
A09,A09,"Hertz and de Werra, 1987",journal,1987,False,"Hertz, A. and de Werra, D. (1987) 'Using tabu search techniques for graph coloring', Computing, 39(4), pp. 345–351. Available at: https://doi.org/10.1007/BF02239976.","Hertz, A. and de Werra, D. (1987) 'Using tabu search techniques for graph coloring', ",Computing,", 39(4), pp. 345–351. Available at: https://doi.org/10.1007/BF02239976.",https://doi.org/10.1007/BF02239976,metadata_only,verified,no abstract retrieved,,Algorithm review / literature synthesis,TabuCol (tabu search for k-colouring),Using tabu search techniques for graph coloring
D14,D14,"Hooker, 1995",journal,1995,False,"Hooker, J. (1995) 'Testing heuristics: we have it all wrong', Journal of Heuristics, 1(1), pp. 33–42. Available at: https://doi.org/10.1007/BF02430364.","Hooker, J. (1995) 'Testing heuristics: we have it all wrong', ",Journal of Heuristics,", 1(1), pp. 33–42. Available at: https://doi.org/10.1007/BF02430364.",https://doi.org/10.1007/BF02430364,metadata_only,verified,,No abstract in OpenAlex; Springer page could not be read (proxy rate limit). Content not verified.,Algorithm review / literature synthesis,,Testing heuristics: we have it all wrong
D04,D04,"Hunter, 2007",journal,2007,False,"Hunter, J.D. (2007) 'Matplotlib: a 2D graphics environment', Computing in Science & Engineering, 9(3), pp. 90–95. Available at: https://doi.org/10.1109/MCSE.2007.55.","Hunter, J.D. (2007) 'Matplotlib: a 2D graphics environment', ",Computing in Science & Engineering,", 9(3), pp. 90–95. Available at: https://doi.org/10.1109/MCSE.2007.55.",https://doi.org/10.1109/MCSE.2007.55,metadata+abstract,verified,"Matplotlib is a 2D graphics package used for Python application development, interactive scripting, and publication-quality image generation across user interfaces and operating systems.",Pre-window foundational software citation; closed access.,Algorithm review / literature synthesis,,Matplotlib: a 2D graphics environment
A14,A14,"Jabrayilov and Mutzel, 2018",conference,2018,True,"Jabrayilov, A. and Mutzel, P. (2018) 'New integer linear programming models for the vertex coloring problem', in LATIN 2018: Theoretical Informatics. Cham: Springer (Lecture Notes in Computer Science, 10807), pp. 640–652. Available at: https://doi.org/10.1007/978-3-319-77404-6_47.","Jabrayilov, A. and Mutzel, P. (2018) 'New integer linear programming models for the vertex coloring problem', in ",LATIN 2018: Theoretical Informatics,". Cham: Springer (Lecture Notes in Computer Science, 10807), pp. 640–652. Available at: https://doi.org/10.1007/978-3-319-77404-6_47.",https://doi.org/10.1007/978-3-319-77404-6_47,metadata+abstract,verified,"Introduces partial-ordering-based ILP formulations for vertex colouring that can be passed directly to a standard ILP solver (Gurobi). They are compared with the assignment and representatives formulations: the partial-ordering models dominate on sparse graphs, while the representatives formulation is best on dense graphs.",Evaluated on benchmark and random graphs; abstract from the arXiv preprint.,Algorithm review (ILP formulations),POP / partial-ordering ILP models for vertex colouring,New integer linear programming models for the vertex coloring problem
A19,A19,"Johnson et al., 1991",journal,1991,False,"Johnson, D.S., Aragon, C., McGeoch, L.A. and Schevon, C.A. (1991) 'Optimization by Simulated Annealing: An Experimental Evaluation; Part II, Graph Coloring and Number Partitioning', Operations Research, 39(3), pp. 378–406. Available at: https://doi.org/10.1287/opre.39.3.378.","Johnson, D.S., Aragon, C., McGeoch, L.A. and Schevon, C.A. (1991) 'Optimization by Simulated Annealing: An Experimental Evaluation; Part II, Graph Coloring and Number Partitioning', ",Operations Research,", 39(3), pp. 378–406. Available at: https://doi.org/10.1287/opre.39.3.378.",https://doi.org/10.1287/opre.39.3.378,metadata+abstract,verified,"Adapts simulated annealing to graph colouring (and number partitioning); the annealing colouring schemes can dominate traditional techniques on certain graph types, at least when large amounts of computing time are available.",Dated original (1991); results tied to 1991-era hardware/time budgets; abstract notes advantage depends on graph type and long run times.,Algorithm review / literature synthesis,Simulated annealing (several graph-colouring annealing schemes),"Optimization by Simulated Annealing: An Experimental Evaluation; Part II, Graph Coloring and Number Partitioning"
D16,D16,"Johnson, 2002",chapter,2002,False,"Johnson, D. (2002) 'A theoretician's guide to the experimental analysis of algorithms', in Data Structures, Near Neighbor Searches, and Methodology: Fifth and Sixth DIMACS Implementation Challenges. Providence, RI: American Mathematical Society (DIMACS Series in Discrete Mathematics and Theoretical Computer Science, 59), pp. 215–250. Available at: https://doi.org/10.1090/dimacs/059/11.","Johnson, D. (2002) 'A theoretician's guide to the experimental analysis of algorithms', in ","Data Structures, Near Neighbor Searches, and Methodology: Fifth and Sixth DIMACS Implementation Challenges",". Providence, RI: American Mathematical Society (DIMACS Series in Discrete Mathematics and Theoretical Computer Science, 59), pp. 215–250. Available at: https://doi.org/10.1090/dimacs/059/11.",https://doi.org/10.1090/dimacs/059/11,metadata+abstract,verified,Draws on the author's experience to 'provide a useful guide to new experimentalists about how such work can best be performed' and challenges researchers to view their experimental methodology from a scientific perspective (abstract paraphrased by fetch tool).,"Pre-window; book chapter, closed access.",Algorithm review / literature synthesis,,A theoretician's guide to the experimental analysis of algorithms
A27,A27,"Jones and Plassmann, 1993",journal,1993,False,"Jones, M.T. and Plassmann, P.E. (1993) 'A Parallel Graph Coloring Heuristic', SIAM Journal on Scientific Computing, 14(3), pp. 654–669. Available at: https://doi.org/10.1137/0914041.","Jones, M.T. and Plassmann, P.E. (1993) 'A Parallel Graph Coloring Heuristic', ",SIAM Journal on Scientific Computing,", 14(3), pp. 654–669. Available at: https://doi.org/10.1137/0914041.",https://doi.org/10.1137/0914041,metadata+abstract,verified,"Presents an asynchronous graph colouring heuristic for distributed-memory parallel computers; on finite-element graphs it scales and usually comes within three or four colours of the best linear-time sequential heuristics, with expected running time O(log n / log log n) for bounded-degree graphs under the P-RAM model.",Dated original; parallel setting not central to exam timetabling.,Algorithm review / literature synthesis,Jones-Plassmann parallel (random-priority independent set) colouring,A Parallel Graph Coloring Heuristic
B22,B22,"Kahar and Kendall, 2010",journal,2010,False,"Kahar, M.N.M. and Kendall, G. (2010) 'The examination timetabling problem at Universiti Malaysia Pahang: comparison of a constructive heuristic with an existing software solution', European Journal of Operational Research, 207(2), pp. 557–565. Available at: https://doi.org/10.1016/j.ejor.2010.04.011.","Kahar, M.N.M. and Kendall, G. (2010) 'The examination timetabling problem at Universiti Malaysia Pahang: comparison of a constructive heuristic with an existing software solution', ",European Journal of Operational Research,", 207(2), pp. 557–565. Available at: https://doi.org/10.1016/j.ejor.2010.04.011.",https://doi.org/10.1016/j.ejor.2010.04.011,metadata+abstract,verified,"Formally defines a real-world capacitated exam timetabling problem at Universiti Malaysia Pahang with new constraints (distance between rooms, splitting exams across rooms). A constructive heuristic gives better solutions than the university's existing software and meets all hard constraints, which the existing system does not.",Pre-window; single institution.,Algorithm review / literature synthesis,Constructive heuristic,The examination timetabling problem at Universiti Malaysia Pahang: comparison of a constructive heuristic with an existing software solution
A05,A05,"Karp, 1972",chapter,1972,False,"Karp, R.M. (1972) 'Reducibility among combinatorial problems', in Complexity of Computer Computations. Edited by R.E. Miller, J.W. Thatcher and J.D. Bohlinger. Boston, MA: Springer, pp. 85–103. Available at: https://doi.org/10.1007/978-1-4684-2001-2_9.","Karp, R.M. (1972) 'Reducibility among combinatorial problems', in ",Complexity of Computer Computations,". Edited by R.E. Miller, J.W. Thatcher and J.D. Bohlinger. Boston, MA: Springer, pp. 85–103. Available at: https://doi.org/10.1007/978-1-4684-2001-2_9.",https://doi.org/10.1007/978-1-4684-2001-2_9,metadata+abstract,verified,"Encodes problems on graphs, sets, integers and Boolean formulas as language-recognition problems, treating a problem as satisfactorily solved by a polynomial-time algorithm. Shows that many classic unsolved covering, matching, packing, routing, assignment and sequencing problems are equivalent: either all have polynomial-bounded algorithms or none does.",Theoretical complexity result; no algorithms or experiments.,Q2 NP-completeness of k-colouring,NP-completeness reductions (includes chromatic number / graph colouring),Reducibility among combinatorial problems
C10,C10,"Kashyop et al., 2023",journal,2023,True,"Kashyop, M.J., Narayanaswamy, N.S., Nasre, M. and Potluri, S.M. (2023) 'Trade-Offs in Dynamic Coloring for Bipartite and General Graphs', Algorithmica, 85(4), pp. 854–878. Available at: https://doi.org/10.1007/s00453-022-01050-7.","Kashyop, M.J., Narayanaswamy, N.S., Nasre, M. and Potluri, S.M. (2023) 'Trade-Offs in Dynamic Coloring for Bipartite and General Graphs', ",Algorithmica,", 85(4), pp. 854–878. Available at: https://doi.org/10.1007/s00453-022-01050-7.",https://doi.org/10.1007/s00453-022-01050-7,metadata+abstract,corrected,"Studies trade-offs between update time, query time and recolourings per update. For general graphs it gives deterministic algorithms with a constant number of recolourings per update. For bipartite graphs it proves a lower bound of Omega(log n) amortized recolourings for keeping a 2-colouring. It gets around this bound with more colours or with implicit colouring, giving near-constant update and query time for incremental colouring.",Theoretical. Palette is not fixed to a given number of periods. No timetabling experiments.,Algorithm review / literature synthesis,Deterministic dynamic colouring data structures; implicit colouring for bipartite graphs,Trade-Offs in Dynamic Coloring for Bipartite and General Graphs
A35c,A35c,"Khair et al., 2018",journal,2018,True,"Khair, A.F., Makhtar, M., Mazlan, M., Mohamed, M.A. and Abdul Rahman, M.N. (2018) 'Solving examination timetabling problem in UniSZA using ant colony optimization', International Journal of Engineering & Technology, 7(2.15), pp. 132–135. Available at: https://doi.org/10.14419/ijet.v7i2.15.11369.","Khair, A.F., Makhtar, M., Mazlan, M., Mohamed, M.A. and Abdul Rahman, M.N. (2018) 'Solving examination timetabling problem in UniSZA using ant colony optimization', ",International Journal of Engineering & Technology,", 7(2.15), pp. 132–135. Available at: https://doi.org/10.14419/ijet.v7i2.15.11369.",https://doi.org/10.14419/ijet.v7i2.15.11369,metadata+abstract,verified,Applies an ant system (ACO) to the university examination timetabling problem at UniSZA.,"Low-quality venue (IJET, Science Publishing Corporation); 4-page paper; abstract reports no quantitative results. Use only as evidence that ACO is still applied to exam timetabling.",Algorithm review / literature synthesis,Ant System (ACO) for exam timetabling,Solving examination timetabling problem in UniSZA using ant colony optimization
C21d,C21d,"Kingston, 2016",conference,2016,,"Kingston, J.H. (2016) 'Specifying and Solving Minimal Perturbation Problems in Timetabling', in Proceedings of the 11th International Conference on the Practice and Theory of Automated Timetabling (PATAT 2016), pp. 207–210. Available at: https://www.patatconference.org/patat2016/files/proceedings/paper_18.pdf (Accessed: 4 October 2026).","Kingston, J.H. (2016) 'Specifying and Solving Minimal Perturbation Problems in Timetabling', in ",Proceedings of the 11th International Conference on the Practice and Theory of Automated Timetabling (PATAT 2016),", pp. 207–210. Available at: https://www.patatconference.org/patat2016/files/proceedings/paper_18.pdf (Accessed: 4 October 2026).",https://www.patatconference.org/patat2016/files/proceedings/paper_18.pdf,full_text,verified,"For every kind of timetable construction problem there is a minimal perturbation problem: adapt an existing timetable to unexpected requirement changes while minimising changes. Shows how to specify such problems in XHSTT by comparing old and new instances and building an 'amended solution' that removes assignments no longer legal and adds preference constraints for keeping the rest, so existing solvers can be reused. Contains no experimental results.","Specification and conceptual paper only; it introduces no new repair algorithm and reports no experiments. High-school and course focus, not exams.",Algorithm review / literature synthesis,Amended-solution reformulation for existing XHSTT solvers (no new algorithm),Specifying and Solving Minimal Perturbation Problems in Timetabling
A35a,A35a,"Kole and Pal, 2025",journal,2025,True,"Kole, A. and Pal, A.J. (2025) 'Efficient Hybridization of Quantum Annealing and Ant Colony Optimization for Coloring DIMACS Graph Instances', Journal of Heuristics, 31(3), article 29. Available at: https://doi.org/10.1007/s10732-025-09565-2.","Kole, A. and Pal, A.J. (2025) 'Efficient Hybridization of Quantum Annealing and Ant Colony Optimization for Coloring DIMACS Graph Instances', ",Journal of Heuristics,", 31(3), article 29. Available at: https://doi.org/10.1007/s10732-025-09565-2.",https://doi.org/10.1007/s10732-025-09565-2,metadata+abstract,verified,"Hybridises ACO and quantum annealing for graph colouring on 100 DIMACS instances; QA alone gave better chromatic numbers but excessive runtime on large instances, ACO was faster on simple cases but weaker on complex ones, and the hybrid achieved optimal/best-known results on complex graphs with less time on large instances (Friedman and Nemenyi tests).",Closed access; abstract came through a summarising fetch of the Springer page.,Algorithm review / literature synthesis,Hybrid ant colony optimisation + quantum annealing,Efficient Hybridization of Quantum Annealing and Ant Colony Optimization for Coloring DIMACS Graph Instances
C21f,C21f,"Kotas, Pham and Koellmann, 2022",journal,2022,True,"Kotas, J., Pham, P. and Koellmann, S. (2022) 'Optimal Minimal-Perturbation University Scheduling With Faculty Preferences', The PUMP Journal of Undergraduate Research, 5, pp. 80–88. Available at: https://doi.org/10.46787/pump.v5i0.2543.","Kotas, J., Pham, P. and Koellmann, S. (2022) 'Optimal Minimal-Perturbation University Scheduling With Faculty Preferences', ",The PUMP Journal of Undergraduate Research,", 5, pp. 80–88. Available at: https://doi.org/10.46787/pump.v5i0.2543.",https://doi.org/10.46787/pump.v5i0.2543,metadata+abstract,verified,"When course sections are added or cancelled shortly before term, teaching staffing must change. An ILP minimises the number of course swaps, which inconvenience instructors, and maximises instructors' time preferences. Tested on simulations of a hypothetical mid-sized department.","Instructor-assignment problem, not exam or graph-colouring repair. Undergraduate journal. Hypothetical data.",Algorithm review / literature synthesis,Integer linear programming (min swaps + preferences),Optimal Minimal-Perturbation University Scheduling With Faculty Preferences
D06,D06,"Kuhn, 1955",journal,1955,False,"Kuhn, H.W. (1955) 'The Hungarian method for the assignment problem', Naval Research Logistics Quarterly, 2(1-2), pp. 83–97. Available at: https://doi.org/10.1002/nav.3800020109.","Kuhn, H.W. (1955) 'The Hungarian method for the assignment problem', ",Naval Research Logistics Quarterly,", 2(1-2), pp. 83–97. Available at: https://doi.org/10.1002/nav.3800020109.",https://doi.org/10.1002/nav.3800020109,metadata+abstract,verified,Defines the assignment problem (assign n persons to n jobs to maximise total score) and shows that ideas latent in the work of two Hungarian mathematicians yield a new solution method.,"Foundational; SciPy's linear_sum_assignment uses a modified Jonker-Volgenant algorithm (D07), not Kuhn's original procedure.",Algorithm review / literature synthesis,,The Hungarian method for the assignment problem
A03,A03,"Leighton, 1979",journal,1979,False,"Leighton, F.T. (1979) 'A graph coloring algorithm for large scheduling problems', Journal of Research of the National Bureau of Standards, 84(6), pp. 489–506. Available at: https://doi.org/10.6028/jres.084.024.","Leighton, F.T. (1979) 'A graph coloring algorithm for large scheduling problems', ",Journal of Research of the National Bureau of Standards,", 84(6), pp. 489–506. Available at: https://doi.org/10.6028/jres.084.024.",https://doi.org/10.6028/jres.084.024,metadata+abstract,verified,"Presents a new graph colouring algorithm (RLF) and compares it with many known algorithms. It shows O(n^2) time on most sparse graphs and is suited to large scheduling problems. Also gives a generator of large random test graphs with known chromatic number, used to evaluate the algorithms.","Evaluation on generated random graphs, per the abstract.",Constructor (RLF); algorithm review,Recursive Largest First (RLF),A graph coloring algorithm for large scheduling problems
D17a,D17a,"Leiserson et al., 2020",journal,2020,True,"Leiserson, C.E., Thompson, N., Emer, J., Kuszmaul, B.C., Lampson, B., Sánchez, D. and Schardl, T.B. (2020) 'There's plenty of room at the Top: What will drive computer performance after Moore's law?', Science, 368(6495), article eaam9744. Available at: https://doi.org/10.1126/science.aam9744.","Leiserson, C.E., Thompson, N., Emer, J., Kuszmaul, B.C., Lampson, B., Sánchez, D. and Schardl, T.B. (2020) 'There's plenty of room at the Top: What will drive computer performance after Moore's law?', ",Science,", 368(6495), article eaam9744. Available at: https://doi.org/10.1126/science.aam9744.",https://doi.org/10.1126/science.aam9744,full_text,verified,"Multiplying two 4096x4096 matrices took 25,552.48 s (~7 h) in Python vs 2,372.68 s in Java (10.8x) and 542.67 s in C (47x); fully optimised parallel/vectorised C took 0.41 s (62,806x). 'Java and C avoid the extraneous work that Python does under the hood to make programming easier'; 'The price for this performance gain is programmer productivity: Coding in C is more onerous than coding in Python'. Post-Moore performance gains must come from software, algorithms and hardware architecture.",Single dense numeric kernel in pure Python loops; does not measure NumPy/SciPy-vectorised code or graph workloads.,Python performance trade-off,,There's plenty of room at the Top: What will drive computer performance after Moore's law?
B26a,B26a,"Leite et al., 2018",journal,2018,True,"Leite, N., Fernandes, C.M., Melício, F. and Rosa, A.C. (2018) 'A cellular memetic algorithm for the examination timetabling problem', Computers & Operations Research, 94, pp. 118–138. Available at: https://doi.org/10.1016/j.cor.2018.02.009.","Leite, N., Fernandes, C.M., Melício, F. and Rosa, A.C. (2018) 'A cellular memetic algorithm for the examination timetabling problem', ",Computers & Operations Research,", 94, pp. 118–138. Available at: https://doi.org/10.1016/j.cor.2018.02.009.",https://doi.org/10.1016/j.cor.2018.02.009,metadata+abstract,verified,"Cellular evolutionary algorithm (population in a cellular structure for diversity) hybridised with threshold acceptance local search, using feasibility-preserving recombination and local search operators. A low threshold-decreasing rate was needed; it found four new upper bounds on Toronto and three on ITC 2007.",Static timetabling; no disruption handling.,Algorithm review / literature synthesis,Cellular memetic algorithm (cellular EA + threshold acceptance),A cellular memetic algorithm for the examination timetabling problem
B07,B07,"Leite, Melício and Rosa, 2019",journal,2019,True,"Leite, N., Melício, F. and Rosa, A.C. (2019) 'A fast simulated annealing algorithm for the examination timetabling problem', Expert Systems with Applications, 122, pp. 137–151. Available at: https://doi.org/10.1016/j.eswa.2018.12.048.","Leite, N., Melício, F. and Rosa, A.C. (2019) 'A fast simulated annealing algorithm for the examination timetabling problem', ",Expert Systems with Applications,", 122, pp. 137–151. Available at: https://doi.org/10.1016/j.eswa.2018.12.048.",https://doi.org/10.1016/j.eswa.2018.12.048,metadata+abstract,verified,"Proposes FastSA, an SA variant in which an exam is only moved/evaluated if it had accepted moves in the preceding temperature bin (ten bins), since exams with no accepted moves tend to be 'crystallised'. This yields fewer evaluations than standard SA (abstract text from Semantic Scholar reports '17% less evaluations, on average') while remaining competitive on ITC 2007 instances.",Abstract does not report Toronto results; capacitated ITC2007 focus.,Algorithm review (FastSA),FastSA (simulated annealing with move-evaluation pruning); saturation-degree construction with Conflict-Based Statistics,A fast simulated annealing algorithm for the examination timetabling problem
A22,A22,"Lemos et al., 2019",conference,2019,True,"Lemos, H., Prates, M., Avelar, P. and Lamb, L.C. (2019) 'Graph Colouring Meets Deep Learning: Effective Graph Neural Network Models for Combinatorial Problems', in 2019 IEEE 31st International Conference on Tools with Artificial Intelligence (ICTAI). IEEE, pp. 879–885. Available at: https://doi.org/10.1109/ICTAI.2019.00125.","Lemos, H., Prates, M., Avelar, P. and Lamb, L.C. (2019) 'Graph Colouring Meets Deep Learning: Effective Graph Neural Network Models for Combinatorial Problems', in ",2019 IEEE 31st International Conference on Tools with Artificial Intelligence (ICTAI),". IEEE, pp. 879–885. Available at: https://doi.org/10.1109/ICTAI.2019.00125.",https://doi.org/10.1109/ICTAI.2019.00125,metadata+abstract,verified,"A simple GNN trained on random instances to decide colourability generalises to distributions not seen in training and performs better than NeuroSAT, Tabucol and greedy baselines for some distributions; vertex embeddings can be clustered to yield constructive colourings.",Trained as a binary (decision) classifier; outperforms baselines only for some distributions; small/random instances.,Algorithm review / literature synthesis,Graph neural network (GNN) decision model for k-colourability,Graph Colouring Meets Deep Learning: Effective Graph Neural Network Models for Combinatorial Problems
C14,C14,"Lemos, Monteiro and Lynce, 2020",conference,2020,True,"Lemos, A., Monteiro, P.T. and Lynce, I. (2020) 'Minimal Perturbation in University Timetabling with Maximum Satisfiability', in Integration of Constraint Programming, Artificial Intelligence, and Operations Research: CPAIOR 2020. Cham: Springer (Lecture Notes in Computer Science, 12296), pp. 317–333. Available at: https://doi.org/10.1007/978-3-030-58942-4_21.","Lemos, A., Monteiro, P.T. and Lynce, I. (2020) 'Minimal Perturbation in University Timetabling with Maximum Satisfiability', in ","Integration of Constraint Programming, Artificial Intelligence, and Operations Research: CPAIOR 2020",". Cham: Springer (Lecture Notes in Computer Science, 12296), pp. 317–333. Available at: https://doi.org/10.1007/978-3-030-58942-4_21.",https://doi.org/10.1007/978-3-030-58942-4_21,metadata+abstract,corrected,"Proposes a MaxSAT encoding that finds a new feasible university timetable with the fewest perturbations relative to the disrupted original. It is evaluated on real-world ITC 2019 instances, using the original solutions as starting points, and solves the disrupted instances efficiently.","Course timetabling (ITC 2019), not exams. Exact MaxSAT. Disruption model not detailed in the abstract.",Related work (MPP MaxSAT),MaxSAT minimal-perturbation encoding,Minimal Perturbation in University Timetabling with Maximum Satisfiability
C13,C13,"Lemos, Monteiro and Lynce, 2021",journal,2021,True,"Lemos, A., Monteiro, P.T. and Lynce, I. (2021) 'Disruptions in timetables: a case study at Universidade de Lisboa', Journal of Scheduling, 24(1), pp. 35–48. Available at: https://doi.org/10.1007/s10951-020-00666-3.","Lemos, A., Monteiro, P.T. and Lynce, I. (2021) 'Disruptions in timetables: a case study at Universidade de Lisboa', ",Journal of Scheduling,", 24(1), pp. 35–48. Available at: https://doi.org/10.1007/s10951-020-00666-3.",https://doi.org/10.1007/s10951-020-00666-3,metadata+abstract,corrected,"Addresses the minimal perturbation problem in university course timetabling: given disruptions that make a timetable infeasible, find the closest feasible timetable. It proposes two integer programming models. Disruptions are generated from probability distributions learned from five years of timetables at IST (Universidade de Lisboa). With an incremental approach, the models solve all instances.",Course timetabling (Springer page confirms not exam). Exact IP. Single-institution data.,Related work (MPP case study),"Two IP models for MPP, solved incrementally",Disruptions in timetables: a case study at Universidade de Lisboa
A08,A08,"Lewis, 2021",book,2021,True,"Lewis, R.M.R. (2021) Guide to Graph Colouring: Algorithms and Applications. 2nd edn. Cham: Springer (Texts in Computer Science). Available at: https://doi.org/10.1007/978-3-030-81054-2.","Lewis, R.M.R. (2021) ",Guide to Graph Colouring: Algorithms and Applications,. 2nd edn. Cham: Springer (Texts in Computer Science). Available at: https://doi.org/10.1007/978-3-030-81054-2.,https://doi.org/10.1007/978-3-030-81054-2,metadata+abstract,corrected,"Publisher description: a textbook treating graph colouring as an algorithmic problem with an emphasis on practical applications. It describes and analyses well-known colouring heuristics, covers complexity, bounds and constructive algorithms, and applies them to seating plans, sports scheduling and university timetabling, with downloadable C++ code. The author's site lists code for Greedy, Welsh-Powell, DSatur, Greedy-IS, RLF, Backtracking DSatur, TabuCol, PartialCol, Hybrid EA, AntCol and hill climbing.","Textbook; publisher description only, contents not read.",Background; Kempe chains; algorithm descriptions,"Survey/implementation of DSatur, RLF, Welsh-Powell, TabuCol, PartialCol, HEA, AntCol, backtracking",Guide to Graph Colouring: Algorithms and Applications (2nd edn)
C15,C15,"Lindahl, Stidsen and Sørensen, 2019",journal,2019,True,"Lindahl, M., Stidsen, T. and Sørensen, M. (2019) 'Quality recovering of university timetables', European Journal of Operational Research, 276(2), pp. 422–435. Available at: https://doi.org/10.1016/j.ejor.2019.01.026.","Lindahl, M., Stidsen, T. and Sørensen, M. (2019) 'Quality recovering of university timetables', ",European Journal of Operational Research,", 276(2), pp. 422–435. Available at: https://doi.org/10.1016/j.ejor.2019.01.026.",https://doi.org/10.1016/j.ejor.2019.01.026,metadata+abstract,verified,Observes that a minimum perturbation problem (find a feasible timetable by changing as few assignments as possible after disruptions) often produces low-quality timetables with features that inconvenience the people affected. The paper addresses recovering quality as well as feasibility.,"The retrieved abstract (RePEc) stops before the method and results, so the solution approach and datasets are not confirmed here. Course timetabling.",Related work (quality recovery),Not confirmed from retrieved text (abstract truncated),Quality recovering of university timetables
A30,A30,"Lucas, 2014",journal,2014,False,"Lucas, A. (2014) 'Ising formulations of many NP problems', Frontiers in Physics, 2. Available at: https://doi.org/10.3389/fphy.2014.00005.","Lucas, A. (2014) 'Ising formulations of many NP problems', ",Frontiers in Physics,", 2. Available at: https://doi.org/10.3389/fphy.2014.00005.",https://doi.org/10.3389/fphy.2014.00005,metadata+abstract,verified,"Provides Ising formulations for many NP-complete and NP-hard problems, including all of Karp's 21 NP-complete problems (graph colouring among them), with at most cubically many spins in problem size; intended to aid adiabatic quantum optimisation algorithm design.",Formulations only; no empirical evaluation.,Algorithm review / literature synthesis,Ising/QUBO formulations (incl. graph colouring),Ising formulations of many NP problems
A17e,A17e,"Lucci, Nasini and Severín, 2024",journal,2024,True,"Lucci, M., Nasini, G. and Severín, D. (2024) 'Solving the list coloring problem through a branch-and-price algorithm', European Journal of Operational Research, 315(3), pp. 899–912. Available at: https://doi.org/10.1016/j.ejor.2024.01.038.","Lucci, M., Nasini, G. and Severín, D. (2024) 'Solving the list coloring problem through a branch-and-price algorithm', ",European Journal of Operational Research,", 315(3), pp. 899–912. Available at: https://doi.org/10.1016/j.ejor.2024.01.038.",https://doi.org/10.1016/j.ejor.2024.01.038,metadata+abstract,verified,"Presents a branch-and-price algorithm for weighted list colouring based on a stable-set vertex-cover formulation, with theory on indistinguishable colours. One of its two branching strategies adapts Mehrotra and Trick's branch-and-price; the other is inspired by Méndez-Díaz and Zabala's branch-and-cut. Extensive experiments show the approach is effective.","List-colouring generalisation, not plain timetabling.","Algorithm review (branch-and-price, recent evidence)","Column generation / branch-and-price (evidence for A17, A16)",Solving the list coloring problem through a branch-and-price algorithm
A35b,A35b,"Lv et al., 2019",conference,2019,True,"Lv, L., Gao, C., Chen, J., Luo, L. and Zhang, Z. (2019) 'Physarum-Based Ant Colony Optimization for Graph Coloring Problem', in Advances in Swarm Intelligence: ICSI 2019. Cham: Springer (Lecture Notes in Computer Science, 11655), pp. 210–219. Available at: https://doi.org/10.1007/978-3-030-26369-0_20.","Lv, L., Gao, C., Chen, J., Luo, L. and Zhang, Z. (2019) 'Physarum-Based Ant Colony Optimization for Graph Coloring Problem', in ",Advances in Swarm Intelligence: ICSI 2019,". Cham: Springer (Lecture Notes in Computer Science, 11655), pp. 210–219. Available at: https://doi.org/10.1007/978-3-030-26369-0_20.",https://doi.org/10.1007/978-3-030-26369-0_20,metadata+abstract,verified,"Uses the positive-feedback mechanism of a Physarum mathematical model to optimise ACO pheromone-matrix updating for graph colouring; reported to outperform standard ACO and other methods in efficiency, stability and computational cost.",Short conference paper; abstract came through a summarising fetch of the institutional repository; benchmarks not named in abstract.,Algorithm review / literature synthesis,Physarum-inspired ant colony optimisation (PM-ACO) for colouring,Physarum-Based Ant Colony Optimization for Graph Coloring Problem
D18b,D18b,"López-Ibáñez, Branke and Paquete, 2021",journal,2021,True,"López-Ibáñez, M., Branke, J. and Paquete, L. (2021) 'Reproducibility in evolutionary computation', ACM Transactions on Evolutionary Learning and Optimization, 1(4), pp. 1–21. Available at: https://doi.org/10.1145/3466624.","López-Ibáñez, M., Branke, J. and Paquete, L. (2021) 'Reproducibility in evolutionary computation', ",ACM Transactions on Evolutionary Learning and Optimization,", 1(4), pp. 1–21. Available at: https://doi.org/10.1145/3466624.",https://doi.org/10.1145/3466624,metadata+abstract,verified,"Discusses types of reproducibility in evolutionary computation, proposes a refined classification improving on the ACM badge system used by TELO, identifies cultural and technical obstacles to reproducibility in EC, and provides guidelines and tools to overcome them.",EC-focused; abstract-level only.,Reproducibility practice,,Reproducibility in evolutionary computation
A11,A11,"Lü and Hao, 2010",journal,2010,False,"Lü, Z. and Hao, J.-K. (2010) 'A memetic algorithm for graph coloring', European Journal of Operational Research, 203(1), pp. 241–250. Available at: https://doi.org/10.1016/j.ejor.2009.07.016.","Lü, Z. and Hao, J.-K. (2010) 'A memetic algorithm for graph coloring', ",European Journal of Operational Research,", 203(1), pp. 241–250. Available at: https://doi.org/10.1016/j.ejor.2009.07.016.",https://doi.org/10.1016/j.ejor.2009.07.016,metadata+abstract,verified,"Presents MACOL, a memetic algorithm for graph colouring with an adaptive multi-parent crossover (AMPaX) and a pool-update replacement rule based on distance and quality. Reports highly competitive results against 11 state-of-the-art algorithms on DIMACS benchmarks.","DIMACS benchmark evaluation only, per the abstract.",Algorithm review / literature synthesis,"MACOL (memetic algorithm, AMPaX crossover + tabu search)",A memetic algorithm for graph coloring
A16,A16,"Malaguti, Monaci and Toth, 2011",journal,2011,False,"Malaguti, E., Monaci, M. and Toth, P. (2011) 'An exact approach for the vertex coloring problem', Discrete Optimization, 8(2), pp. 174–190. Available at: https://doi.org/10.1016/j.disopt.2010.07.005.","Malaguti, E., Monaci, M. and Toth, P. (2011) 'An exact approach for the vertex coloring problem', ",Discrete Optimization,", 8(2), pp. 174–190. Available at: https://doi.org/10.1016/j.disopt.2010.07.005.",https://doi.org/10.1016/j.disopt.2010.07.005,metadata+abstract,verified,Presents an exact algorithm for vertex colouring based on the set-covering formulation: branch-and-price (column generation) with an embedded heuristic and alternative branching schemes. Solves five previously open benchmark instances and narrows the optimality gap for many others (from a partial abstract on academia.edu).,Only a partial/paraphrased abstract was retrieved.,Algorithm review (branch-and-price),Branch-and-price / column generation on the set-covering formulation,An exact approach for the vertex coloring problem
B21,B21,"Mandal, Kahar and Kendall, 2020",journal,2020,True,"Mandal, A.K., Kahar, M.N.M. and Kendall, G. (2020) 'Addressing examination timetabling problem using a partial exams approach in constructive and improvement', Computation, 8(2), article 46. Available at: https://doi.org/10.3390/computation8020046.","Mandal, A.K., Kahar, M.N.M. and Kendall, G. (2020) 'Addressing examination timetabling problem using a partial exams approach in constructive and improvement', ",Computation,", 8(2), article 46. Available at: https://doi.org/10.3390/computation8020046.",https://doi.org/10.3390/computation8020046,metadata+abstract,verified,"Schedules exams in partial batches: each batch is placed with partial graph-heuristic orderings and improved with a modified great deluge (PGH-mGD) before the next batch, instead of building a full timetable first. On ITC2007 and the uncapacitated Toronto dataset it gives solutions competitive with published approaches.",MDPI journal; results described as competitive rather than best.,Algorithm review / literature synthesis,Partial graph-heuristic orderings + modified great deluge (PGH-mGD),Addressing examination timetabling problem using a partial exams approach in constructive and improvement
A04,A04,"Matula and Beck, 1983",journal,1983,False,"Matula, D.W. and Beck, L.L. (1983) 'Smallest-last ordering and clustering and graph coloring algorithms', Journal of the ACM, 30(3), pp. 417–427. Available at: https://doi.org/10.1145/2402.322385.","Matula, D.W. and Beck, L.L. (1983) 'Smallest-last ordering and clustering and graph coloring algorithms', ",Journal of the ACM,", 30(3), pp. 417–427. Available at: https://doi.org/10.1145/2402.322385.",https://doi.org/10.1145/2402.322385,metadata+abstract,verified,"Uses smallest-last vertex ordering and priority search to find all connected subgraphs that are maximal with respect to minimum degree, in O(|E|+|V|) time and 2|E| space. Notes that smallest-last graph colouring can be implemented in O(|E|+|V|) time and discusses useful properties of the colourings it produces.",Theoretical/algorithmic; abstract reports no empirical benchmark.,Constructor (smallest-last); algorithm review,Smallest-last (degeneracy) ordering for greedy colouring,Smallest-last ordering and clustering and graph coloring algorithms
B03,B03,"McCollum et al., 2010",journal,2010,False,"McCollum, B., Schaerf, A., Paechter, B., McMullan, P., Lewis, R., Parkes, A.J., Di Gaspero, L., Qu, R. and Burke, E.K. (2010) 'Setting the research agenda in automated timetabling: the second International Timetabling Competition', INFORMS Journal on Computing, 22(1), pp. 120–130. Available at: https://doi.org/10.1287/ijoc.1090.0320.","McCollum, B., Schaerf, A., Paechter, B., McMullan, P., Lewis, R., Parkes, A.J., Di Gaspero, L., Qu, R. and Burke, E.K. (2010) 'Setting the research agenda in automated timetabling: the second International Timetabling Competition', ",INFORMS Journal on Computing,", 22(1), pp. 120–130. Available at: https://doi.org/10.1287/ijoc.1090.0320.",https://doi.org/10.1287/ijoc.1090.0320,metadata+abstract,verified,"Describes the Second International Timetabling Competition (ITC2007/TTC2007), launched August 2007, which supplied real-world problem models with substantial practical constraints in three tracks reflecting variations of higher-education timetabling. It presents the background, competition structure and the winning techniques.","Competition description; pre-window. Abstract text was returned paraphrased by the retrieval tool, so wording should be checked against the publisher page before quoting.",Application-level requirements (ITC2007),Competition definition (no single algorithm),Setting the research agenda in automated timetabling: the second International Timetabling Competition
D13,D13,"McGeoch, 2012",book,2012,False,"McGeoch, C.C. (2012) A Guide to Experimental Algorithmics. Cambridge: Cambridge University Press. Available at: https://doi.org/10.1017/CBO9780511843747.","McGeoch, C.C. (2012) ",A Guide to Experimental Algorithmics,. Cambridge: Cambridge University Press. Available at: https://doi.org/10.1017/CBO9780511843747.,https://doi.org/10.1017/CBO9780511843747,metadata+abstract,verified,"Guides experimental questions (what to measure, which inputs to test, how to analyse data), including a tutorial on system clocks and CPU timers, strategies for tuning algorithms and data structures, generating random combinatorial inputs, and variance-reduction techniques.",Pre-window; closed access.,Algorithm review / literature synthesis,,A guide to experimental algorithmics
A17,A17,"Mehrotra and Trick, 1996",journal,1996,False,"Mehrotra, A. and Trick, M.A. (1996) 'A column generation approach for graph coloring', INFORMS Journal on Computing, 8(4), pp. 344–354. Available at: https://doi.org/10.1287/ijoc.8.4.344.","Mehrotra, A. and Trick, M.A. (1996) 'A column generation approach for graph coloring', ",INFORMS Journal on Computing,", 8(4), pp. 344–354. Available at: https://doi.org/10.1287/ijoc.8.4.344.",https://doi.org/10.1287/ijoc.8.4.344,metadata+abstract,verified,"Solves the independent-set formulation of graph colouring by column generation, solving the LP at each branch-and-bound node implicitly. Despite a hard pricing subproblem and complex branching rules, it handles small-to-moderate instances efficiently. A DSATUR-based exact algorithm is also implemented for comparison.","Effective for small-to-moderate problem sizes, per the abstract.",Algorithm review (column generation),Column generation / branch-and-price (independent-set formulation),A column generation approach for graph coloring
A12,A12,"Moalic and Gondran, 2018",journal,2018,True,"Moalic, L. and Gondran, A. (2018) 'Variations on memetic algorithms for graph coloring problems', Journal of Heuristics, 24(1), pp. 1–24. Available at: https://doi.org/10.1007/s10732-017-9354-9.","Moalic, L. and Gondran, A. (2018) 'Variations on memetic algorithms for graph coloring problems', ",Journal of Heuristics,", 24(1), pp. 1–24. Available at: https://doi.org/10.1007/s10732-017-9354-9.",https://doi.org/10.1007/s10732-017-9354-9,metadata+abstract,verified,"Proposes HEAD (HEA in Duet), a memetic algorithm based on Galinier and Hao's HEA that uses a population of only two individuals plus a new diversity-management scheme. Reports better solution quality and computation time than HEA, including 47-colourings of dsjc500.5 and 82-colourings of dsjc1000.5 (abstract from arXiv preprint v2).",DIMACS benchmark graphs only; abstract is from the preprint version.,Algorithm review / literature synthesis,HEAD (two-individual hybrid evolutionary algorithm with TabuCol),Variations on memetic algorithms for graph coloring problems
B26b,B26b,"Muklason et al., 2017",journal,2017,True,"Muklason, A., Parkes, A.J., Özcan, E., McCollum, B. and McMullan, P. (2017) 'Fairness in examination timetabling: student preferences and extended formulations', Applied Soft Computing, 55, pp. 302–318. Available at: https://doi.org/10.1016/j.asoc.2017.01.026.","Muklason, A., Parkes, A.J., Özcan, E., McCollum, B. and McMullan, P. (2017) 'Fairness in examination timetabling: student preferences and extended formulations', ",Applied Soft Computing,", 55, pp. 302–318. Available at: https://doi.org/10.1016/j.asoc.2017.01.026.",https://doi.org/10.1016/j.asoc.2017.01.026,metadata+abstract,verified,"A student survey showed fairness within a cohort (equitable distribution of preparation time) is a major concern, so fairness is added as a new objective to standard exam models, making the problem multi-objective. A multi-stage multi-objective approach with weighted Tchebycheff scalarisation produced high-quality timetables trading off standard soft constraints against fairness.",Multi-objective extension; not a repair/disruption setting.,Algorithm review / literature synthesis,Multi-stage multi-objective approach with weighted Tchebycheff scalarisation,Fairness in examination timetabling: student preferences and extended formulations
A34a,A34a,"Muklason et al., 2024",journal,2024,True,"Muklason, A., Tendio, Y., Depari, H.A., Nuriman, M.A. and Premananda, I.G.A. (2024) 'The performance analysis of hyper-heuristics algorithms over examination timetabling problems', IAES International Journal of Artificial Intelligence (IJ-AI), 13(2), pp. 2155–2164. Available at: https://doi.org/10.11591/ijai.v13.i2.pp2155-2164.","Muklason, A., Tendio, Y., Depari, H.A., Nuriman, M.A. and Premananda, I.G.A. (2024) 'The performance analysis of hyper-heuristics algorithms over examination timetabling problems', ",IAES International Journal of Artificial Intelligence (IJ-AI),", 13(2), pp. 2155–2164. Available at: https://doi.org/10.11591/ijai.v13.i2.pp2155-2164.",https://doi.org/10.11591/ijai.v13.i2.pp2155-2164,metadata+abstract,verified,"Compares hill climbing, simulated annealing, great deluge and tabu search as hyper-heuristic move acceptance on the Carter (Toronto) uncapacitated exam benchmarks (200,000 iterations each) and examines a Kempe chain low-level heuristic; tabu search gave the best solution in 13 instances and the Kempe chain LLH tended toward better solutions.",Mid-tier venue; random LLH selection; fixed iteration budget rather than time.,Algorithm review / literature synthesis,Selection hyper-heuristic with Kempe-chain low-level heuristic (HC/SA/GD/TS acceptance),The performance analysis of hyper-heuristics algorithms over examination timetabling problems
B23,B23;C21e,"Müller, 2016",journal,2016,False,"Müller, T. (2016) 'Real-life examination timetabling', Journal of Scheduling, 19(3), pp. 257–270. Available at: https://doi.org/10.1007/s10951-014-0391-z.","Müller, T. (2016) 'Real-life examination timetabling', ",Journal of Scheduling,", 19(3), pp. 257–270. Available at: https://doi.org/10.1007/s10951-014-0391-z.",https://doi.org/10.1007/s10951-014-0391-z,metadata+abstract,verified,"Presents exam timetabling at a large American university, solved with an approach based on the ITC 2007 winning solver integrated into the open-source UniTime system. Nine real-world datasets are made public (results given for four), and splitting some exams across periods is studied to reduce student conflicts.","Issue date June 2016, before the window; single institution.",Algorithm review / literature synthesis,ITC2007-winning local search solver within UniTime,Real-life examination timetabling
C18,C18,"Müller, Rudová and Barták, 2005",conference,2005,False,"Müller, T., Rudová, H. and Barták, R. (2005) 'Minimal Perturbation Problem in Course Timetabling', in Practice and Theory of Automated Timetabling V: PATAT 2004. Berlin: Springer (Lecture Notes in Computer Science, 3616), pp. 126–146. Available at: https://doi.org/10.1007/11593577_8.","Müller, T., Rudová, H. and Barták, R. (2005) 'Minimal Perturbation Problem in Course Timetabling', in ",Practice and Theory of Automated Timetabling V: PATAT 2004,". Berlin: Springer (Lecture Notes in Computer Science, 3616), pp. 126–146. Available at: https://doi.org/10.1007/11593577_8.",https://doi.org/10.1007/11593577_8,metadata+abstract,verified,Defines the minimal perturbation problem: the initial solution plus later input changes form a new problem whose solution must be as close as possible to the initial one. It proposes an iterative forward search algorithm; adding conflict-based statistics improves solution quality significantly. Applied to large-scale class timetabling at Purdue University.,Pre-window original. Course timetabling. Single institution.,Origin of the MPP in timetabling,Iterative forward search with conflict-based statistics,Minimal Perturbation Problem in Course Timetabling
A02e2,A02e2,"Nand, Sharma and Chaudhary, 2022",journal,2022,True,"Nand, R., Sharma, B.N. and Chaudhary, K. (2022) 'An introduction of preference based stepping ahead firefly algorithm for the uncapacitated examination timetabling', PeerJ Computer Science, 8, article e1068. Available at: https://doi.org/10.7717/peerj-cs.1068.","Nand, R., Sharma, B.N. and Chaudhary, K. (2022) 'An introduction of preference based stepping ahead firefly algorithm for the uncapacitated examination timetabling', ",PeerJ Computer Science,", 8, article e1068. Available at: https://doi.org/10.7717/peerj-cs.1068.",https://doi.org/10.7717/peerj-cs.1068,full_text,verified,"A discrete firefly algorithm for uncapacitated exam timetabling. It builds the initial solution by reordering exams and slots with a heuristic ordering, and uses neighbourhood searches with a preference-based 'stepping ahead' mechanism. It reports results comparable to the best in the literature on the 12 Toronto instances. The full text describes Largest Degree (LD) ordering, which sorts exams by number of conflicts, as one of the graph heuristics.",Uncapacitated (Toronto) formulation only; no handling of post-publication changes.,Algorithm review / literature synthesis,Largest-degree (Welsh-Powell-type) graph-colouring ordering in exam timetabling (evidence for A02),An introduction of preference based stepping ahead firefly algorithm for the uncapacitated examination timetabling
D20,D20,"NetworkX Developers, no date",web,,True,NetworkX Developers (no date) greedy_color. NetworkX documentation. Available at: https://networkx.org/documentation/stable/reference/algorithms/generated/networkx.algorithms.coloring.greedy_color.html (Accessed: 4 October 2026).,NetworkX Developers (no date) ,greedy_color,. NetworkX documentation. Available at: https://networkx.org/documentation/stable/reference/algorithms/generated/networkx.algorithms.coloring.greedy_color.html (Accessed: 4 October 2026).,https://networkx.org/documentation/stable/reference/algorithms/generated/networkx.algorithms.coloring.greedy_color.html,full_text,verified,"Strategies: 'largest_first', 'random_sequential', 'smallest_last', 'independent_set', 'connected_sequential_bfs', 'connected_sequential_dfs', 'connected_sequential' (alias of dfs), 'saturation_largest_first', 'DSATUR' (alias of saturation_largest_first). interchange=True uses the colour-interchange algorithm of Syslo, Deo & Kowalik (1983); not compatible with saturation_largest_first or independent_set. References: Kosowski & Manuszewski (2004) 'Classical coloring of graphs'; Matula & Beck (1983) JACM 30(3):417-427; Syslo, Deo & Kowalik (1983) Discrete Optimization Algorithms with Pascal Programs, pp. 415-424.",Version-specific ('stable' URL now points to 3.7); pin installed NetworkX version.,Library cross-check of constructors,,networkx.algorithms.coloring.greedy_color
C21b,C21b,"Omar et al., 2023",conference,2023,True,"Omar, M.O., Santosh, D.T., Raghava, M. and Joshi, J. (2023) 'Rescheduling Exams Within the Announced Tenure Using Reinforcement Learning', in Multi-disciplinary Trends in Artificial Intelligence: MIWAI 2023. Cham: Springer (Lecture Notes in Computer Science, 14078), pp. 569–579. Available at: https://doi.org/10.1007/978-3-031-36402-0_53.","Omar, M.O., Santosh, D.T., Raghava, M. and Joshi, J. (2023) 'Rescheduling Exams Within the Announced Tenure Using Reinforcement Learning', in ",Multi-disciplinary Trends in Artificial Intelligence: MIWAI 2023,". Cham: Springer (Lecture Notes in Computer Science, 14078), pp. 569–579. Available at: https://doi.org/10.1007/978-3-031-36402-0_53.",https://doi.org/10.1007/978-3-031-36402-0_53,metadata+abstract,verified,"Abstract (Springer chapter page, read 4 Oct 2026): when unprecedented events disturb the academic calendar, exams must be re-dated; the paper models re-scheduling as a Markov decision process and checks schedule feasibility with Bellman equations, temporal-difference learning, policy iteration and value iteration, mapping a disturbed exam to a plausible new date.","Full text not read. Re-dating of exams after calendar disruptions, not clash repair after late enrolments; no move budget or Toronto data mentioned in the abstract. LNCS 14078.",Exam rescheduling (different problem); novelty check,Reinforcement learning for exam rescheduling (from title only),Rescheduling Exams Within the Announced Tenure Using Reinforcement Learning
D11,D11,"Pereira et al., 2021",journal,2021,True,"Pereira, R., Couto, M., Ribeiro, F., Rua, R., Cunha, J., Fernandes, J.P. and Saraiva, J. (2021) 'Ranking programming languages by energy efficiency', Science of Computer Programming, 205, article 102609. Available at: https://doi.org/10.1016/j.scico.2021.102609.","Pereira, R., Couto, M., Ribeiro, F., Rua, R., Cunha, J., Fernandes, J.P. and Saraiva, J. (2021) 'Ranking programming languages by energy efficiency', ",Science of Computer Programming,", 205, article 102609. Available at: https://doi.org/10.1016/j.scico.2021.102609.",https://doi.org/10.1016/j.scico.2021.102609,metadata_only,verified,,Abstract not available from OpenAlex and not retrieved; do not cite specific rankings/figures without reading the paper.,Python performance trade-off,,Ranking programming languages by energy efficiency
D05,D05,"Perron and Didier, 2026",software,2026,True,"Perron, L. and Didier, F. (2026) CP-SAT. Version 9.15. Google OR-Tools. Available at: https://developers.google.com/optimization/cp/cp_solver/ (Accessed: 4 October 2026).","Perron, L. and Didier, F. (2026) ",CP-SAT,. Version 9.15. Google OR-Tools. Available at: https://developers.google.com/optimization/cp/cp_solver/ (Accessed: 4 October 2026).,https://developers.google.com/optimization/cp/cp_solver/,full_text,corrected,"Official 'How to cite OR-Tools and its solvers' page (last updated 2026-03-18) gives BibTeX @software{cpsatlp, title={CP-SAT}, version={v9.12}, author={Laurent Perron and Frédéric Didier}, organization={Google}, url={https://developers.google.com/optimization/cp/cp_solver/}, date={2025-02-17}}. CP-SAT docs: solver 'designed for integer programming problems', 'works over the integers', so all constraints must be integer-valued.",Citation block is pinned to v9.12 although latest release is v9.15 (Jan 2026); cite the version actually installed. Docs pages (cp_solver) last updated 2024-08-28.,Exact oracle solver,,CP-SAT
D05a,D05a,"Perron and Furnon, 2026",software,2026,True,"Perron, L. and Furnon, V. (2026) OR-Tools. Version 9.15. Google. Available at: https://developers.google.com/optimization/ (Accessed: 4 October 2026).","Perron, L. and Furnon, V. (2026) ",OR-Tools,. Version 9.15. Google. Available at: https://developers.google.com/optimization/ (Accessed: 4 October 2026).,https://developers.google.com/optimization/,full_text,verified,"Official recommended suite citation: @software{ortools, title={OR-Tools}, version={v9.12}, author={Laurent Perron and Vincent Furnon}, organization={Google}, url={https://developers.google.com/optimization/}, date={2025-02-17}}. 'About OR-Tools' describes it as open source software for combinatorial optimization (CP, LP/MIP via Glop and SCIP, routing, graph algorithms).",Use only if citing the suite generally; CP-SAT-specific work should cite D05 (and optionally D05b).,Exact oracle solver suite,,OR-Tools
D05b,D05b,"Perron, Didier and Gay, 2023",conference,2023,True,"Perron, L., Didier, F. and Gay, S. (2023) 'The CP-SAT-LP Solver (Invited Talk)', in 29th International Conference on Principles and Practice of Constraint Programming (CP 2023). Dagstuhl: Schloss Dagstuhl (LIPIcs, 280), pp. 3:1–3:2. Available at: https://doi.org/10.4230/LIPIcs.CP.2023.3.","Perron, L., Didier, F. and Gay, S. (2023) 'The CP-SAT-LP Solver (Invited Talk)', in ",29th International Conference on Principles and Practice of Constraint Programming (CP 2023),". Dagstuhl: Schloss Dagstuhl (LIPIcs, 280), pp. 3:1–3:2. Available at: https://doi.org/10.4230/LIPIcs.CP.2023.3.",https://doi.org/10.4230/LIPIcs.CP.2023.3,metadata+abstract,verified,"CP-SAT-LP (Google OR-Tools) implements a purely integral CP solver on top of a SAT solver using Lazy Clause Generation, integrates simplex/LP and MIP techniques and scheduling algorithms, and uses a portfolio of diverse workers (incl. local search and LNS) for search, reported as state-of-the-art/competitive.","2-page invited-talk abstract, not a full technical paper.",CP-SAT technical description,,The CP-SAT-LP Solver (Invited Talk)
C12,C12,"Phillips et al., 2017",journal,2017,True,"Phillips, A.E., Walker, C.G., Ehrgott, M. and Ryan, D.M. (2017) 'Integer programming for minimal perturbation problems in university course timetabling', Annals of Operations Research, 252(2), pp. 283–304. Available at: https://doi.org/10.1007/s10479-015-2094-z.","Phillips, A.E., Walker, C.G., Ehrgott, M. and Ryan, D.M. (2017) 'Integer programming for minimal perturbation problems in university course timetabling', ",Annals of Operations Research,", 252(2), pp. 283–304. Available at: https://doi.org/10.1007/s10479-015-2094-z.",https://doi.org/10.1007/s10479-015-2094-z,metadata+abstract,verified,"Presents a general integer-programming approach to the minimal perturbation problem in university course timetabling. The setting is an existing timetable that has hard-constraint violations, explicitly including those caused by unexpected changes to course enrolments or rooms. Each infeasibility is resolved in the smallest possible neighbourhood using exact IP, which keeps computation fast and prevents large, disruptive event moves. Demonstrated on real University of Auckland data.","Course (not exam) timetabling. Exact IP on growing neighbourhoods rather than graph-colouring move operators. Evaluated on one university's data, not Toronto benchmarks.","Nearest prior work (MPP, IP, enrolment changes)",IP-based minimal-perturbation repair with expanding neighbourhoods,Integer programming for minimal perturbation problems in university course timetabling
B12,B12,"Pillay and Banzhaf, 2010",journal,2010,False,"Pillay, N. and Banzhaf, W. (2010) 'An informed genetic algorithm for the examination timetabling problem', Applied Soft Computing, 10(2), pp. 457–467. Available at: https://doi.org/10.1016/j.asoc.2009.08.011.","Pillay, N. and Banzhaf, W. (2010) 'An informed genetic algorithm for the examination timetabling problem', ",Applied Soft Computing,", 10(2), pp. 457–467. Available at: https://doi.org/10.1016/j.asoc.2009.08.011.",https://doi.org/10.1016/j.asoc.2009.08.011,metadata+abstract,verified,"Two-phase genetic algorithm: phase one produces timetables meeting hard constraints, phase two reduces soft-constraint cost, with domain heuristics guiding evolution. On the 13 Carter benchmarks it is comparable to, and sometimes better than, other evolutionary techniques.",Pre-window.,Algorithm review / literature synthesis,Two-phase heuristic-informed genetic algorithm,An informed genetic algorithm for the examination timetabling problem
B26c,B26c,"Pillay and Özcan, 2019",journal,2019,True,"Pillay, N. and Özcan, E. (2019) 'Automated generation of constructive ordering heuristics for educational timetabling', Annals of Operations Research, 275(1), pp. 181–208. Available at: https://doi.org/10.1007/s10479-017-2625-x.","Pillay, N. and Özcan, E. (2019) 'Automated generation of constructive ordering heuristics for educational timetabling', ",Annals of Operations Research,", 275(1), pp. 181–208. Available at: https://doi.org/10.1007/s10479-017-2625-x.",https://doi.org/10.1007/s10479-017-2625-x,metadata+abstract,verified,"Generation constructive hyper-heuristics evolve arithmetic heuristics (genetic programming) and hierarchical heuristics (GP, GA, random combinations) to replace hand-made graph colouring ordering heuristics. The evolved heuristics performed much better than the existing graph colouring heuristics; arithmetic heuristics were more effective for exam timetabling, hierarchical ones for curriculum-based course timetabling.",Benchmarks not named in abstract or Springer page text; construction phase only.,Algorithm review / literature synthesis,Generation hyper-heuristics (genetic programming / genetic algorithm) evolving graph-colouring ordering heuristics,Automated generation of constructive ordering heuristics for educational timetabling
A32b,A32b,"Pires, de Santiago and Marchi, 2021",conference,2021,True,"Pires, O.M., de Santiago, R. and Marchi, J. (2021) 'Two Stage Quantum Optimization for the School Timetabling Problem', in 2021 IEEE Congress on Evolutionary Computation (CEC). IEEE, pp. 2347–2353. Available at: https://doi.org/10.1109/CEC45853.2021.9504701.","Pires, O.M., de Santiago, R. and Marchi, J. (2021) 'Two Stage Quantum Optimization for the School Timetabling Problem', in ",2021 IEEE Congress on Evolutionary Computation (CEC),". IEEE, pp. 2347–2353. Available at: https://doi.org/10.1109/CEC45853.2021.9504701.",https://doi.org/10.1109/CEC45853.2021.9504701,metadata+abstract,verified,"Notes that timetabling with only hard constraints reduces to graph vertex colouring, and proposes the Quantum Approximate Optimization Algorithm (QAOA) as a heuristic for school timetabling, simulated on small examples with 42 qubits, demonstrating feasibility of hybrid quantum-classical approaches.","Gate-based QAOA in simulation, not quantum annealing; toy-sized instances only. Abstract text came through a summarising fetch.",Algorithm review / literature synthesis,QAOA (QUBO/Ising-based) two-stage timetabling via graph colouring,Two Stage Quantum Optimization for the School Timetabling Problem
D19c,D19c,"Python Software Foundation, no date a",web,,True,Python Software Foundation (no date a) random — Generate pseudo-random numbers. Python 3 documentation. Available at: https://docs.python.org/3/library/random.html (Accessed: 4 October 2026).,Python Software Foundation (no date a) ,random — Generate pseudo-random numbers,. Python 3 documentation. Available at: https://docs.python.org/3/library/random.html (Accessed: 4 October 2026).,https://docs.python.org/3/library/random.html,full_text,verified,"Python uses the Mersenne Twister core generator (53-bit precision floats, period 2**19937-1). Notes on Reproducibility: reusing a seed reproduces the sequence 'as long as multiple threads are not running'; most algorithms and seeding functions may change across Python versions, but random() will produce the same sequence given the same seed with the compatible seeder.",Cross-version reproducibility not guaranteed for functions such as shuffle/sample; record Python version and seeds. Not for security use.,Seeded randomness,,random — Generate pseudo-random numbers
D19a,D19a,"Python Software Foundation, no date b",web,,True,Python Software Foundation (no date b) time — Time access and conversions. Python 3 documentation. Available at: https://docs.python.org/3/library/time.html#time.perf_counter (Accessed: 4 October 2026).,Python Software Foundation (no date b) ,time — Time access and conversions,. Python 3 documentation. Available at: https://docs.python.org/3/library/time.html#time.perf_counter (Accessed: 4 October 2026).,https://docs.python.org/3/library/time.html#time.perf_counter,full_text,verified,"perf_counter() returns 'the value (in fractional seconds) of a performance counter, i.e. a clock with the highest available resolution to measure a short duration'; includes time elapsed during sleep; reference point undefined so only differences are valid; on CPython uses the same clock as time.monotonic() (changed in 3.13). Added in 3.3; perf_counter_ns() added in 3.7. process_time() returns system+user CPU time of the process, excluding sleep.",Wall-clock measure; sensitive to system load. Pin Python version.,Timing method,,time — Time access and conversions (time.perf_counter)
D19b,D19b,"Python Software Foundation, no date c",web,,True,Python Software Foundation (no date c) tracemalloc — Trace memory allocations. Python 3 documentation. Available at: https://docs.python.org/3/library/tracemalloc.html (Accessed: 4 October 2026).,Python Software Foundation (no date c) ,tracemalloc — Trace memory allocations,. Python 3 documentation. Available at: https://docs.python.org/3/library/tracemalloc.html (Accessed: 4 October 2026).,https://docs.python.org/3/library/tracemalloc.html,full_text,verified,"'The tracemalloc module is a debug tool to trace memory blocks allocated by Python' (added 3.4). start() installs hooks on Python memory allocators; get_traced_memory() returns (current, peak) size of traced blocks; reset_peak() (added 3.9) sets peak to current. Storing more frames increases memory and CPU overhead.","Traces only allocations via Python's allocators (memory allocated outside them, e.g. by some C extensions, may not be counted - inference from 'allocated by Python', not stated explicitly in fetched text); tracing adds overhead, so do not time and trace in the same run.",Memory measurement method,,tracemalloc — Trace memory allocations
B02,B02,"Qu et al., 2009",journal,2009,False,"Qu, R., Burke, E.K., McCollum, B., Merlot, L.T.G. and Lee, S.Y. (2009) 'A survey of search methodologies and automated system development for examination timetabling', Journal of Scheduling, 12(1), pp. 55–89. Available at: https://doi.org/10.1007/s10951-008-0077-5.","Qu, R., Burke, E.K., McCollum, B., Merlot, L.T.G. and Lee, S.Y. (2009) 'A survey of search methodologies and automated system development for examination timetabling', ",Journal of Scheduling,", 12(1), pp. 55–89. Available at: https://doi.org/10.1007/s10951-008-0077-5.",https://doi.org/10.1007/s10951-008-0077-5,metadata+abstract,verified,"Critical survey of roughly a decade of exam timetabling research, highlighting hybridised search methodologies and methods that raise the level of generality (e.g. hyper-heuristics). It clarifies confusion caused by different versions of benchmark datasets circulating under the same name and proposes a renaming of the widely studied datasets, indicating which papers used which version.",Survey (no new algorithm); coverage ends c.2008; pre-window.,Exam timetabling survey; dataset versions,Survey of exam timetabling methodologies,A survey of search methodologies and automated system development for examination timetabling
W02,W02,"Sajib-006, no date",web,,True,"Sajib-006 (no date) Eaxam-Scheduler-Using-Graph-Coloring-and-Kempe-Chain [GitHub repository, Toronto/ directory]. GitHub. Available at: https://github.com/Sajib-006/Eaxam-Scheduler-Using-Graph-Coloring-and-Kempe-Chain (Accessed: 4 October 2026).",Sajib-006 (no date) ,"Eaxam-Scheduler-Using-Graph-Coloring-and-Kempe-Chain [GitHub repository, Toronto/ directory]",. GitHub. Available at: https://github.com/Sajib-006/Eaxam-Scheduler-Using-Graph-Coloring-and-Kempe-Chain (Accessed: 4 October 2026).,https://github.com/Sajib-006/Eaxam-Scheduler-Using-Graph-Coloring-and-Kempe-Chain,full_text,verified,"Mirror of the Toronto version-I .crs/.stu files used in this project; statistics checked against W01 (all 13 match on exams, students and enrolments).",Third-party mirror without a licence statement; provenance relies on the statistical match with W01.,Dataset source used,,"Eaxam-Scheduler-Using-Graph-Coloring-and-Kempe-Chain [GitHub repository, Toronto/ directory]"
A23,A23,"San Segundo, 2012",journal,2012,False,"San Segundo, P. (2012) 'A new DSATUR-based algorithm for exact vertex coloring', Computers & Operations Research, 39(7), pp. 1724–1733. Available at: https://doi.org/10.1016/j.cor.2011.10.008.","San Segundo, P. (2012) 'A new DSATUR-based algorithm for exact vertex coloring', ",Computers & Operations Research,", 39(7), pp. 1724–1733. Available at: https://doi.org/10.1016/j.cor.2011.10.008.",https://doi.org/10.1016/j.cor.2011.10.008,metadata+abstract,verified,"Presents PASS, an exact DSATUR-based branch-and-bound colouring algorithm that applies Sewell's tie-breaking strategy only to a restricted set of vertices; selective application improves overall performance in experiments on 1500 random graphs and a subset of DIMACS benchmarks.",Exact method; scalability limited to small/medium hard instances (not stated quantitatively in abstract).,Algorithm review (exact DSATUR B&B),PASS: exact DSATUR-based branch-and-bound with selective Sewell tie-breaking,A new DSATUR-based algorithm for exact vertex coloring
C21c,C21c,"Santosh et al., 2025",conference,2025,True,"Santosh, D.T., Raghava, M.S., Joshi, J., Satyamurty, C.V.S. and Ram Mohan, C. (2025) 'Efficient Exams Scheduling in Uncertain Conditions: A Graph Neural Network and Deep Q-Learning for Value Iteration Approach', in Lecture Notes in Computer Science (conference volume not confirmed), pp. 218–230. Available at: https://doi.org/10.1007/978-981-96-0695-5_18.","Santosh, D.T., Raghava, M.S., Joshi, J., Satyamurty, C.V.S. and Ram Mohan, C. (2025) 'Efficient Exams Scheduling in Uncertain Conditions: A Graph Neural Network and Deep Q-Learning for Value Iteration Approach', in ",Lecture Notes in Computer Science (conference volume not confirmed),", pp. 218–230. Available at: https://doi.org/10.1007/978-981-96-0695-5_18.",https://doi.org/10.1007/978-981-96-0695-5_18,metadata_only,verified,,Content not assessed (no abstract retrieved).,Not cited: conference volume could not be confirmed,GNN + deep Q-learning for exam scheduling under uncertainty (from title only),Efficient Exams Scheduling in Uncertain Conditions: A Graph Neural Network and Deep Q-Learning for Value Iteration Approach
A09e2,A09e2,"Schidler and Szeider, 2023",journal,2023,True,"Schidler, A. and Szeider, S. (2023) 'SAT-boosted tabu search for coloring massive graphs', ACM Journal of Experimental Algorithmics, 28, pp. 1–19. Available at: https://doi.org/10.1145/3603112.","Schidler, A. and Szeider, S. (2023) 'SAT-boosted tabu search for coloring massive graphs', ",ACM Journal of Experimental Algorithmics,", 28, pp. 1–19. Available at: https://doi.org/10.1145/3603112.",https://doi.org/10.1145/3603112,metadata+abstract,verified,"Improves tabu search for graph colouring with SAT-based local improvement: small subgraphs are selected and recoloured optimally by a SAT solver. Scales to dense graphs with several hundred thousand vertices and over 1.5 billion edges, and outperforms existing state-of-the-art methods.",Abstract says 'tabu search' and does not name TabuCol; massive-graph benchmarks.,Algorithm review / literature synthesis,Tabu search + SAT local improvement (evidence for A09),SAT-boosted tabu search for coloring massive graphs
A21,A21,"Schuetz et al., 2022",journal,2022,True,"Schuetz, M.J.A., Brubaker, J.K., Zhu, Z. and Katzgraber, H.G. (2022) 'Graph coloring with physics-inspired graph neural networks', Physical Review Research, 4(4). Available at: https://doi.org/10.1103/PhysRevResearch.4.043131.","Schuetz, M.J.A., Brubaker, J.K., Zhu, Z. and Katzgraber, H.G. (2022) 'Graph coloring with physics-inspired graph neural networks', ",Physical Review Research,", 4(4). Available at: https://doi.org/10.1103/PhysRevResearch.4.043131.",https://doi.org/10.1103/PhysRevResearch.4.043131,metadata+abstract,verified,"Frames graph colouring as multiclass node classification and trains a GNN unsupervised using a Potts-model loss; reports performance on par with or better than existing solvers and scaling to millions of variables, with an end-to-end real-world scheduling use case.",Unsupervised GNN output may need post-processing for feasibility; comparison set limited to solvers chosen by authors (from abstract only).,Algorithm review / literature synthesis,Physics-inspired GNN (Potts-model loss) for vertex colouring,Graph coloring with physics-inspired graph neural networks
B05,B05,"Siew et al., 2024",journal,2024,True,"Siew, E.S.K., Sze, S.N., Goh, S.L., Kendall, G., Sabar, N.R. and Abdullah, S. (2024) 'A survey of solution methodologies for exam timetabling problems', IEEE Access, 12, pp. 41479–41498. Available at: https://doi.org/10.1109/ACCESS.2024.3378054.","Siew, E.S.K., Sze, S.N., Goh, S.L., Kendall, G., Sabar, N.R. and Abdullah, S. (2024) 'A survey of solution methodologies for exam timetabling problems', ",IEEE Access,", 12, pp. 41479–41498. Available at: https://doi.org/10.1109/ACCESS.2024.3378054.",https://doi.org/10.1109/ACCESS.2024.3378054,metadata+abstract,corrected,"Survey describing the exam timetabling problem, its variants, constraints and benchmark datasets, and reviewing solution methods from 2012 to 2023: mathematical optimisation, heuristics, metaheuristics, hyper-heuristics, hybrid approaches and matheuristics. It closes with review findings and potential research directions.",Survey; no new algorithm or experiments.,Recent exam-timetabling survey,Survey (2012-2023 methods),A survey of solution methodologies for exam timetabling problems
A32a,A32a,"Silva et al., 2020",journal,2020,True,"Silva, C., Aguiar, A., Lima, P.M.V. and Dutra, I. (2020) 'Mapping graph coloring to quantum annealing', Quantum Machine Intelligence, 2(2), article 16. Available at: https://doi.org/10.1007/s42484-020-00028-4.","Silva, C., Aguiar, A., Lima, P.M.V. and Dutra, I. (2020) 'Mapping graph coloring to quantum annealing', ",Quantum Machine Intelligence,", 2(2), article 16. Available at: https://doi.org/10.1007/s42484-020-00028-4.",https://doi.org/10.1007/s42484-020-00028-4,full_text,verified,"Maps a pseudo-Boolean graph-colouring formulation (via SATyrus) to a QUBO and solves it with classical SA, a simulated quantum environment and a D-Wave quantum annealer; both SA and QA produce good heuristics for this problem, although more solutions were found with QA.",Small instances constrained by D-Wave hardware; results depend on penalty weights.,Algorithm review / literature synthesis,QUBO formulation + quantum annealing (D-Wave) vs simulated annealing,Mapping graph coloring to quantum annealing
C03,C03,"Solomon and Wein, 2020",journal,2020,True,"Solomon, S. and Wein, N. (2020) 'Improved Dynamic Graph Coloring', ACM Transactions on Algorithms, 16(3), pp. 1–24. Available at: https://doi.org/10.1145/3392724.","Solomon, S. and Wein, N. (2020) 'Improved Dynamic Graph Coloring', ",ACM Transactions on Algorithms,", 16(3), pp. 1–24. Available at: https://doi.org/10.1145/3392724.",https://doi.org/10.1145/3392724,metadata+abstract,verified,"Improves the Barba et al. trade-off between number of colours and recolourings per update. For example, it gives O(C beta log^2 n) colours with O(beta) recolourings when beta = O(1). It also gives a deterministic O(alpha log^2 n)-colouring with O(1) amortized update time for graphs of arboricity alpha.","Theoretical, with no experiments. Palette sizes are polylogarithmic, not a fixed small number of periods.",Recourse vs colours trade-off,Dynamic colouring with bounded recolourings per update; low out-degree orientation data structure,Improved Dynamic Graph Coloring
D03a,D03a,"The SciPy community, no date a",web,,True,The SciPy community (no date a) scipy.optimize.linear_sum_assignment. SciPy v1.18 Manual. Available at: https://docs.scipy.org/doc/scipy/reference/generated/scipy.optimize.linear_sum_assignment.html (Accessed: 4 October 2026).,The SciPy community (no date a) ,scipy.optimize.linear_sum_assignment,. SciPy v1.18 Manual. Available at: https://docs.scipy.org/doc/scipy/reference/generated/scipy.optimize.linear_sum_assignment.html (Accessed: 4 October 2026).,https://docs.scipy.org/doc/scipy/reference/generated/scipy.optimize.linear_sum_assignment.html,full_text,verified,"Docs state the implementation is 'a modified Jonker-Volgenant algorithm with no initialization, described in ref. [2]', where [2] = D.F. Crouse, On implementing 2D rectangular assignment algorithms, IEEE TAES 52(4):1679-1696, Aug 2016, DOI 10.1109/TAES.2016.140952 (=D07). Ref [1] is Wikipedia 'Assignment problem'. Added in version 0.17.0.",SciPy does NOT implement Kuhn's (1955) Hungarian method per se; cite D06 for the problem/method history and D07 for the actual algorithm. No complexity statement on page.,Hungarian/JV relabelling in M4,,scipy.optimize.linear_sum_assignment
D03b,D03b,"The SciPy community, no date b",web,,True,The SciPy community (no date b) scipy.stats.wilcoxon. SciPy v1.18 Manual. Available at: https://docs.scipy.org/doc/scipy/reference/generated/scipy.stats.wilcoxon.html (Accessed: 4 October 2026).,The SciPy community (no date b) ,scipy.stats.wilcoxon,. SciPy v1.18 Manual. Available at: https://docs.scipy.org/doc/scipy/reference/generated/scipy.stats.wilcoxon.html (Accessed: 4 October 2026).,https://docs.scipy.org/doc/scipy/reference/generated/scipy.stats.wilcoxon.html,full_text,verified,"'Calculate the Wilcoxon signed-rank test.' Defaults: zero_method='wilcox' (discards zero differences), alternative='two-sided'; 'pratt' and 'zsplit' alternatives for zeros. method in {'auto','exact','asymptotic'} or PermutationMethod; 'auto' uses exact for n<=50 and asymptotic otherwise; with ties or zeros 'exact' no longer computes the exact p-value and 'auto' uses exhaustive permutations when len(d)<=13, asymptotic otherwise. References include Wilcoxon 1945 (pp. 80-83), Pratt 1959, Conover 1971, Cureton 1967.",Behaviour is version-specific (1.18.0); report the SciPy version and zero_method used in experiments.,Statistical test implementation,,scipy.stats.wilcoxon
C06,C06,"Theunis and Roeloffzen, 2024",journal,2024,True,"Theunis, M. and Roeloffzen, M. (2024) 'Experimental Analysis of Algorithms for the Dynamic Graph Coloring Problem', Journal of Graph Algorithms and Applications, 28(1), pp. 313–349. Available at: https://doi.org/10.7155/jgaa.v28i1.2956.","Theunis, M. and Roeloffzen, M. (2024) 'Experimental Analysis of Algorithms for the Dynamic Graph Coloring Problem', ",Journal of Graph Algorithms and Applications,", 28(1), pp. 313–349. Available at: https://doi.org/10.7155/jgaa.v28i1.2956.",https://doi.org/10.7155/jgaa.v28i1.2956,metadata+abstract,verified,"Implements and experimentally compares dynamic graph colouring algorithms, measuring both the number of colours and the number of vertices that change colour when the graph changes. It confirms a trade-off between the two. Combining components of existing algorithms gives better or more flexible trade-offs.","General dynamic graphs, not timetabling instances. The datasets and exact metrics are not given in the abstract (full text not read).",Experimental dynamic colouring,Implementations and hybrid variants of existing dynamic colouring algorithms,Experimental Analysis of Algorithms for the Dynamic Graph Coloring Problem
B08,B08,"Thompson and Dowsland, 1998",journal,1998,False,"Thompson, J.M. and Dowsland, K.A. (1998) 'A robust simulated annealing based examination timetabling system', Computers & Operations Research, 25(7-8), pp. 637–648. Available at: https://doi.org/10.1016/S0305-0548(97)00101-9.","Thompson, J.M. and Dowsland, K.A. (1998) 'A robust simulated annealing based examination timetabling system', ",Computers & Operations Research,", 25(7-8), pp. 637–648. Available at: https://doi.org/10.1016/S0305-0548(97)00101-9.",https://doi.org/10.1016/S0305-0548(97)00101-9,metadata+abstract,verified,"Develops an examination scheduling system solved in two simulated-annealing phases: the first seeks a feasible solution and the second improves secondary objectives and soft constraints. Different parameter and modelling choices are compared on a test-bed derived from several institutions, giving a robust system across problem specifications.",Pre-window foundational original; datasets are institution-specific rather than the Toronto set.,Algorithm review / literature synthesis,Two-phase simulated annealing,A robust simulated annealing based examination timetabling system
W01,W01,"University of Nottingham, no date",web,,True,University of Nottingham (no date) Benchmark data sets in exam timetabling. School of Computer Science. Available at: https://people.cs.nott.ac.uk/pszrq/data.htm (Accessed: 4 October 2026).,University of Nottingham (no date) ,Benchmark data sets in exam timetabling,. School of Computer Science. Available at: https://people.cs.nott.ac.uk/pszrq/data.htm (Accessed: 4 October 2026).,https://people.cs.nott.ac.uk/pszrq/data.htm,full_text,verified,"Lists the 13 Toronto instances with exams, students, enrolments, conflict density and published period counts; documents versions I, II and IIc.",No explicit licence or redistribution terms stated.,Dataset provenance,,Benchmark data sets in exam timetabling
A34b,A34b;B26f,"Van Bulck, Goossens and Schaerf, 2025",journal,2025,True,"Van Bulck, D., Goossens, D. and Schaerf, A. (2025) 'Multi-neighbourhood simulated annealing for the ITC-2007 capacitated examination timetabling problem', Journal of Scheduling, 28(2), pp. 217–232. Available at: https://doi.org/10.1007/s10951-023-00799-1.","Van Bulck, D., Goossens, D. and Schaerf, A. (2025) 'Multi-neighbourhood simulated annealing for the ITC-2007 capacitated examination timetabling problem', ",Journal of Scheduling,", 28(2), pp. 217–232. Available at: https://doi.org/10.1007/s10951-023-00799-1.",https://doi.org/10.1007/s10951-023-00799-1,metadata+abstract,verified,Multi-neighbourhood SA for ITC-2007 capacitated exam timetabling combining existing and new neighbourhoods that exploit the disconnected structure of the conflict graph and handle room assignment; with principled tuning and ablation it competes with state-of-the-art solvers and finds several new best solutions.,"Kempe evidence is from the PATAT 2022 proceedings version, which defines a KempeChain(e,p,r) move that reassigns conflicting exams until no new conflicts remain; the journal abstract does not name Kempe chains and this was not checked in the journal full text.",Algorithm review / literature synthesis,Multi-neighbourhood simulated annealing incl. Kempe-chain move,Multi-neighbourhood simulated annealing for the ITC-2007 capacitated examination timetabling problem
C20,C20,"Verfaillie and Jussien, 2005",journal,2005,False,"Verfaillie, G. and Jussien, N. (2005) 'Constraint Solving in Uncertain and Dynamic Environments: A Survey', Constraints, 10(3), pp. 253–281. Available at: https://doi.org/10.1007/s10601-005-2239-9.","Verfaillie, G. and Jussien, N. (2005) 'Constraint Solving in Uncertain and Dynamic Environments: A Survey', ",Constraints,", 10(3), pp. 253–281. Available at: https://doi.org/10.1007/s10601-005-2239-9.",https://doi.org/10.1007/s10601-005-2239-9,metadata+abstract,verified,"A survey that follows a CP 2003 tutorial, giving an overview of the main approaches and techniques proposed in constraint satisfaction for uncertain and dynamic environments.",Pre-window survey. The abstract does not itemise techniques.,Algorithm review / literature synthesis,Survey (no new algorithm),Constraint Solving in Uncertain and Dynamic Environments: A Survey
D03,D03,"Virtanen et al., 2020",journal,2020,True,"Virtanen, P., Gommers, R., Oliphant, T.E., Haberland, M., Reddy, T. and et al. (SciPy 1.0 Contributors; 137 authors in OpenAlex) (2020) 'SciPy 1.0: fundamental algorithms for scientific computing in Python', Nature Methods, 17(3), pp. 261–272. Available at: https://doi.org/10.1038/s41592-019-0686-2.","Virtanen, P., Gommers, R., Oliphant, T.E., Haberland, M., Reddy, T. and et al. (SciPy 1.0 Contributors; 137 authors in OpenAlex) (2020) 'SciPy 1.0: fundamental algorithms for scientific computing in Python', ",Nature Methods,", 17(3), pp. 261–272. Available at: https://doi.org/10.1038/s41592-019-0686-2.",https://doi.org/10.1038/s41592-019-0686-2,metadata+abstract,verified,"SciPy is an open-source scientific computing library for Python; v1.0 (late 2017) came ~16 years after 0.1; it provides clustering, FFT, integration, interpolation, linear algebra, optimisation/minimisation, sparse matrices, computational geometry and statistics, and is widely depended upon (600+ contributors, >100,000 dependent repositories). Paper gives an overview of capabilities and development practices.",Abstract text taken from the arXiv preprint version (arXiv:1907.10121) because OpenAlex lacked the abstract and nature.com/PMC fetches were not permitted; journal abstract may be worded differently.,Python ecosystem (SciPy),,SciPy 1.0: fundamental algorithms for scientific computing in Python
A31a,A31a,"Watkins, Montana and Branke, 2023",conference,2023,True,"Watkins, G., Montana, G. and Branke, J. (2023) 'Generating a Graph Colouring Heuristic with Deep Q-Learning and Graph Neural Networks', in Learning and Intelligent Optimization: LION 17. Cham: Springer (Lecture Notes in Computer Science, 14286), pp. 491–505. Available at: https://doi.org/10.1007/978-3-031-44505-7_33.","Watkins, G., Montana, G. and Branke, J. (2023) 'Generating a Graph Colouring Heuristic with Deep Q-Learning and Graph Neural Networks', in ",Learning and Intelligent Optimization: LION 17,". Cham: Springer (Lecture Notes in Computer Science, 14286), pp. 491–505. Available at: https://doi.org/10.1007/978-3-031-44505-7_33.",https://doi.org/10.1007/978-3-031-44505-7_33,metadata+abstract,verified,"Investigates whether deep reinforcement learning can discover a competitive construction heuristic for graph colouring; ReLCol uses deep Q-learning with a GNN feature extractor and a novel graph parameterisation, and is evaluated against existing construction algorithms on standard benchmarks, showing RL is a promising direction.",Construction heuristic only (no local search); abstract reports both benefits and limitations relative to classical constructive heuristics such as DSATUR.,Algorithm review / literature synthesis,ReLCol: deep Q-learning + GNN learned vertex-ordering construction heuristic,Generating a Graph Colouring Heuristic with Deep Q-Learning and Graph Neural Networks
A02,A02,"Welsh and Powell, 1967",journal,1967,False,"Welsh, D.J.A. and Powell, M.B. (1967) 'An upper bound for the chromatic number of a graph and its application to timetabling problems', The Computer Journal, 10(1), pp. 85–86. Available at: https://doi.org/10.1093/comjnl/10.1.85.","Welsh, D.J.A. and Powell, M.B. (1967) 'An upper bound for the chromatic number of a graph and its application to timetabling problems', ",The Computer Journal,", 10(1), pp. 85–86. Available at: https://doi.org/10.1093/comjnl/10.1.85.",https://doi.org/10.1093/comjnl/10.1.85,metadata+abstract,verified,"Links the basic timetabling/scheduling problem to vertex colouring of a graph (no two adjacent vertices share a colour, minimum colours). Gives a colouring algorithm and a new, easily computed upper bound on the chromatic number in terms of vertex degrees.",Two-page note; no computational evaluation reported in the abstract.,Q1 origin of the colouring-timetabling link; constructor; algorithm review,Welsh-Powell (largest-degree-first greedy) colouring and degree-based upper bound,An upper bound for the chromatic number of a graph and its application to timetabling problems
D08,D08,"Wilcoxon, 1945",journal,1945,False,"Wilcoxon, F. (1945) 'Individual comparisons by ranking methods', Biometrics Bulletin, 1(6), pp. 80–83. Available at: https://doi.org/10.2307/3001968.","Wilcoxon, F. (1945) 'Individual comparisons by ranking methods', ",Biometrics Bulletin,", 1(6), pp. 80–83. Available at: https://doi.org/10.2307/3001968.",https://doi.org/10.2307/3001968,metadata_only,verified,,No abstract available from OpenAlex/Crossref; content not retrieved.,Wilcoxon signed-rank test,,Individual comparisons by ranking methods
D12,D12,"Wilson et al., 2017",journal,2017,True,"Wilson, G., Bryan, J., Cranston, K., Kitzes, J., Nederbragt, A.J. and Teal, T. (2017) 'Good enough practices in scientific computing', PLoS Computational Biology, 13(6), article e1005510. Available at: https://doi.org/10.1371/journal.pcbi.1005510.","Wilson, G., Bryan, J., Cranston, K., Kitzes, J., Nederbragt, A.J. and Teal, T. (2017) 'Good enough practices in scientific computing', ",PLoS Computational Biology,", 13(6), article e1005510. Available at: https://doi.org/10.1371/journal.pcbi.1005510.",https://doi.org/10.1371/journal.pcbi.1005510,metadata+abstract,verified,"Presents a set of good computing practices every researcher can adopt (data management, programming, collaborating, organising projects, tracking work, writing manuscripts), arguing computing workflows need organised data, documented steps and project structure for reproducibility.","General research-computing guidance, not specific to algorithm benchmarking.",Reproducibility practice,,Good enough practices in scientific computing
B18,B18,"Woumans et al., 2016",journal,2016,False,"Woumans, G., De Boeck, L., Beliën, J. and Creemers, S. (2016) 'A column generation approach for solving the examination-timetabling problem', European Journal of Operational Research, 253(1), pp. 178–194. Available at: https://doi.org/10.1016/j.ejor.2016.01.046.","Woumans, G., De Boeck, L., Beliën, J. and Creemers, S. (2016) 'A column generation approach for solving the examination-timetabling problem', ",European Journal of Operational Research,", 253(1), pp. 178–194. Available at: https://doi.org/10.1016/j.ejor.2016.01.046.",https://doi.org/10.1016/j.ejor.2016.01.046,metadata+abstract,verified,"Student-centric exam timetabling that allows multiple versions of an exam, solved with two column-generation models (exam schedule per student group; mask schedule per group) with heuristic column selection instead of branch-and-price. Applied to KU Leuven campus Brussels and two literature datasets.","Published 16 Aug 2016, just before the recency window; heuristic column selection, no optimality proof.",Algorithm review / literature synthesis,Column generation (two master/pricing decompositions),A column generation approach for solving the examination-timetabling problem
A33b,A33b,"Yakut, 2025",journal,2025,True,"Yakut, S. (2025) 'A robust and efficient algorithm for graph coloring problem based on Malatya centrality and sequent independent sets', Egyptian Informatics Journal, 30, article 100676. Available at: https://doi.org/10.1016/j.eij.2025.100676.","Yakut, S. (2025) 'A robust and efficient algorithm for graph coloring problem based on Malatya centrality and sequent independent sets', ",Egyptian Informatics Journal,", 30, article 100676. Available at: https://doi.org/10.1016/j.eij.2025.100676.",https://doi.org/10.1016/j.eij.2025.100676,metadata+abstract,verified,"Proposes the Malatya Sequent Independent Set Coloring Algorithm, which builds successive independent sets by repeatedly selecting the vertex with lowest Malatya centrality; tested on social-network, random and benchmark graphs and reported to give polynomial-time solutions with high performance. The publisher page lists Welsh-Powell, greedy, DSATUR and RLF as comparison baselines.","Single-author; baseline list taken from a summarising fetch of the article page, not verified in full text.",Algorithm review / literature synthesis,MSISCA (centrality-guided independent-set colouring) vs Welsh-Powell/greedy/DSATUR/RLF,A robust and efficient algorithm for graph coloring problem based on Malatya centrality and sequent independent sets
A31b,A31b,"Yang and Li, 2025",journal,2025,True,"Yang, W. and Li, Z. (2025) 'Graph Coloring problem solving using monte carlo tree search and deep reinforcement learning', Journal of Combinatorial Optimization, 50(2), article 20. Available at: https://doi.org/10.1007/s10878-025-01338-8.","Yang, W. and Li, Z. (2025) 'Graph Coloring problem solving using monte carlo tree search and deep reinforcement learning', ",Journal of Combinatorial Optimization,", 50(2), article 20. Available at: https://doi.org/10.1007/s10878-025-01338-8.",https://doi.org/10.1007/s10878-025-01338-8,metadata+abstract,verified,"Proposes a self-learning method combining Monte Carlo tree search with deep reinforcement learning, avoiding manual features and labelled data; reports advantages over existing colouring algorithms and good performance on graphs larger than those seen in training.",Abstract gives no benchmark names or quantitative margins; closed access.,Algorithm review / literature synthesis,MCTS + deep RL (AlphaZero-style) for graph colouring,Graph Coloring problem solving using monte carlo tree search and deep reinforcement learning
C08,C08,"Yuan et al., 2017",journal,2017,True,"Yuan, L., Qin, L., Lin, X., Chang, L. and Zhang, W. (2017) 'Effective and efficient dynamic graph coloring', Proceedings of the VLDB Endowment, 11(3), pp. 338–351. Available at: https://doi.org/10.14778/3157794.3157802.","Yuan, L., Qin, L., Lin, X., Chang, L. and Zhang, W. (2017) 'Effective and efficient dynamic graph coloring', ",Proceedings of the VLDB Endowment,", 11(3), pp. 338–351. Available at: https://doi.org/10.14778/3157794.3157802.",https://doi.org/10.14778/3157794.3157802,metadata+abstract,corrected,"Maintains a graph colouring incrementally as the graph changes. The goal is colour counts close to the best static heuristics at much lower cost. A colour-propagation method explores the two-hop neighbourhood of the changed region to decide which vertices to recolour, and an index on colour information bounds that exploration. Experiments on benchmark datasets show large efficiency gains.","Objective is colour count plus speed. It does not bound or minimise the number of recoloured vertices against a fixed palette. Large general graphs, not timetabling.",Algorithm review / literature synthesis,Incremental colour propagation with index-based pruning,Effective and efficient dynamic graph coloring
C07,C07,"Zhou et al., 2025",journal,2025,True,"Zhou, Y., Liu, H., Jin, X., Yin, Y., Hu, S. and Yin, M. (2025) 'An incremental algorithm for dynamic graph coloring based on graph reduction and adaptive recoloring strategies', The Journal of Supercomputing, 81(12). Available at: https://doi.org/10.1007/s11227-025-07696-8.","Zhou, Y., Liu, H., Jin, X., Yin, Y., Hu, S. and Yin, M. (2025) 'An incremental algorithm for dynamic graph coloring based on graph reduction and adaptive recoloring strategies', ",The Journal of Supercomputing,", 81(12). Available at: https://doi.org/10.1007/s11227-025-07696-8.",https://doi.org/10.1007/s11227-025-07696-8,metadata_only,verified,,"Content not assessed. OpenAlex has no abstract, and the Springer page could not be read (rate-limited).",Algorithm review / literature synthesis,Incremental dynamic colouring with graph reduction and adaptive recolouring (from title only),An incremental algorithm for dynamic graph coloring based on graph reduction and adaptive recoloring strategies
A26,A26,"Zhou, Duval and Hao, 2018",journal,2018,True,"Zhou, Y., Duval, B. and Hao, J.-K. (2018) 'Improving probability learning based local search for graph coloring', Applied Soft Computing, 65, pp. 542–553. Available at: https://doi.org/10.1016/j.asoc.2018.01.027.","Zhou, Y., Duval, B. and Hao, J.-K. (2018) 'Improving probability learning based local search for graph coloring', ",Applied Soft Computing,", 65, pp. 542–553. Available at: https://doi.org/10.1016/j.asoc.2018.01.027.",https://doi.org/10.1016/j.asoc.2018.01.027,metadata+abstract,verified,"Proposes an algorithm that iterates three phases: generate a colouring from a probability matrix, improve it with tabu search, and update the matrix by learning; a group-matching procedure handles colour-class symmetry. Reported as competitive with state-of-the-art algorithms on DIMACS benchmarks.","Abstract text retrieved via a summarising fetch of ScienceDirect, not verbatim; OpenAlex abstract null.",Algorithm review / literature synthesis,Probability-learning local search with tabu search improvement and group matching,Improving probability learning based local search for graph coloring
A31c,A31c,"Zhou, Hao and Duval, 2016",journal,2016,False,"Zhou, Y., Hao, J.-K. and Duval, B. (2016) 'Reinforcement learning based local search for grouping problems: A case study on graph coloring', Expert Systems with Applications, 64, pp. 412–422. Available at: https://doi.org/10.1016/j.eswa.2016.07.047.","Zhou, Y., Hao, J.-K. and Duval, B. (2016) 'Reinforcement learning based local search for grouping problems: A case study on graph coloring', ",Expert Systems with Applications,", 64, pp. 412–422. Available at: https://doi.org/10.1016/j.eswa.2016.07.047.",https://doi.org/10.1016/j.eswa.2016.07.047,metadata+abstract,verified,"Proposes reinforcement learning based local search (RLS) for grouping problems, in which RL extracts information from discovered local optima to guide the search toward promising regions; verified on graph colouring.",Online publication date (OpenAlex 2016-08-05; ScienceDirect 4 Aug 2016) falls before the window start.,Algorithm review / literature synthesis,Reinforcement learning based local search (RLS),Reinforcement learning based local search for grouping problems: A case study on graph coloring
C19,C19,"Zivan, Grubshtein and Meisels, 2011",journal,2011,False,"Zivan, R., Grubshtein, A. and Meisels, A. (2011) 'Hybrid search for minimal perturbation in Dynamic CSPs', Constraints, 16(3), pp. 228–249. Available at: https://doi.org/10.1007/s10601-011-9108-5.","Zivan, R., Grubshtein, A. and Meisels, A. (2011) 'Hybrid search for minimal perturbation in Dynamic CSPs', ",Constraints,", 16(3), pp. 228–249. Available at: https://doi.org/10.1007/s10601-011-9108-5.",https://doi.org/10.1007/s10601-011-9108-5,metadata+abstract,corrected,"When a solution becomes invalid after constraint changes, the goal is a solution to the changed problem that is as similar as possible to the previous one (minimal perturbations). Proposes a hybrid that interleaves constraint optimisation and constraint satisfaction, and shows advantages over earlier algorithms on random CSPs and meeting-scheduling instances.","Pre-window. Generic DCSP, not timetabling-specific.",Algorithm review / literature synthesis,Hybrid interleaved COP/CSP search for minimal perturbation,Hybrid search for minimal perturbation in Dynamic CSPs
A07,A07,"Zuckerman, 2007",journal,2007,False,"Zuckerman, D. (2007) 'Linear degree extractors and the inapproximability of max clique and chromatic number', Theory of Computing, 3, pp. 103–128 (article 6). Available at: https://doi.org/10.4086/toc.2007.v003a006.","Zuckerman, D. (2007) 'Linear degree extractors and the inapproximability of max clique and chromatic number', ",Theory of Computing,", 3, pp. 103–128 (article 6). Available at: https://doi.org/10.4086/toc.2007.v003a006.",https://doi.org/10.4086/toc.2007.v003a006,metadata+abstract,verified,"Derandomises the Håstad and Feige-Kilian results, showing that approximating MAX CLIQUE and CHROMATIC NUMBER within n^(1-epsilon) is NP-hard. Also derandomises Khot's quasi-polynomial-time hardness result, using a new disperser construction related to randomness extractors.",Pure complexity theory; no algorithms for practical colouring.,Q2 inapproximability of chromatic number,Inapproximability of chromatic number,Linear degree extractors and the inapproximability of max clique and chromatic number
