instance,condition,seed,method,T,clash_events,k0,k_final,periods_added,total_D,total_W,cum_dP_raw,P0_raw,rel_repair_dP,P_final,n_single,n_double,n_kempe,n_new,n_recompute,max_D,lat_clash_median_us,lat_clash_p95_us,lat_all_median_us,valid,hash
car-f-92,tight,0,RECOMPUTE,200,6,30,30,0,745,48329,-3264,180006,-0.018132728909036364,9.681578804495357,0,0,0,0,6,260,24120.96,45735.11,4.4,1,2be1a5d27b682f2269cf2b3ea2a8c8c2166128687d3172e602197fbf39903ff6
car-f-92,tight,0,ONE_BLOCKER,200,5,30,30,0,5,360,-1943,180006,-0.010794084641623057,9.748737716488408,5,0,0,0,0,1,116.76,293.4,4.71,1,75f99423d5bd8b6784853bea34abf8e8b6a53b7b1dbc57fe838e29b3c8772f1f
car-f-92,tight,0,SINGLE,200,5,30,30,0,5,360,-1943,180006,-0.010794084641623057,9.748737716488408,5,0,0,0,0,1,146.61,318.07,4.53,1,75f99423d5bd8b6784853bea34abf8e8b6a53b7b1dbc57fe838e29b3c8772f1f
car-f-92,tight,0,TBR_B16,200,5,30,30,0,5,360,-1943,180006,-0.010794084641623057,9.748737716488408,5,0,0,0,0,1,111.25,370.32,4.8,1,75f99423d5bd8b6784853bea34abf8e8b6a53b7b1dbc57fe838e29b3c8772f1f
car-f-92,tight,0,TBR_B2,200,5,30,30,0,5,360,-1943,180006,-0.010794084641623057,9.748737716488408,5,0,0,0,0,1,114.02,346.96,4.75,1,75f99423d5bd8b6784853bea34abf8e8b6a53b7b1dbc57fe838e29b3c8772f1f
car-f-92,tight,0,TBR_B4,200,5,30,30,0,5,360,-1943,180006,-0.010794084641623057,9.748737716488408,5,0,0,0,0,1,110.0,278.55,4.55,1,75f99423d5bd8b6784853bea34abf8e8b6a53b7b1dbc57fe838e29b3c8772f1f
car-f-92,tight,0,TBR_NOT2,200,5,30,30,0,5,360,-1943,180006,-0.010794084641623057,9.748737716488408,5,0,0,0,0,1,114.04,308.59,4.66,1,75f99423d5bd8b6784853bea34abf8e8b6a53b7b1dbc57fe838e29b3c8772f1f
car-f-92,tight,0,TBR,200,5,30,30,0,5,360,-1943,180006,-0.010794084641623057,9.748737716488408,5,0,0,0,0,1,186.91,433.33,5.59,1,75f99423d5bd8b6784853bea34abf8e8b6a53b7b1dbc57fe838e29b3c8772f1f
car-f-92,tight,0,TBR_NOPROX,200,5,30,30,0,5,360,-752,180006,-0.004177638523160339,9.813616374396004,5,0,0,0,0,1,53.72,62.48,4.8,1,920c4bc39f0b891ee977c583cefd66bf607482c4438484464ebbd26327d1b117
car-f-92,tight,0,TBR_B32,200,5,30,30,0,5,360,-1943,180006,-0.010794084641623057,9.748737716488408,5,0,0,0,0,1,120.34,298.33,4.79,1,75f99423d5bd8b6784853bea34abf8e8b6a53b7b1dbc57fe838e29b3c8772f1f
car-f-92,official,0,RECOMPUTE,200,6,32,32,0,745,48329,-3264,180006,-0.018132728909036364,9.681578804495357,0,0,0,0,6,260,25938.02,42640.92,4.29,1,bae201742ddb596c5b36d0f578e6859e589c22c3b52f6702efa0e98085c2e042
car-f-92,official,0,ONE_BLOCKER,200,5,32,32,0,5,360,-2232,180006,-0.012399586680443985,9.73304739670992,5,0,0,0,0,1,227.61,308.84,4.65,1,9fb7e26f83956a710b7dec3c5dfb61ad4fc9bb53d5cd92f4e16625a15fe29a3c
car-f-92,official,0,SINGLE,200,5,32,32,0,5,360,-2232,180006,-0.012399586680443985,9.73304739670992,5,0,0,0,0,1,233.24,299.86,4.5,1,9fb7e26f83956a710b7dec3c5dfb61ad4fc9bb53d5cd92f4e16625a15fe29a3c
car-f-92,official,0,TBR_B16,200,5,32,32,0,5,360,-2232,180006,-0.012399586680443985,9.73304739670992,5,0,0,0,0,1,283.03,325.64,4.54,1,9fb7e26f83956a710b7dec3c5dfb61ad4fc9bb53d5cd92f4e16625a15fe29a3c
car-f-92,official,0,TBR_B2,200,5,32,32,0,5,360,-2232,180006,-0.012399586680443985,9.73304739670992,5,0,0,0,0,1,259.86,329.4,4.87,1,9fb7e26f83956a710b7dec3c5dfb61ad4fc9bb53d5cd92f4e16625a15fe29a3c
car-f-92,official,0,TBR_B4,200,5,32,32,0,5,360,-2232,180006,-0.012399586680443985,9.73304739670992,5,0,0,0,0,1,225.06,302.12,4.83,1,9fb7e26f83956a710b7dec3c5dfb61ad4fc9bb53d5cd92f4e16625a15fe29a3c
car-f-92,official,0,TBR_NOT2,200,5,32,32,0,5,360,-2232,180006,-0.012399586680443985,9.73304739670992,5,0,0,0,0,1,237.13,300.3,5.05,1,9fb7e26f83956a710b7dec3c5dfb61ad4fc9bb53d5cd92f4e16625a15fe29a3c
car-f-92,official,0,TBR,200,5,32,32,0,5,360,-2232,180006,-0.012399586680443985,9.73304739670992,5,0,0,0,0,1,240.85,309.79,4.62,1,9fb7e26f83956a710b7dec3c5dfb61ad4fc9bb53d5cd92f4e16625a15fe29a3c
car-f-92,official,0,TBR_NOPROX,200,5,32,32,0,5,360,-752,180006,-0.004177638523160339,9.813616374396004,5,0,0,0,0,1,54.67,58.75,4.58,1,b6557a35f0091e6be963700acfeffc5998e87363001c79a16932d71053d33ce8
car-f-92,official,0,TBR_B32,200,5,32,32,0,5,360,-2232,180006,-0.012399586680443985,9.73304739670992,5,0,0,0,0,1,263.96,3535.73,4.97,1,9fb7e26f83956a710b7dec3c5dfb61ad4fc9bb53d5cd92f4e16625a15fe29a3c
car-f-92,tight,1,TBR_B32,200,3,28,28,0,3,141,-309,186151,-0.0016599427346616457,10.169987512894293,3,0,0,0,0,1,116.92,163.02,5.38,1,2c10ca5ca8ac26f3f8928ef43d1561ee82422a7435be72f16be33263bf6174da
car-f-92,tight,1,TBR_B4,200,3,28,28,0,3,141,-309,186151,-0.0016599427346616457,10.169987512894293,3,0,0,0,0,1,107.59,179.83,5.15,1,2c10ca5ca8ac26f3f8928ef43d1561ee82422a7435be72f16be33263bf6174da
car-f-92,tight,1,ONE_BLOCKER,200,3,28,28,0,3,141,-309,186151,-0.0016599427346616457,10.169987512894293,3,0,0,0,0,1,108.83,177.18,4.65,1,2c10ca5ca8ac26f3f8928ef43d1561ee82422a7435be72f16be33263bf6174da
car-f-92,tight,1,TBR,200,3,28,28,0,3,141,-309,186151,-0.0016599427346616457,10.169987512894293,3,0,0,0,0,1,112.73,162.97,4.87,1,2c10ca5ca8ac26f3f8928ef43d1561ee82422a7435be72f16be33263bf6174da
car-f-92,tight,1,TBR_B2,200,3,28,28,0,3,141,-309,186151,-0.0016599427346616457,10.169987512894293,3,0,0,0,0,1,107.47,163.21,4.69,1,2c10ca5ca8ac26f3f8928ef43d1561ee82422a7435be72f16be33263bf6174da
car-f-92,tight,1,TBR_NOPROX,200,3,28,28,0,3,141,-265,186151,-0.0014235754844185635,10.172376350507628,3,0,0,0,0,1,57.8,62.3,4.62,1,e35d3ba12cc9e696c5c59569f4a55bb8269cca374c7e3d5aa36def636320815f
car-f-92,tight,1,RECOMPUTE,200,6,28,30,2,977,65196,-12039,186151,-0.06467330285628334,9.52760736196319,0,0,0,0,6,319,26710.48,49290.2,4.23,1,7087c93f11a1420c58e822bc6c7c8ff5c5360b6b31b0a026453a9fe7b5ef874a
car-f-92,tight,1,TBR_B16,200,3,28,28,0,3,141,-309,186151,-0.0016599427346616457,10.169987512894293,3,0,0,0,0,1,105.43,178.17,4.94,1,2c10ca5ca8ac26f3f8928ef43d1561ee82422a7435be72f16be33263bf6174da
car-f-92,tight,1,SINGLE,200,3,28,28,0,3,141,-309,186151,-0.0016599427346616457,10.169987512894293,3,0,0,0,0,1,116.51,162.85,4.96,1,2c10ca5ca8ac26f3f8928ef43d1561ee82422a7435be72f16be33263bf6174da
car-f-92,tight,1,TBR_NOT2,200,3,28,28,0,3,141,-309,186151,-0.0016599427346616457,10.169987512894293,3,0,0,0,0,1,109.05,161.37,4.79,1,2c10ca5ca8ac26f3f8928ef43d1561ee82422a7435be72f16be33263bf6174da
car-f-92,official,1,TBR_B32,200,3,32,32,0,3,141,-665,186151,-0.0035723686684465835,10.150659644931864,3,0,0,0,0,1,185.91,292.72,5.04,1,1c8307bc0921d1e86255f09ce56458f7b8791a9fd44d8e54deb2cb0415a87ab0
car-f-92,official,1,TBR_B4,200,3,32,32,0,3,141,-665,186151,-0.0035723686684465835,10.150659644931864,3,0,0,0,0,1,175.81,291.4,5.14,1,1c8307bc0921d1e86255f09ce56458f7b8791a9fd44d8e54deb2cb0415a87ab0
car-f-92,official,1,ONE_BLOCKER,200,3,32,32,0,3,141,-665,186151,-0.0035723686684465835,10.150659644931864,3,0,0,0,0,1,181.88,336.46,4.96,1,1c8307bc0921d1e86255f09ce56458f7b8791a9fd44d8e54deb2cb0415a87ab0
car-f-92,official,1,TBR,200,3,32,32,0,3,141,-665,186151,-0.0035723686684465835,10.150659644931864,3,0,0,0,0,1,176.91,324.43,4.89,1,1c8307bc0921d1e86255f09ce56458f7b8791a9fd44d8e54deb2cb0415a87ab0
car-f-92,official,1,TBR_B2,200,3,32,32,0,3,141,-665,186151,-0.0035723686684465835,10.150659644931864,3,0,0,0,0,1,173.29,358.95,5.11,1,1c8307bc0921d1e86255f09ce56458f7b8791a9fd44d8e54deb2cb0415a87ab0
car-f-92,official,1,TBR_NOPROX,200,3,32,32,0,3,141,-265,186151,-0.0014235754844185635,10.172376350507628,3,0,0,0,0,1,59.34,83.59,4.93,1,6a29ce689ee3e0889eed0cf8a9ab903f6dad33df812477edf5e8aed83d3b40d4
car-f-92,official,1,RECOMPUTE,200,6,32,32,0,977,65196,-12039,186151,-0.06467330285628334,9.52760736196319,0,0,0,0,6,319,26644.93,47735.3,4.15,1,c5c5fc2bd6bd263860ee41dccbeefe7a423c1f1c7485c146dece7cf088a10dfe
car-f-92,official,1,TBR_B16,200,3,32,32,0,3,141,-665,186151,-0.0035723686684465835,10.150659644931864,3,0,0,0,0,1,179.55,338.1,4.97,1,1c8307bc0921d1e86255f09ce56458f7b8791a9fd44d8e54deb2cb0415a87ab0
car-f-92,official,1,SINGLE,200,3,32,32,0,3,141,-665,186151,-0.0035723686684465835,10.150659644931864,3,0,0,0,0,1,219.03,316.26,4.76,1,1c8307bc0921d1e86255f09ce56458f7b8791a9fd44d8e54deb2cb0415a87ab0
car-f-92,official,1,TBR_NOT2,200,3,32,32,0,3,141,-665,186151,-0.0035723686684465835,10.150659644931864,3,0,0,0,0,1,178.2,293.45,4.69,1,1c8307bc0921d1e86255f09ce56458f7b8791a9fd44d8e54deb2cb0415a87ab0
car-f-92,tight,2,TBR_B16,200,4,29,30,1,4,231,-1006,187973,-0.005351832444021216,10.220478853357946,3,0,0,1,0,1,497.51,8120.41,5.05,1,c7328fc6f0d46445f070de58b3af8f72925067fbac403a7267fe3af12e8e0e1d
car-f-92,tight,2,TBR_B4,200,4,29,30,1,4,231,-1006,187973,-0.005351832444021216,10.220478853357946,3,0,0,1,0,1,321.19,1245.17,5.59,1,c7328fc6f0d46445f070de58b3af8f72925067fbac403a7267fe3af12e8e0e1d
car-f-92,tight,2,TBR_B32,200,4,29,30,1,4,231,-1006,187973,-0.005351832444021216,10.220478853357946,3,0,0,1,0,1,470.03,11891.82,5.05,1,c7328fc6f0d46445f070de58b3af8f72925067fbac403a7267fe3af12e8e0e1d
car-f-92,tight,2,TBR_NOT2,200,4,29,30,1,4,231,-1006,187973,-0.005351832444021216,10.220478853357946,3,0,0,1,0,1,283.59,2257.54,4.6,1,c7328fc6f0d46445f070de58b3af8f72925067fbac403a7267fe3af12e8e0e1d
car-f-92,tight,2,ONE_BLOCKER,200,4,29,30,1,4,231,-1006,187973,-0.005351832444021216,10.220478853357946,3,0,0,1,0,1,352.37,587.75,5.04,1,c7328fc6f0d46445f070de58b3af8f72925067fbac403a7267fe3af12e8e0e1d
car-f-92,tight,2,TBR,200,4,29,30,1,4,231,-1006,187973,-0.005351832444021216,10.220478853357946,3,0,0,1,0,1,522.91,2527.96,5.17,1,c7328fc6f0d46445f070de58b3af8f72925067fbac403a7267fe3af12e8e0e1d
car-f-92,tight,2,TBR_NOPROX,200,4,29,30,1,4,231,-578,187973,-0.003074909694477398,10.243715728324013,3,0,0,1,0,1,1390.34,2805.53,4.79,1,570e4eda8aae93b5b3f91d5a1419880831af97589c521388bb86ffa42bd924fa
car-f-92,tight,2,SINGLE,200,4,29,30,1,4,231,-1006,187973,-0.005351832444021216,10.220478853357946,3,0,0,1,0,1,148.57,400.23,4.7,1,c7328fc6f0d46445f070de58b3af8f72925067fbac403a7267fe3af12e8e0e1d
car-f-92,tight,2,RECOMPUTE,200,7,29,29,0,653,34479,-3770,187973,-0.020056071882664,10.07725718008578,0,0,0,0,7,220,23826.01,26755.31,4.54,1,0d7d8cbe44e2b5bb0877e5247bfed99074def5786fde1603365d6f55197e993e
car-f-92,tight,2,TBR_B2,200,4,29,30,1,4,231,-1006,187973,-0.005351832444021216,10.220478853357946,3,0,0,1,0,1,324.02,528.69,4.8,1,c7328fc6f0d46445f070de58b3af8f72925067fbac403a7267fe3af12e8e0e1d
car-f-92,official,2,TBR_B16,200,4,32,32,0,4,231,-1213,187973,-0.006453054428029558,10.209240458222487,4,0,0,0,0,1,239.19,330.48,5.04,1,ecb7855170aee16f095109ad40e017934cc5dd5b90ac147e5aafe9fccde973ef
car-f-92,official,2,TBR_B4,200,4,32,32,0,4,231,-1213,187973,-0.006453054428029558,10.209240458222487,4,0,0,0,0,1,242.55,361.83,5.12,1,ecb7855170aee16f095109ad40e017934cc5dd5b90ac147e5aafe9fccde973ef
car-f-92,official,2,TBR_B32,200,4,32,32,0,4,231,-1213,187973,-0.006453054428029558,10.209240458222487,4,0,0,0,0,1,246.1,328.27,4.96,1,ecb7855170aee16f095109ad40e017934cc5dd5b90ac147e5aafe9fccde973ef
car-f-92,official,2,TBR_NOT2,200,4,32,32,0,4,231,-1213,187973,-0.006453054428029558,10.209240458222487,4,0,0,0,0,1,228.26,327.93,4.66,1,ecb7855170aee16f095109ad40e017934cc5dd5b90ac147e5aafe9fccde973ef
car-f-92,official,2,ONE_BLOCKER,200,4,32,32,0,4,231,-1213,187973,-0.006453054428029558,10.209240458222487,4,0,0,0,0,1,251.52,336.9,5.27,1,ecb7855170aee16f095109ad40e017934cc5dd5b90ac147e5aafe9fccde973ef
car-f-92,official,2,TBR,200,4,32,32,0,4,231,-1213,187973,-0.006453054428029558,10.209240458222487,4,0,0,0,0,1,244.68,341.1,4.61,1,ecb7855170aee16f095109ad40e017934cc5dd5b90ac147e5aafe9fccde973ef
car-f-92,official,2,TBR_NOPROX,200,4,32,32,0,4,231,-578,187973,-0.003074909694477398,10.243715728324013,4,0,0,0,0,1,51.98,66.18,4.69,1,05ee5c5e33cb049ae411e2b36fbc83ad34ab04a34e1a616de05cc6f2114b8121
car-f-92,official,2,SINGLE,200,4,32,32,0,4,231,-1213,187973,-0.006453054428029558,10.209240458222487,4,0,0,0,0,1,292.95,345.22,5.42,1,ecb7855170aee16f095109ad40e017934cc5dd5b90ac147e5aafe9fccde973ef
car-f-92,official,2,RECOMPUTE,200,7,32,32,0,653,34479,-3770,187973,-0.020056071882664,10.07725718008578,0,0,0,0,7,220,24395.78,27501.09,4.93,1,5676c85a50feed88a05fc837ed7dbcfc7c07ed2a397beb8be2e41526e7bf6064
car-f-92,official,2,TBR_B2,200,4,32,32,0,4,231,-1213,187973,-0.006453054428029558,10.209240458222487,4,0,0,0,0,1,242.39,327.57,5.26,1,ecb7855170aee16f095109ad40e017934cc5dd5b90ac147e5aafe9fccde973ef
car-f-92,tight,3,TBR_B16,200,3,29,30,1,3,246,-910,189076,-0.0048128794770356895,10.29833324284706,2,0,0,1,0,1,201.61,8637.69,5.4,1,089cbe7cdb6ae46ded190667f22e897d775fa1d0dfa2bf94a7e7478710c1c918
car-f-92,tight,3,TBR_NOPROX,200,3,29,30,1,3,246,-815,189076,-0.004310436015147348,10.303490960421303,2,0,0,1,0,1,56.41,2237.39,4.99,1,4427689033616aabe16afe4ef85d687fc90e24e168df8b0b257337bd81ad205f
car-f-92,tight,3,TBR_B4,200,3,29,30,1,3,246,-910,189076,-0.0048128794770356895,10.29833324284706,2,0,0,1,0,1,171.87,1292.79,5.11,1,089cbe7cdb6ae46ded190667f22e897d775fa1d0dfa2bf94a7e7478710c1c918
car-f-92,tight,3,ONE_BLOCKER,200,3,29,30,1,3,246,-910,189076,-0.0048128794770356895,10.29833324284706,2,0,0,1,0,1,163.02,356.07,4.54,1,089cbe7cdb6ae46ded190667f22e897d775fa1d0dfa2bf94a7e7478710c1c918
car-f-92,tight,3,TBR_NOT2,200,3,29,30,1,3,246,-910,189076,-0.0048128794770356895,10.29833324284706,2,0,0,1,0,1,178.62,2141.13,4.58,1,089cbe7cdb6ae46ded190667f22e897d775fa1d0dfa2bf94a7e7478710c1c918
car-f-92,tight,3,TBR_B32,200,3,29,30,1,3,246,-910,189076,-0.0048128794770356895,10.29833324284706,2,0,0,1,0,1,190.11,13794.14,4.54,1,089cbe7cdb6ae46ded190667f22e897d775fa1d0dfa2bf94a7e7478710c1c918
car-f-92,tight,3,SINGLE,200,3,29,30,1,3,246,-910,189076,-0.0048128794770356895,10.29833324284706,2,0,0,1,0,1,129.72,203.0,4.46,1,089cbe7cdb6ae46ded190667f22e897d775fa1d0dfa2bf94a7e7478710c1c918
car-f-92,tight,3,TBR_B2,200,3,29,30,1,3,246,-910,189076,-0.0048128794770356895,10.29833324284706,2,0,0,1,0,1,209.05,327.41,5.0,1,089cbe7cdb6ae46ded190667f22e897d775fa1d0dfa2bf94a7e7478710c1c918
car-f-92,tight,3,TBR,200,3,29,30,1,3,246,-910,189076,-0.0048128794770356895,10.29833324284706,2,0,0,1,0,1,163.05,2464.23,4.66,1,089cbe7cdb6ae46ded190667f22e897d775fa1d0dfa2bf94a7e7478710c1c918
car-f-92,tight,3,RECOMPUTE,200,5,29,29,0,429,23787,-12093,189076,-0.06395840825911274,9.6870079808893,0,0,0,0,5,259,23538.18,26267.66,3.81,1,17c43444776ac07108bc8adbe904f479ffd1628918e43203a10a3fb24332b97b
car-f-92,official,3,TBR_B16,200,3,32,32,0,3,246,-1161,189076,-0.006140387992130149,10.284706010098269,3,0,0,0,0,1,187.63,264.79,4.92,1,b55069bf0facbd6bc3af3e125cda3e24c321c6e223cb4e59fffa310cb35ff83c
car-f-92,official,3,TBR_NOPROX,200,3,32,32,0,3,246,-815,189076,-0.004310436015147348,10.303490960421303,3,0,0,0,0,1,66.49,75.63,4.73,1,333513cd723f3a19842706ce022f580aac47231630a3b15c5d4946c088cb65d1
car-f-92,official,3,TBR_B4,200,3,32,32,0,3,246,-1161,189076,-0.006140387992130149,10.284706010098269,3,0,0,0,0,1,196.71,261.44,4.74,1,b55069bf0facbd6bc3af3e125cda3e24c321c6e223cb4e59fffa310cb35ff83c
car-f-92,official,3,ONE_BLOCKER,200,3,32,32,0,3,246,-1161,189076,-0.006140387992130149,10.284706010098269,3,0,0,0,0,1,170.14,256.13,4.79,1,b55069bf0facbd6bc3af3e125cda3e24c321c6e223cb4e59fffa310cb35ff83c
car-f-92,official,3,TBR_NOT2,200,3,32,32,0,3,246,-1161,189076,-0.006140387992130149,10.284706010098269,3,0,0,0,0,1,161.11,257.06,4.67,1,b55069bf0facbd6bc3af3e125cda3e24c321c6e223cb4e59fffa310cb35ff83c
car-f-92,official,3,TBR_B32,200,3,32,32,0,3,246,-1161,189076,-0.006140387992130149,10.284706010098269,3,0,0,0,0,1,161.82,275.89,4.92,1,b55069bf0facbd6bc3af3e125cda3e24c321c6e223cb4e59fffa310cb35ff83c
car-f-92,official,3,SINGLE,200,3,32,32,0,3,246,-1161,189076,-0.006140387992130149,10.284706010098269,3,0,0,0,0,1,170.62,294.89,4.7,1,b55069bf0facbd6bc3af3e125cda3e24c321c6e223cb4e59fffa310cb35ff83c
car-f-92,official,3,TBR_B2,200,3,32,32,0,3,246,-1161,189076,-0.006140387992130149,10.284706010098269,3,0,0,0,0,1,172.06,265.99,4.6,1,b55069bf0facbd6bc3af3e125cda3e24c321c6e223cb4e59fffa310cb35ff83c
car-f-92,official,3,TBR,200,3,32,32,0,3,246,-1161,189076,-0.006140387992130149,10.284706010098269,3,0,0,0,0,1,174.53,248.24,4.88,1,b55069bf0facbd6bc3af3e125cda3e24c321c6e223cb4e59fffa310cb35ff83c
car-f-92,official,3,RECOMPUTE,200,5,32,32,0,429,23787,-12093,189076,-0.06395840825911274,9.6870079808893,0,0,0,0,5,259,23713.78,26277.22,4.01,1,988e1155f37826135d9259c8034d84bb307edb5a0f8474140ac8d9cf96e770fe
car-f-92,tight,4,TBR,200,7,29,30,1,7,1073,-3612,173690,-0.020795670447348726,9.306368423910094,6,0,0,1,0,1,173.87,1749.0,5.04,1,d69af772e9d732082793b6ff247bdf603baf315e6893b6e2dd3ecaf7dc4a5253
car-f-92,tight,4,TBR_B16,200,7,29,30,1,7,1073,-3612,173690,-0.020795670447348726,9.306368423910094,6,0,0,1,0,1,166.55,2962.08,5.35,1,d69af772e9d732082793b6ff247bdf603baf315e6893b6e2dd3ecaf7dc4a5253
car-f-92,tight,4,RECOMPUTE,200,6,29,29,0,694,43803,-3860,173690,-0.022223501640854397,9.291492480590694,0,0,0,0,6,357,24538.05,27228.12,4.22,1,68479371ca6f761b9a4938a99ae119195f8afb5312c33444158edeaf272aecbe
car-f-92,tight,4,ONE_BLOCKER,200,7,29,30,1,7,1073,-3612,173690,-0.020795670447348726,9.306368423910094,6,0,0,1,0,1,158.82,499.0,4.7,1,d69af772e9d732082793b6ff247bdf603baf315e6893b6e2dd3ecaf7dc4a5253
car-f-92,tight,4,TBR_NOPROX,200,7,29,30,1,7,1073,-2437,173690,-0.01403074442973113,9.370704164178294,6,0,0,1,0,1,50.74,1374.92,4.71,1,54f5858d5ed2fb28877ea1fadb41640ea9a75d752f3128532b83160c90857e61
car-f-92,tight,4,TBR_NOT2,200,7,29,30,1,7,1073,-3612,173690,-0.020795670447348726,9.306368423910094,6,0,0,1,0,1,186.86,1394.21,4.8,1,d69af772e9d732082793b6ff247bdf603baf315e6893b6e2dd3ecaf7dc4a5253
car-f-92,tight,4,TBR_B2,200,7,29,30,1,7,1073,-3612,173690,-0.020795670447348726,9.306368423910094,6,0,0,1,0,1,167.26,543.55,5.42,1,d69af772e9d732082793b6ff247bdf603baf315e6893b6e2dd3ecaf7dc4a5253
car-f-92,tight,4,SINGLE,200,7,29,30,1,7,1073,-3612,173690,-0.020795670447348726,9.306368423910094,6,0,0,1,0,1,143.85,218.93,4.92,1,d69af772e9d732082793b6ff247bdf603baf315e6893b6e2dd3ecaf7dc4a5253
car-f-92,tight,4,TBR_B4,200,7,29,30,1,7,1073,-3612,173690,-0.020795670447348726,9.306368423910094,6,0,0,1,0,1,172.92,1165.57,5.11,1,d69af772e9d732082793b6ff247bdf603baf315e6893b6e2dd3ecaf7dc4a5253
car-f-92,tight,4,TBR_B32,200,7,29,30,1,7,1073,-3612,173690,-0.020795670447348726,9.306368423910094,6,0,0,1,0,1,161.72,8742.5,4.96,1,d69af772e9d732082793b6ff247bdf603baf315e6893b6e2dd3ecaf7dc4a5253
car-f-92,official,4,TBR,200,7,32,32,0,7,727,-3594,173690,-0.02069203753814267,9.307399967424942,7,0,0,0,0,1,284.33,472.85,5.41,1,6634d0ab19600aca7ced1de44773dcee34b6381ec1425a417a6b57882230cc30
car-f-92,official,4,TBR_B16,200,7,32,32,0,7,727,-3594,173690,-0.02069203753814267,9.307399967424942,7,0,0,0,0,1,317.59,471.88,4.92,1,6634d0ab19600aca7ced1de44773dcee34b6381ec1425a417a6b57882230cc30
car-f-92,official,4,RECOMPUTE,200,6,32,32,0,694,43803,-3860,173690,-0.022223501640854397,9.291492480590694,0,0,0,0,6,357,23728.61,26745.0,4.46,1,04a14be52138b16e94cbf722e0d4c9aebebcd5b606681a01c8933bea7685e294
car-f-92,official,4,ONE_BLOCKER,200,7,32,32,0,7,727,-3594,173690,-0.02069203753814267,9.307399967424942,7,0,0,0,0,1,267.01,451.25,4.88,1,6634d0ab19600aca7ced1de44773dcee34b6381ec1425a417a6b57882230cc30
car-f-92,official,4,TBR_NOPROX,200,7,32,32,0,7,727,-1952,173690,-0.011238413265012378,9.397089961452847,7,0,0,0,0,1,48.8,85.45,4.73,1,2b62f9f692e0532b51429d4a8d5c2379444164e116ee2c81013d11099fc67fa0
car-f-92,official,4,TBR_NOT2,200,7,32,32,0,7,727,-3594,173690,-0.02069203753814267,9.307399967424942,7,0,0,0,0,1,255.17,459.45,4.85,1,6634d0ab19600aca7ced1de44773dcee34b6381ec1425a417a6b57882230cc30
car-f-92,official,4,TBR_B2,200,7,32,32,0,7,727,-3594,173690,-0.02069203753814267,9.307399967424942,7,0,0,0,0,1,323.44,469.26,5.24,1,6634d0ab19600aca7ced1de44773dcee34b6381ec1425a417a6b57882230cc30
car-f-92,official,4,SINGLE,200,7,32,32,0,7,727,-3594,173690,-0.02069203753814267,9.307399967424942,7,0,0,0,0,1,270.86,485.69,4.73,1,6634d0ab19600aca7ced1de44773dcee34b6381ec1425a417a6b57882230cc30
car-f-92,official,4,TBR_B4,200,7,32,32,0,7,727,-3594,173690,-0.02069203753814267,9.307399967424942,7,0,0,0,0,1,287.18,441.44,4.93,1,6634d0ab19600aca7ced1de44773dcee34b6381ec1425a417a6b57882230cc30
car-f-92,official,4,TBR_B32,200,7,32,32,0,7,727,-3594,173690,-0.02069203753814267,9.307399967424942,7,0,0,0,0,1,295.89,496.25,4.81,1,6634d0ab19600aca7ced1de44773dcee34b6381ec1425a417a6b57882230cc30
car-f-92,tight,5,TBR_NOPROX,200,9,29,30,1,11,860,-2022,181812,-0.011121378126856313,9.841359465769044,7,0,1,1,0,3,49.75,1937.21,5.01,1,7cc7b4535c603f48a7b689efa61e86cd3ffd26df84d50c71c87dbbfdf09dc40b
car-f-92,tight,5,TBR_NOT2,200,9,29,30,1,11,860,-3359,181812,-0.01847512815435725,9.768771377382052,7,0,1,1,0,3,133.17,1877.75,5.11,1,0c4cdfce3fb141bda5a6f2242e1e2becda9c9460b72f165227662112d1d7237a
car-f-92,tight,5,TBR_B32,200,9,29,30,1,11,860,-3359,181812,-0.01847512815435725,9.768771377382052,7,0,1,1,0,3,141.74,10813.99,5.25,1,0c4cdfce3fb141bda5a6f2242e1e2becda9c9460b72f165227662112d1d7237a
car-f-92,tight,5,TBR,200,9,29,30,1,11,860,-3359,181812,-0.01847512815435725,9.768771377382052,7,0,1,1,0,3,125.25,2199.66,4.93,1,0c4cdfce3fb141bda5a6f2242e1e2becda9c9460b72f165227662112d1d7237a
car-f-92,tight,5,TBR_B2,200,9,29,30,1,10,671,-3251,181812,-0.01788110795767056,9.774580596123569,7,1,0,1,0,2,137.59,451.26,5.04,1,4adbb661ed576eef10f8b45bc64f6be4351eb6d5b7cc435e64c2ef6227d416bd
car-f-92,tight,5,RECOMPUTE,200,9,29,29,0,671,43301,-1579,181812,-0.008684795283039623,9.859710081980564,0,0,0,0,9,316,22859.52,40183.19,4.29,1,554c9b075de7df727a4b4f43deead8616c7a36d2efb66e9a727fc0138977931e
car-f-92,tight,5,ONE_BLOCKER,200,9,29,30,1,10,671,-3251,181812,-0.01788110795767056,9.774580596123569,7,1,0,1,0,2,121.62,459.98,4.97,1,4adbb661ed576eef10f8b45bc64f6be4351eb6d5b7cc435e64c2ef6227d416bd
car-f-92,tight,5,SINGLE,200,9,29,31,2,9,522,-3596,181812,-0.019778672474864145,9.755849937564472,7,0,0,2,0,1,102.34,165.82,4.84,1,f1f39a2765bd5a52d91ee5fcbeb826429af06fbd5bf36115f2412ca389c018ad
car-f-92,tight,5,TBR_B4,200,9,29,30,1,11,860,-3359,181812,-0.01847512815435725,9.768771377382052,7,0,1,1,0,3,123.1,1378.47,5.15,1,0c4cdfce3fb141bda5a6f2242e1e2becda9c9460b72f165227662112d1d7237a
car-f-92,tight,5,TBR_B16,200,9,29,30,1,11,860,-3359,181812,-0.01847512815435725,9.768771377382052,7,0,1,1,0,3,129.27,5227.75,5.35,1,0c4cdfce3fb141bda5a6f2242e1e2becda9c9460b72f165227662112d1d7237a
car-f-92,official,5,TBR_NOPROX,200,9,32,32,0,9,522,-2021,181812,-0.011115877939849955,9.841359465769044,9,0,0,0,0,1,54.13,72.87,5.39,1,b43bc061f4d3a3dc3f76777959378f33ec6cfd680ef1e2b91a0f6083872b6a00
car-f-92,official,5,TBR_NOT2,200,9,32,32,0,9,522,-3857,181812,-0.02121422128352364,9.741679787176285,9,0,0,0,0,1,226.53,356.73,5.08,1,dfff802ebbd55afcef458de2fb629ecaca338e18cb729096d8d935c0fb1b8684
car-f-92,official,5,TBR_B32,200,9,32,32,0,9,522,-3857,181812,-0.02121422128352364,9.741679787176285,9,0,0,0,0,1,202.55,356.7,4.84,1,dfff802ebbd55afcef458de2fb629ecaca338e18cb729096d8d935c0fb1b8684
car-f-92,official,5,TBR,200,9,32,32,0,9,522,-3857,181812,-0.02121422128352364,9.741679787176285,9,0,0,0,0,1,199.05,350.38,4.82,1,dfff802ebbd55afcef458de2fb629ecaca338e18cb729096d8d935c0fb1b8684
car-f-92,official,5,TBR_B2,200,9,32,32,0,9,522,-3857,181812,-0.02121422128352364,9.741679787176285,9,0,0,0,0,1,204.23,380.52,5.07,1,dfff802ebbd55afcef458de2fb629ecaca338e18cb729096d8d935c0fb1b8684
car-f-92,official,5,RECOMPUTE,200,9,32,32,0,671,43301,-1579,181812,-0.008684795283039623,9.859710081980564,0,0,0,0,9,316,23150.6,40074.95,4.19,1,cb7379cdc35da9574158fbd9df417960697e12d8c13f038b3972710257382ac4
car-f-92,official,5,ONE_BLOCKER,200,9,32,32,0,9,522,-3857,181812,-0.02121422128352364,9.741679787176285,9,0,0,0,0,1,219.21,354.98,4.75,1,dfff802ebbd55afcef458de2fb629ecaca338e18cb729096d8d935c0fb1b8684
car-f-92,official,5,SINGLE,200,9,32,32,0,9,522,-3857,181812,-0.02121422128352364,9.741679787176285,9,0,0,0,0,1,205.19,391.44,4.92,1,dfff802ebbd55afcef458de2fb629ecaca338e18cb729096d8d935c0fb1b8684
car-f-92,official,5,TBR_B4,200,9,32,32,0,9,522,-3857,181812,-0.02121422128352364,9.741679787176285,9,0,0,0,0,1,204.37,358.6,5.04,1,dfff802ebbd55afcef458de2fb629ecaca338e18cb729096d8d935c0fb1b8684
car-f-92,official,5,TBR_B16,200,9,32,32,0,9,522,-3857,181812,-0.02121422128352364,9.741679787176285,9,0,0,0,0,1,207.02,377.79,5.05,1,dfff802ebbd55afcef458de2fb629ecaca338e18cb729096d8d935c0fb1b8684
car-f-92,tight,6,TBR_B32,200,4,29,29,0,4,416,-2301,190756,-0.01206253014321961,10.31038601444161,4,0,0,0,0,1,107.59,175.95,5.06,1,8b765784e6e100b93ff59aecaec21a153be1e31344c79630ebf770738c5a90b4
car-f-92,tight,6,TBR_B4,200,4,29,29,0,4,416,-2301,190756,-0.01206253014321961,10.31038601444161,4,0,0,0,0,1,99.99,167.79,5.08,1,8b765784e6e100b93ff59aecaec21a153be1e31344c79630ebf770738c5a90b4
car-f-92,tight,6,TBR_B16,200,4,29,29,0,4,416,-2301,190756,-0.01206253014321961,10.31038601444161,4,0,0,0,0,1,96.84,172.43,4.86,1,8b765784e6e100b93ff59aecaec21a153be1e31344c79630ebf770738c5a90b4
car-f-92,tight,6,SINGLE,200,4,29,29,0,4,416,-2301,190756,-0.01206253014321961,10.31038601444161,4,0,0,0,0,1,107.15,186.64,4.7,1,8b765784e6e100b93ff59aecaec21a153be1e31344c79630ebf770738c5a90b4
car-f-92,tight,6,TBR_B2,200,4,29,29,0,4,416,-2301,190756,-0.01206253014321961,10.31038601444161,4,0,0,0,0,1,97.28,169.83,4.96,1,8b765784e6e100b93ff59aecaec21a153be1e31344c79630ebf770738c5a90b4
car-f-92,tight,6,TBR_NOPROX,200,4,29,29,0,4,416,-1709,190756,-0.008959089098114869,10.34252673869374,4,0,0,0,0,1,57.5,82.08,4.8,1,f159f07c24aab6ea5888712dff43409bfe3b82339f8e16ab229a445a1d9d1931
car-f-92,tight,6,TBR_NOT2,200,4,29,29,0,4,416,-2301,190756,-0.01206253014321961,10.31038601444161,4,0,0,0,0,1,97.82,186.91,4.76,1,8b765784e6e100b93ff59aecaec21a153be1e31344c79630ebf770738c5a90b4
car-f-92,tight,6,ONE_BLOCKER,200,4,29,29,0,4,416,-2301,190756,-0.01206253014321961,10.31038601444161,4,0,0,0,0,1,100.3,161.82,4.62,1,8b765784e6e100b93ff59aecaec21a153be1e31344c79630ebf770738c5a90b4
car-f-92,tight,6,TBR,200,4,29,29,0,4,416,-2301,190756,-0.01206253014321961,10.31038601444161,4,0,0,0,0,1,99.16,162.13,4.72,1,8b765784e6e100b93ff59aecaec21a153be1e31344c79630ebf770738c5a90b4
car-f-92,tight,6,RECOMPUTE,200,8,29,29,0,912,51254,-11481,190756,-0.0601868355385938,9.806124110972366,0,0,0,0,8,255,24269.96,41807.27,4.52,1,d487c350303ac9b152f08d1fbfcd40efe5ebc2f83e258392d3344f8fdc7d62b1
car-f-92,official,6,TBR_B32,200,4,32,32,0,4,416,-2696,190756,-0.014133238272976996,10.288560725337966,4,0,0,0,0,1,366.06,425.4,5.24,1,1533895573c34cce714880864c148d277c85b776c565c6f843cd2b8bb7b44ff1
car-f-92,official,6,TBR_B4,200,4,32,32,0,4,416,-2696,190756,-0.014133238272976996,10.288560725337966,4,0,0,0,0,1,357.86,426.5,4.96,1,1533895573c34cce714880864c148d277c85b776c565c6f843cd2b8bb7b44ff1
car-f-92,official,6,TBR_B16,200,4,32,32,0,4,416,-2696,190756,-0.014133238272976996,10.288560725337966,4,0,0,0,0,1,357.84,408.79,4.89,1,1533895573c34cce714880864c148d277c85b776c565c6f843cd2b8bb7b44ff1
car-f-92,official,6,SINGLE,200,4,32,32,0,4,416,-2696,190756,-0.014133238272976996,10.288560725337966,4,0,0,0,0,1,378.89,440.83,4.65,1,1533895573c34cce714880864c148d277c85b776c565c6f843cd2b8bb7b44ff1
car-f-92,official,6,TBR_B2,200,4,32,32,0,4,416,-2696,190756,-0.014133238272976996,10.288560725337966,4,0,0,0,0,1,354.18,405.94,4.81,1,1533895573c34cce714880864c148d277c85b776c565c6f843cd2b8bb7b44ff1
car-f-92,official,6,TBR_NOPROX,200,4,32,32,0,4,416,-1709,190756,-0.008959089098114869,10.34252673869374,4,0,0,0,0,1,56.92,77.58,4.47,1,ca59dc75e3029620b6a27557596d95f2c570b10441e187c844c04caa9974049f
car-f-92,official,6,TBR_NOT2,200,4,32,32,0,4,416,-2696,190756,-0.014133238272976996,10.288560725337966,4,0,0,0,0,1,375.98,438.15,4.78,1,1533895573c34cce714880864c148d277c85b776c565c6f843cd2b8bb7b44ff1
car-f-92,official,6,ONE_BLOCKER,200,4,32,32,0,4,416,-2696,190756,-0.014133238272976996,10.288560725337966,4,0,0,0,0,1,354.9,413.16,4.76,1,1533895573c34cce714880864c148d277c85b776c565c6f843cd2b8bb7b44ff1
car-f-92,official,6,TBR,200,4,32,32,0,4,416,-2696,190756,-0.014133238272976996,10.288560725337966,4,0,0,0,0,1,374.69,450.27,4.6,1,1533895573c34cce714880864c148d277c85b776c565c6f843cd2b8bb7b44ff1
car-f-92,official,6,RECOMPUTE,200,8,32,32,0,912,51254,-11481,190756,-0.0601868355385938,9.806124110972366,0,0,0,0,8,255,23810.58,25979.56,4.33,1,0d417ff2e4c2d0ddd8e81218bbda3e59b05a0f758c92da657e73b4ccd90a3bfc
car-f-92,tight,7,TBR,200,4,29,29,0,4,183,-1094,187119,-0.005846546849865594,10.169227428199143,4,0,0,0,0,1,142.21,177.61,4.73,1,fd54b4f191d8140709b5f0e87d636a1385b29ad0bb0fcdf4b6531a9f20e4cbf9
car-f-92,tight,7,TBR_B2,200,4,29,29,0,4,183,-1094,187119,-0.005846546849865594,10.169227428199143,4,0,0,0,0,1,149.29,193.91,4.61,1,fd54b4f191d8140709b5f0e87d636a1385b29ad0bb0fcdf4b6531a9f20e4cbf9
car-f-92,tight,7,TBR_NOT2,200,4,29,29,0,4,183,-1094,187119,-0.005846546849865594,10.169227428199143,4,0,0,0,0,1,137.06,172.44,4.63,1,fd54b4f191d8140709b5f0e87d636a1385b29ad0bb0fcdf4b6531a9f20e4cbf9
car-f-92,tight,7,RECOMPUTE,200,4,29,29,0,17,561,948,187119,0.005066294710852452,10.280416960747054,0,0,0,0,4,10,23034.93,46833.71,4.25,1,849c36cc4df3017e7c355e9c7c0f4b1ac0d2a3a63d3a19229a26dfd547940a1d
car-f-92,tight,7,TBR_B4,200,4,29,29,0,4,183,-1094,187119,-0.005846546849865594,10.169227428199143,4,0,0,0,0,1,149.78,175.78,5.0,1,fd54b4f191d8140709b5f0e87d636a1385b29ad0bb0fcdf4b6531a9f20e4cbf9
car-f-92,tight,7,SINGLE,200,4,29,29,0,4,183,-1094,187119,-0.005846546849865594,10.169227428199143,4,0,0,0,0,1,142.61,172.51,4.47,1,fd54b4f191d8140709b5f0e87d636a1385b29ad0bb0fcdf4b6531a9f20e4cbf9
car-f-92,tight,7,TBR_B16,200,4,29,29,0,4,183,-1094,187119,-0.005846546849865594,10.169227428199143,4,0,0,0,0,1,127.19,166.39,4.78,1,fd54b4f191d8140709b5f0e87d636a1385b29ad0bb0fcdf4b6531a9f20e4cbf9
car-f-92,tight,7,ONE_BLOCKER,200,4,29,29,0,4,183,-1094,187119,-0.005846546849865594,10.169227428199143,4,0,0,0,0,1,141.57,189.34,4.46,1,fd54b4f191d8140709b5f0e87d636a1385b29ad0bb0fcdf4b6531a9f20e4cbf9
car-f-92,tight,7,TBR_B32,200,4,29,29,0,4,183,-1094,187119,-0.005846546849865594,10.169227428199143,4,0,0,0,0,1,143.82,191.97,4.59,1,fd54b4f191d8140709b5f0e87d636a1385b29ad0bb0fcdf4b6531a9f20e4cbf9
car-f-92,tight,7,TBR_NOPROX,200,4,29,29,0,4,183,-499,187119,-0.002666752173750394,10.20153102774309,4,0,0,0,0,1,56.78,67.15,4.77,1,1bcc15f0c10644454f57ec4385fcf471a3937ea32e82526247b35e825a78a2de
car-f-92,official,7,TBR,200,4,32,32,0,4,183,-1252,187119,-0.006690929301674336,10.160649329496716,4,0,0,0,0,1,165.66,192.24,5.18,1,1b6f293ca84c0fed2b310eb701d4e427aa95f3e8164eedea8d5de99d0508fed6
car-f-92,official,7,TBR_B2,200,4,32,32,0,4,183,-1252,187119,-0.006690929301674336,10.160649329496716,4,0,0,0,0,1,173.33,198.21,5.21,1,1b6f293ca84c0fed2b310eb701d4e427aa95f3e8164eedea8d5de99d0508fed6
car-f-92,official,7,TBR_NOT2,200,4,32,32,0,4,183,-1252,187119,-0.006690929301674336,10.160649329496716,4,0,0,0,0,1,161.53,186.76,4.73,1,1b6f293ca84c0fed2b310eb701d4e427aa95f3e8164eedea8d5de99d0508fed6
car-f-92,official,7,RECOMPUTE,200,4,32,32,0,17,561,948,187119,0.005066294710852452,10.280416960747054,0,0,0,0,4,10,22748.53,25196.16,4.11,1,e4900258b3984e42382c99ec0b8d765274b8cab6c489d46b4ada489be7e569c6
car-f-92,official,7,TBR_B4,200,4,32,32,0,4,183,-1252,187119,-0.006690929301674336,10.160649329496716,4,0,0,0,0,1,161.33,191.75,5.04,1,1b6f293ca84c0fed2b310eb701d4e427aa95f3e8164eedea8d5de99d0508fed6
car-f-92,official,7,SINGLE,200,4,32,32,0,4,183,-1252,187119,-0.006690929301674336,10.160649329496716,4,0,0,0,0,1,164.71,198.76,4.62,1,1b6f293ca84c0fed2b310eb701d4e427aa95f3e8164eedea8d5de99d0508fed6
car-f-92,official,7,TBR_B16,200,4,32,32,0,4,183,-1252,187119,-0.006690929301674336,10.160649329496716,4,0,0,0,0,1,170.28,196.95,5.11,1,1b6f293ca84c0fed2b310eb701d4e427aa95f3e8164eedea8d5de99d0508fed6
car-f-92,official,7,ONE_BLOCKER,200,4,32,32,0,4,183,-1252,187119,-0.006690929301674336,10.160649329496716,4,0,0,0,0,1,166.54,225.96,4.75,1,1b6f293ca84c0fed2b310eb701d4e427aa95f3e8164eedea8d5de99d0508fed6
car-f-92,official,7,TBR_B32,200,4,32,32,0,4,183,-1252,187119,-0.006690929301674336,10.160649329496716,4,0,0,0,0,1,160.16,200.75,4.77,1,1b6f293ca84c0fed2b310eb701d4e427aa95f3e8164eedea8d5de99d0508fed6
car-f-92,official,7,TBR_NOPROX,200,4,32,32,0,4,183,-499,187119,-0.002666752173750394,10.20153102774309,4,0,0,0,0,1,54.43,64.66,4.87,1,b148c1a7528a5918cd5b6f0d7e0ffcd91db9f543ee910a09e8aea6b50277ef8d
car-f-92,tight,8,SINGLE,200,1,30,30,0,1,63,106,191476,0.0005535941841275147,10.484119659047723,1,0,0,0,0,1,248.21,248.21,4.97,1,82fdc5daa4a93875c2f1ae4856556e62058445f0725c7e6d9dfdee6735481987
car-f-92,tight,8,RECOMPUTE,200,1,30,30,0,293,23517,-10686,191476,-0.055808560864024734,9.898040067321787,0,0,0,0,1,293,30376.62,30376.62,3.88,1,3b9e1ec31227170460b60588c8544f5253cb1875422a1b022579a10777dd1605
car-f-92,tight,8,TBR_NOPROX,200,1,30,30,0,1,63,106,191476,0.0005535941841275147,10.484119659047723,1,0,0,0,0,1,63.52,63.52,4.77,1,82fdc5daa4a93875c2f1ae4856556e62058445f0725c7e6d9dfdee6735481987
car-f-92,tight,8,TBR,200,1,30,30,0,1,63,106,191476,0.0005535941841275147,10.484119659047723,1,0,0,0,0,1,230.96,230.96,4.67,1,82fdc5daa4a93875c2f1ae4856556e62058445f0725c7e6d9dfdee6735481987
car-f-92,tight,8,TBR_NOT2,200,1,30,30,0,1,63,106,191476,0.0005535941841275147,10.484119659047723,1,0,0,0,0,1,271.86,271.86,4.52,1,82fdc5daa4a93875c2f1ae4856556e62058445f0725c7e6d9dfdee6735481987
car-f-92,tight,8,TBR_B2,200,1,30,30,0,1,63,106,191476,0.0005535941841275147,10.484119659047723,1,0,0,0,0,1,247.88,247.88,5.16,1,82fdc5daa4a93875c2f1ae4856556e62058445f0725c7e6d9dfdee6735481987
car-f-92,tight,8,TBR_B32,200,1,30,30,0,1,63,106,191476,0.0005535941841275147,10.484119659047723,1,0,0,0,0,1,244.43,244.43,4.88,1,82fdc5daa4a93875c2f1ae4856556e62058445f0725c7e6d9dfdee6735481987
car-f-92,tight,8,TBR_B16,200,1,30,30,0,1,63,106,191476,0.0005535941841275147,10.484119659047723,1,0,0,0,0,1,240.77,240.77,4.8,1,82fdc5daa4a93875c2f1ae4856556e62058445f0725c7e6d9dfdee6735481987
car-f-92,tight,8,TBR_B4,200,1,30,30,0,1,63,106,191476,0.0005535941841275147,10.484119659047723,1,0,0,0,0,1,230.99,230.99,4.66,1,82fdc5daa4a93875c2f1ae4856556e62058445f0725c7e6d9dfdee6735481987
car-f-92,tight,8,ONE_BLOCKER,200,1,30,30,0,1,63,106,191476,0.0005535941841275147,10.484119659047723,1,0,0,0,0,1,241.99,241.99,4.65,1,82fdc5daa4a93875c2f1ae4856556e62058445f0725c7e6d9dfdee6735481987
car-f-92,official,8,SINGLE,200,1,32,32,0,1,63,-130,191476,-0.0006789362635526123,10.471306802758022,1,0,0,0,0,1,393.82,393.82,4.97,1,2bacfc966d096175f8b4dfc27192c3f7bd33ef437852dd28c509f41f2593e642
car-f-92,official,8,RECOMPUTE,200,1,32,32,0,293,23517,-10686,191476,-0.055808560864024734,9.898040067321787,0,0,0,0,1,293,29353.64,29353.64,3.93,1,98c17d45bd88dcf9fe63b5ddbe0e978b83d833d221ac8552f6d119959dbf6e1f
car-f-92,official,8,TBR_NOPROX,200,1,32,32,0,1,63,106,191476,0.0005535941841275147,10.484119659047723,1,0,0,0,0,1,64.9,64.9,4.54,1,a6400d44802ac69b9f7b194a692e086196bc7ebb5ecb1d61c17cdc10f4c00710
car-f-92,official,8,TBR,200,1,32,32,0,1,63,-130,191476,-0.0006789362635526123,10.471306802758022,1,0,0,0,0,1,245.72,245.72,4.42,1,2bacfc966d096175f8b4dfc27192c3f7bd33ef437852dd28c509f41f2593e642
car-f-92,official,8,TBR_NOT2,200,1,32,32,0,1,63,-130,191476,-0.0006789362635526123,10.471306802758022,1,0,0,0,0,1,236.51,236.51,4.5,1,2bacfc966d096175f8b4dfc27192c3f7bd33ef437852dd28c509f41f2593e642
car-f-92,official,8,TBR_B2,200,1,32,32,0,1,63,-130,191476,-0.0006789362635526123,10.471306802758022,1,0,0,0,0,1,244.94,244.94,4.53,1,2bacfc966d096175f8b4dfc27192c3f7bd33ef437852dd28c509f41f2593e642
car-f-92,official,8,TBR_B32,200,1,32,32,0,1,63,-130,191476,-0.0006789362635526123,10.471306802758022,1,0,0,0,0,1,248.86,248.86,4.71,1,2bacfc966d096175f8b4dfc27192c3f7bd33ef437852dd28c509f41f2593e642
car-f-92,official,8,TBR_B16,200,1,32,32,0,1,63,-130,191476,-0.0006789362635526123,10.471306802758022,1,0,0,0,0,1,247.46,247.46,4.76,1,2bacfc966d096175f8b4dfc27192c3f7bd33ef437852dd28c509f41f2593e642
car-f-92,official,8,TBR_B4,200,1,32,32,0,1,63,-130,191476,-0.0006789362635526123,10.471306802758022,1,0,0,0,0,1,297.5,297.5,5.08,1,2bacfc966d096175f8b4dfc27192c3f7bd33ef437852dd28c509f41f2593e642
car-f-92,official,8,ONE_BLOCKER,200,1,32,32,0,1,63,-130,191476,-0.0006789362635526123,10.471306802758022,1,0,0,0,0,1,232.65,232.65,4.58,1,2bacfc966d096175f8b4dfc27192c3f7bd33ef437852dd28c509f41f2593e642
car-f-92,tight,9,TBR_B4,200,5,29,30,1,7,555,-2136,186843,-0.01143205793099019,10.099733970356697,2,2,0,1,0,2,380.91,1258.74,5.18,1,7636387e7a1070d19302b815e4604e6e5abf01721b0005785430d4160345c2e3
car-f-92,tight,9,ONE_BLOCKER,200,5,29,30,1,7,555,-2136,186843,-0.01143205793099019,10.099733970356697,2,2,0,1,0,2,375.39,564.11,4.63,1,7636387e7a1070d19302b815e4604e6e5abf01721b0005785430d4160345c2e3
car-f-92,tight,9,SINGLE,200,5,29,30,1,5,320,-1900,186843,-0.010168965388053071,10.11232965959064,4,0,0,1,0,1,115.3,207.47,5.04,1,32faca4741847be1230f9289e19d5f64afbaa744ea18c2ab77f6a7cbc3334e32
car-f-92,tight,9,TBR_NOPROX,200,5,29,30,1,7,555,-1895,186843,-0.010142204952821353,10.112818285466094,2,2,0,1,0,2,140.88,1482.17,4.88,1,663342be135c5f50fef22bcd4b395e5c700119e543b673bd869111aa7c15b357
car-f-92,tight,9,TBR_B16,200,5,29,30,1,7,555,-2136,186843,-0.01143205793099019,10.099733970356697,2,2,0,1,0,2,386.38,3488.85,4.91,1,7636387e7a1070d19302b815e4604e6e5abf01721b0005785430d4160345c2e3
car-f-92,tight,9,TBR_B2,200,5,29,30,1,7,555,-2136,186843,-0.01143205793099019,10.099733970356697,2,2,0,1,0,2,424.04,645.65,5.06,1,7636387e7a1070d19302b815e4604e6e5abf01721b0005785430d4160345c2e3
car-f-92,tight,9,TBR,200,5,29,30,1,7,555,-2136,186843,-0.01143205793099019,10.099733970356697,2,2,0,1,0,2,416.96,1969.07,5.03,1,7636387e7a1070d19302b815e4604e6e5abf01721b0005785430d4160345c2e3
car-f-92,tight,9,TBR_B32,200,5,29,30,1,7,555,-2136,186843,-0.01143205793099019,10.099733970356697,2,2,0,1,0,2,394.52,9995.15,4.79,1,7636387e7a1070d19302b815e4604e6e5abf01721b0005785430d4160345c2e3
car-f-92,tight,9,RECOMPUTE,200,7,29,29,0,549,32317,-3295,186843,-0.017635126817702563,10.034909604213041,0,0,0,0,7,268,23819.76,45355.63,4.7,1,27a04287a9cd03a358c2817123adb07d6a1fb835d939b319a8f206ce0d3a443e
car-f-92,tight,9,TBR_NOT2,200,5,29,30,1,5,320,-1900,186843,-0.010168965388053071,10.11232965959064,4,0,0,1,0,1,219.28,1314.11,4.92,1,32faca4741847be1230f9289e19d5f64afbaa744ea18c2ab77f6a7cbc3334e32
car-f-92,official,9,TBR_B4,200,5,32,32,0,5,320,-2163,186843,-0.01157656428124147,10.098050925674576,5,0,0,0,0,1,279.86,444.26,5.29,1,91da8b98e30668b01398337c7baf9147218c1d6b6b466632f230838b50610a5c
car-f-92,official,9,ONE_BLOCKER,200,5,32,32,0,5,320,-2163,186843,-0.01157656428124147,10.098050925674576,5,0,0,0,0,1,251.96,422.36,4.84,1,91da8b98e30668b01398337c7baf9147218c1d6b6b466632f230838b50610a5c
car-f-92,official,9,SINGLE,200,5,32,32,0,5,320,-2163,186843,-0.01157656428124147,10.098050925674576,5,0,0,0,0,1,254.04,431.89,4.79,1,91da8b98e30668b01398337c7baf9147218c1d6b6b466632f230838b50610a5c
car-f-92,official,9,TBR_NOPROX,200,5,32,32,0,5,320,-1658,186843,-0.008873760322837891,10.125468266463978,5,0,0,0,0,1,53.06,71.71,4.93,1,caa2b1d375c8878ffdd624d73008b47ee5104f253393dbe1ef34f59608f34c64
car-f-92,official,9,TBR_B16,200,5,32,32,0,5,320,-2163,186843,-0.01157656428124147,10.098050925674576,5,0,0,0,0,1,286.37,395.54,5.05,1,91da8b98e30668b01398337c7baf9147218c1d6b6b466632f230838b50610a5c
car-f-92,official,9,TBR_B2,200,5,32,32,0,5,320,-2163,186843,-0.01157656428124147,10.098050925674576,5,0,0,0,0,1,373.34,414.6,5.2,1,91da8b98e30668b01398337c7baf9147218c1d6b6b466632f230838b50610a5c
car-f-92,official,9,TBR,200,5,32,32,0,5,320,-2163,186843,-0.01157656428124147,10.098050925674576,5,0,0,0,0,1,314.68,408.16,4.79,1,91da8b98e30668b01398337c7baf9147218c1d6b6b466632f230838b50610a5c
car-f-92,official,9,TBR_B32,200,5,32,32,0,5,320,-2163,186843,-0.01157656428124147,10.098050925674576,5,0,0,0,0,1,283.67,453.73,4.97,1,91da8b98e30668b01398337c7baf9147218c1d6b6b466632f230838b50610a5c
car-f-92,official,9,RECOMPUTE,200,7,32,32,0,549,32317,-3295,186843,-0.017635126817702563,10.034909604213041,0,0,0,0,7,268,22624.42,46446.47,4.48,1,1c1430fad58ef1891e6097ae6fadde1d5f029151f0fae4b08b6c8cbf43e2e03a
car-f-92,official,9,TBR_NOT2,200,5,32,32,0,5,320,-2163,186843,-0.01157656428124147,10.098050925674576,5,0,0,0,0,1,261.6,403.16,4.91,1,91da8b98e30668b01398337c7baf9147218c1d6b6b466632f230838b50610a5c
car-s-91,tight,0,RECOMPUTE,200,6,30,31,1,1882,112445,-16212,218560,-0.07417642752562226,12.049748892171344,0,0,0,0,6,477,44047.81,60721.67,5.13,1,b4a6eff2c06b1a51913b0bf9f1ff8a6eb2d398299abef5616443313c7dffc1b3
car-s-91,tight,0,ONE_BLOCKER,200,10,30,31,1,10,716,-3540,218560,-0.01619692532942899,12.796100443131463,9,0,0,1,0,1,124.95,369.21,5.22,1,48bceb42b91283e9d90241758b9bf172cc3aca5f040e9a9e1df989ed799867ab
car-s-91,tight,0,SINGLE,200,10,30,31,1,10,716,-3540,218560,-0.01619692532942899,12.796100443131463,9,0,0,1,0,1,117.64,216.84,5.23,1,48bceb42b91283e9d90241758b9bf172cc3aca5f040e9a9e1df989ed799867ab
car-s-91,tight,0,TBR_B16,200,10,30,31,1,10,716,-3540,218560,-0.01619692532942899,12.796100443131463,9,0,0,1,0,1,121.6,3196.11,5.38,1,48bceb42b91283e9d90241758b9bf172cc3aca5f040e9a9e1df989ed799867ab
car-s-91,tight,0,TBR_B2,200,10,30,31,1,10,716,-3540,218560,-0.01619692532942899,12.796100443131463,9,0,0,1,0,1,125.73,361.33,5.61,1,48bceb42b91283e9d90241758b9bf172cc3aca5f040e9a9e1df989ed799867ab
car-s-91,tight,0,TBR_B4,200,10,30,31,1,10,716,-3540,218560,-0.01619692532942899,12.796100443131463,9,0,0,1,0,1,126.32,903.49,5.16,1,48bceb42b91283e9d90241758b9bf172cc3aca5f040e9a9e1df989ed799867ab
car-s-91,tight,0,TBR_NOT2,200,10,30,31,1,10,716,-3540,218560,-0.01619692532942899,12.796100443131463,9,0,0,1,0,1,123.98,1231.01,4.78,1,48bceb42b91283e9d90241758b9bf172cc3aca5f040e9a9e1df989ed799867ab
car-s-91,tight,0,TBR,200,10,30,31,1,10,716,-3540,218560,-0.01619692532942899,12.796100443131463,9,0,0,1,0,1,124.13,1444.48,4.93,1,48bceb42b91283e9d90241758b9bf172cc3aca5f040e9a9e1df989ed799867ab
car-s-91,tight,0,TBR_NOPROX,200,9,30,31,1,9,628,-2551,218560,-0.011671852122986822,12.85559822747415,8,0,0,1,0,1,56.34,1259.65,4.91,1,77cc33560bb7dc242f58f583da9146a7169ff93bd74bcc4437697f88b582bc0c
car-s-91,tight,0,TBR_B32,200,10,30,31,1,10,716,-3540,218560,-0.01619692532942899,12.796100443131463,9,0,0,1,0,1,128.17,10690.33,5.0,1,48bceb42b91283e9d90241758b9bf172cc3aca5f040e9a9e1df989ed799867ab
car-s-91,official,0,RECOMPUTE,200,6,35,35,0,1882,112445,-16212,218560,-0.07417642752562226,12.049748892171344,0,0,0,0,6,477,43855.46,59779.37,4.95,1,a5934c43b274f44adac661b6bd340778eb6e9fabd22ac8c584c29fd4d00e9c5f
car-s-91,official,0,ONE_BLOCKER,200,9,35,35,0,9,628,-4768,218560,-0.021815519765739384,12.721299852289512,9,0,0,0,0,1,277.68,459.39,4.87,1,fef5c5cf706c8f8162fded93dfbaf1666ede5da6485c29d6897e072121ef55ee
car-s-91,official,0,SINGLE,200,9,35,35,0,9,628,-4768,218560,-0.021815519765739384,12.721299852289512,9,0,0,0,0,1,293.13,461.54,4.81,1,fef5c5cf706c8f8162fded93dfbaf1666ede5da6485c29d6897e072121ef55ee
car-s-91,official,0,TBR_B16,200,9,35,35,0,9,628,-4768,218560,-0.021815519765739384,12.721299852289512,9,0,0,0,0,1,270.82,454.73,5.28,1,fef5c5cf706c8f8162fded93dfbaf1666ede5da6485c29d6897e072121ef55ee
car-s-91,official,0,TBR_B2,200,9,35,35,0,9,628,-4768,218560,-0.021815519765739384,12.721299852289512,9,0,0,0,0,1,290.3,434.85,5.18,1,fef5c5cf706c8f8162fded93dfbaf1666ede5da6485c29d6897e072121ef55ee
car-s-91,official,0,TBR_B4,200,9,35,35,0,9,628,-4768,218560,-0.021815519765739384,12.721299852289512,9,0,0,0,0,1,293.26,439.29,5.28,1,fef5c5cf706c8f8162fded93dfbaf1666ede5da6485c29d6897e072121ef55ee
car-s-91,official,0,TBR_NOT2,200,9,35,35,0,9,628,-4768,218560,-0.021815519765739384,12.721299852289512,9,0,0,0,0,1,273.82,441.85,5.04,1,fef5c5cf706c8f8162fded93dfbaf1666ede5da6485c29d6897e072121ef55ee
car-s-91,official,0,TBR,200,9,35,35,0,9,628,-4768,218560,-0.021815519765739384,12.721299852289512,9,0,0,0,0,1,272.22,422.05,5.02,1,fef5c5cf706c8f8162fded93dfbaf1666ede5da6485c29d6897e072121ef55ee
car-s-91,official,0,TBR_NOPROX,200,9,35,35,0,9,628,-2551,218560,-0.011671852122986822,12.85559822747415,9,0,0,0,0,1,60.53,82.14,5.04,1,8e2ad43882adab507ce00ce98599cd7525f56a3e5cb75e0b1d2f6d3bf3e7b987
car-s-91,official,0,TBR_B32,200,9,35,35,0,9,628,-4768,218560,-0.021815519765739384,12.721299852289512,9,0,0,0,0,1,295.58,438.46,5.17,1,fef5c5cf706c8f8162fded93dfbaf1666ede5da6485c29d6897e072121ef55ee
car-s-91,tight,1,TBR_B32,200,4,31,31,0,4,383,-1449,204269,-0.007093587377428783,12.076573116691286,4,0,0,0,0,1,147.12,197.7,5.72,1,82d1a3c5a1c7fa4750741d5e1bad00151bc69d8ca501fe3ae2df88babf90fd3c
car-s-91,tight,1,TBR_B4,200,4,31,31,0,4,383,-1449,204269,-0.007093587377428783,12.076573116691286,4,0,0,0,0,1,176.32,191.74,6.22,1,82d1a3c5a1c7fa4750741d5e1bad00151bc69d8ca501fe3ae2df88babf90fd3c
car-s-91,tight,1,ONE_BLOCKER,200,4,31,31,0,4,383,-1449,204269,-0.007093587377428783,12.076573116691286,4,0,0,0,0,1,148.3,184.18,4.97,1,82d1a3c5a1c7fa4750741d5e1bad00151bc69d8ca501fe3ae2df88babf90fd3c
car-s-91,tight,1,TBR,200,4,31,31,0,4,383,-1449,204269,-0.007093587377428783,12.076573116691286,4,0,0,0,0,1,174.47,205.1,5.05,1,82d1a3c5a1c7fa4750741d5e1bad00151bc69d8ca501fe3ae2df88babf90fd3c
car-s-91,tight,1,TBR_B2,200,4,31,31,0,4,383,-1449,204269,-0.007093587377428783,12.076573116691286,4,0,0,0,0,1,176.65,197.22,4.97,1,82d1a3c5a1c7fa4750741d5e1bad00151bc69d8ca501fe3ae2df88babf90fd3c
car-s-91,tight,1,TBR_NOPROX,200,4,31,31,0,4,383,-992,204269,-0.004856341392967117,12.103574593796159,4,0,0,0,0,1,62.25,90.66,4.7,1,c8b5ad94cd33555dbe18ae4664f952d34750261d1df2de290cbc734e8c433127
car-s-91,tight,1,RECOMPUTE,200,6,31,31,0,2359,141220,-16218,204269,-0.07939530716848861,11.199409158050221,0,0,0,0,6,522,42601.59,60928.75,4.71,1,adc3a23904522ade712c3afbfbc0b600f68b31dab4fd132c38c2146da78f409a
car-s-91,tight,1,TBR_B16,200,4,31,31,0,4,383,-1449,204269,-0.007093587377428783,12.076573116691286,4,0,0,0,0,1,143.27,184.3,4.99,1,82d1a3c5a1c7fa4750741d5e1bad00151bc69d8ca501fe3ae2df88babf90fd3c
car-s-91,tight,1,SINGLE,200,4,31,31,0,4,383,-1449,204269,-0.007093587377428783,12.076573116691286,4,0,0,0,0,1,146.28,186.24,4.69,1,82d1a3c5a1c7fa4750741d5e1bad00151bc69d8ca501fe3ae2df88babf90fd3c
car-s-91,tight,1,TBR_NOT2,200,4,31,31,0,4,383,-1449,204269,-0.007093587377428783,12.076573116691286,4,0,0,0,0,1,140.89,185.5,4.54,1,82d1a3c5a1c7fa4750741d5e1bad00151bc69d8ca501fe3ae2df88babf90fd3c
car-s-91,official,1,TBR_B32,200,4,35,35,0,4,260,-1498,204269,-0.007333467143815263,12.07178729689808,4,0,0,0,0,1,327.65,339.25,5.24,1,48c44da058bfca93337179c0717dc9b6a5ddab0378bc02f136e04ab6302b3298
car-s-91,official,1,TBR_B4,200,4,35,35,0,4,260,-1498,204269,-0.007333467143815263,12.07178729689808,4,0,0,0,0,1,325.83,371.15,5.01,1,48c44da058bfca93337179c0717dc9b6a5ddab0378bc02f136e04ab6302b3298
car-s-91,official,1,ONE_BLOCKER,200,4,35,35,0,4,260,-1498,204269,-0.007333467143815263,12.07178729689808,4,0,0,0,0,1,303.35,334.1,4.89,1,48c44da058bfca93337179c0717dc9b6a5ddab0378bc02f136e04ab6302b3298
car-s-91,official,1,TBR,200,4,35,35,0,4,260,-1498,204269,-0.007333467143815263,12.07178729689808,4,0,0,0,0,1,313.38,324.91,4.88,1,48c44da058bfca93337179c0717dc9b6a5ddab0378bc02f136e04ab6302b3298
car-s-91,official,1,TBR_B2,200,4,35,35,0,4,260,-1498,204269,-0.007333467143815263,12.07178729689808,4,0,0,0,0,1,298.86,331.59,4.77,1,48c44da058bfca93337179c0717dc9b6a5ddab0378bc02f136e04ab6302b3298
car-s-91,official,1,TBR_NOPROX,200,4,35,35,0,4,260,-769,204269,-0.003764643680636807,12.114859675036927,4,0,0,0,0,1,68.23,69.55,4.59,1,80124a5ef7d4b3426d369d3e4fceeb9081f030e3101af5fefce5c49db67c3c58
car-s-91,official,1,RECOMPUTE,200,6,35,35,0,2359,141220,-16218,204269,-0.07939530716848861,11.199409158050221,0,0,0,0,6,522,43237.39,61619.02,4.92,1,5ea2938347774b12e8263091615b32270ca40abec0644c91ae4a1999c81c1074
car-s-91,official,1,TBR_B16,200,4,35,35,0,4,260,-1498,204269,-0.007333467143815263,12.07178729689808,4,0,0,0,0,1,303.33,326.29,5.24,1,48c44da058bfca93337179c0717dc9b6a5ddab0378bc02f136e04ab6302b3298
car-s-91,official,1,SINGLE,200,4,35,35,0,4,260,-1498,204269,-0.007333467143815263,12.07178729689808,4,0,0,0,0,1,302.26,404.26,4.88,1,48c44da058bfca93337179c0717dc9b6a5ddab0378bc02f136e04ab6302b3298
car-s-91,official,1,TBR_NOT2,200,4,35,35,0,4,260,-1498,204269,-0.007333467143815263,12.07178729689808,4,0,0,0,0,1,311.85,332.83,4.77,1,48c44da058bfca93337179c0717dc9b6a5ddab0378bc02f136e04ab6302b3298
car-s-91,tight,2,TBR_B16,200,5,30,31,1,5,287,-1437,205077,-0.0070071241533667845,12.123367799113737,4,0,0,1,0,1,339.56,3745.61,5.59,1,4b339cccbcd922f3bd815f3aab70f58a440bbc832ff621d03334ebdb7f87c335
car-s-91,tight,2,TBR_B4,200,5,30,31,1,5,287,-1437,205077,-0.0070071241533667845,12.123367799113737,4,0,0,1,0,1,335.58,1156.4,5.26,1,4b339cccbcd922f3bd815f3aab70f58a440bbc832ff621d03334ebdb7f87c335
car-s-91,tight,2,TBR_B32,200,5,30,31,1,5,287,-1437,205077,-0.0070071241533667845,12.123367799113737,4,0,0,1,0,1,318.65,10320.57,5.11,1,4b339cccbcd922f3bd815f3aab70f58a440bbc832ff621d03334ebdb7f87c335
car-s-91,tight,2,TBR_NOT2,200,5,30,31,1,5,287,-1437,205077,-0.0070071241533667845,12.123367799113737,4,0,0,1,0,1,325.27,1559.88,4.96,1,4b339cccbcd922f3bd815f3aab70f58a440bbc832ff621d03334ebdb7f87c335
car-s-91,tight,2,ONE_BLOCKER,200,5,30,31,1,5,287,-1437,205077,-0.0070071241533667845,12.123367799113737,4,0,0,1,0,1,357.07,372.28,4.79,1,4b339cccbcd922f3bd815f3aab70f58a440bbc832ff621d03334ebdb7f87c335
car-s-91,tight,2,TBR,200,5,30,31,1,5,287,-1437,205077,-0.0070071241533667845,12.123367799113737,4,0,0,1,0,1,353.09,1775.57,5.54,1,4b339cccbcd922f3bd815f3aab70f58a440bbc832ff621d03334ebdb7f87c335
car-s-91,tight,2,TBR_NOPROX,200,5,30,31,1,5,287,-1268,205077,-0.006183043442219264,12.133353028064993,4,0,0,1,0,1,62.84,1454.05,4.98,1,15d92c0a85fa52ccb20dbc3a12791021d5dbb45bdc1ce5cc397fe68afba332b4
car-s-91,tight,2,SINGLE,200,5,30,31,1,5,287,-1437,205077,-0.0070071241533667845,12.123367799113737,4,0,0,1,0,1,229.61,363.74,4.8,1,4b339cccbcd922f3bd815f3aab70f58a440bbc832ff621d03334ebdb7f87c335
car-s-91,tight,2,RECOMPUTE,200,6,30,31,1,982,58496,-321,205077,-0.001565265729457716,12.189010339734121,0,0,0,0,6,454,39600.33,44949.69,5.01,1,872181c83497b64d72f068d1da8bc205f2b89f83dd1b899d414acb249239e8dc
car-s-91,tight,2,TBR_B2,200,5,30,31,1,5,287,-1437,205077,-0.0070071241533667845,12.123367799113737,4,0,0,1,0,1,299.22,402.62,5.96,1,4b339cccbcd922f3bd815f3aab70f58a440bbc832ff621d03334ebdb7f87c335
car-s-91,official,2,TBR_B16,200,5,35,35,0,5,287,-1995,205077,-0.009728053365321319,12.0903988183161,5,0,0,0,0,1,322.1,466.14,5.96,1,e3704f79dbd23bf66713076d0a6075751c38e970f1b0bd0df53e6317ad63f340
car-s-91,official,2,TBR_B4,200,5,35,35,0,5,287,-1995,205077,-0.009728053365321319,12.0903988183161,5,0,0,0,0,1,273.25,362.24,5.29,1,e3704f79dbd23bf66713076d0a6075751c38e970f1b0bd0df53e6317ad63f340
car-s-91,official,2,TBR_B32,200,5,35,35,0,5,287,-1995,205077,-0.009728053365321319,12.0903988183161,5,0,0,0,0,1,304.76,360.08,5.21,1,e3704f79dbd23bf66713076d0a6075751c38e970f1b0bd0df53e6317ad63f340
car-s-91,official,2,TBR_NOT2,200,5,35,35,0,5,287,-1995,205077,-0.009728053365321319,12.0903988183161,5,0,0,0,0,1,269.22,360.34,4.84,1,e3704f79dbd23bf66713076d0a6075751c38e970f1b0bd0df53e6317ad63f340
car-s-91,official,2,ONE_BLOCKER,200,5,35,35,0,5,287,-1995,205077,-0.009728053365321319,12.0903988183161,5,0,0,0,0,1,271.77,387.04,4.79,1,e3704f79dbd23bf66713076d0a6075751c38e970f1b0bd0df53e6317ad63f340
car-s-91,official,2,TBR,200,5,35,35,0,5,287,-1995,205077,-0.009728053365321319,12.0903988183161,5,0,0,0,0,1,305.36,370.21,5.27,1,e3704f79dbd23bf66713076d0a6075751c38e970f1b0bd0df53e6317ad63f340
car-s-91,official,2,TBR_NOPROX,200,5,35,35,0,5,287,-1268,205077,-0.006183043442219264,12.133353028064993,5,0,0,0,0,1,71.24,90.34,4.88,1,80c0f953818ce37c4632836a79223c800102961d2b050a8961b351b410d9a00d
car-s-91,official,2,SINGLE,200,5,35,35,0,5,287,-1995,205077,-0.009728053365321319,12.0903988183161,5,0,0,0,0,1,257.07,395.62,5.0,1,e3704f79dbd23bf66713076d0a6075751c38e970f1b0bd0df53e6317ad63f340
car-s-91,official,2,RECOMPUTE,200,6,35,35,0,982,58496,-321,205077,-0.001565265729457716,12.189010339734121,0,0,0,0,6,454,40438.55,45816.45,5.28,1,f5d8cca5e3a32a61ad7c36ef1a75044dedfe7c196b0be4b9bfa5607944aa0e6f
car-s-91,official,2,TBR_B2,200,5,35,35,0,5,287,-1995,205077,-0.009728053365321319,12.0903988183161,5,0,0,0,0,1,290.51,370.66,5.66,1,e3704f79dbd23bf66713076d0a6075751c38e970f1b0bd0df53e6317ad63f340
car-s-91,tight,3,TBR_B16,200,13,31,32,1,14,1256,-6873,217196,-0.03164422917549126,12.521240768094534,11,1,0,1,0,2,169.76,2601.01,6.06,1,4ab7cf22126f3edcb453c6a7c3b25ce3ccc95e02a5982ad285abe761c7b2d78b
car-s-91,tight,3,TBR_NOPROX,200,13,31,32,1,14,1256,-6085,217196,-0.02801616972688263,12.567799113737076,11,1,0,1,0,2,56.67,936.85,5.3,1,5d078996a532fb84f5c61a3183db935926adb13b1209402578f63b33a5084613
car-s-91,tight,3,TBR_B4,200,13,31,32,1,14,1256,-6873,217196,-0.03164422917549126,12.521240768094534,11,1,0,1,0,2,164.7,948.41,5.41,1,4ab7cf22126f3edcb453c6a7c3b25ce3ccc95e02a5982ad285abe761c7b2d78b
car-s-91,tight,3,ONE_BLOCKER,200,13,31,32,1,14,1256,-6873,217196,-0.03164422917549126,12.521240768094534,11,1,0,1,0,2,164.64,514.49,5.17,1,4ab7cf22126f3edcb453c6a7c3b25ce3ccc95e02a5982ad285abe761c7b2d78b
car-s-91,tight,3,TBR_NOT2,200,13,31,33,2,13,894,-5150,217196,-0.02371130223392696,12.62245199409158,11,0,0,2,0,1,180.08,2105.58,5.4,1,bdbb59ecf3162d1b0b54b3970e34bf51cf19e8d71fabc5e028c4e35a7d22b66e
car-s-91,tight,3,TBR_B32,200,13,31,32,1,14,1256,-6873,217196,-0.03164422917549126,12.521240768094534,11,1,0,1,0,2,179.62,8100.22,6.14,1,4ab7cf22126f3edcb453c6a7c3b25ce3ccc95e02a5982ad285abe761c7b2d78b
car-s-91,tight,3,SINGLE,200,13,31,33,2,13,894,-5150,217196,-0.02371130223392696,12.62245199409158,11,0,0,2,0,1,172.93,269.91,5.21,1,bdbb59ecf3162d1b0b54b3970e34bf51cf19e8d71fabc5e028c4e35a7d22b66e
car-s-91,tight,3,TBR_B2,200,13,31,32,1,14,1256,-6873,217196,-0.03164422917549126,12.521240768094534,11,1,0,1,0,2,163.85,520.13,5.2,1,4ab7cf22126f3edcb453c6a7c3b25ce3ccc95e02a5982ad285abe761c7b2d78b
car-s-91,tight,3,TBR,200,13,31,32,1,14,1256,-6873,217196,-0.03164422917549126,12.521240768094534,11,1,0,1,0,2,174.33,1354.49,5.04,1,4ab7cf22126f3edcb453c6a7c3b25ce3ccc95e02a5982ad285abe761c7b2d78b
car-s-91,tight,3,RECOMPUTE,200,10,31,31,0,2995,177239,-35951,217196,-0.1655233061382346,10.795391432791728,0,0,0,0,10,494,43244.41,60451.42,5.31,1,92908f16a46a2b0da3c89d620cf57735c7ad90d1b07bff44fc5b013cadfb24ed
car-s-91,official,3,TBR_B16,200,13,35,35,0,13,870,-5699,217196,-0.026238973093427136,12.589483013293943,13,0,0,0,0,1,255.08,484.97,6.06,1,f6380dd1587b1a59ede7fb81d76cd296f89e8b05e53547728c3fd73110665a13
car-s-91,official,3,TBR_NOPROX,200,13,35,35,0,13,870,-3597,217196,-0.016561078472900052,12.71367799113737,13,0,0,0,0,1,59.28,79.3,5.8,1,f9813d6fe0f270958691280b4a75af6587bcc94f831113a10529e18e031f8aa5
car-s-91,official,3,TBR_B4,200,13,35,35,0,13,870,-5699,217196,-0.026238973093427136,12.589483013293943,13,0,0,0,0,1,269.77,520.86,6.14,1,f6380dd1587b1a59ede7fb81d76cd296f89e8b05e53547728c3fd73110665a13
car-s-91,official,3,ONE_BLOCKER,200,13,35,35,0,13,870,-5699,217196,-0.026238973093427136,12.589483013293943,13,0,0,0,0,1,258.94,449.31,5.28,1,f6380dd1587b1a59ede7fb81d76cd296f89e8b05e53547728c3fd73110665a13
car-s-91,official,3,TBR_NOT2,200,13,35,35,0,13,870,-5699,217196,-0.026238973093427136,12.589483013293943,13,0,0,0,0,1,270.78,452.03,4.96,1,f6380dd1587b1a59ede7fb81d76cd296f89e8b05e53547728c3fd73110665a13
car-s-91,official,3,TBR_B32,200,13,35,35,0,13,870,-5699,217196,-0.026238973093427136,12.589483013293943,13,0,0,0,0,1,261.54,476.36,5.19,1,f6380dd1587b1a59ede7fb81d76cd296f89e8b05e53547728c3fd73110665a13
car-s-91,official,3,SINGLE,200,13,35,35,0,13,870,-5699,217196,-0.026238973093427136,12.589483013293943,13,0,0,0,0,1,264.22,455.75,4.74,1,f6380dd1587b1a59ede7fb81d76cd296f89e8b05e53547728c3fd73110665a13
car-s-91,official,3,TBR_B2,200,13,35,35,0,13,870,-5699,217196,-0.026238973093427136,12.589483013293943,13,0,0,0,0,1,251.63,468.7,5.06,1,f6380dd1587b1a59ede7fb81d76cd296f89e8b05e53547728c3fd73110665a13
car-s-91,official,3,TBR,200,13,35,35,0,13,870,-5699,217196,-0.026238973093427136,12.589483013293943,13,0,0,0,0,1,245.35,482.44,5.17,1,f6380dd1587b1a59ede7fb81d76cd296f89e8b05e53547728c3fd73110665a13
car-s-91,official,3,RECOMPUTE,200,10,35,35,0,2995,177239,-35951,217196,-0.1655233061382346,10.795391432791728,0,0,0,0,10,494,41389.82,58644.75,4.93,1,62837a8444d4d24fca676470588e54e7ac8f4b17d8d0b858c8931a3071483912
car-s-91,tight,4,TBR,200,6,31,32,1,6,328,-1600,207887,-0.007696488957943498,12.275273264401772,5,0,0,1,0,1,283.44,1863.79,5.57,1,0513e1237ea0e5413b08303dd1a9fd6820875c408cf8cdcc184bacde67e6503f
car-s-91,tight,4,TBR_B16,200,6,31,32,1,6,328,-1600,207887,-0.007696488957943498,12.275273264401772,5,0,0,1,0,1,253.78,3770.99,5.21,1,0513e1237ea0e5413b08303dd1a9fd6820875c408cf8cdcc184bacde67e6503f
car-s-91,tight,4,RECOMPUTE,200,10,31,31,0,1264,71891,-15301,207887,-0.07360248596593341,11.457902511078286,0,0,0,0,10,500,38319.8,61465.84,5.18,1,fbe13b5bae30c92fde4d0c07106b0d4b1768bd1a39328cf3767ae662818234a4
car-s-91,tight,4,ONE_BLOCKER,200,6,31,32,1,6,328,-1600,207887,-0.007696488957943498,12.275273264401772,5,0,0,1,0,1,263.11,426.36,4.83,1,0513e1237ea0e5413b08303dd1a9fd6820875c408cf8cdcc184bacde67e6503f
car-s-91,tight,4,TBR_NOPROX,200,6,31,32,1,6,328,-1248,207887,-0.006003261387195928,12.296070901033973,5,0,0,1,0,1,59.84,1483.65,4.92,1,db1c281ee7924cf31025dd595686ad0b1d1a3ec573a4ff5b148f969397da27f0
car-s-91,tight,4,TBR_NOT2,200,6,31,32,1,6,328,-1600,207887,-0.007696488957943498,12.275273264401772,5,0,0,1,0,1,255.42,1431.08,5.1,1,0513e1237ea0e5413b08303dd1a9fd6820875c408cf8cdcc184bacde67e6503f
car-s-91,tight,4,TBR_B2,200,6,31,32,1,6,328,-1600,207887,-0.007696488957943498,12.275273264401772,5,0,0,1,0,1,278.24,433.59,5.04,1,0513e1237ea0e5413b08303dd1a9fd6820875c408cf8cdcc184bacde67e6503f
car-s-91,tight,4,SINGLE,200,6,31,32,1,6,328,-1600,207887,-0.007696488957943498,12.275273264401772,5,0,0,1,0,1,242.14,375.57,4.54,1,0513e1237ea0e5413b08303dd1a9fd6820875c408cf8cdcc184bacde67e6503f
car-s-91,tight,4,TBR_B4,200,6,31,32,1,6,328,-1600,207887,-0.007696488957943498,12.275273264401772,5,0,0,1,0,1,289.37,1174.25,4.87,1,0513e1237ea0e5413b08303dd1a9fd6820875c408cf8cdcc184bacde67e6503f
car-s-91,tight,4,TBR_B32,200,6,31,32,1,6,328,-1600,207887,-0.007696488957943498,12.275273264401772,5,0,0,1,0,1,272.31,10530.42,4.82,1,0513e1237ea0e5413b08303dd1a9fd6820875c408cf8cdcc184bacde67e6503f
car-s-91,official,4,TBR,200,6,35,35,0,6,328,-2194,207887,-0.010553810483580022,12.240177252584933,6,0,0,0,0,1,322.52,388.54,6.32,1,3d7f99fa1b7f9bb36336521a049c03136b5f91df497ce2730863bb4f5ff11790
car-s-91,official,4,TBR_B16,200,6,35,35,0,6,328,-2194,207887,-0.010553810483580022,12.240177252584933,6,0,0,0,0,1,261.33,342.8,5.22,1,3d7f99fa1b7f9bb36336521a049c03136b5f91df497ce2730863bb4f5ff11790
car-s-91,official,4,RECOMPUTE,200,10,35,35,0,1264,71891,-15301,207887,-0.07360248596593341,11.457902511078286,0,0,0,0,10,500,38062.95,55896.39,4.92,1,7c3132db5448105628fbaa0c51529a102fffbb471db4b880b8f67dab8f2a41d1
car-s-91,official,4,ONE_BLOCKER,200,6,35,35,0,6,328,-2194,207887,-0.010553810483580022,12.240177252584933,6,0,0,0,0,1,269.84,418.32,4.96,1,3d7f99fa1b7f9bb36336521a049c03136b5f91df497ce2730863bb4f5ff11790
car-s-91,official,4,TBR_NOPROX,200,6,35,35,0,6,328,-1248,207887,-0.006003261387195928,12.296070901033973,6,0,0,0,0,1,63.91,65.5,4.83,1,633766a3f0571f2ba6ce89cd142c966397b4dabf30ddc10342469131315098b1
car-s-91,official,4,TBR_NOT2,200,6,35,35,0,6,328,-2194,207887,-0.010553810483580022,12.240177252584933,6,0,0,0,0,1,289.67,355.19,4.65,1,3d7f99fa1b7f9bb36336521a049c03136b5f91df497ce2730863bb4f5ff11790
car-s-91,official,4,TBR_B2,200,6,35,35,0,6,328,-2194,207887,-0.010553810483580022,12.240177252584933,6,0,0,0,0,1,266.69,360.83,4.85,1,3d7f99fa1b7f9bb36336521a049c03136b5f91df497ce2730863bb4f5ff11790
car-s-91,official,4,SINGLE,200,6,35,35,0,6,328,-2194,207887,-0.010553810483580022,12.240177252584933,6,0,0,0,0,1,257.83,349.3,4.76,1,3d7f99fa1b7f9bb36336521a049c03136b5f91df497ce2730863bb4f5ff11790
car-s-91,official,4,TBR_B4,200,6,35,35,0,6,328,-2194,207887,-0.010553810483580022,12.240177252584933,6,0,0,0,0,1,273.15,365.16,5.0,1,3d7f99fa1b7f9bb36336521a049c03136b5f91df497ce2730863bb4f5ff11790
car-s-91,official,4,TBR_B32,200,6,35,35,0,6,328,-2194,207887,-0.010553810483580022,12.240177252584933,6,0,0,0,0,1,278.77,377.04,4.86,1,3d7f99fa1b7f9bb36336521a049c03136b5f91df497ce2730863bb4f5ff11790
car-s-91,tight,5,TBR_NOPROX,200,8,30,31,1,8,606,-2474,195068,-0.012682756782250292,11.462570162481537,7,0,0,1,0,1,56.42,1417.85,5.22,1,9acfc968c1b0e445dae6eb69367b72ad6c6d3c6d5353250b85e57e41df36b9b0
car-s-91,tight,5,TBR_NOT2,200,8,30,31,1,8,606,-3172,195068,-0.016260996165439745,11.421211225997046,7,0,0,1,0,1,112.24,1411.32,4.97,1,2d0a9d1a12158fa05392965deeda6bbc06591ae8713de97b8b41a5743a8601f4
car-s-91,tight,5,TBR_B32,200,8,30,31,1,8,606,-3172,195068,-0.016260996165439745,11.421211225997046,7,0,0,1,0,1,109.67,13121.76,5.09,1,2d0a9d1a12158fa05392965deeda6bbc06591ae8713de97b8b41a5743a8601f4
car-s-91,tight,5,TBR,200,8,30,31,1,8,606,-3172,195068,-0.016260996165439745,11.421211225997046,7,0,0,1,0,1,108.53,1705.69,4.74,1,2d0a9d1a12158fa05392965deeda6bbc06591ae8713de97b8b41a5743a8601f4
car-s-91,tight,5,TBR_B2,200,8,30,31,1,8,606,-3172,195068,-0.016260996165439745,11.421211225997046,7,0,0,1,0,1,108.23,383.94,4.94,1,2d0a9d1a12158fa05392965deeda6bbc06591ae8713de97b8b41a5743a8601f4
car-s-91,tight,5,RECOMPUTE,200,10,30,32,2,1433,83444,8112,195068,0.04158549839030492,12.100502215657311,0,0,0,0,10,478,37261.56,56332.87,5.15,1,acdbbd9a36fb09a843f33308ba23e91fa75e3ed577c31d2a5d93c17e44268334
car-s-91,tight,5,ONE_BLOCKER,200,8,30,31,1,8,606,-3172,195068,-0.016260996165439745,11.421211225997046,7,0,0,1,0,1,109.66,392.33,4.86,1,2d0a9d1a12158fa05392965deeda6bbc06591ae8713de97b8b41a5743a8601f4
car-s-91,tight,5,SINGLE,200,8,30,31,1,8,606,-3172,195068,-0.016260996165439745,11.421211225997046,7,0,0,1,0,1,109.64,123.5,4.72,1,2d0a9d1a12158fa05392965deeda6bbc06591ae8713de97b8b41a5743a8601f4
car-s-91,tight,5,TBR_B4,200,8,30,31,1,8,606,-3172,195068,-0.016260996165439745,11.421211225997046,7,0,0,1,0,1,109.33,1056.04,4.84,1,2d0a9d1a12158fa05392965deeda6bbc06591ae8713de97b8b41a5743a8601f4
car-s-91,tight,5,TBR_B16,200,8,30,31,1,8,606,-3172,195068,-0.016260996165439745,11.421211225997046,7,0,0,1,0,1,109.24,3748.18,4.91,1,2d0a9d1a12158fa05392965deeda6bbc06591ae8713de97b8b41a5743a8601f4
car-s-91,official,5,TBR_NOPROX,200,8,35,35,0,8,606,-2474,195068,-0.012682756782250292,11.462570162481537,8,0,0,0,0,1,58.71,81.65,5.13,1,9e6bcf46919a2d7a9dde7ed58dc6dcff3e87a9158209e67b8f89dfbfd1e792f9
car-s-91,official,5,TBR_NOT2,200,8,35,35,0,8,606,-3710,195068,-0.019019008755921014,11.389423929098966,8,0,0,0,0,1,281.27,494.31,4.99,1,d3311f7fffa1f13a45fbb2aadcc11d7a42e836a0c4c8103441a0abdc9daee62a
car-s-91,official,5,TBR_B32,200,8,35,35,0,8,606,-3710,195068,-0.019019008755921014,11.389423929098966,8,0,0,0,0,1,295.46,479.96,5.24,1,d3311f7fffa1f13a45fbb2aadcc11d7a42e836a0c4c8103441a0abdc9daee62a
car-s-91,official,5,TBR,200,8,35,35,0,8,606,-3710,195068,-0.019019008755921014,11.389423929098966,8,0,0,0,0,1,309.19,499.82,4.88,1,d3311f7fffa1f13a45fbb2aadcc11d7a42e836a0c4c8103441a0abdc9daee62a
car-s-91,official,5,TBR_B2,200,8,35,35,0,8,606,-3710,195068,-0.019019008755921014,11.389423929098966,8,0,0,0,0,1,294.47,502.36,5.04,1,d3311f7fffa1f13a45fbb2aadcc11d7a42e836a0c4c8103441a0abdc9daee62a
car-s-91,official,5,RECOMPUTE,200,10,35,35,0,1433,83444,8112,195068,0.04158549839030492,12.100502215657311,0,0,0,0,10,478,39061.6,54499.35,5.34,1,8fe1693d2699939274485e7d3b1d1891c37b979f695f5466590183e113a9d8e5
car-s-91,official,5,ONE_BLOCKER,200,8,35,35,0,8,606,-3710,195068,-0.019019008755921014,11.389423929098966,8,0,0,0,0,1,322.91,500.25,5.17,1,d3311f7fffa1f13a45fbb2aadcc11d7a42e836a0c4c8103441a0abdc9daee62a
car-s-91,official,5,SINGLE,200,8,35,35,0,8,606,-3710,195068,-0.019019008755921014,11.389423929098966,8,0,0,0,0,1,307.32,530.91,4.92,1,d3311f7fffa1f13a45fbb2aadcc11d7a42e836a0c4c8103441a0abdc9daee62a
car-s-91,official,5,TBR_B4,200,8,35,35,0,8,606,-3710,195068,-0.019019008755921014,11.389423929098966,8,0,0,0,0,1,288.38,493.8,5.23,1,d3311f7fffa1f13a45fbb2aadcc11d7a42e836a0c4c8103441a0abdc9daee62a
car-s-91,official,5,TBR_B16,200,8,35,35,0,8,606,-3710,195068,-0.019019008755921014,11.389423929098966,8,0,0,0,0,1,367.48,489.58,5.51,1,d3311f7fffa1f13a45fbb2aadcc11d7a42e836a0c4c8103441a0abdc9daee62a
car-s-91,tight,6,TBR_B32,200,4,31,31,0,4,224,-979,198276,-0.004937561782565716,11.726203840472673,4,0,0,0,0,1,145.45,164.97,4.94,1,162c1aa56aac5ec2c499d080a0c2df659a377f8edd715637671800bfbbac9515
car-s-91,tight,6,TBR_B4,200,4,31,31,0,4,224,-979,198276,-0.004937561782565716,11.726203840472673,4,0,0,0,0,1,143.49,159.2,4.99,1,162c1aa56aac5ec2c499d080a0c2df659a377f8edd715637671800bfbbac9515
car-s-91,tight,6,TBR_B16,200,4,31,31,0,4,224,-979,198276,-0.004937561782565716,11.726203840472673,4,0,0,0,0,1,142.67,191.52,4.94,1,162c1aa56aac5ec2c499d080a0c2df659a377f8edd715637671800bfbbac9515
car-s-91,tight,6,SINGLE,200,4,31,31,0,4,224,-979,198276,-0.004937561782565716,11.726203840472673,4,0,0,0,0,1,137.26,158.77,4.69,1,162c1aa56aac5ec2c499d080a0c2df659a377f8edd715637671800bfbbac9515
car-s-91,tight,6,TBR_B2,200,4,31,31,0,4,224,-979,198276,-0.004937561782565716,11.726203840472673,4,0,0,0,0,1,139.38,163.56,4.79,1,162c1aa56aac5ec2c499d080a0c2df659a377f8edd715637671800bfbbac9515
car-s-91,tight,6,TBR_NOPROX,200,4,31,31,0,4,224,-583,198276,-0.0029403457806290224,11.7496011816839,4,0,0,0,0,1,54.9,112.74,5.14,1,984988901107f3c589befc54cbedc431627fe537d1e5971347c88149e6ba6c5a
car-s-91,tight,6,TBR_NOT2,200,4,31,31,0,4,224,-979,198276,-0.004937561782565716,11.726203840472673,4,0,0,0,0,1,151.24,163.63,4.92,1,162c1aa56aac5ec2c499d080a0c2df659a377f8edd715637671800bfbbac9515
car-s-91,tight,6,ONE_BLOCKER,200,4,31,31,0,4,224,-979,198276,-0.004937561782565716,11.726203840472673,4,0,0,0,0,1,155.63,171.81,4.75,1,162c1aa56aac5ec2c499d080a0c2df659a377f8edd715637671800bfbbac9515
car-s-91,tight,6,TBR,200,4,31,31,0,4,224,-979,198276,-0.004937561782565716,11.726203840472673,4,0,0,0,0,1,138.96,156.38,4.75,1,162c1aa56aac5ec2c499d080a0c2df659a377f8edd715637671800bfbbac9515
car-s-91,tight,6,RECOMPUTE,200,8,31,31,0,1916,111744,-137,198276,-0.0006909560410740584,11.785701624815362,0,0,0,0,8,442,41910.16,58175.64,4.78,1,b8a73cf9176777adc100dd728590f60476352d085279407e1d8bfe819fbc8eec
car-s-91,official,6,TBR_B32,200,4,35,35,0,4,224,-1493,198276,-0.007529907805281527,11.695834564254062,4,0,0,0,0,1,270.89,397.41,5.45,1,131312245db21b3090a651b8d076798d187fc180133f0a6beb6c72ca29f3380e
car-s-91,official,6,TBR_B4,200,4,35,35,0,4,224,-1493,198276,-0.007529907805281527,11.695834564254062,4,0,0,0,0,1,278.58,394.13,5.25,1,131312245db21b3090a651b8d076798d187fc180133f0a6beb6c72ca29f3380e
car-s-91,official,6,TBR_B16,200,4,35,35,0,4,224,-1493,198276,-0.007529907805281527,11.695834564254062,4,0,0,0,0,1,258.22,369.41,5.08,1,131312245db21b3090a651b8d076798d187fc180133f0a6beb6c72ca29f3380e
car-s-91,official,6,SINGLE,200,4,35,35,0,4,224,-1493,198276,-0.007529907805281527,11.695834564254062,4,0,0,0,0,1,264.23,365.14,4.76,1,131312245db21b3090a651b8d076798d187fc180133f0a6beb6c72ca29f3380e
car-s-91,official,6,TBR_B2,200,4,35,35,0,4,224,-1493,198276,-0.007529907805281527,11.695834564254062,4,0,0,0,0,1,268.49,383.05,5.22,1,131312245db21b3090a651b8d076798d187fc180133f0a6beb6c72ca29f3380e
car-s-91,official,6,TBR_NOPROX,200,4,35,35,0,4,224,-583,198276,-0.0029403457806290224,11.7496011816839,4,0,0,0,0,1,60.45,89.64,4.71,1,3f0bf593f9d8196a6725fc64e4ef8f8d9998b1a0c98653f4271c6f20eb353ca9
car-s-91,official,6,TBR_NOT2,200,4,35,35,0,4,224,-1493,198276,-0.007529907805281527,11.695834564254062,4,0,0,0,0,1,262.2,404.96,4.66,1,131312245db21b3090a651b8d076798d187fc180133f0a6beb6c72ca29f3380e
car-s-91,official,6,ONE_BLOCKER,200,4,35,35,0,4,224,-1493,198276,-0.007529907805281527,11.695834564254062,4,0,0,0,0,1,266.96,357.6,4.71,1,131312245db21b3090a651b8d076798d187fc180133f0a6beb6c72ca29f3380e
car-s-91,official,6,TBR,200,4,35,35,0,4,224,-1493,198276,-0.007529907805281527,11.695834564254062,4,0,0,0,0,1,280.34,372.22,4.78,1,131312245db21b3090a651b8d076798d187fc180133f0a6beb6c72ca29f3380e
car-s-91,official,6,RECOMPUTE,200,8,35,35,0,1916,111744,-137,198276,-0.0006909560410740584,11.785701624815362,0,0,0,0,8,442,41220.36,60093.38,4.79,1,77b9f9f5a047e5fb3d66ca2ef33ca1a41cdd65772b50514aa78906e84c847bd1
car-s-91,tight,7,TBR,200,6,31,32,1,12,1308,-7150,212227,-0.03369034100279418,12.206794682422451,3,1,1,1,0,6,381.2,2485.53,5.43,1,1b957cc015d066f730a5a67fa0f161251642934da304c03e3ce99dbf49d280d2
car-s-91,tight,7,TBR_B2,200,6,31,32,1,7,679,-3080,212227,-0.014512762278126723,12.447444608567208,4,1,0,1,0,2,202.61,514.05,5.45,1,364287baa4ba9992da5f58692cb4c9648733b517a2a2281205586c3ea99b31ea
car-s-91,tight,7,TBR_NOT2,200,6,31,32,1,11,1377,-7892,212227,-0.03718659736979743,12.162954209748893,4,0,1,1,0,6,197.62,2240.65,5.16,1,b09265fa085775ea996861a6fcd5b57087e775b9d4072a9456cca2c475ad334d
car-s-91,tight,7,RECOMPUTE,200,10,31,31,0,2124,122799,-15787,212227,-0.07438733054700863,11.699320531757754,0,0,0,0,10,447,41472.69,55943.14,5.17,1,d4458f1bf4f7c7c0d881bd57cc52b4129d180bcd446ca03b264676c84482e101
car-s-91,tight,7,TBR_B4,200,6,31,32,1,7,679,-3080,212227,-0.014512762278126723,12.447444608567208,4,1,0,1,0,2,195.06,1321.4,5.23,1,364287baa4ba9992da5f58692cb4c9648733b517a2a2281205586c3ea99b31ea
car-s-91,tight,7,SINGLE,200,6,31,33,2,6,636,-3604,212227,-0.0169818166397301,12.416484490398819,4,0,0,2,0,1,132.9,206.3,4.78,1,bc7873e582552bc87fa701ad010955acb619560bd3575c872405d3c08be54be4
car-s-91,tight,7,TBR_B16,200,6,31,32,1,12,1308,-7150,212227,-0.03369034100279418,12.206794682422451,3,1,1,1,0,6,369.13,4547.45,5.12,1,1b957cc015d066f730a5a67fa0f161251642934da304c03e3ce99dbf49d280d2
car-s-91,tight,7,ONE_BLOCKER,200,6,31,32,1,7,679,-3080,212227,-0.014512762278126723,12.447444608567208,4,1,0,1,0,2,193.29,553.17,4.71,1,364287baa4ba9992da5f58692cb4c9648733b517a2a2281205586c3ea99b31ea
car-s-91,tight,7,TBR_B32,200,6,31,32,1,12,1308,-7150,212227,-0.03369034100279418,12.206794682422451,3,1,1,1,0,6,353.9,14986.63,5.0,1,1b957cc015d066f730a5a67fa0f161251642934da304c03e3ce99dbf49d280d2
car-s-91,tight,7,TBR_NOPROX,200,6,31,32,1,12,1308,-6535,212227,-0.03079250048297342,12.243131462333826,3,1,1,1,0,6,128.18,2209.2,5.21,1,08f005865aca43ac74f403f624939ecf4a2e01970aa0092cecb858e6cf6dfe81
car-s-91,official,7,TBR,200,6,35,35,0,6,478,-2706,212227,-0.012750498287211335,12.469542097488922,6,0,0,0,0,1,315.05,393.44,5.3,1,93a6d884b5c0ce4c6cb989c1c7ad4754cd14bd34a69cb80797bb46286762650a
car-s-91,official,7,TBR_B2,200,6,35,35,0,6,478,-2706,212227,-0.012750498287211335,12.469542097488922,6,0,0,0,0,1,321.0,401.45,5.35,1,93a6d884b5c0ce4c6cb989c1c7ad4754cd14bd34a69cb80797bb46286762650a
car-s-91,official,7,TBR_NOT2,200,6,35,35,0,6,478,-2706,212227,-0.012750498287211335,12.469542097488922,6,0,0,0,0,1,306.24,404.26,4.94,1,93a6d884b5c0ce4c6cb989c1c7ad4754cd14bd34a69cb80797bb46286762650a
car-s-91,official,7,RECOMPUTE,200,10,35,35,0,2124,122799,-15787,212227,-0.07438733054700863,11.699320531757754,0,0,0,0,10,447,40556.54,56672.8,5.04,1,e82583226e441042922dec993b1790124c593b464b9a38fee484d1534a6d2479
car-s-91,official,7,TBR_B4,200,6,35,35,0,6,478,-2706,212227,-0.012750498287211335,12.469542097488922,6,0,0,0,0,1,313.9,371.59,5.14,1,93a6d884b5c0ce4c6cb989c1c7ad4754cd14bd34a69cb80797bb46286762650a
car-s-91,official,7,SINGLE,200,6,35,35,0,6,478,-2706,212227,-0.012750498287211335,12.469542097488922,6,0,0,0,0,1,307.71,404.08,4.8,1,93a6d884b5c0ce4c6cb989c1c7ad4754cd14bd34a69cb80797bb46286762650a
car-s-91,official,7,TBR_B16,200,6,35,35,0,6,478,-2706,212227,-0.012750498287211335,12.469542097488922,6,0,0,0,0,1,297.5,395.87,5.16,1,93a6d884b5c0ce4c6cb989c1c7ad4754cd14bd34a69cb80797bb46286762650a
car-s-91,official,7,ONE_BLOCKER,200,6,35,35,0,6,478,-2706,212227,-0.012750498287211335,12.469542097488922,6,0,0,0,0,1,301.21,387.53,5.11,1,93a6d884b5c0ce4c6cb989c1c7ad4754cd14bd34a69cb80797bb46286762650a
car-s-91,official,7,TBR_B32,200,6,35,35,0,6,478,-2706,212227,-0.012750498287211335,12.469542097488922,6,0,0,0,0,1,320.81,418.0,5.6,1,93a6d884b5c0ce4c6cb989c1c7ad4754cd14bd34a69cb80797bb46286762650a
car-s-91,official,7,TBR_NOPROX,200,6,35,35,0,6,478,-2057,212227,-0.009692451950034632,12.507887740029542,6,0,0,0,0,1,65.19,78.34,4.99,1,9f9dbd266010b130322b8f2a4fb3f8cd906f97df58a3f9979905075a8309d201
car-s-91,tight,8,SINGLE,200,9,30,30,0,9,561,-2297,211130,-0.010879552882110548,12.432437223042836,9,0,0,0,0,1,177.72,336.11,5.23,1,c4adcada39a08999be75145d6cfb1d61ed731ff3352d01a2c17b61a6051207b4
car-s-91,tight,8,RECOMPUTE,200,13,30,31,1,1956,100346,-2234,211130,-0.010581158527921186,12.43533234859675,0,0,0,0,13,471,39038.94,51142.67,5.13,1,2eca509d1ace92d964705a87e94da63c4fb770896b77ece2c2dbde83368d7879
car-s-91,tight,8,TBR_NOPROX,200,9,30,30,0,9,561,-1826,211130,-0.008648699853171031,12.460324963072377,9,0,0,0,0,1,53.55,73.25,5.24,1,a5481e0824d882e9fb076e1d17b968a7ef97aa57d27613a78377c1030dcf3261
car-s-91,tight,8,TBR,200,9,30,30,0,9,561,-2297,211130,-0.010879552882110548,12.432437223042836,9,0,0,0,0,1,171.8,352.86,5.16,1,c4adcada39a08999be75145d6cfb1d61ed731ff3352d01a2c17b61a6051207b4
car-s-91,tight,8,TBR_NOT2,200,9,30,30,0,9,561,-2297,211130,-0.010879552882110548,12.432437223042836,9,0,0,0,0,1,150.48,347.32,4.78,1,c4adcada39a08999be75145d6cfb1d61ed731ff3352d01a2c17b61a6051207b4
car-s-91,tight,8,TBR_B2,200,9,30,30,0,9,561,-2297,211130,-0.010879552882110548,12.432437223042836,9,0,0,0,0,1,150.88,333.89,5.1,1,c4adcada39a08999be75145d6cfb1d61ed731ff3352d01a2c17b61a6051207b4
car-s-91,tight,8,TBR_B32,200,9,30,30,0,9,561,-2297,211130,-0.010879552882110548,12.432437223042836,9,0,0,0,0,1,158.72,339.46,4.96,1,c4adcada39a08999be75145d6cfb1d61ed731ff3352d01a2c17b61a6051207b4
car-s-91,tight,8,TBR_B16,200,9,30,30,0,9,561,-2297,211130,-0.010879552882110548,12.432437223042836,9,0,0,0,0,1,152.07,347.01,5.18,1,c4adcada39a08999be75145d6cfb1d61ed731ff3352d01a2c17b61a6051207b4
car-s-91,tight,8,TBR_B4,200,9,30,30,0,9,561,-2297,211130,-0.010879552882110548,12.432437223042836,9,0,0,0,0,1,162.25,341.19,5.48,1,c4adcada39a08999be75145d6cfb1d61ed731ff3352d01a2c17b61a6051207b4
car-s-91,tight,8,ONE_BLOCKER,200,9,30,30,0,9,561,-2297,211130,-0.010879552882110548,12.432437223042836,9,0,0,0,0,1,147.49,348.72,4.76,1,c4adcada39a08999be75145d6cfb1d61ed731ff3352d01a2c17b61a6051207b4
car-s-91,official,8,SINGLE,200,9,35,35,0,9,561,-3397,211130,-0.016089613034623217,12.36738552437223,9,0,0,0,0,1,229.0,394.33,5.42,1,1e77d0341f58dd8d7c307392b42d3527fe416ad20e6bfa6b4c5c220f726e7fa1
car-s-91,official,8,RECOMPUTE,200,13,35,35,0,1956,100346,-2234,211130,-0.010581158527921186,12.43533234859675,0,0,0,0,13,471,39848.48,53612.37,5.25,1,0f56e407271032ceb7b9335d0c2c0cc9f9f4a5a694d9bb63613cbd9f94d038b0
car-s-91,official,8,TBR_NOPROX,200,9,35,35,0,9,561,-1826,211130,-0.008648699853171031,12.460324963072377,9,0,0,0,0,1,61.6,79.19,5.16,1,ebdc2c2ed6f7da6b25ea9fb75935c896086ac047ac5cc3d7656baab241e1003b
car-s-91,official,8,TBR,200,9,35,35,0,9,561,-3397,211130,-0.016089613034623217,12.36738552437223,9,0,0,0,0,1,228.64,383.71,5.16,1,1e77d0341f58dd8d7c307392b42d3527fe416ad20e6bfa6b4c5c220f726e7fa1
car-s-91,official,8,TBR_NOT2,200,9,35,35,0,9,561,-3397,211130,-0.016089613034623217,12.36738552437223,9,0,0,0,0,1,249.97,390.39,5.36,1,1e77d0341f58dd8d7c307392b42d3527fe416ad20e6bfa6b4c5c220f726e7fa1
car-s-91,official,8,TBR_B2,200,9,35,35,0,9,561,-3397,211130,-0.016089613034623217,12.36738552437223,9,0,0,0,0,1,243.28,387.9,5.36,1,1e77d0341f58dd8d7c307392b42d3527fe416ad20e6bfa6b4c5c220f726e7fa1
car-s-91,official,8,TBR_B32,200,9,35,35,0,9,561,-3397,211130,-0.016089613034623217,12.36738552437223,9,0,0,0,0,1,239.45,400.3,5.4,1,1e77d0341f58dd8d7c307392b42d3527fe416ad20e6bfa6b4c5c220f726e7fa1
car-s-91,official,8,TBR_B16,200,9,35,35,0,9,561,-3397,211130,-0.016089613034623217,12.36738552437223,9,0,0,0,0,1,242.79,389.63,5.41,1,1e77d0341f58dd8d7c307392b42d3527fe416ad20e6bfa6b4c5c220f726e7fa1
car-s-91,official,8,TBR_B4,200,9,35,35,0,9,561,-3397,211130,-0.016089613034623217,12.36738552437223,9,0,0,0,0,1,291.8,372.39,5.24,1,1e77d0341f58dd8d7c307392b42d3527fe416ad20e6bfa6b4c5c220f726e7fa1
car-s-91,official,8,ONE_BLOCKER,200,9,35,35,0,9,561,-3397,211130,-0.016089613034623217,12.36738552437223,9,0,0,0,0,1,261.84,373.5,4.88,1,1e77d0341f58dd8d7c307392b42d3527fe416ad20e6bfa6b4c5c220f726e7fa1
car-s-91,tight,9,TBR_B4,200,7,30,31,1,7,442,-2615,209800,-0.012464251668255481,12.340029542097488,6,0,0,1,0,1,249.09,1148.65,5.51,1,000ddecc767dcf7de84d47406792b9878cc1fe7c2d1f8d85529f85863edefd21
car-s-91,tight,9,ONE_BLOCKER,200,7,30,31,1,7,442,-2615,209800,-0.012464251668255481,12.340029542097488,6,0,0,1,0,1,239.3,423.79,5.05,1,000ddecc767dcf7de84d47406792b9878cc1fe7c2d1f8d85529f85863edefd21
car-s-91,tight,9,SINGLE,200,7,30,31,1,7,442,-2615,209800,-0.012464251668255481,12.340029542097488,6,0,0,1,0,1,217.14,264.52,4.94,1,000ddecc767dcf7de84d47406792b9878cc1fe7c2d1f8d85529f85863edefd21
car-s-91,tight,9,TBR_NOPROX,200,7,30,31,1,7,442,-2215,209800,-0.01055767397521449,12.363663220088627,6,0,0,1,0,1,57.09,1380.39,4.96,1,1312c09ea69afbb22c3b95495251d154b209e2c2354897e737417f311b17229d
car-s-91,tight,9,TBR_B16,200,7,30,31,1,7,442,-2615,209800,-0.012464251668255481,12.340029542097488,6,0,0,1,0,1,238.09,3827.66,5.13,1,000ddecc767dcf7de84d47406792b9878cc1fe7c2d1f8d85529f85863edefd21
car-s-91,tight,9,TBR_B2,200,7,30,31,1,7,442,-2615,209800,-0.012464251668255481,12.340029542097488,6,0,0,1,0,1,237.45,440.32,4.97,1,000ddecc767dcf7de84d47406792b9878cc1fe7c2d1f8d85529f85863edefd21
car-s-91,tight,9,TBR,200,7,30,31,1,7,442,-2615,209800,-0.012464251668255481,12.340029542097488,6,0,0,1,0,1,234.95,1646.36,4.88,1,000ddecc767dcf7de84d47406792b9878cc1fe7c2d1f8d85529f85863edefd21
car-s-91,tight,9,TBR_B32,200,7,30,31,1,7,442,-2615,209800,-0.012464251668255481,12.340029542097488,6,0,0,1,0,1,243.03,11136.95,5.2,1,000ddecc767dcf7de84d47406792b9878cc1fe7c2d1f8d85529f85863edefd21
car-s-91,tight,9,RECOMPUTE,200,12,30,31,1,2184,119697,-26213,209800,-0.12494280266920876,10.937134416543575,0,0,0,0,12,523,38059.53,55226.38,5.21,1,c6e5ea48efaeca05a63af7d887a767cefbb308fc69b1b6e22e66f8bb9c17277f
car-s-91,tight,9,TBR_NOT2,200,7,30,31,1,7,442,-2615,209800,-0.012464251668255481,12.340029542097488,6,0,0,1,0,1,263.06,1505.3,4.89,1,000ddecc767dcf7de84d47406792b9878cc1fe7c2d1f8d85529f85863edefd21
car-s-91,official,9,TBR_B4,200,7,35,35,0,7,442,-3327,209800,-0.015857959961868447,12.297607090103398,7,0,0,0,0,1,269.04,387.4,5.34,1,92522eea25b4569cff5ec0ddebe97ee867ffd6990576db7847e5bfc0aa3186e6
car-s-91,official,9,ONE_BLOCKER,200,7,35,35,0,7,442,-3327,209800,-0.015857959961868447,12.297607090103398,7,0,0,0,0,1,274.26,437.51,5.13,1,92522eea25b4569cff5ec0ddebe97ee867ffd6990576db7847e5bfc0aa3186e6
car-s-91,official,9,SINGLE,200,7,35,35,0,7,442,-3327,209800,-0.015857959961868447,12.297607090103398,7,0,0,0,0,1,279.06,393.56,5.38,1,92522eea25b4569cff5ec0ddebe97ee867ffd6990576db7847e5bfc0aa3186e6
car-s-91,official,9,TBR_NOPROX,200,7,35,35,0,7,442,-2215,209800,-0.01055767397521449,12.363663220088627,7,0,0,0,0,1,61.68,72.62,5.09,1,f88113c35873794a91ffe358e8edb184324a18ea748efcbb81326569575517fd
car-s-91,official,9,TBR_B16,200,7,35,35,0,7,442,-3327,209800,-0.015857959961868447,12.297607090103398,7,0,0,0,0,1,277.61,412.42,5.03,1,92522eea25b4569cff5ec0ddebe97ee867ffd6990576db7847e5bfc0aa3186e6
car-s-91,official,9,TBR_B2,200,7,35,35,0,7,442,-3327,209800,-0.015857959961868447,12.297607090103398,7,0,0,0,0,1,320.26,376.52,5.12,1,92522eea25b4569cff5ec0ddebe97ee867ffd6990576db7847e5bfc0aa3186e6
car-s-91,official,9,TBR,200,7,35,35,0,7,442,-3327,209800,-0.015857959961868447,12.297607090103398,7,0,0,0,0,1,253.41,438.8,4.76,1,92522eea25b4569cff5ec0ddebe97ee867ffd6990576db7847e5bfc0aa3186e6
car-s-91,official,9,TBR_B32,200,7,35,35,0,7,442,-3327,209800,-0.015857959961868447,12.297607090103398,7,0,0,0,0,1,258.99,378.77,5.02,1,92522eea25b4569cff5ec0ddebe97ee867ffd6990576db7847e5bfc0aa3186e6
car-s-91,official,9,RECOMPUTE,200,12,35,35,0,2184,119697,-26213,209800,-0.12494280266920876,10.937134416543575,0,0,0,0,12,523,37872.81,56863.56,5.56,1,27ae48fb324ca798db7cf07cf8a8cd2ef0a7069ce0f5ca183f604d1b91e27076
car-s-91,official,9,TBR_NOT2,200,7,35,35,0,7,442,-3327,209800,-0.015857959961868447,12.297607090103398,7,0,0,0,0,1,290.26,424.36,5.33,1,92522eea25b4569cff5ec0ddebe97ee867ffd6990576db7847e5bfc0aa3186e6
ear-f-83,tight,0,RECOMPUTE,200,11,22,24,2,366,11036,-4671,73583,-0.06347933625973391,64.7191111111111,0,0,0,0,11,86,4509.68,5626.24,4.02,1,5f5a407401c479ee01c5045f74cf003cd6318a196c9ef7bcc540c30ccc6b723b
ear-f-83,tight,0,ONE_BLOCKER,200,7,22,22,0,11,297,-2798,73583,-0.03802508731636384,66.50755555555556,3,4,0,0,0,2,223.5,335.15,4.45,1,7cfb1a21f0ea4a7119614d0fadce806e0ad2981843f994320629b6a028c6d1d8
ear-f-83,tight,0,SINGLE,200,6,22,23,1,6,146,-2036,73583,-0.02766943451612465,67.16622222222222,5,0,0,1,0,1,68.86,167.97,4.38,1,7f643d2ee6540655843dd8a3131fb372d6228a62b8c4b02ad7b36f3fd898f329
ear-f-83,tight,0,TBR_B16,200,7,22,22,0,11,297,-2798,73583,-0.03802508731636384,66.50755555555556,3,4,0,0,0,2,218.82,319.5,4.68,1,7cfb1a21f0ea4a7119614d0fadce806e0ad2981843f994320629b6a028c6d1d8
ear-f-83,tight,0,TBR_B2,200,7,22,22,0,11,297,-2798,73583,-0.03802508731636384,66.50755555555556,3,4,0,0,0,2,223.29,344.35,4.57,1,7cfb1a21f0ea4a7119614d0fadce806e0ad2981843f994320629b6a028c6d1d8
ear-f-83,tight,0,TBR_B4,200,7,22,22,0,11,297,-2798,73583,-0.03802508731636384,66.50755555555556,3,4,0,0,0,2,218.5,332.27,4.67,1,7cfb1a21f0ea4a7119614d0fadce806e0ad2981843f994320629b6a028c6d1d8
ear-f-83,tight,0,TBR_NOT2,200,7,22,23,1,8,229,-2657,73583,-0.03610888384545343,66.66488888888888,5,0,1,1,0,2,129.03,1191.7,4.42,1,1d7dfabbd762aec1bced484c6e21b0dac8502ed43a5012ce08bc306be57de355
ear-f-83,tight,0,TBR,200,7,22,22,0,11,297,-2798,73583,-0.03802508731636384,66.50755555555556,3,4,0,0,0,2,214.99,344.4,4.55,1,7cfb1a21f0ea4a7119614d0fadce806e0ad2981843f994320629b6a028c6d1d8
ear-f-83,tight,0,TBR_NOPROX,200,8,22,22,0,12,318,-2598,73583,-0.03530706820868951,66.68711111111111,4,4,0,0,0,2,60.52,97.24,4.47,1,96cb628ae2abbaad0245cd7b59223e030f3073882c6fc1a37c2e8a2c6db53cd6
ear-f-83,tight,0,TBR_B32,200,7,22,22,0,11,297,-2798,73583,-0.03802508731636384,66.50755555555556,3,4,0,0,0,2,216.93,354.15,4.69,1,7cfb1a21f0ea4a7119614d0fadce806e0ad2981843f994320629b6a028c6d1d8
ear-f-83,official,0,RECOMPUTE,200,11,24,24,0,366,11036,-4671,73583,-0.06347933625973391,64.7191111111111,0,0,0,0,11,86,4545.55,5419.67,4.0,1,3df167ff80f1b6846781194bf05d83a48312ba7bfdfca26fdd31f47905f84d7e
ear-f-83,official,0,ONE_BLOCKER,200,6,24,24,0,6,146,-2367,73583,-0.03216775613932566,66.86755555555555,6,0,0,0,0,1,166.94,195.37,4.57,1,f3f0f4c2738d8ab20f3020133a1a4782dc1821bb5f0507db5353bc04ff207201
ear-f-83,official,0,SINGLE,200,6,24,24,0,6,146,-2367,73583,-0.03216775613932566,66.86755555555555,6,0,0,0,0,1,154.41,273.51,4.5,1,f3f0f4c2738d8ab20f3020133a1a4782dc1821bb5f0507db5353bc04ff207201
ear-f-83,official,0,TBR_B16,200,6,24,24,0,6,146,-2367,73583,-0.03216775613932566,66.86755555555555,6,0,0,0,0,1,157.92,203.52,4.74,1,f3f0f4c2738d8ab20f3020133a1a4782dc1821bb5f0507db5353bc04ff207201
ear-f-83,official,0,TBR_B2,200,6,24,24,0,6,146,-2367,73583,-0.03216775613932566,66.86755555555555,6,0,0,0,0,1,162.99,195.67,4.65,1,f3f0f4c2738d8ab20f3020133a1a4782dc1821bb5f0507db5353bc04ff207201
ear-f-83,official,0,TBR_B4,200,6,24,24,0,6,146,-2367,73583,-0.03216775613932566,66.86755555555555,6,0,0,0,0,1,147.77,190.49,4.67,1,f3f0f4c2738d8ab20f3020133a1a4782dc1821bb5f0507db5353bc04ff207201
ear-f-83,official,0,TBR_NOT2,200,6,24,24,0,6,146,-2367,73583,-0.03216775613932566,66.86755555555555,6,0,0,0,0,1,161.18,211.26,4.45,1,f3f0f4c2738d8ab20f3020133a1a4782dc1821bb5f0507db5353bc04ff207201
ear-f-83,official,0,TBR,200,6,24,24,0,6,146,-2367,73583,-0.03216775613932566,66.86755555555555,6,0,0,0,0,1,160.47,202.16,4.5,1,f3f0f4c2738d8ab20f3020133a1a4782dc1821bb5f0507db5353bc04ff207201
ear-f-83,official,0,TBR_NOPROX,200,6,24,24,0,6,146,-1845,73583,-0.025073726268295665,67.336,6,0,0,0,0,1,34.19,50.89,4.46,1,327d10bd793a6d0cffe972450aced67232b35f00dc5245d7885e9d98ff89dfdf
ear-f-83,official,0,TBR_B32,200,6,24,24,0,6,146,-2367,73583,-0.03216775613932566,66.86755555555555,6,0,0,0,0,1,163.31,193.48,4.66,1,f3f0f4c2738d8ab20f3020133a1a4782dc1821bb5f0507db5353bc04ff207201
ear-f-83,tight,1,TBR_B32,200,8,22,25,3,8,264,-4656,78089,-0.05962427486585819,68.53955555555555,5,0,0,3,0,1,158.27,4936.02,4.54,1,c775666b784a8009a11409a8cd15936316449bb24ea4362c2024934cdb05d337
ear-f-83,tight,1,TBR_B4,200,8,22,25,3,8,264,-4656,78089,-0.05962427486585819,68.53955555555555,5,0,0,3,0,1,159.54,812.98,4.67,1,c775666b784a8009a11409a8cd15936316449bb24ea4362c2024934cdb05d337
ear-f-83,tight,1,ONE_BLOCKER,200,8,22,25,3,8,264,-4656,78089,-0.05962427486585819,68.53955555555555,5,0,0,3,0,1,146.7,261.33,4.51,1,c775666b784a8009a11409a8cd15936316449bb24ea4362c2024934cdb05d337
ear-f-83,tight,1,TBR,200,8,22,25,3,8,264,-4656,78089,-0.05962427486585819,68.53955555555555,5,0,0,3,0,1,159.14,1750.4,4.44,1,c775666b784a8009a11409a8cd15936316449bb24ea4362c2024934cdb05d337
ear-f-83,tight,1,TBR_B2,200,8,22,25,3,8,264,-4656,78089,-0.05962427486585819,68.53955555555555,5,0,0,3,0,1,156.37,227.26,4.61,1,c775666b784a8009a11409a8cd15936316449bb24ea4362c2024934cdb05d337
ear-f-83,tight,1,TBR_NOPROX,200,8,22,25,3,8,264,-4474,78089,-0.05729360089129071,68.70133333333334,5,0,0,3,0,1,42.33,1610.09,4.42,1,b127aaf464ae0dae627deb3f87c490f8bd6e822c49acaf541bde83645268a49f
ear-f-83,tight,1,RECOMPUTE,200,10,22,24,2,335,10498,-10438,78089,-0.13366799421173275,63.504888888888885,0,0,0,0,10,104,5023.66,5408.95,4.22,1,a51cedaf951480f4222f4c51a7847f48058fc8d69c971031d286673769be30ba
ear-f-83,tight,1,TBR_B16,200,8,22,25,3,8,264,-4656,78089,-0.05962427486585819,68.53955555555555,5,0,0,3,0,1,152.32,3990.88,4.57,1,c775666b784a8009a11409a8cd15936316449bb24ea4362c2024934cdb05d337
ear-f-83,tight,1,SINGLE,200,8,22,25,3,8,264,-4656,78089,-0.05962427486585819,68.53955555555555,5,0,0,3,0,1,51.74,148.1,4.47,1,c775666b784a8009a11409a8cd15936316449bb24ea4362c2024934cdb05d337
ear-f-83,tight,1,TBR_NOT2,200,8,22,25,3,8,264,-4656,78089,-0.05962427486585819,68.53955555555555,5,0,0,3,0,1,165.94,1506.47,4.52,1,c775666b784a8009a11409a8cd15936316449bb24ea4362c2024934cdb05d337
ear-f-83,official,1,TBR_B32,200,8,24,25,1,8,264,-4940,78089,-0.06326115073826019,68.27466666666666,7,0,0,1,0,1,146.42,3316.41,4.79,1,3921ab349df2586f748dd86da158868b6e70b70d61c0f1d73d39a30129f57c51
ear-f-83,official,1,TBR_B4,200,8,24,25,1,8,264,-4940,78089,-0.06326115073826019,68.27466666666666,7,0,0,1,0,1,142.26,649.32,4.8,1,3921ab349df2586f748dd86da158868b6e70b70d61c0f1d73d39a30129f57c51
ear-f-83,official,1,ONE_BLOCKER,200,8,24,25,1,8,264,-4940,78089,-0.06326115073826019,68.27466666666666,7,0,0,1,0,1,156.49,225.95,4.46,1,3921ab349df2586f748dd86da158868b6e70b70d61c0f1d73d39a30129f57c51
ear-f-83,official,1,TBR,200,8,24,25,1,8,264,-4940,78089,-0.06326115073826019,68.27466666666666,7,0,0,1,0,1,143.19,1096.61,4.54,1,3921ab349df2586f748dd86da158868b6e70b70d61c0f1d73d39a30129f57c51
ear-f-83,official,1,TBR_B2,200,8,24,25,1,8,264,-4940,78089,-0.06326115073826019,68.27466666666666,7,0,0,1,0,1,139.95,228.15,4.7,1,3921ab349df2586f748dd86da158868b6e70b70d61c0f1d73d39a30129f57c51
ear-f-83,official,1,TBR_NOPROX,200,8,24,25,1,8,264,-4474,78089,-0.05729360089129071,68.70133333333334,7,0,0,1,0,1,33.39,976.18,4.49,1,bdddb55cd34331053a025b702e5340c62b5e795da432f6ef6518909b291b3ff6
ear-f-83,official,1,RECOMPUTE,200,10,24,24,0,335,10498,-10438,78089,-0.13366799421173275,63.504888888888885,0,0,0,0,10,104,4750.4,5324.97,4.04,1,4ee717373c4f03d8f403f52e1335ca0b5031b35083bdf39adcb3091ee1c6ce2f
ear-f-83,official,1,TBR_B16,200,8,24,25,1,8,264,-4940,78089,-0.06326115073826019,68.27466666666666,7,0,0,1,0,1,146.48,2735.45,4.74,1,3921ab349df2586f748dd86da158868b6e70b70d61c0f1d73d39a30129f57c51
ear-f-83,official,1,SINGLE,200,8,24,25,1,8,264,-4940,78089,-0.06326115073826019,68.27466666666666,7,0,0,1,0,1,133.98,171.21,4.51,1,3921ab349df2586f748dd86da158868b6e70b70d61c0f1d73d39a30129f57c51
ear-f-83,official,1,TBR_NOT2,200,8,24,25,1,8,264,-4940,78089,-0.06326115073826019,68.27466666666666,7,0,0,1,0,1,145.46,969.95,4.48,1,3921ab349df2586f748dd86da158868b6e70b70d61c0f1d73d39a30129f57c51
ear-f-83,tight,2,TBR_B16,200,7,23,24,1,9,359,-1902,70530,-0.026967247979583157,64.03377777777777,4,2,0,1,0,2,98.49,2720.7,4.75,1,6414d6c7807c3634bc37d619365ea35179603eba917412675fea841aab30a1a3
ear-f-83,tight,2,TBR_B4,200,7,23,24,1,9,359,-1902,70530,-0.026967247979583157,64.03377777777777,4,2,0,1,0,2,97.4,641.3,4.67,1,6414d6c7807c3634bc37d619365ea35179603eba917412675fea841aab30a1a3
ear-f-83,tight,2,TBR_B32,200,7,23,24,1,9,359,-1902,70530,-0.026967247979583157,64.03377777777777,4,2,0,1,0,2,97.08,3482.0,4.74,1,6414d6c7807c3634bc37d619365ea35179603eba917412675fea841aab30a1a3
ear-f-83,tight,2,TBR_NOT2,200,7,23,25,2,10,419,-2674,70530,-0.03791294484616475,63.32977777777778,4,0,1,2,0,4,126.14,1504.56,4.55,1,d18edd9a55fa323f4b8a20c6732bc375086b64ed4894d7af0716d03734d89d2d
ear-f-83,tight,2,ONE_BLOCKER,200,7,23,24,1,9,359,-1902,70530,-0.026967247979583157,64.03377777777777,4,2,0,1,0,2,94.73,326.96,4.47,1,6414d6c7807c3634bc37d619365ea35179603eba917412675fea841aab30a1a3
ear-f-83,tight,2,TBR,200,7,23,24,1,9,359,-1902,70530,-0.026967247979583157,64.03377777777777,4,2,0,1,0,2,99.68,1073.46,4.49,1,6414d6c7807c3634bc37d619365ea35179603eba917412675fea841aab30a1a3
ear-f-83,tight,2,TBR_NOPROX,200,7,23,24,1,9,359,-1223,70530,-0.017340138947965406,64.63733333333333,4,2,0,1,0,2,38.44,891.29,4.54,1,924061d8f3e423454cd130c48428cf4b99150a341e7824dd45e8dc49bab584b2
ear-f-83,tight,2,SINGLE,200,7,23,26,3,7,223,-2522,70530,-0.03575783354600879,63.464,4,0,0,3,0,1,57.66,137.77,4.54,1,7103291cc9cbcf811b16f76bfd957f9da65a372d3919ee68de1ebb31fb5b5851
ear-f-83,tight,2,RECOMPUTE,200,6,23,24,1,278,8547,-658,70530,-0.009329363391464625,65.14311111111111,0,0,0,0,6,84,4970.39,5443.26,3.94,1,5b0aea2d333a3defdd40ccbbcdabe92128fb55309f6b75317369dcccbe20048e
ear-f-83,tight,2,TBR_B2,200,7,23,24,1,9,359,-1902,70530,-0.026967247979583157,64.03377777777777,4,2,0,1,0,2,104.59,330.0,4.7,1,6414d6c7807c3634bc37d619365ea35179603eba917412675fea841aab30a1a3
ear-f-83,official,2,TBR_B16,200,7,24,25,1,8,250,-2373,70530,-0.03364525733730327,63.596444444444444,5,1,0,1,0,2,161.61,2710.48,4.72,1,fbb1b95b9084415b949abccfa1cbf1aa81f3ef5ffb2b2767cdb42610929b0abd
ear-f-83,official,2,TBR_B4,200,7,24,25,1,8,250,-2373,70530,-0.03364525733730327,63.596444444444444,5,1,0,1,0,2,154.01,717.72,4.76,1,fbb1b95b9084415b949abccfa1cbf1aa81f3ef5ffb2b2767cdb42610929b0abd
ear-f-83,official,2,TBR_B32,200,7,24,25,1,8,250,-2373,70530,-0.03364525733730327,63.596444444444444,5,1,0,1,0,2,158.58,3539.42,4.69,1,fbb1b95b9084415b949abccfa1cbf1aa81f3ef5ffb2b2767cdb42610929b0abd
ear-f-83,official,2,TBR_NOT2,200,7,24,26,2,7,223,-2522,70530,-0.03575783354600879,63.464,5,0,0,2,0,1,152.74,1653.43,4.47,1,557c1a615de3d18327a2deba4639f8e8d13ad4fcf0e20b00c5c87e58c7e2c39f
ear-f-83,official,2,ONE_BLOCKER,200,7,24,25,1,8,250,-2373,70530,-0.03364525733730327,63.596444444444444,5,1,0,1,0,2,158.13,352.73,4.34,1,fbb1b95b9084415b949abccfa1cbf1aa81f3ef5ffb2b2767cdb42610929b0abd
ear-f-83,official,2,TBR,200,7,24,25,1,8,250,-2373,70530,-0.03364525733730327,63.596444444444444,5,1,0,1,0,2,153.03,1220.35,4.47,1,fbb1b95b9084415b949abccfa1cbf1aa81f3ef5ffb2b2767cdb42610929b0abd
ear-f-83,official,2,TBR_NOPROX,200,7,24,25,1,8,257,-2116,70530,-0.03000141783638168,63.833777777777776,5,1,0,1,0,2,34.3,1141.66,4.49,1,72753b736cbdf4af7a53bd3d0dcb010b16f137a906594513daf3a3abda5b51aa
ear-f-83,official,2,SINGLE,200,7,24,26,2,7,223,-2522,70530,-0.03575783354600879,63.464,5,0,0,2,0,1,62.21,157.35,4.44,1,557c1a615de3d18327a2deba4639f8e8d13ad4fcf0e20b00c5c87e58c7e2c39f
ear-f-83,official,2,RECOMPUTE,200,6,24,24,0,278,8547,-658,70530,-0.009329363391464625,65.14311111111111,0,0,0,0,6,84,5362.99,16866.89,3.92,1,2e5c47ee85a8d11fd100c44998e340127418c12a2562bebcbcba53ab250e00eb
ear-f-83,official,2,TBR_B2,200,7,24,25,1,8,250,-2373,70530,-0.03364525733730327,63.596444444444444,5,1,0,1,0,2,149.58,328.55,4.65,1,fbb1b95b9084415b949abccfa1cbf1aa81f3ef5ffb2b2767cdb42610929b0abd
ear-f-83,tight,3,TBR_B16,200,2,23,23,0,3,50,-140,74372,-0.0018824288710805142,69.136,1,1,0,0,0,2,239.77,356.97,4.66,1,f5d5dccfaf4c821cd9a378922311b0800c6b27661f371cbf28bc699c6d028052
ear-f-83,tight,3,TBR_NOPROX,200,2,23,23,0,3,50,-86,74372,-0.0011563491636637443,69.184,1,1,0,0,0,2,74.02,105.32,4.45,1,63525213346174cc8a440bc18e092d835f328eaea04b8101b6c2df47f272331d
ear-f-83,tight,3,TBR_B4,200,2,23,23,0,3,50,-140,74372,-0.0018824288710805142,69.136,1,1,0,0,0,2,248.62,325.84,4.5,1,f5d5dccfaf4c821cd9a378922311b0800c6b27661f371cbf28bc699c6d028052
ear-f-83,tight,3,ONE_BLOCKER,200,2,23,23,0,3,50,-140,74372,-0.0018824288710805142,69.136,1,1,0,0,0,2,204.27,292.71,4.45,1,f5d5dccfaf4c821cd9a378922311b0800c6b27661f371cbf28bc699c6d028052
ear-f-83,tight,3,TBR_NOT2,200,2,23,23,0,3,50,-140,74372,-0.0018824288710805142,69.136,1,0,1,0,0,2,240.16,359.26,4.24,1,ee07a74a3776910081e1482db1c0ebf7710c93e86d9204999b57e7306225bb78
ear-f-83,tight,3,TBR_B32,200,2,23,23,0,3,50,-140,74372,-0.0018824288710805142,69.136,1,1,0,0,0,2,207.85,295.25,4.56,1,f5d5dccfaf4c821cd9a378922311b0800c6b27661f371cbf28bc699c6d028052
ear-f-83,tight,3,SINGLE,200,2,23,24,1,2,24,-163,74372,-0.0021916850427580272,69.11555555555556,1,0,0,1,0,1,78.38,121.2,4.3,1,49b5814af6591194637a4fba211fe90964d99dd33d9a20b27c4a5fe6ffb4bfda
ear-f-83,tight,3,TBR_B2,200,2,23,23,0,3,50,-140,74372,-0.0018824288710805142,69.136,1,1,0,0,0,2,207.99,298.36,4.41,1,f5d5dccfaf4c821cd9a378922311b0800c6b27661f371cbf28bc699c6d028052
ear-f-83,tight,3,TBR,200,2,23,23,0,3,50,-140,74372,-0.0018824288710805142,69.136,1,1,0,0,0,2,214.82,289.24,4.38,1,f5d5dccfaf4c821cd9a378922311b0800c6b27661f371cbf28bc699c6d028052
ear-f-83,tight,3,RECOMPUTE,200,7,23,24,1,231,7668,-5540,74372,-0.07449039961275748,64.29866666666666,0,0,0,0,7,69,4837.02,5456.3,3.85,1,2e95dc0cddc66ad9dd953da9ecbc2e7273c4fe84f634b8f27ca3982625dbb933
ear-f-83,official,3,TBR_B16,200,2,24,24,0,2,24,-176,74372,-0.0023664820093583605,69.104,2,0,0,0,0,1,114.23,116.78,4.64,1,33e4c351245191cd2be8c8c6860f0fd8c257535720875d028fdf5967be70b24c
ear-f-83,official,3,TBR_NOPROX,200,2,24,24,0,2,24,-109,74372,-0.0014656053353412574,69.16355555555556,2,0,0,0,0,1,36.08,39.16,4.36,1,533bfc39213aa14e9c35a1d6598edc875fa5d8aa2d6a87dd8c64718a63be142f
ear-f-83,official,3,TBR_B4,200,2,24,24,0,2,24,-176,74372,-0.0023664820093583605,69.104,2,0,0,0,0,1,116.48,123.17,4.47,1,33e4c351245191cd2be8c8c6860f0fd8c257535720875d028fdf5967be70b24c
ear-f-83,official,3,ONE_BLOCKER,200,2,24,24,0,2,24,-176,74372,-0.0023664820093583605,69.104,2,0,0,0,0,1,114.15,116.02,4.34,1,33e4c351245191cd2be8c8c6860f0fd8c257535720875d028fdf5967be70b24c
ear-f-83,official,3,TBR_NOT2,200,2,24,24,0,2,24,-176,74372,-0.0023664820093583605,69.104,2,0,0,0,0,1,126.52,134.75,4.4,1,33e4c351245191cd2be8c8c6860f0fd8c257535720875d028fdf5967be70b24c
ear-f-83,official,3,TBR_B32,200,2,24,24,0,2,24,-176,74372,-0.0023664820093583605,69.104,2,0,0,0,0,1,113.55,117.82,4.6,1,33e4c351245191cd2be8c8c6860f0fd8c257535720875d028fdf5967be70b24c
ear-f-83,official,3,SINGLE,200,2,24,24,0,2,24,-176,74372,-0.0023664820093583605,69.104,2,0,0,0,0,1,122.44,134.14,4.32,1,33e4c351245191cd2be8c8c6860f0fd8c257535720875d028fdf5967be70b24c
ear-f-83,official,3,TBR_B2,200,2,24,24,0,2,24,-176,74372,-0.0023664820093583605,69.104,2,0,0,0,0,1,115.15,117.48,4.67,1,33e4c351245191cd2be8c8c6860f0fd8c257535720875d028fdf5967be70b24c
ear-f-83,official,3,TBR,200,2,24,24,0,2,24,-176,74372,-0.0023664820093583605,69.104,2,0,0,0,0,1,127.83,138.32,4.37,1,33e4c351245191cd2be8c8c6860f0fd8c257535720875d028fdf5967be70b24c
ear-f-83,official,3,RECOMPUTE,200,7,24,24,0,231,7668,-5540,74372,-0.07449039961275748,64.29866666666666,0,0,0,0,7,69,4582.08,5962.87,3.83,1,923318282edba752047fa94d4f35aabc56ae9541d24c85c32f15d67eceef8792
ear-f-83,tight,4,TBR,200,9,22,24,2,11,403,-4166,77066,-0.05405756105156619,67.98666666666666,5,2,0,2,0,2,119.65,1883.58,4.6,1,504f9b05c4c92b69249635cf40329f4077630692fc3b87f1063bcc6acfdaef82
ear-f-83,tight,4,TBR_B16,200,9,22,24,2,11,403,-4166,77066,-0.05405756105156619,67.98666666666666,5,2,0,2,0,2,131.88,3437.09,4.69,1,504f9b05c4c92b69249635cf40329f4077630692fc3b87f1063bcc6acfdaef82
ear-f-83,tight,4,RECOMPUTE,200,8,22,23,1,281,9302,-5147,77066,-0.0667869099213661,67.032,0,0,0,0,8,103,4556.01,5379.0,3.86,1,238c0c1de6ee71b10cf91fd7aa2d63f03888f6ef249c74834ab5c945f1211ba1
ear-f-83,tight,4,ONE_BLOCKER,200,9,22,24,2,11,403,-4166,77066,-0.05405756105156619,67.98666666666666,5,2,0,2,0,2,134.26,313.22,4.53,1,504f9b05c4c92b69249635cf40329f4077630692fc3b87f1063bcc6acfdaef82
ear-f-83,tight,4,TBR_NOPROX,200,9,22,24,2,10,385,-3881,77066,-0.050359432175018815,68.23644444444444,6,1,0,2,0,2,33.25,1745.17,4.49,1,a55d4ea2eb8cc727713dac52c9d02a09096b32238f3ccb3c0507cf3cd772135d
ear-f-83,tight,4,TBR_NOT2,200,9,22,25,3,9,336,-4522,77066,-0.05867697817455168,67.67911111111111,6,0,0,3,0,1,95.27,1943.24,4.5,1,634bebdb28bdf66de1fdab7227b0f2e2cc2c200f0c202ac8204ed70a03e918db
ear-f-83,tight,4,TBR_B2,200,9,22,24,2,11,403,-4166,77066,-0.05405756105156619,67.98666666666666,5,2,0,2,0,2,218.46,322.53,4.67,1,504f9b05c4c92b69249635cf40329f4077630692fc3b87f1063bcc6acfdaef82
ear-f-83,tight,4,SINGLE,200,9,22,25,3,9,336,-4522,77066,-0.05867697817455168,67.67911111111111,6,0,0,3,0,1,57.47,112.33,4.51,1,634bebdb28bdf66de1fdab7227b0f2e2cc2c200f0c202ac8204ed70a03e918db
ear-f-83,tight,4,TBR_B4,200,9,22,24,2,11,403,-4166,77066,-0.05405756105156619,67.98666666666666,5,2,0,2,0,2,128.01,828.33,4.87,1,504f9b05c4c92b69249635cf40329f4077630692fc3b87f1063bcc6acfdaef82
ear-f-83,tight,4,TBR_B32,200,9,22,24,2,11,403,-4166,77066,-0.05405756105156619,67.98666666666666,5,2,0,2,0,2,170.25,4331.51,4.91,1,504f9b05c4c92b69249635cf40329f4077630692fc3b87f1063bcc6acfdaef82
ear-f-83,official,4,TBR,200,9,24,24,0,11,446,-3906,77066,-0.050683829444891394,68.22044444444444,7,2,0,0,0,2,120.1,390.03,4.57,1,efb03ccee6a2a6e997971bd91ef1c808279ee37d573ace10849a60bce6cd2e31
ear-f-83,official,4,TBR_B16,200,9,24,24,0,11,446,-3906,77066,-0.050683829444891394,68.22044444444444,7,2,0,0,0,2,123.66,392.68,4.84,1,efb03ccee6a2a6e997971bd91ef1c808279ee37d573ace10849a60bce6cd2e31
ear-f-83,official,4,RECOMPUTE,200,8,24,24,0,281,9302,-5147,77066,-0.0667869099213661,67.032,0,0,0,0,8,103,4500.09,5451.87,3.98,1,143230d92117178d5d273d1c92ab40cc49fae80deecd0dfe5b0edf2026f49944
ear-f-83,official,4,ONE_BLOCKER,200,9,24,24,0,11,446,-3906,77066,-0.050683829444891394,68.22044444444444,7,2,0,0,0,2,126.26,380.48,4.62,1,efb03ccee6a2a6e997971bd91ef1c808279ee37d573ace10849a60bce6cd2e31
ear-f-83,official,4,TBR_NOPROX,200,9,24,24,0,11,446,-4086,77066,-0.053019489787973946,68.06933333333333,7,2,0,0,0,2,31.75,96.89,4.55,1,2347c68a4b6ada09f4426cc143a2f99e3d39f8292635a2ac38df51fe2d0bf770
ear-f-83,official,4,TBR_NOT2,200,9,24,25,1,10,370,-4000,77066,-0.05190356317961228,68.15733333333333,7,0,1,1,0,2,126.76,1199.55,4.56,1,ddd918773e0ddb343c06417770984eab13f6837ecdb4d30e91cba1c7c9810bff
ear-f-83,official,4,TBR_B2,200,9,24,24,0,11,446,-3906,77066,-0.050683829444891394,68.22044444444444,7,2,0,0,0,2,123.4,381.24,4.71,1,efb03ccee6a2a6e997971bd91ef1c808279ee37d573ace10849a60bce6cd2e31
ear-f-83,official,4,SINGLE,200,9,24,26,2,9,336,-4816,77066,-0.06249189006825318,67.39466666666667,7,0,0,2,0,1,73.16,145.81,4.57,1,fa73151131e662ea58d3e0fa5fe4e2c1c965027cd5dff54f902e62ce751ebb7a
ear-f-83,official,4,TBR_B4,200,9,24,24,0,11,446,-3906,77066,-0.050683829444891394,68.22044444444444,7,2,0,0,0,2,122.37,383.7,4.71,1,efb03ccee6a2a6e997971bd91ef1c808279ee37d573ace10849a60bce6cd2e31
ear-f-83,official,4,TBR_B32,200,9,24,24,0,11,446,-3906,77066,-0.050683829444891394,68.22044444444444,7,2,0,0,0,2,114.27,348.41,4.53,1,efb03ccee6a2a6e997971bd91ef1c808279ee37d573ace10849a60bce6cd2e31
ear-f-83,tight,5,TBR_NOPROX,200,5,23,23,0,5,128,-688,72358,-0.00950827828298184,66.7911111111111,5,0,0,0,0,1,33.47,46.71,4.46,1,8e2ecf3b955a328ebfff11b747fbb1238cfe6e299394730e32b8ffcf559e36f4
ear-f-83,tight,5,TBR_NOT2,200,5,23,23,0,5,128,-2131,72358,-0.029450786367782415,65.48977777777777,5,0,0,0,0,1,61.51,81.38,4.38,1,4201ea7bc7e8287db88cacd1daa65d4fee3de693f157e6cc092b6cb87a1e54bc
ear-f-83,tight,5,TBR_B32,200,5,23,23,0,5,128,-2131,72358,-0.029450786367782415,65.48977777777777,5,0,0,0,0,1,58.0,75.98,4.68,1,4201ea7bc7e8287db88cacd1daa65d4fee3de693f157e6cc092b6cb87a1e54bc
ear-f-83,tight,5,TBR,200,5,23,23,0,5,128,-2131,72358,-0.029450786367782415,65.48977777777777,5,0,0,0,0,1,56.76,77.44,4.45,1,4201ea7bc7e8287db88cacd1daa65d4fee3de693f157e6cc092b6cb87a1e54bc
ear-f-83,tight,5,TBR_B2,200,5,23,23,0,5,128,-2131,72358,-0.029450786367782415,65.48977777777777,5,0,0,0,0,1,64.57,97.93,4.54,1,4201ea7bc7e8287db88cacd1daa65d4fee3de693f157e6cc092b6cb87a1e54bc
ear-f-83,tight,5,RECOMPUTE,200,4,23,23,0,67,2162,-1275,72358,-0.01762071920174687,66.32355555555556,0,0,0,0,4,28,4603.21,5203.21,3.73,1,93b1e079d40b38c960e9b51972f1e52f1b214e36bef4d816051f60e2e94b63ed
ear-f-83,tight,5,ONE_BLOCKER,200,5,23,23,0,5,128,-2131,72358,-0.029450786367782415,65.48977777777777,5,0,0,0,0,1,57.24,75.33,4.36,1,4201ea7bc7e8287db88cacd1daa65d4fee3de693f157e6cc092b6cb87a1e54bc
ear-f-83,tight,5,SINGLE,200,5,23,23,0,5,128,-2131,72358,-0.029450786367782415,65.48977777777777,5,0,0,0,0,1,55.15,74.97,4.16,1,4201ea7bc7e8287db88cacd1daa65d4fee3de693f157e6cc092b6cb87a1e54bc
ear-f-83,tight,5,TBR_B4,200,5,23,23,0,5,128,-2131,72358,-0.029450786367782415,65.48977777777777,5,0,0,0,0,1,59.41,77.59,4.54,1,4201ea7bc7e8287db88cacd1daa65d4fee3de693f157e6cc092b6cb87a1e54bc
ear-f-83,tight,5,TBR_B16,200,5,23,23,0,5,128,-2131,72358,-0.029450786367782415,65.48977777777777,5,0,0,0,0,1,55.77,77.7,4.47,1,4201ea7bc7e8287db88cacd1daa65d4fee3de693f157e6cc092b6cb87a1e54bc
ear-f-83,official,5,TBR_NOPROX,200,5,24,24,0,5,117,-477,72358,-0.00659222200724177,66.98133333333334,5,0,0,0,0,1,32.89,54.21,4.54,1,c6c70c251cbee715e14e1c63b5ecf7c5dd94c99bff0cd80e7801326c0a4e808d
ear-f-83,official,5,TBR_NOT2,200,5,24,24,0,5,117,-2461,72358,-0.03401144310235219,65.20355555555555,5,0,0,0,0,1,67.32,129.8,4.5,1,af7a63eb35bee409008ce9cdd2202da8f2197f2e9370c2e3f3e6d8c4431d16eb
ear-f-83,official,5,TBR_B32,200,5,24,24,0,5,117,-2461,72358,-0.03401144310235219,65.20355555555555,5,0,0,0,0,1,65.99,131.17,4.55,1,af7a63eb35bee409008ce9cdd2202da8f2197f2e9370c2e3f3e6d8c4431d16eb
ear-f-83,official,5,TBR,200,5,24,24,0,5,117,-2461,72358,-0.03401144310235219,65.20355555555555,5,0,0,0,0,1,82.19,132.49,4.41,1,af7a63eb35bee409008ce9cdd2202da8f2197f2e9370c2e3f3e6d8c4431d16eb
ear-f-83,official,5,TBR_B2,200,5,24,24,0,5,117,-2461,72358,-0.03401144310235219,65.20355555555555,5,0,0,0,0,1,66.67,152.24,4.65,1,af7a63eb35bee409008ce9cdd2202da8f2197f2e9370c2e3f3e6d8c4431d16eb
ear-f-83,official,5,RECOMPUTE,200,4,24,24,0,67,2162,-1275,72358,-0.01762071920174687,66.32355555555556,0,0,0,0,4,28,4454.64,4689.73,3.71,1,2dcb10393a42475b78cd7e9b780998ca2a61ffb9981d7c337e08a4fbc5b58df5
ear-f-83,official,5,ONE_BLOCKER,200,5,24,24,0,5,117,-2461,72358,-0.03401144310235219,65.20355555555555,5,0,0,0,0,1,66.01,126.5,4.52,1,af7a63eb35bee409008ce9cdd2202da8f2197f2e9370c2e3f3e6d8c4431d16eb
ear-f-83,official,5,SINGLE,200,5,24,24,0,5,117,-2461,72358,-0.03401144310235219,65.20355555555555,5,0,0,0,0,1,87.91,127.7,4.42,1,af7a63eb35bee409008ce9cdd2202da8f2197f2e9370c2e3f3e6d8c4431d16eb
ear-f-83,official,5,TBR_B4,200,5,24,24,0,5,117,-2461,72358,-0.03401144310235219,65.20355555555555,5,0,0,0,0,1,87.21,143.24,4.6,1,af7a63eb35bee409008ce9cdd2202da8f2197f2e9370c2e3f3e6d8c4431d16eb
ear-f-83,official,5,TBR_B16,200,5,24,24,0,5,117,-2461,72358,-0.03401144310235219,65.20355555555555,5,0,0,0,0,1,67.05,131.73,4.58,1,af7a63eb35bee409008ce9cdd2202da8f2197f2e9370c2e3f3e6d8c4431d16eb
ear-f-83,tight,6,TBR_B32,200,5,23,24,1,5,107,-1636,74499,-0.021960026309077976,68.13333333333334,4,0,0,1,0,1,81.43,3367.39,4.66,1,8a0e52ba9bcdffaa0615961009a89cd26993f1a97a0680d277171a45c09d9c25
ear-f-83,tight,6,TBR_B4,200,5,23,24,1,5,107,-1636,74499,-0.021960026309077976,68.13333333333334,4,0,0,1,0,1,63.31,652.13,4.62,1,8a0e52ba9bcdffaa0615961009a89cd26993f1a97a0680d277171a45c09d9c25
ear-f-83,tight,6,TBR_B16,200,5,23,24,1,5,107,-1636,74499,-0.021960026309077976,68.13333333333334,4,0,0,1,0,1,61.68,3222.05,4.66,1,8a0e52ba9bcdffaa0615961009a89cd26993f1a97a0680d277171a45c09d9c25
ear-f-83,tight,6,SINGLE,200,5,23,24,1,5,107,-1636,74499,-0.021960026309077976,68.13333333333334,4,0,0,1,0,1,54.31,101.95,4.47,1,8a0e52ba9bcdffaa0615961009a89cd26993f1a97a0680d277171a45c09d9c25
ear-f-83,tight,6,TBR_B2,200,5,23,24,1,5,107,-1636,74499,-0.021960026309077976,68.13333333333334,4,0,0,1,0,1,62.3,222.91,4.65,1,8a0e52ba9bcdffaa0615961009a89cd26993f1a97a0680d277171a45c09d9c25
ear-f-83,tight,6,TBR_NOPROX,200,5,23,24,1,5,107,-1297,74499,-0.017409629659458515,68.43466666666667,4,0,0,1,0,1,36.3,1363.51,4.58,1,6d4c66da7c306fcfd8ab750ebc5e46d42fc90b3a1e0775fb02cd1a1382867863
ear-f-83,tight,6,TBR_NOT2,200,5,23,24,1,5,107,-1636,74499,-0.021960026309077976,68.13333333333334,4,0,0,1,0,1,62.27,1322.15,4.47,1,8a0e52ba9bcdffaa0615961009a89cd26993f1a97a0680d277171a45c09d9c25
ear-f-83,tight,6,ONE_BLOCKER,200,5,23,24,1,5,107,-1636,74499,-0.021960026309077976,68.13333333333334,4,0,0,1,0,1,60.79,180.92,4.51,1,8a0e52ba9bcdffaa0615961009a89cd26993f1a97a0680d277171a45c09d9c25
ear-f-83,tight,6,TBR,200,5,23,24,1,5,107,-1636,74499,-0.021960026309077976,68.13333333333334,4,0,0,1,0,1,62.04,1401.29,4.46,1,8a0e52ba9bcdffaa0615961009a89cd26993f1a97a0680d277171a45c09d9c25
ear-f-83,tight,6,RECOMPUTE,200,8,23,23,0,317,9789,-4864,74499,-0.06528946697271104,65.17155555555556,0,0,0,0,8,93,4786.41,15063.06,3.97,1,3df3f72093e30772a8ff7d1dde3e7d31adac2cf89b65d5649fbb14209e3d92c2
ear-f-83,official,6,TBR_B32,200,5,24,24,0,5,107,-1855,74499,-0.024899663082725943,67.93688888888889,5,0,0,0,0,1,135.39,158.51,4.71,1,2bd966fe1977fd8c81b4037f303a00bc8cb35ec5c28fbe760f6cf043233a339d
ear-f-83,official,6,TBR_B4,200,5,24,24,0,5,107,-1855,74499,-0.024899663082725943,67.93688888888889,5,0,0,0,0,1,133.24,166.34,4.63,1,2bd966fe1977fd8c81b4037f303a00bc8cb35ec5c28fbe760f6cf043233a339d
ear-f-83,official,6,TBR_B16,200,5,24,24,0,5,107,-1855,74499,-0.024899663082725943,67.93688888888889,5,0,0,0,0,1,133.09,159.06,4.61,1,2bd966fe1977fd8c81b4037f303a00bc8cb35ec5c28fbe760f6cf043233a339d
ear-f-83,official,6,SINGLE,200,5,24,24,0,5,107,-1855,74499,-0.024899663082725943,67.93688888888889,5,0,0,0,0,1,133.45,157.21,4.56,1,2bd966fe1977fd8c81b4037f303a00bc8cb35ec5c28fbe760f6cf043233a339d
ear-f-83,official,6,TBR_B2,200,5,24,24,0,5,107,-1855,74499,-0.024899663082725943,67.93688888888889,5,0,0,0,0,1,137.42,163.4,4.75,1,2bd966fe1977fd8c81b4037f303a00bc8cb35ec5c28fbe760f6cf043233a339d
ear-f-83,official,6,TBR_NOPROX,200,5,24,24,0,5,107,-1297,74499,-0.017409629659458515,68.43466666666667,5,0,0,0,0,1,33.93,38.55,4.49,1,6f038b57c6c06b8d1948ff2800cc2b2cd4cd21bdaa3819e8e7c416c73fb66176
ear-f-83,official,6,TBR_NOT2,200,5,24,24,0,5,107,-1855,74499,-0.024899663082725943,67.93688888888889,5,0,0,0,0,1,134.63,188.2,4.44,1,2bd966fe1977fd8c81b4037f303a00bc8cb35ec5c28fbe760f6cf043233a339d
ear-f-83,official,6,ONE_BLOCKER,200,5,24,24,0,5,107,-1855,74499,-0.024899663082725943,67.93688888888889,5,0,0,0,0,1,132.68,185.77,4.41,1,2bd966fe1977fd8c81b4037f303a00bc8cb35ec5c28fbe760f6cf043233a339d
ear-f-83,official,6,TBR,200,5,24,24,0,5,107,-1855,74499,-0.024899663082725943,67.93688888888889,5,0,0,0,0,1,152.19,180.35,4.55,1,2bd966fe1977fd8c81b4037f303a00bc8cb35ec5c28fbe760f6cf043233a339d
ear-f-83,official,6,RECOMPUTE,200,8,24,24,0,317,9789,-4864,74499,-0.06528946697271104,65.17155555555556,0,0,0,0,8,93,4683.63,5122.1,3.87,1,8c06bed03bcb2d0a7e87b54626403c1486d3c47027a01c285f482177f426cb39
ear-f-83,tight,7,TBR,200,8,23,24,1,10,457,-3801,75769,-0.05016563502223865,67.39555555555556,6,0,1,1,0,3,73.89,1917.04,4.71,1,6e38e6c00e92eabd6330cc92ca5c250814e9737028e5f63c9c40fe85afc9c0db
ear-f-83,tight,7,TBR_B2,200,8,23,24,1,9,385,-5422,75769,-0.0715596088109913,65.936,6,1,0,1,0,2,108.0,247.36,4.76,1,794850f2e8fe5901d5d12e788ce3950d6e685b00f971ed6006593cb83371a909
ear-f-83,tight,7,TBR_NOT2,200,8,23,24,1,10,457,-3801,75769,-0.05016563502223865,67.39555555555556,6,0,1,1,0,3,66.9,1783.02,4.53,1,6e38e6c00e92eabd6330cc92ca5c250814e9737028e5f63c9c40fe85afc9c0db
ear-f-83,tight,7,RECOMPUTE,200,7,23,24,1,236,7615,322,75769,0.004249759136322242,71.23377777777777,0,0,0,0,7,75,4680.27,5648.01,3.81,1,9e3b05e0c05d1067bb055bbdc511fdb292441b6f9db3de03e138bc4757a11f01
ear-f-83,tight,7,TBR_B4,200,8,23,24,1,10,457,-3801,75769,-0.05016563502223865,67.39555555555556,6,0,1,1,0,3,67.86,852.88,4.79,1,6e38e6c00e92eabd6330cc92ca5c250814e9737028e5f63c9c40fe85afc9c0db
ear-f-83,tight,7,SINGLE,200,8,23,25,2,8,365,-5788,75769,-0.07639008037587931,65.59644444444444,6,0,0,2,0,1,59.95,209.61,4.35,1,5c4b7a42f831338350434a080261e61f2afa0f18d82b46e766ad230b7d033da6
ear-f-83,tight,7,TBR_B16,200,8,23,24,1,10,457,-3801,75769,-0.05016563502223865,67.39555555555556,6,0,1,1,0,3,91.14,2614.12,4.58,1,6e38e6c00e92eabd6330cc92ca5c250814e9737028e5f63c9c40fe85afc9c0db
ear-f-83,tight,7,ONE_BLOCKER,200,8,23,24,1,9,385,-5422,75769,-0.0715596088109913,65.936,6,1,0,1,0,2,101.37,243.55,4.54,1,794850f2e8fe5901d5d12e788ce3950d6e685b00f971ed6006593cb83371a909
ear-f-83,tight,7,TBR_B32,200,8,23,24,1,10,457,-3801,75769,-0.05016563502223865,67.39555555555556,6,0,1,1,0,3,71.41,2717.88,4.7,1,6e38e6c00e92eabd6330cc92ca5c250814e9737028e5f63c9c40fe85afc9c0db
ear-f-83,tight,7,TBR_NOPROX,200,9,23,24,1,10,393,-3526,75769,-0.04653618234370257,67.63733333333333,7,1,0,1,0,2,36.84,1374.19,4.49,1,5653956cf991c0350d8096df597c86bcfbfb5ab70cfd88b852282615028773a3
ear-f-83,official,7,TBR,200,7,24,24,0,7,295,-4678,75769,-0.0617402895643337,66.57244444444444,7,0,0,0,0,1,116.82,205.21,4.61,1,8921650b89419b105192d70bd0d4edf5847d0750c1e9a5987a837402c2a0a059
ear-f-83,official,7,TBR_B2,200,7,24,24,0,7,295,-4678,75769,-0.0617402895643337,66.57244444444444,7,0,0,0,0,1,115.47,204.39,4.69,1,8921650b89419b105192d70bd0d4edf5847d0750c1e9a5987a837402c2a0a059
ear-f-83,official,7,TBR_NOT2,200,7,24,24,0,7,295,-4678,75769,-0.0617402895643337,66.57244444444444,7,0,0,0,0,1,112.66,198.45,4.53,1,8921650b89419b105192d70bd0d4edf5847d0750c1e9a5987a837402c2a0a059
ear-f-83,official,7,RECOMPUTE,200,7,24,24,0,236,7615,322,75769,0.004249759136322242,71.23377777777777,0,0,0,0,7,75,4657.06,5003.64,3.74,1,e247d84a574eb36cf5f4026f06fd5c58a82d8ef79a8e2cc9f8d67558ed4a4c00
ear-f-83,official,7,TBR_B4,200,7,24,24,0,7,295,-4678,75769,-0.0617402895643337,66.57244444444444,7,0,0,0,0,1,113.27,203.89,4.69,1,8921650b89419b105192d70bd0d4edf5847d0750c1e9a5987a837402c2a0a059
ear-f-83,official,7,SINGLE,200,7,24,24,0,7,295,-4678,75769,-0.0617402895643337,66.57244444444444,7,0,0,0,0,1,137.75,229.77,4.5,1,8921650b89419b105192d70bd0d4edf5847d0750c1e9a5987a837402c2a0a059
ear-f-83,official,7,TBR_B16,200,7,24,24,0,7,295,-4678,75769,-0.0617402895643337,66.57244444444444,7,0,0,0,0,1,113.27,209.7,4.55,1,8921650b89419b105192d70bd0d4edf5847d0750c1e9a5987a837402c2a0a059
ear-f-83,official,7,ONE_BLOCKER,200,7,24,24,0,7,295,-4678,75769,-0.0617402895643337,66.57244444444444,7,0,0,0,0,1,115.05,196.58,4.58,1,8921650b89419b105192d70bd0d4edf5847d0750c1e9a5987a837402c2a0a059
ear-f-83,official,7,TBR_B32,200,7,24,24,0,7,295,-4678,75769,-0.0617402895643337,66.57244444444444,7,0,0,0,0,1,111.81,203.04,4.66,1,8921650b89419b105192d70bd0d4edf5847d0750c1e9a5987a837402c2a0a059
ear-f-83,official,7,TBR_NOPROX,200,8,24,24,0,9,320,-3551,75769,-0.04686613258720585,67.63288888888889,7,1,0,0,0,2,32.44,97.38,4.61,1,d9888b8d292fc5db4dc909c5df9278ab0db4487002882568d21e90ccf1a5beb8
ear-f-83,tight,8,SINGLE,200,6,23,24,1,6,185,-4599,75641,-0.060800359593342235,66.504,5,0,0,1,0,1,74.34,156.83,4.48,1,bebf11d060a0019b6cbc723d5f2ae3530d568878e4597fa7ae97aa99ba589ee2
ear-f-83,tight,8,RECOMPUTE,200,8,23,23,0,225,6520,-6857,75641,-0.09065189513623564,64.568,0,0,0,0,8,79,4569.39,5444.59,3.75,1,29e0c694715576c8dc6e4106d528362d142a410c353f6dee1ee7ae8335dab452
ear-f-83,tight,8,TBR_NOPROX,200,6,23,23,0,6,250,-4977,75641,-0.06579764942293201,66.19644444444444,6,0,0,0,0,1,39.86,47.19,4.42,1,7678c84b37222d9512df1597236e0c50a6e4c40a2447e225b93c1807d6f82deb
ear-f-83,tight,8,TBR,200,6,23,23,0,7,200,-3976,75641,-0.05256408561494428,67.04977777777778,5,1,0,0,0,2,113.65,240.05,4.45,1,fe0ab32b2dc5c1e1c28de3a064d78636e525710ffbfb06e9a08d02755226a3a5
ear-f-83,tight,8,TBR_NOT2,200,6,23,23,0,7,200,-3976,75641,-0.05256408561494428,67.04977777777778,5,0,1,0,0,2,118.17,759.58,4.45,1,3f0acc91f2dd4b8d5df7b90c1a5e55934527f26ecb046c85612bf3218a930185
ear-f-83,tight,8,TBR_B2,200,6,23,23,0,7,200,-3976,75641,-0.05256408561494428,67.04977777777778,5,1,0,0,0,2,116.23,225.41,4.72,1,fe0ab32b2dc5c1e1c28de3a064d78636e525710ffbfb06e9a08d02755226a3a5
ear-f-83,tight,8,TBR_B32,200,6,23,23,0,7,200,-3976,75641,-0.05256408561494428,67.04977777777778,5,1,0,0,0,2,115.53,228.04,4.65,1,fe0ab32b2dc5c1e1c28de3a064d78636e525710ffbfb06e9a08d02755226a3a5
ear-f-83,tight,8,TBR_B16,200,6,23,23,0,7,200,-3976,75641,-0.05256408561494428,67.04977777777778,5,1,0,0,0,2,109.33,232.16,4.67,1,fe0ab32b2dc5c1e1c28de3a064d78636e525710ffbfb06e9a08d02755226a3a5
ear-f-83,tight,8,TBR_B4,200,6,23,23,0,7,200,-3976,75641,-0.05256408561494428,67.04977777777778,5,1,0,0,0,2,104.6,229.16,4.53,1,fe0ab32b2dc5c1e1c28de3a064d78636e525710ffbfb06e9a08d02755226a3a5
ear-f-83,tight,8,ONE_BLOCKER,200,6,23,23,0,7,200,-3976,75641,-0.05256408561494428,67.04977777777778,5,1,0,0,0,2,108.27,246.96,4.46,1,fe0ab32b2dc5c1e1c28de3a064d78636e525710ffbfb06e9a08d02755226a3a5
ear-f-83,official,8,SINGLE,200,6,24,24,0,6,221,-4020,75641,-0.053145780727383296,67.07377777777778,6,0,0,0,0,1,138.8,161.6,4.54,1,03793bebb76f76374f6e7f947c2c96c0e08bb851d16d4558244b71c073686c3e
ear-f-83,official,8,RECOMPUTE,200,8,24,24,0,225,6520,-6857,75641,-0.09065189513623564,64.568,0,0,0,0,8,79,4651.91,5214.95,3.71,1,399fa047ba2391e5b4265dd127557bfed0efabfbfc6185bc997bb6a6c33cd964
ear-f-83,official,8,TBR_NOPROX,200,6,24,24,0,6,221,-2950,75641,-0.039000013220343466,68.07111111111111,6,0,0,0,0,1,38.09,45.54,4.6,1,dc62473e0fff5af7820ca96cb3a789c559e489269ff596cb76b3329f03d8ca6e
ear-f-83,official,8,TBR,200,6,24,24,0,6,221,-4020,75641,-0.053145780727383296,67.07377777777778,6,0,0,0,0,1,153.55,192.5,4.52,1,03793bebb76f76374f6e7f947c2c96c0e08bb851d16d4558244b71c073686c3e
ear-f-83,official,8,TBR_NOT2,200,6,24,24,0,6,221,-4020,75641,-0.053145780727383296,67.07377777777778,6,0,0,0,0,1,142.77,157.45,4.56,1,03793bebb76f76374f6e7f947c2c96c0e08bb851d16d4558244b71c073686c3e
ear-f-83,official,8,TBR_B2,200,6,24,24,0,6,221,-4020,75641,-0.053145780727383296,67.07377777777778,6,0,0,0,0,1,145.4,171.49,4.74,1,03793bebb76f76374f6e7f947c2c96c0e08bb851d16d4558244b71c073686c3e
ear-f-83,official,8,TBR_B32,200,6,24,24,0,6,221,-4020,75641,-0.053145780727383296,67.07377777777778,6,0,0,0,0,1,151.91,187.48,4.66,1,03793bebb76f76374f6e7f947c2c96c0e08bb851d16d4558244b71c073686c3e
ear-f-83,official,8,TBR_B16,200,6,24,24,0,6,221,-4020,75641,-0.053145780727383296,67.07377777777778,6,0,0,0,0,1,142.23,158.87,4.77,1,03793bebb76f76374f6e7f947c2c96c0e08bb851d16d4558244b71c073686c3e
ear-f-83,official,8,TBR_B4,200,6,24,24,0,6,221,-4020,75641,-0.053145780727383296,67.07377777777778,6,0,0,0,0,1,145.17,159.78,4.66,1,03793bebb76f76374f6e7f947c2c96c0e08bb851d16d4558244b71c073686c3e
ear-f-83,official,8,ONE_BLOCKER,200,6,24,24,0,6,221,-4020,75641,-0.053145780727383296,67.07377777777778,6,0,0,0,0,1,145.46,162.51,4.55,1,03793bebb76f76374f6e7f947c2c96c0e08bb851d16d4558244b71c073686c3e
ear-f-83,tight,9,TBR_B4,200,10,24,24,0,13,496,-6481,75205,-0.08617778073266405,64.45422222222223,7,3,0,0,0,2,163.34,383.64,4.92,1,777914978a3e0086a5502c7821353b8ea694ed2942f4cf5e15aa5ebbb35864d5
ear-f-83,tight,9,ONE_BLOCKER,200,10,24,24,0,13,496,-6481,75205,-0.08617778073266405,64.45422222222223,7,3,0,0,0,2,159.87,366.77,4.65,1,777914978a3e0086a5502c7821353b8ea694ed2942f4cf5e15aa5ebbb35864d5
ear-f-83,tight,9,SINGLE,200,11,24,26,2,11,309,-5122,75205,-0.06810717372515125,65.72355555555555,9,0,0,2,0,1,95.69,201.63,4.54,1,d2595a761ac4c98e37f688baa376556d3345d38ee1bef9abebda85a8d694456e
ear-f-83,tight,9,TBR_NOPROX,200,10,24,25,1,11,412,-5259,75205,-0.06992886111295792,65.57688888888889,8,1,0,1,0,2,38.31,795.99,4.64,1,f9252f806bdf36422b226b9d9b9cfa23c0f87ae9ce3781557bc32bdcc23fff19
ear-f-83,tight,9,TBR_B16,200,10,24,24,0,13,496,-6481,75205,-0.08617778073266405,64.45422222222223,7,3,0,0,0,2,155.53,435.46,4.89,1,777914978a3e0086a5502c7821353b8ea694ed2942f4cf5e15aa5ebbb35864d5
ear-f-83,tight,9,TBR_B2,200,10,24,24,0,13,496,-6481,75205,-0.08617778073266405,64.45422222222223,7,3,0,0,0,2,157.17,420.73,4.96,1,777914978a3e0086a5502c7821353b8ea694ed2942f4cf5e15aa5ebbb35864d5
ear-f-83,tight,9,TBR,200,10,24,24,0,13,496,-6481,75205,-0.08617778073266405,64.45422222222223,7,3,0,0,0,2,171.31,372.53,4.68,1,777914978a3e0086a5502c7821353b8ea694ed2942f4cf5e15aa5ebbb35864d5
ear-f-83,tight,9,TBR_B32,200,10,24,24,0,13,496,-6481,75205,-0.08617778073266405,64.45422222222223,7,3,0,0,0,2,160.32,368.77,4.67,1,777914978a3e0086a5502c7821353b8ea694ed2942f4cf5e15aa5ebbb35864d5
ear-f-83,tight,9,RECOMPUTE,200,11,24,24,0,368,11354,-11607,75205,-0.15433814241074398,59.97511111111111,0,0,0,0,11,81,4587.97,5009.3,4.0,1,15ea0460ee5031f912dad0485e247292385a608fa93e0ac6b91dd1ab2c5e4f69
ear-f-83,tight,9,TBR_NOT2,200,11,24,25,1,12,370,-4955,75205,-0.06588657669037963,65.84622222222222,9,0,1,1,0,2,152.59,1195.62,4.61,1,2c198476a11a506c9db63dc7ae234e0895e71175fed767c12b13d32c48098dd9
ear-f-83,official,9,TBR_B4,200,10,24,24,0,13,496,-6481,75205,-0.08617778073266405,64.45422222222223,7,3,0,0,0,2,163.02,357.81,5.05,1,777914978a3e0086a5502c7821353b8ea694ed2942f4cf5e15aa5ebbb35864d5
ear-f-83,official,9,ONE_BLOCKER,200,10,24,24,0,13,496,-6481,75205,-0.08617778073266405,64.45422222222223,7,3,0,0,0,2,155.61,372.39,4.61,1,777914978a3e0086a5502c7821353b8ea694ed2942f4cf5e15aa5ebbb35864d5
ear-f-83,official,9,SINGLE,200,11,24,26,2,11,309,-5122,75205,-0.06810717372515125,65.72355555555555,9,0,0,2,0,1,79.2,183.68,4.5,1,d2595a761ac4c98e37f688baa376556d3345d38ee1bef9abebda85a8d694456e
ear-f-83,official,9,TBR_NOPROX,200,10,24,25,1,11,412,-5259,75205,-0.06992886111295792,65.57688888888889,8,1,0,1,0,2,38.76,796.35,4.53,1,f9252f806bdf36422b226b9d9b9cfa23c0f87ae9ce3781557bc32bdcc23fff19
ear-f-83,official,9,TBR_B16,200,10,24,24,0,13,496,-6481,75205,-0.08617778073266405,64.45422222222223,7,3,0,0,0,2,156.47,377.11,4.79,1,777914978a3e0086a5502c7821353b8ea694ed2942f4cf5e15aa5ebbb35864d5
ear-f-83,official,9,TBR_B2,200,10,24,24,0,13,496,-6481,75205,-0.08617778073266405,64.45422222222223,7,3,0,0,0,2,169.18,355.8,4.74,1,777914978a3e0086a5502c7821353b8ea694ed2942f4cf5e15aa5ebbb35864d5
ear-f-83,official,9,TBR,200,10,24,24,0,13,496,-6481,75205,-0.08617778073266405,64.45422222222223,7,3,0,0,0,2,162.65,387.91,4.59,1,777914978a3e0086a5502c7821353b8ea694ed2942f4cf5e15aa5ebbb35864d5
ear-f-83,official,9,TBR_B32,200,10,24,24,0,13,496,-6481,75205,-0.08617778073266405,64.45422222222223,7,3,0,0,0,2,164.21,352.47,4.66,1,777914978a3e0086a5502c7821353b8ea694ed2942f4cf5e15aa5ebbb35864d5
ear-f-83,official,9,RECOMPUTE,200,11,24,24,0,368,11354,-11607,75205,-0.15433814241074398,59.97511111111111,0,0,0,0,11,81,4585.52,4950.32,3.91,1,15ea0460ee5031f912dad0485e247292385a608fa93e0ac6b91dd1ab2c5e4f69
ear-f-83,official,9,TBR_NOT2,200,11,24,25,1,12,370,-4955,75205,-0.06588657669037963,65.84622222222222,9,0,1,1,0,2,147.45,1208.17,4.56,1,2c198476a11a506c9db63dc7ae234e0895e71175fed767c12b13d32c48098dd9
hec-s-92,tight,0,RECOMPUTE,200,2,19,19,0,62,6885,-6559,64601,-0.10153093605362146,21.391781792419412,0,0,0,0,2,42,1498.52,1826.64,2.55,1,5addb59ff91c711753213b89cd19578070da783b61f8fbbf7ceb25d663be784c
hec-s-92,tight,0,ONE_BLOCKER,200,3,19,19,0,3,319,-5006,64601,-0.07749106050989923,21.975912150194826,3,0,0,0,0,1,59.33,65.02,3.5,1,3c6d5245a0e1176a38058d1ea18ea23bc5eae4b406bb4c5432a4d56df8473180
hec-s-92,tight,0,SINGLE,200,3,19,19,0,3,319,-5006,64601,-0.07749106050989923,21.975912150194826,3,0,0,0,0,1,60.8,64.16,3.39,1,3c6d5245a0e1176a38058d1ea18ea23bc5eae4b406bb4c5432a4d56df8473180
hec-s-92,tight,0,TBR_B16,200,3,19,19,0,3,319,-5006,64601,-0.07749106050989923,21.975912150194826,3,0,0,0,0,1,56.7,63.45,3.59,1,3c6d5245a0e1176a38058d1ea18ea23bc5eae4b406bb4c5432a4d56df8473180
hec-s-92,tight,0,TBR_B2,200,3,19,19,0,3,319,-5006,64601,-0.07749106050989923,21.975912150194826,3,0,0,0,0,1,58.4,63.76,3.69,1,3c6d5245a0e1176a38058d1ea18ea23bc5eae4b406bb4c5432a4d56df8473180
hec-s-92,tight,0,TBR_B4,200,3,19,19,0,3,319,-5006,64601,-0.07749106050989923,21.975912150194826,3,0,0,0,0,1,59.48,63.99,3.66,1,3c6d5245a0e1176a38058d1ea18ea23bc5eae4b406bb4c5432a4d56df8473180
hec-s-92,tight,0,TBR_NOT2,200,3,19,19,0,3,319,-5006,64601,-0.07749106050989923,21.975912150194826,3,0,0,0,0,1,54.63,62.54,3.29,1,3c6d5245a0e1176a38058d1ea18ea23bc5eae4b406bb4c5432a4d56df8473180
hec-s-92,tight,0,TBR,200,3,19,19,0,3,319,-5006,64601,-0.07749106050989923,21.975912150194826,3,0,0,0,0,1,66.79,81.45,3.4,1,3c6d5245a0e1176a38058d1ea18ea23bc5eae4b406bb4c5432a4d56df8473180
hec-s-92,tight,0,TBR_NOPROX,200,3,19,19,0,3,319,-4628,64601,-0.07163975789848455,22.109812256464753,3,0,0,0,0,1,31.08,34.72,3.37,1,00964bdd5973e001a942a2972efa9540bc4c4bf8f8a64ee27e0fabb38c519cf4
hec-s-92,tight,0,TBR_B32,200,3,19,19,0,3,319,-5006,64601,-0.07749106050989923,21.975912150194826,3,0,0,0,0,1,59.16,67.23,3.7,1,3c6d5245a0e1176a38058d1ea18ea23bc5eae4b406bb4c5432a4d56df8473180
hec-s-92,official,0,RECOMPUTE,200,2,19,19,0,62,6885,-6559,64601,-0.10153093605362146,21.391781792419412,0,0,0,0,2,42,1234.66,1387.33,2.5,1,5addb59ff91c711753213b89cd19578070da783b61f8fbbf7ceb25d663be784c
hec-s-92,official,0,ONE_BLOCKER,200,3,19,19,0,3,319,-5006,64601,-0.07749106050989923,21.975912150194826,3,0,0,0,0,1,60.15,67.09,3.4,1,3c6d5245a0e1176a38058d1ea18ea23bc5eae4b406bb4c5432a4d56df8473180
hec-s-92,official,0,SINGLE,200,3,19,19,0,3,319,-5006,64601,-0.07749106050989923,21.975912150194826,3,0,0,0,0,1,78.12,80.93,3.33,1,3c6d5245a0e1176a38058d1ea18ea23bc5eae4b406bb4c5432a4d56df8473180
hec-s-92,official,0,TBR_B16,200,3,19,19,0,3,319,-5006,64601,-0.07749106050989923,21.975912150194826,3,0,0,0,0,1,66.68,77.5,3.65,1,3c6d5245a0e1176a38058d1ea18ea23bc5eae4b406bb4c5432a4d56df8473180
hec-s-92,official,0,TBR_B2,200,3,19,19,0,3,319,-5006,64601,-0.07749106050989923,21.975912150194826,3,0,0,0,0,1,56.62,67.62,3.65,1,3c6d5245a0e1176a38058d1ea18ea23bc5eae4b406bb4c5432a4d56df8473180
hec-s-92,official,0,TBR_B4,200,3,19,19,0,3,319,-5006,64601,-0.07749106050989923,21.975912150194826,3,0,0,0,0,1,58.46,64.12,3.7,1,3c6d5245a0e1176a38058d1ea18ea23bc5eae4b406bb4c5432a4d56df8473180
hec-s-92,official,0,TBR_NOT2,200,3,19,19,0,3,319,-5006,64601,-0.07749106050989923,21.975912150194826,3,0,0,0,0,1,62.76,65.11,3.45,1,3c6d5245a0e1176a38058d1ea18ea23bc5eae4b406bb4c5432a4d56df8473180
hec-s-92,official,0,TBR,200,3,19,19,0,3,319,-5006,64601,-0.07749106050989923,21.975912150194826,3,0,0,0,0,1,64.64,79.09,3.51,1,3c6d5245a0e1176a38058d1ea18ea23bc5eae4b406bb4c5432a4d56df8473180
hec-s-92,official,0,TBR_NOPROX,200,3,19,19,0,3,319,-4628,64601,-0.07163975789848455,22.109812256464753,3,0,0,0,0,1,30.61,35.12,3.51,1,00964bdd5973e001a942a2972efa9540bc4c4bf8f8a64ee27e0fabb38c519cf4
hec-s-92,official,0,TBR_B32,200,3,19,19,0,3,319,-5006,64601,-0.07749106050989923,21.975912150194826,3,0,0,0,0,1,61.55,64.85,3.66,1,3c6d5245a0e1176a38058d1ea18ea23bc5eae4b406bb4c5432a4d56df8473180
hec-s-92,tight,1,TBR_B32,200,3,18,19,1,4,274,-3002,69854,-0.04297534858418988,24.67445979454481,1,1,0,1,0,2,186.15,1513.49,3.66,1,a429cb97fd8033566a553d81dcfbaff36354968cf433efac6eb02e3a85d061bb
hec-s-92,tight,1,TBR_B4,200,3,18,19,1,4,274,-3002,69854,-0.04297534858418988,24.67445979454481,1,1,0,1,0,2,181.51,463.92,3.67,1,a429cb97fd8033566a553d81dcfbaff36354968cf433efac6eb02e3a85d061bb
hec-s-92,tight,1,ONE_BLOCKER,200,3,18,19,1,4,274,-3002,69854,-0.04297534858418988,24.67445979454481,1,1,0,1,0,2,143.46,182.51,3.5,1,a429cb97fd8033566a553d81dcfbaff36354968cf433efac6eb02e3a85d061bb
hec-s-92,tight,1,TBR,200,3,18,19,1,4,274,-3002,69854,-0.04297534858418988,24.67445979454481,1,1,0,1,0,2,180.61,896.62,3.45,1,a429cb97fd8033566a553d81dcfbaff36354968cf433efac6eb02e3a85d061bb
hec-s-92,tight,1,TBR_B2,200,3,18,19,1,4,274,-3002,69854,-0.04297534858418988,24.67445979454481,1,1,0,1,0,2,144.92,182.81,3.68,1,a429cb97fd8033566a553d81dcfbaff36354968cf433efac6eb02e3a85d061bb
hec-s-92,tight,1,TBR_NOPROX,200,3,18,19,1,4,274,-3002,69854,-0.04297534858418988,24.67445979454481,1,1,0,1,0,2,102.85,809.31,3.51,1,a429cb97fd8033566a553d81dcfbaff36354968cf433efac6eb02e3a85d061bb
hec-s-92,tight,1,RECOMPUTE,200,5,18,19,1,41,3186,-1586,69854,-0.022704497952873135,25.24335812964931,0,0,0,0,5,24,1021.29,1102.3,2.52,1,ed5c2ee50945932c5e7c9ca9c22141667c979a51dc4b63167cba03352e45a154
hec-s-92,tight,1,TBR_B16,200,3,18,19,1,4,274,-3002,69854,-0.04297534858418988,24.67445979454481,1,1,0,1,0,2,185.4,1527.35,3.59,1,a429cb97fd8033566a553d81dcfbaff36354968cf433efac6eb02e3a85d061bb
hec-s-92,tight,1,SINGLE,200,3,18,20,2,3,227,-2935,69854,-0.04201620522804707,24.698901877435354,1,0,0,2,0,1,28.38,99.92,3.45,1,32b28ac793fedca439312ee761ccedef775d46110d07e739b4e550518c105e2c
hec-s-92,tight,1,TBR_NOT2,200,3,18,20,2,3,227,-2935,69854,-0.04201620522804707,24.698901877435354,1,0,0,2,0,1,929.7,958.45,3.38,1,32b28ac793fedca439312ee761ccedef775d46110d07e739b4e550518c105e2c
hec-s-92,official,1,TBR_B32,200,3,18,19,1,4,274,-3002,69854,-0.04297534858418988,24.67445979454481,1,1,0,1,0,2,189.06,1499.12,3.71,1,a429cb97fd8033566a553d81dcfbaff36354968cf433efac6eb02e3a85d061bb
hec-s-92,official,1,TBR_B4,200,3,18,19,1,4,274,-3002,69854,-0.04297534858418988,24.67445979454481,1,1,0,1,0,2,185.06,424.76,3.8,1,a429cb97fd8033566a553d81dcfbaff36354968cf433efac6eb02e3a85d061bb
hec-s-92,official,1,ONE_BLOCKER,200,3,18,19,1,4,274,-3002,69854,-0.04297534858418988,24.67445979454481,1,1,0,1,0,2,152.23,235.24,3.42,1,a429cb97fd8033566a553d81dcfbaff36354968cf433efac6eb02e3a85d061bb
hec-s-92,official,1,TBR,200,3,18,19,1,4,274,-3002,69854,-0.04297534858418988,24.67445979454481,1,1,0,1,0,2,184.52,938.01,3.46,1,a429cb97fd8033566a553d81dcfbaff36354968cf433efac6eb02e3a85d061bb
hec-s-92,official,1,TBR_B2,200,3,18,19,1,4,274,-3002,69854,-0.04297534858418988,24.67445979454481,1,1,0,1,0,2,142.31,185.07,3.59,1,a429cb97fd8033566a553d81dcfbaff36354968cf433efac6eb02e3a85d061bb
hec-s-92,official,1,TBR_NOPROX,200,3,18,19,1,4,274,-3002,69854,-0.04297534858418988,24.67445979454481,1,1,0,1,0,2,96.63,826.37,3.47,1,a429cb97fd8033566a553d81dcfbaff36354968cf433efac6eb02e3a85d061bb
hec-s-92,official,1,RECOMPUTE,200,5,18,19,1,41,3186,-1586,69854,-0.022704497952873135,25.24335812964931,0,0,0,0,5,24,953.36,1130.98,2.5,1,ed5c2ee50945932c5e7c9ca9c22141667c979a51dc4b63167cba03352e45a154
hec-s-92,official,1,TBR_B16,200,3,18,19,1,4,274,-3002,69854,-0.04297534858418988,24.67445979454481,1,1,0,1,0,2,214.27,1525.86,3.7,1,a429cb97fd8033566a553d81dcfbaff36354968cf433efac6eb02e3a85d061bb
hec-s-92,official,1,SINGLE,200,3,18,20,2,3,227,-2935,69854,-0.04201620522804707,24.698901877435354,1,0,0,2,0,1,28.55,99.74,3.42,1,32b28ac793fedca439312ee761ccedef775d46110d07e739b4e550518c105e2c
hec-s-92,official,1,TBR_NOT2,200,3,18,20,2,3,227,-2935,69854,-0.04201620522804707,24.698901877435354,1,0,0,2,0,1,880.98,907.28,3.41,1,32b28ac793fedca439312ee761ccedef775d46110d07e739b4e550518c105e2c
hec-s-92,tight,2,TBR_B16,200,1,18,18,0,1,273,-5369,68700,-0.0781513828238719,23.47325540205455,1,0,0,0,0,1,71.51,71.51,3.62,1,4693710c33355f3d81651dd340044af4aba9e3d484899249a2b4d3f25a1e57db
hec-s-92,tight,2,TBR_B4,200,1,18,18,0,1,273,-5369,68700,-0.0781513828238719,23.47325540205455,1,0,0,0,0,1,68.51,68.51,3.67,1,4693710c33355f3d81651dd340044af4aba9e3d484899249a2b4d3f25a1e57db
hec-s-92,tight,2,TBR_B32,200,1,18,18,0,1,273,-5369,68700,-0.0781513828238719,23.47325540205455,1,0,0,0,0,1,73.03,73.03,3.67,1,4693710c33355f3d81651dd340044af4aba9e3d484899249a2b4d3f25a1e57db
hec-s-92,tight,2,TBR_NOT2,200,1,18,18,0,1,273,-5369,68700,-0.0781513828238719,23.47325540205455,1,0,0,0,0,1,67.24,67.24,3.41,1,4693710c33355f3d81651dd340044af4aba9e3d484899249a2b4d3f25a1e57db
hec-s-92,tight,2,ONE_BLOCKER,200,1,18,18,0,1,273,-5369,68700,-0.0781513828238719,23.47325540205455,1,0,0,0,0,1,68.41,68.41,3.46,1,4693710c33355f3d81651dd340044af4aba9e3d484899249a2b4d3f25a1e57db
hec-s-92,tight,2,TBR,200,1,18,18,0,1,273,-5369,68700,-0.0781513828238719,23.47325540205455,1,0,0,0,0,1,71.56,71.56,3.46,1,4693710c33355f3d81651dd340044af4aba9e3d484899249a2b4d3f25a1e57db
hec-s-92,tight,2,TBR_NOPROX,200,1,18,18,0,1,273,-4495,68700,-0.06542940320232897,23.783917817924195,1,0,0,0,0,1,36.66,36.66,3.44,1,a10e17bebc7a0b6a58e22094225d534c5b17675b1782ec2a4d78e2976c65dd56
hec-s-92,tight,2,SINGLE,200,1,18,18,0,1,273,-5369,68700,-0.0781513828238719,23.47325540205455,1,0,0,0,0,1,67.08,67.08,3.35,1,4693710c33355f3d81651dd340044af4aba9e3d484899249a2b4d3f25a1e57db
hec-s-92,tight,2,RECOMPUTE,200,1,18,19,1,13,603,-943,68700,-0.013726346433770015,25.057739992915337,0,0,0,0,1,13,1289.61,1289.61,2.44,1,deff4ec6f2c1eeef66c7e957cec44f8d2e13346dc7383cfbbc7be69ae75547ce
hec-s-92,tight,2,TBR_B2,200,1,18,18,0,1,273,-5369,68700,-0.0781513828238719,23.47325540205455,1,0,0,0,0,1,91.45,91.45,3.61,1,4693710c33355f3d81651dd340044af4aba9e3d484899249a2b4d3f25a1e57db
hec-s-92,official,2,TBR_B16,200,1,18,18,0,1,273,-5369,68700,-0.0781513828238719,23.47325540205455,1,0,0,0,0,1,68.96,68.96,3.62,1,4693710c33355f3d81651dd340044af4aba9e3d484899249a2b4d3f25a1e57db
hec-s-92,official,2,TBR_B4,200,1,18,18,0,1,273,-5369,68700,-0.0781513828238719,23.47325540205455,1,0,0,0,0,1,68.18,68.18,3.63,1,4693710c33355f3d81651dd340044af4aba9e3d484899249a2b4d3f25a1e57db
hec-s-92,official,2,TBR_B32,200,1,18,18,0,1,273,-5369,68700,-0.0781513828238719,23.47325540205455,1,0,0,0,0,1,69.24,69.24,3.59,1,4693710c33355f3d81651dd340044af4aba9e3d484899249a2b4d3f25a1e57db
hec-s-92,official,2,TBR_NOT2,200,1,18,18,0,1,273,-5369,68700,-0.0781513828238719,23.47325540205455,1,0,0,0,0,1,73.4,73.4,3.42,1,4693710c33355f3d81651dd340044af4aba9e3d484899249a2b4d3f25a1e57db
hec-s-92,official,2,ONE_BLOCKER,200,1,18,18,0,1,273,-5369,68700,-0.0781513828238719,23.47325540205455,1,0,0,0,0,1,66.91,66.91,3.33,1,4693710c33355f3d81651dd340044af4aba9e3d484899249a2b4d3f25a1e57db
hec-s-92,official,2,TBR,200,1,18,18,0,1,273,-5369,68700,-0.0781513828238719,23.47325540205455,1,0,0,0,0,1,69.98,69.98,3.41,1,4693710c33355f3d81651dd340044af4aba9e3d484899249a2b4d3f25a1e57db
hec-s-92,official,2,TBR_NOPROX,200,1,18,18,0,1,273,-4495,68700,-0.06542940320232897,23.783917817924195,1,0,0,0,0,1,37.78,37.78,3.42,1,a10e17bebc7a0b6a58e22094225d534c5b17675b1782ec2a4d78e2976c65dd56
hec-s-92,official,2,SINGLE,200,1,18,18,0,1,273,-5369,68700,-0.0781513828238719,23.47325540205455,1,0,0,0,0,1,68.93,68.93,3.41,1,4693710c33355f3d81651dd340044af4aba9e3d484899249a2b4d3f25a1e57db
hec-s-92,official,2,RECOMPUTE,200,1,18,19,1,13,603,-943,68700,-0.013726346433770015,25.057739992915337,0,0,0,0,1,13,1264.01,1264.01,2.49,1,deff4ec6f2c1eeef66c7e957cec44f8d2e13346dc7383cfbbc7be69ae75547ce
hec-s-92,official,2,TBR_B2,200,1,18,18,0,1,273,-5369,68700,-0.0781513828238719,23.47325540205455,1,0,0,0,0,1,68.69,68.69,3.5,1,4693710c33355f3d81651dd340044af4aba9e3d484899249a2b4d3f25a1e57db
hec-s-92,tight,3,TBR_B16,200,3,18,19,1,5,466,-3126,77658,-0.04025341883643668,27.392844491675522,0,2,0,1,0,2,185.2,1426.53,3.88,1,b7862a674e65b3c5babda83da107a52f72ef53ac73ade46cc5d1882b553e46e4
hec-s-92,tight,3,TBR_NOPROX,200,3,18,19,1,5,466,-2727,77658,-0.03511550645136367,27.539142755933405,0,2,0,1,0,2,108.95,953.2,3.47,1,d4798207eba2f1e1f191200fe8acfb010df32f1d6ec18beb09181c0904d24d30
hec-s-92,tight,3,TBR_B4,200,3,18,19,1,5,466,-3126,77658,-0.04025341883643668,27.392844491675522,0,2,0,1,0,2,189.0,546.83,3.52,1,b7862a674e65b3c5babda83da107a52f72ef53ac73ade46cc5d1882b553e46e4
hec-s-92,tight,3,ONE_BLOCKER,200,3,18,19,1,5,466,-3126,77658,-0.04025341883643668,27.392844491675522,0,2,0,1,0,2,185.32,255.59,3.51,1,b7862a674e65b3c5babda83da107a52f72ef53ac73ade46cc5d1882b553e46e4
hec-s-92,tight,3,TBR_NOT2,200,3,18,19,1,5,383,-3154,77658,-0.040613974091529524,27.374778604321644,1,0,1,1,0,3,687.79,826.35,3.51,1,c4d6d57447a91b93147f9fd954581640a1bf16cbd668ae848eafd55236a4b6ae
hec-s-92,tight,3,TBR_B32,200,3,18,19,1,5,466,-3126,77658,-0.04025341883643668,27.392844491675522,0,2,0,1,0,2,184.07,1596.45,3.67,1,b7862a674e65b3c5babda83da107a52f72ef53ac73ade46cc5d1882b553e46e4
hec-s-92,tight,3,SINGLE,200,3,18,20,2,3,271,-3627,77658,-0.04670478250791934,27.20722635494155,1,0,0,2,0,1,79.29,157.32,3.44,1,e4dfbcc822c6c4e637c66c4950c8caa0fde6f19381e8b0484a8624c2edc97777
hec-s-92,tight,3,TBR_B2,200,3,18,19,1,5,466,-3126,77658,-0.04025341883643668,27.392844491675522,0,2,0,1,0,2,184.62,270.86,3.68,1,b7862a674e65b3c5babda83da107a52f72ef53ac73ade46cc5d1882b553e46e4
hec-s-92,tight,3,TBR,200,3,18,19,1,5,466,-3126,77658,-0.04025341883643668,27.392844491675522,0,2,0,1,0,2,182.36,1031.3,3.49,1,b7862a674e65b3c5babda83da107a52f72ef53ac73ade46cc5d1882b553e46e4
hec-s-92,tight,3,RECOMPUTE,200,3,18,19,1,56,6965,-20376,77658,-0.2623812099204203,21.154799858306767,0,0,0,0,3,27,1170.22,1182.8,2.51,1,4c36c281cd5d9b8f776b31f22eca2be480a8d43110d80e1124ec728b94272b73
hec-s-92,official,3,TBR_B16,200,3,18,19,1,5,466,-3126,77658,-0.04025341883643668,27.392844491675522,0,2,0,1,0,2,193.01,1462.8,3.54,1,b7862a674e65b3c5babda83da107a52f72ef53ac73ade46cc5d1882b553e46e4
hec-s-92,official,3,TBR_NOPROX,200,3,18,19,1,5,466,-2727,77658,-0.03511550645136367,27.539142755933405,0,2,0,1,0,2,93.1,807.7,3.51,1,d4798207eba2f1e1f191200fe8acfb010df32f1d6ec18beb09181c0904d24d30
hec-s-92,official,3,TBR_B4,200,3,18,19,1,5,466,-3126,77658,-0.04025341883643668,27.392844491675522,0,2,0,1,0,2,180.66,427.29,3.62,1,b7862a674e65b3c5babda83da107a52f72ef53ac73ade46cc5d1882b553e46e4
hec-s-92,official,3,ONE_BLOCKER,200,3,18,19,1,5,466,-3126,77658,-0.04025341883643668,27.392844491675522,0,2,0,1,0,2,223.96,258.11,3.42,1,b7862a674e65b3c5babda83da107a52f72ef53ac73ade46cc5d1882b553e46e4
hec-s-92,official,3,TBR_NOT2,200,3,18,19,1,5,383,-3154,77658,-0.040613974091529524,27.374778604321644,1,0,1,1,0,3,798.13,813.5,3.41,1,c4d6d57447a91b93147f9fd954581640a1bf16cbd668ae848eafd55236a4b6ae
hec-s-92,official,3,TBR_B32,200,3,18,19,1,5,466,-3126,77658,-0.04025341883643668,27.392844491675522,0,2,0,1,0,2,181.87,1521.07,3.62,1,b7862a674e65b3c5babda83da107a52f72ef53ac73ade46cc5d1882b553e46e4
hec-s-92,official,3,SINGLE,200,3,18,20,2,3,271,-3627,77658,-0.04670478250791934,27.20722635494155,1,0,0,2,0,1,79.45,130.66,3.4,1,e4dfbcc822c6c4e637c66c4950c8caa0fde6f19381e8b0484a8624c2edc97777
hec-s-92,official,3,TBR_B2,200,3,18,19,1,5,466,-3126,77658,-0.04025341883643668,27.392844491675522,0,2,0,1,0,2,184.32,239.88,3.74,1,b7862a674e65b3c5babda83da107a52f72ef53ac73ade46cc5d1882b553e46e4
hec-s-92,official,3,TBR,200,3,18,19,1,5,466,-3126,77658,-0.04025341883643668,27.392844491675522,0,2,0,1,0,2,182.71,1016.29,3.44,1,b7862a674e65b3c5babda83da107a52f72ef53ac73ade46cc5d1882b553e46e4
hec-s-92,official,3,RECOMPUTE,200,3,18,19,1,56,6965,-20376,77658,-0.2623812099204203,21.154799858306767,0,0,0,0,3,27,1045.64,1311.01,2.59,1,4c36c281cd5d9b8f776b31f22eca2be480a8d43110d80e1124ec728b94272b73
hec-s-92,tight,4,TBR,200,3,19,19,0,4,288,-2072,61487,-0.03369818010311123,21.89302160821821,2,1,0,0,0,2,110.34,177.21,3.55,1,05fb92072d9d2bb93351921761d0a03228712f3b1020277a0bc97ce283ff00d8
hec-s-92,tight,4,TBR_B16,200,3,19,19,0,4,288,-2072,61487,-0.03369818010311123,21.89302160821821,2,1,0,0,0,2,117.72,170.48,3.69,1,05fb92072d9d2bb93351921761d0a03228712f3b1020277a0bc97ce283ff00d8
hec-s-92,tight,4,RECOMPUTE,200,4,19,19,0,33,3378,1689,61487,0.027469221136175125,23.250088558271344,0,0,0,0,4,16,979.47,1065.1,2.58,1,793eebe731a03c7e99404944bf1486a5c4b540461e451be4941f6cc9ec79e308
hec-s-92,tight,4,ONE_BLOCKER,200,3,19,19,0,4,288,-2072,61487,-0.03369818010311123,21.89302160821821,2,1,0,0,0,2,121.58,186.51,3.59,1,05fb92072d9d2bb93351921761d0a03228712f3b1020277a0bc97ce283ff00d8
hec-s-92,tight,4,TBR_NOPROX,200,3,19,19,0,4,268,-1603,61487,-0.02607055149869078,22.048529932695715,2,1,0,0,0,2,36.53,66.92,3.56,1,108fad447d1cc9c25459850c4883e5ee984593a910cec491eab8b15fdabb9fab
hec-s-92,tight,4,TBR_NOT2,200,3,19,20,1,3,224,-2016,61487,-0.03278741847870281,21.911441728657458,2,0,0,1,0,1,123.99,1194.62,3.45,1,8023c6807f7a445cd50154673b5f08cc855c408311520b0843d412bc984c0ebe
hec-s-92,tight,4,TBR_B2,200,3,19,19,0,4,288,-2072,61487,-0.03369818010311123,21.89302160821821,2,1,0,0,0,2,116.52,164.51,3.61,1,05fb92072d9d2bb93351921761d0a03228712f3b1020277a0bc97ce283ff00d8
hec-s-92,tight,4,SINGLE,200,3,19,20,1,3,224,-2016,61487,-0.03278741847870281,21.911441728657458,2,0,0,1,0,1,74.39,101.9,3.42,1,8023c6807f7a445cd50154673b5f08cc855c408311520b0843d412bc984c0ebe
hec-s-92,tight,4,TBR_B4,200,3,19,19,0,4,288,-2072,61487,-0.03369818010311123,21.89302160821821,2,1,0,0,0,2,116.09,181.18,3.81,1,05fb92072d9d2bb93351921761d0a03228712f3b1020277a0bc97ce283ff00d8
hec-s-92,tight,4,TBR_B32,200,3,19,19,0,4,288,-2072,61487,-0.03369818010311123,21.89302160821821,2,1,0,0,0,2,109.87,167.37,3.58,1,05fb92072d9d2bb93351921761d0a03228712f3b1020277a0bc97ce283ff00d8
hec-s-92,official,4,TBR,200,3,19,19,0,4,288,-2072,61487,-0.03369818010311123,21.89302160821821,2,1,0,0,0,2,113.1,196.87,3.63,1,05fb92072d9d2bb93351921761d0a03228712f3b1020277a0bc97ce283ff00d8
hec-s-92,official,4,TBR_B16,200,3,19,19,0,4,288,-2072,61487,-0.03369818010311123,21.89302160821821,2,1,0,0,0,2,111.66,213.88,3.66,1,05fb92072d9d2bb93351921761d0a03228712f3b1020277a0bc97ce283ff00d8
hec-s-92,official,4,RECOMPUTE,200,4,19,19,0,33,3378,1689,61487,0.027469221136175125,23.250088558271344,0,0,0,0,4,16,1009.95,1197.81,2.69,1,793eebe731a03c7e99404944bf1486a5c4b540461e451be4941f6cc9ec79e308
hec-s-92,official,4,ONE_BLOCKER,200,3,19,19,0,4,288,-2072,61487,-0.03369818010311123,21.89302160821821,2,1,0,0,0,2,114.6,166.27,3.57,1,05fb92072d9d2bb93351921761d0a03228712f3b1020277a0bc97ce283ff00d8
hec-s-92,official,4,TBR_NOPROX,200,3,19,19,0,4,268,-1603,61487,-0.02607055149869078,22.048529932695715,2,1,0,0,0,2,38.75,68.93,3.43,1,108fad447d1cc9c25459850c4883e5ee984593a910cec491eab8b15fdabb9fab
hec-s-92,official,4,TBR_NOT2,200,3,19,20,1,3,224,-2016,61487,-0.03278741847870281,21.911441728657458,2,0,0,1,0,1,125.62,1100.66,3.45,1,8023c6807f7a445cd50154673b5f08cc855c408311520b0843d412bc984c0ebe
hec-s-92,official,4,TBR_B2,200,3,19,19,0,4,288,-2072,61487,-0.03369818010311123,21.89302160821821,2,1,0,0,0,2,113.59,188.56,3.62,1,05fb92072d9d2bb93351921761d0a03228712f3b1020277a0bc97ce283ff00d8
hec-s-92,official,4,SINGLE,200,3,19,20,1,3,224,-2016,61487,-0.03278741847870281,21.911441728657458,2,0,0,1,0,1,71.11,107.23,3.42,1,8023c6807f7a445cd50154673b5f08cc855c408311520b0843d412bc984c0ebe
hec-s-92,official,4,TBR_B4,200,3,19,19,0,4,288,-2072,61487,-0.03369818010311123,21.89302160821821,2,1,0,0,0,2,103.86,170.41,3.62,1,05fb92072d9d2bb93351921761d0a03228712f3b1020277a0bc97ce283ff00d8
hec-s-92,official,4,TBR_B32,200,3,19,19,0,4,288,-2072,61487,-0.03369818010311123,21.89302160821821,2,1,0,0,0,2,112.67,186.35,3.64,1,05fb92072d9d2bb93351921761d0a03228712f3b1020277a0bc97ce283ff00d8
hec-s-92,tight,5,TBR_NOPROX,200,5,19,19,0,6,734,-6088,67302,-0.09045793587114796,22.583067658519305,4,1,0,0,0,2,31.03,75.99,3.61,1,8d5252032f300f7ff860eab5d48d0d78f2d8a2b9ef7d894ce641ff004c9e426f
hec-s-92,tight,5,TBR_NOT2,200,5,19,20,1,5,559,-6972,67302,-0.1035927609877864,22.24725469358838,4,0,0,1,0,1,83.52,915.47,3.67,1,3144a50a9e57f0f6190ae71997ed54c1346d39e38705fc6599f17c3609aca9dd
hec-s-92,tight,5,TBR_B32,200,5,19,19,0,7,790,-7363,67302,-0.10940239517399186,22.122918880623452,3,2,0,0,0,2,154.41,203.35,3.76,1,879fd8279c194875ff883c04b4494099b424442161e6c59c96eaa5413b363284
hec-s-92,tight,5,TBR,200,5,19,19,0,7,790,-7363,67302,-0.10940239517399186,22.122918880623452,3,2,0,0,0,2,90.41,188.09,3.6,1,879fd8279c194875ff883c04b4494099b424442161e6c59c96eaa5413b363284
hec-s-92,tight,5,TBR_B2,200,5,19,19,0,7,790,-7363,67302,-0.10940239517399186,22.122918880623452,3,2,0,0,0,2,173.7,203.73,3.73,1,879fd8279c194875ff883c04b4494099b424442161e6c59c96eaa5413b363284
hec-s-92,tight,5,RECOMPUTE,200,3,19,19,0,14,696,-350,67302,-0.005200439808623815,24.67020899752037,0,0,0,0,3,7,1108.25,1156.22,2.75,1,0008df7d180f7a3faf47dd5ef5fb99535569128d3a5546a3dc9013d4fb35834b
hec-s-92,tight,5,ONE_BLOCKER,200,5,19,19,0,7,790,-7363,67302,-0.10940239517399186,22.122918880623452,3,2,0,0,0,2,107.42,212.57,3.63,1,879fd8279c194875ff883c04b4494099b424442161e6c59c96eaa5413b363284
hec-s-92,tight,5,SINGLE,200,5,19,20,1,5,559,-6972,67302,-0.1035927609877864,22.24725469358838,4,0,0,1,0,1,78.12,86.39,3.54,1,3144a50a9e57f0f6190ae71997ed54c1346d39e38705fc6599f17c3609aca9dd
hec-s-92,tight,5,TBR_B4,200,5,19,19,0,7,790,-7363,67302,-0.10940239517399186,22.122918880623452,3,2,0,0,0,2,131.13,237.29,4.39,1,879fd8279c194875ff883c04b4494099b424442161e6c59c96eaa5413b363284
hec-s-92,tight,5,TBR_B16,200,5,19,19,0,7,790,-7363,67302,-0.10940239517399186,22.122918880623452,3,2,0,0,0,2,90.28,237.71,3.73,1,879fd8279c194875ff883c04b4494099b424442161e6c59c96eaa5413b363284
hec-s-92,official,5,TBR_NOPROX,200,5,19,19,0,6,734,-6088,67302,-0.09045793587114796,22.583067658519305,4,1,0,0,0,2,35.03,86.54,3.76,1,8d5252032f300f7ff860eab5d48d0d78f2d8a2b9ef7d894ce641ff004c9e426f
hec-s-92,official,5,TBR_NOT2,200,5,19,20,1,5,559,-6972,67302,-0.1035927609877864,22.24725469358838,4,0,0,1,0,1,96.04,911.91,3.65,1,3144a50a9e57f0f6190ae71997ed54c1346d39e38705fc6599f17c3609aca9dd
hec-s-92,official,5,TBR_B32,200,5,19,19,0,7,790,-7363,67302,-0.10940239517399186,22.122918880623452,3,2,0,0,0,2,121.57,196.93,3.73,1,879fd8279c194875ff883c04b4494099b424442161e6c59c96eaa5413b363284
hec-s-92,official,5,TBR,200,5,19,19,0,7,790,-7363,67302,-0.10940239517399186,22.122918880623452,3,2,0,0,0,2,91.93,187.01,3.58,1,879fd8279c194875ff883c04b4494099b424442161e6c59c96eaa5413b363284
hec-s-92,official,5,TBR_B2,200,5,19,19,0,7,790,-7363,67302,-0.10940239517399186,22.122918880623452,3,2,0,0,0,2,95.41,187.49,4.0,1,879fd8279c194875ff883c04b4494099b424442161e6c59c96eaa5413b363284
hec-s-92,official,5,RECOMPUTE,200,3,19,19,0,14,696,-350,67302,-0.005200439808623815,24.67020899752037,0,0,0,0,3,7,983.55,1420.71,2.58,1,0008df7d180f7a3faf47dd5ef5fb99535569128d3a5546a3dc9013d4fb35834b
hec-s-92,official,5,ONE_BLOCKER,200,5,19,19,0,7,790,-7363,67302,-0.10940239517399186,22.122918880623452,3,2,0,0,0,2,100.6,202.41,3.52,1,879fd8279c194875ff883c04b4494099b424442161e6c59c96eaa5413b363284
hec-s-92,official,5,SINGLE,200,5,19,20,1,5,559,-6972,67302,-0.1035927609877864,22.24725469358838,4,0,0,1,0,1,75.85,87.6,3.54,1,3144a50a9e57f0f6190ae71997ed54c1346d39e38705fc6599f17c3609aca9dd
hec-s-92,official,5,TBR_B4,200,5,19,19,0,7,790,-7363,67302,-0.10940239517399186,22.122918880623452,3,2,0,0,0,2,91.47,240.73,3.92,1,879fd8279c194875ff883c04b4494099b424442161e6c59c96eaa5413b363284
hec-s-92,official,5,TBR_B16,200,5,19,19,0,7,790,-7363,67302,-0.10940239517399186,22.122918880623452,3,2,0,0,0,2,96.19,234.98,3.86,1,879fd8279c194875ff883c04b4494099b424442161e6c59c96eaa5413b363284
hec-s-92,tight,6,TBR_B32,200,1,19,19,0,1,58,-585,76235,-0.007673640716206467,27.89762663832802,1,0,0,0,0,1,58.19,58.19,3.73,1,7846d4481c6f7772aa672d7b4b630b1ca24df02c196aad2abcd1a6e19305c0ef
hec-s-92,tight,6,TBR_B4,200,1,19,19,0,1,58,-585,76235,-0.007673640716206467,27.89762663832802,1,0,0,0,0,1,84.6,84.6,3.6,1,7846d4481c6f7772aa672d7b4b630b1ca24df02c196aad2abcd1a6e19305c0ef
hec-s-92,tight,6,TBR_B16,200,1,19,19,0,1,58,-585,76235,-0.007673640716206467,27.89762663832802,1,0,0,0,0,1,57.3,57.3,3.56,1,7846d4481c6f7772aa672d7b4b630b1ca24df02c196aad2abcd1a6e19305c0ef
hec-s-92,tight,6,SINGLE,200,1,19,19,0,1,58,-585,76235,-0.007673640716206467,27.89762663832802,1,0,0,0,0,1,60.63,60.63,3.5,1,7846d4481c6f7772aa672d7b4b630b1ca24df02c196aad2abcd1a6e19305c0ef
hec-s-92,tight,6,TBR_B2,200,1,19,19,0,1,58,-585,76235,-0.007673640716206467,27.89762663832802,1,0,0,0,0,1,59.22,59.22,3.7,1,7846d4481c6f7772aa672d7b4b630b1ca24df02c196aad2abcd1a6e19305c0ef
hec-s-92,tight,6,TBR_NOPROX,200,1,19,19,0,1,58,-384,76235,-0.00503705647012527,27.968827488487424,1,0,0,0,0,1,37.62,37.62,3.55,1,5ea23f9c652b1b59c2af9f32608b12189e304025ccdb35720b88a1eaae380c8e
hec-s-92,tight,6,TBR_NOT2,200,1,19,19,0,1,58,-585,76235,-0.007673640716206467,27.89762663832802,1,0,0,0,0,1,56.79,56.79,3.4,1,7846d4481c6f7772aa672d7b4b630b1ca24df02c196aad2abcd1a6e19305c0ef
hec-s-92,tight,6,ONE_BLOCKER,200,1,19,19,0,1,58,-585,76235,-0.007673640716206467,27.89762663832802,1,0,0,0,0,1,60.86,60.86,3.51,1,7846d4481c6f7772aa672d7b4b630b1ca24df02c196aad2abcd1a6e19305c0ef
hec-s-92,tight,6,TBR,200,1,19,19,0,1,58,-585,76235,-0.007673640716206467,27.89762663832802,1,0,0,0,0,1,56.29,56.29,3.55,1,7846d4481c6f7772aa672d7b4b630b1ca24df02c196aad2abcd1a6e19305c0ef
hec-s-92,tight,6,RECOMPUTE,200,1,19,19,0,12,1958,-8441,76235,-0.11072342100085263,25.088558271342542,0,0,0,0,1,12,1261.37,1261.37,2.46,1,21b40f45f11f679311b0ee60d3a27256748c0a42954c762298e32e35a61dd090
hec-s-92,official,6,TBR_B32,200,1,19,19,0,1,58,-585,76235,-0.007673640716206467,27.89762663832802,1,0,0,0,0,1,58.62,58.62,3.76,1,7846d4481c6f7772aa672d7b4b630b1ca24df02c196aad2abcd1a6e19305c0ef
hec-s-92,official,6,TBR_B4,200,1,19,19,0,1,58,-585,76235,-0.007673640716206467,27.89762663832802,1,0,0,0,0,1,57.62,57.62,3.62,1,7846d4481c6f7772aa672d7b4b630b1ca24df02c196aad2abcd1a6e19305c0ef
hec-s-92,official,6,TBR_B16,200,1,19,19,0,1,58,-585,76235,-0.007673640716206467,27.89762663832802,1,0,0,0,0,1,62.83,62.83,3.65,1,7846d4481c6f7772aa672d7b4b630b1ca24df02c196aad2abcd1a6e19305c0ef
hec-s-92,official,6,SINGLE,200,1,19,19,0,1,58,-585,76235,-0.007673640716206467,27.89762663832802,1,0,0,0,0,1,58.33,58.33,3.5,1,7846d4481c6f7772aa672d7b4b630b1ca24df02c196aad2abcd1a6e19305c0ef
hec-s-92,official,6,TBR_B2,200,1,19,19,0,1,58,-585,76235,-0.007673640716206467,27.89762663832802,1,0,0,0,0,1,57.83,57.83,3.62,1,7846d4481c6f7772aa672d7b4b630b1ca24df02c196aad2abcd1a6e19305c0ef
hec-s-92,official,6,TBR_NOPROX,200,1,19,19,0,1,58,-384,76235,-0.00503705647012527,27.968827488487424,1,0,0,0,0,1,36.84,36.84,3.46,1,5ea23f9c652b1b59c2af9f32608b12189e304025ccdb35720b88a1eaae380c8e
hec-s-92,official,6,TBR_NOT2,200,1,19,19,0,1,58,-585,76235,-0.007673640716206467,27.89762663832802,1,0,0,0,0,1,74.65,74.65,3.34,1,7846d4481c6f7772aa672d7b4b630b1ca24df02c196aad2abcd1a6e19305c0ef
hec-s-92,official,6,ONE_BLOCKER,200,1,19,19,0,1,58,-585,76235,-0.007673640716206467,27.89762663832802,1,0,0,0,0,1,63.69,63.69,3.55,1,7846d4481c6f7772aa672d7b4b630b1ca24df02c196aad2abcd1a6e19305c0ef
hec-s-92,official,6,TBR,200,1,19,19,0,1,58,-585,76235,-0.007673640716206467,27.89762663832802,1,0,0,0,0,1,57.21,57.21,3.41,1,7846d4481c6f7772aa672d7b4b630b1ca24df02c196aad2abcd1a6e19305c0ef
hec-s-92,official,6,RECOMPUTE,200,1,19,19,0,12,1958,-8441,76235,-0.11072342100085263,25.088558271342542,0,0,0,0,1,12,1245.05,1245.05,2.42,1,21b40f45f11f679311b0ee60d3a27256748c0a42954c762298e32e35a61dd090
hec-s-92,tight,7,TBR,200,2,20,20,0,2,327,-5200,82204,-0.06325726242032018,28.404888416578107,2,0,0,0,0,1,111.5,123.17,3.66,1,758e3754c98b702bb454831017c867de6a9a913183402788048aecf1d53ff476
hec-s-92,tight,7,TBR_B2,200,2,20,20,0,2,327,-5200,82204,-0.06325726242032018,28.404888416578107,2,0,0,0,0,1,112.79,142.96,3.89,1,758e3754c98b702bb454831017c867de6a9a913183402788048aecf1d53ff476
hec-s-92,tight,7,TBR_NOT2,200,2,20,20,0,2,327,-5200,82204,-0.06325726242032018,28.404888416578107,2,0,0,0,0,1,122.42,128.33,3.49,1,758e3754c98b702bb454831017c867de6a9a913183402788048aecf1d53ff476
hec-s-92,tight,7,RECOMPUTE,200,2,20,20,0,40,4662,-24900,82204,-0.3029049681280716,21.42933049946865,0,0,0,0,2,36,1182.74,1198.01,2.44,1,01fbfc6b1ad65c83375574605c18947d3698a11ae60362b6a19428e39455516e
hec-s-92,tight,7,TBR_B4,200,2,20,20,0,2,327,-5200,82204,-0.06325726242032018,28.404888416578107,2,0,0,0,0,1,102.59,120.29,3.88,1,758e3754c98b702bb454831017c867de6a9a913183402788048aecf1d53ff476
hec-s-92,tight,7,SINGLE,200,2,20,20,0,2,327,-5200,82204,-0.06325726242032018,28.404888416578107,2,0,0,0,0,1,106.91,125.39,3.46,1,758e3754c98b702bb454831017c867de6a9a913183402788048aecf1d53ff476
hec-s-92,tight,7,TBR_B16,200,2,20,20,0,2,327,-5200,82204,-0.06325726242032018,28.404888416578107,2,0,0,0,0,1,103.52,123.89,3.66,1,758e3754c98b702bb454831017c867de6a9a913183402788048aecf1d53ff476
hec-s-92,tight,7,ONE_BLOCKER,200,2,20,20,0,2,327,-5200,82204,-0.06325726242032018,28.404888416578107,2,0,0,0,0,1,105.91,125.96,3.84,1,758e3754c98b702bb454831017c867de6a9a913183402788048aecf1d53ff476
hec-s-92,tight,7,TBR_B32,200,2,20,20,0,2,327,-5200,82204,-0.06325726242032018,28.404888416578107,2,0,0,0,0,1,117.25,142.18,4.07,1,758e3754c98b702bb454831017c867de6a9a913183402788048aecf1d53ff476
hec-s-92,tight,7,TBR_NOPROX,200,2,20,20,0,2,327,-4857,82204,-0.0590847160722106,28.526390364860077,2,0,0,0,0,1,39.75,40.27,3.87,1,3ae5ef301b5a7e1a240630724c76d3ceeffe43a6ac92c96a223a71d8fb217ce7
hec-s-92,official,7,TBR,200,2,20,20,0,2,327,-5200,82204,-0.06325726242032018,28.404888416578107,2,0,0,0,0,1,118.41,129.95,3.5,1,758e3754c98b702bb454831017c867de6a9a913183402788048aecf1d53ff476
hec-s-92,official,7,TBR_B2,200,2,20,20,0,2,327,-5200,82204,-0.06325726242032018,28.404888416578107,2,0,0,0,0,1,109.09,117.33,3.71,1,758e3754c98b702bb454831017c867de6a9a913183402788048aecf1d53ff476
hec-s-92,official,7,TBR_NOT2,200,2,20,20,0,2,327,-5200,82204,-0.06325726242032018,28.404888416578107,2,0,0,0,0,1,103.15,127.06,3.5,1,758e3754c98b702bb454831017c867de6a9a913183402788048aecf1d53ff476
hec-s-92,official,7,RECOMPUTE,200,2,20,20,0,40,4662,-24900,82204,-0.3029049681280716,21.42933049946865,0,0,0,0,2,36,1211.19,1229.06,2.6,1,01fbfc6b1ad65c83375574605c18947d3698a11ae60362b6a19428e39455516e
hec-s-92,official,7,TBR_B4,200,2,20,20,0,2,327,-5200,82204,-0.06325726242032018,28.404888416578107,2,0,0,0,0,1,100.42,122.04,3.61,1,758e3754c98b702bb454831017c867de6a9a913183402788048aecf1d53ff476
hec-s-92,official,7,SINGLE,200,2,20,20,0,2,327,-5200,82204,-0.06325726242032018,28.404888416578107,2,0,0,0,0,1,102.25,122.22,3.42,1,758e3754c98b702bb454831017c867de6a9a913183402788048aecf1d53ff476
hec-s-92,official,7,TBR_B16,200,2,20,20,0,2,327,-5200,82204,-0.06325726242032018,28.404888416578107,2,0,0,0,0,1,111.61,125.53,3.61,1,758e3754c98b702bb454831017c867de6a9a913183402788048aecf1d53ff476
hec-s-92,official,7,ONE_BLOCKER,200,2,20,20,0,2,327,-5200,82204,-0.06325726242032018,28.404888416578107,2,0,0,0,0,1,111.79,142.63,3.41,1,758e3754c98b702bb454831017c867de6a9a913183402788048aecf1d53ff476
hec-s-92,official,7,TBR_B32,200,2,20,20,0,2,327,-5200,82204,-0.06325726242032018,28.404888416578107,2,0,0,0,0,1,106.67,134.01,3.58,1,758e3754c98b702bb454831017c867de6a9a913183402788048aecf1d53ff476
hec-s-92,official,7,TBR_NOPROX,200,2,20,20,0,2,327,-4857,82204,-0.0590847160722106,28.526390364860077,2,0,0,0,0,1,41.5,43.36,3.6,1,3ae5ef301b5a7e1a240630724c76d3ceeffe43a6ac92c96a223a71d8fb217ce7
hec-s-92,tight,8,SINGLE,200,0,19,19,0,0,0,0,65553,0.0,24.16188452001417,0,0,0,0,0,0,,,3.59,1,de180f360c749f8829ea154d7cdec2b1921cd1007a75e8fd86844fdf2e32b58b
hec-s-92,tight,8,RECOMPUTE,200,0,19,19,0,0,0,0,65553,0.0,24.16188452001417,0,0,0,0,0,0,,,3.52,1,de180f360c749f8829ea154d7cdec2b1921cd1007a75e8fd86844fdf2e32b58b
hec-s-92,tight,8,TBR_NOPROX,200,0,19,19,0,0,0,0,65553,0.0,24.16188452001417,0,0,0,0,0,0,,,3.53,1,de180f360c749f8829ea154d7cdec2b1921cd1007a75e8fd86844fdf2e32b58b
hec-s-92,tight,8,TBR,200,0,19,19,0,0,0,0,65553,0.0,24.16188452001417,0,0,0,0,0,0,,,3.71,1,de180f360c749f8829ea154d7cdec2b1921cd1007a75e8fd86844fdf2e32b58b
hec-s-92,tight,8,TBR_NOT2,200,0,19,19,0,0,0,0,65553,0.0,24.16188452001417,0,0,0,0,0,0,,,3.4,1,de180f360c749f8829ea154d7cdec2b1921cd1007a75e8fd86844fdf2e32b58b
hec-s-92,tight,8,TBR_B2,200,0,19,19,0,0,0,0,65553,0.0,24.16188452001417,0,0,0,0,0,0,,,3.7,1,de180f360c749f8829ea154d7cdec2b1921cd1007a75e8fd86844fdf2e32b58b
hec-s-92,tight,8,TBR_B32,200,0,19,19,0,0,0,0,65553,0.0,24.16188452001417,0,0,0,0,0,0,,,3.77,1,de180f360c749f8829ea154d7cdec2b1921cd1007a75e8fd86844fdf2e32b58b
hec-s-92,tight,8,TBR_B16,200,0,19,19,0,0,0,0,65553,0.0,24.16188452001417,0,0,0,0,0,0,,,3.68,1,de180f360c749f8829ea154d7cdec2b1921cd1007a75e8fd86844fdf2e32b58b
hec-s-92,tight,8,TBR_B4,200,0,19,19,0,0,0,0,65553,0.0,24.16188452001417,0,0,0,0,0,0,,,3.67,1,de180f360c749f8829ea154d7cdec2b1921cd1007a75e8fd86844fdf2e32b58b
hec-s-92,tight,8,ONE_BLOCKER,200,0,19,19,0,0,0,0,65553,0.0,24.16188452001417,0,0,0,0,0,0,,,3.38,1,de180f360c749f8829ea154d7cdec2b1921cd1007a75e8fd86844fdf2e32b58b
hec-s-92,official,8,SINGLE,200,0,19,19,0,0,0,0,65553,0.0,24.16188452001417,0,0,0,0,0,0,,,3.54,1,de180f360c749f8829ea154d7cdec2b1921cd1007a75e8fd86844fdf2e32b58b
hec-s-92,official,8,RECOMPUTE,200,0,19,19,0,0,0,0,65553,0.0,24.16188452001417,0,0,0,0,0,0,,,2.58,1,de180f360c749f8829ea154d7cdec2b1921cd1007a75e8fd86844fdf2e32b58b
hec-s-92,official,8,TBR_NOPROX,200,0,19,19,0,0,0,0,65553,0.0,24.16188452001417,0,0,0,0,0,0,,,5.08,1,de180f360c749f8829ea154d7cdec2b1921cd1007a75e8fd86844fdf2e32b58b
hec-s-92,official,8,TBR,200,0,19,19,0,0,0,0,65553,0.0,24.16188452001417,0,0,0,0,0,0,,,3.6,1,de180f360c749f8829ea154d7cdec2b1921cd1007a75e8fd86844fdf2e32b58b
hec-s-92,official,8,TBR_NOT2,200,0,19,19,0,0,0,0,65553,0.0,24.16188452001417,0,0,0,0,0,0,,,3.42,1,de180f360c749f8829ea154d7cdec2b1921cd1007a75e8fd86844fdf2e32b58b
hec-s-92,official,8,TBR_B2,200,0,19,19,0,0,0,0,65553,0.0,24.16188452001417,0,0,0,0,0,0,,,4.15,1,de180f360c749f8829ea154d7cdec2b1921cd1007a75e8fd86844fdf2e32b58b
hec-s-92,official,8,TBR_B32,200,0,19,19,0,0,0,0,65553,0.0,24.16188452001417,0,0,0,0,0,0,,,3.65,1,de180f360c749f8829ea154d7cdec2b1921cd1007a75e8fd86844fdf2e32b58b
hec-s-92,official,8,TBR_B16,200,0,19,19,0,0,0,0,65553,0.0,24.16188452001417,0,0,0,0,0,0,,,3.59,1,de180f360c749f8829ea154d7cdec2b1921cd1007a75e8fd86844fdf2e32b58b
hec-s-92,official,8,TBR_B4,200,0,19,19,0,0,0,0,65553,0.0,24.16188452001417,0,0,0,0,0,0,,,3.64,1,de180f360c749f8829ea154d7cdec2b1921cd1007a75e8fd86844fdf2e32b58b
hec-s-92,official,8,ONE_BLOCKER,200,0,19,19,0,0,0,0,65553,0.0,24.16188452001417,0,0,0,0,0,0,,,3.44,1,de180f360c749f8829ea154d7cdec2b1921cd1007a75e8fd86844fdf2e32b58b
hec-s-92,tight,9,TBR_B4,200,7,19,19,0,9,1019,-10164,65971,-0.15406769641205983,20.645412681544457,5,2,0,0,0,2,90.34,288.65,3.81,1,6d4eae03136128ca33ee4607e3e6ebf7d77097ef5b3d217d90837424dfac91b5
hec-s-92,tight,9,ONE_BLOCKER,200,7,19,19,0,9,1019,-10164,65971,-0.15406769641205983,20.645412681544457,5,2,0,0,0,2,101.95,252.12,3.62,1,6d4eae03136128ca33ee4607e3e6ebf7d77097ef5b3d217d90837424dfac91b5
hec-s-92,tight,9,SINGLE,200,7,19,20,1,7,629,-8092,65971,-0.12265995664761789,21.36911087495572,6,0,0,1,0,1,91.8,118.39,3.49,1,256c19243d0ceafa7d3773035a6f2e39d3dceb3c02bfa175f415d7e8e8bd0ca8
hec-s-92,tight,9,TBR_NOPROX,200,7,19,19,0,10,1136,-3396,65971,-0.05147716420851586,23.091746369110876,4,3,0,0,0,2,45.18,112.79,3.66,1,a5c066807e16ae5a71aa5dafc0f4bf56f0ce932119022cb9793c25392964fb6b
hec-s-92,tight,9,TBR_B16,200,7,19,19,0,9,1019,-10164,65971,-0.15406769641205983,20.645412681544457,5,2,0,0,0,2,96.6,240.56,3.83,1,6d4eae03136128ca33ee4607e3e6ebf7d77097ef5b3d217d90837424dfac91b5
hec-s-92,tight,9,TBR_B2,200,7,19,19,0,9,1019,-10164,65971,-0.15406769641205983,20.645412681544457,5,2,0,0,0,2,96.4,276.8,4.11,1,6d4eae03136128ca33ee4607e3e6ebf7d77097ef5b3d217d90837424dfac91b5
hec-s-92,tight,9,TBR,200,7,19,19,0,9,1019,-10164,65971,-0.15406769641205983,20.645412681544457,5,2,0,0,0,2,116.04,281.99,5.13,1,6d4eae03136128ca33ee4607e3e6ebf7d77097ef5b3d217d90837424dfac91b5
hec-s-92,tight,9,TBR_B32,200,7,19,19,0,9,1019,-10164,65971,-0.15406769641205983,20.645412681544457,5,2,0,0,0,2,95.18,247.02,3.83,1,6d4eae03136128ca33ee4607e3e6ebf7d77097ef5b3d217d90837424dfac91b5
hec-s-92,tight,9,RECOMPUTE,200,5,19,19,0,80,6593,-3483,65971,-0.05279592548240894,23.031880977683315,0,0,0,0,5,38,1186.79,1453.72,2.68,1,9373637019249f211a11920b8e56fe4025919a011eb7de9a90d936add6693093
hec-s-92,tight,9,TBR_NOT2,200,7,19,20,1,7,629,-8092,65971,-0.12265995664761789,21.36911087495572,6,0,0,1,0,1,105.91,863.54,3.6,1,256c19243d0ceafa7d3773035a6f2e39d3dceb3c02bfa175f415d7e8e8bd0ca8
hec-s-92,official,9,TBR_B4,200,7,19,19,0,9,1019,-10164,65971,-0.15406769641205983,20.645412681544457,5,2,0,0,0,2,92.91,265.85,3.84,1,6d4eae03136128ca33ee4607e3e6ebf7d77097ef5b3d217d90837424dfac91b5
hec-s-92,official,9,ONE_BLOCKER,200,7,19,19,0,9,1019,-10164,65971,-0.15406769641205983,20.645412681544457,5,2,0,0,0,2,91.11,264.96,3.54,1,6d4eae03136128ca33ee4607e3e6ebf7d77097ef5b3d217d90837424dfac91b5
hec-s-92,official,9,SINGLE,200,7,19,20,1,7,629,-8092,65971,-0.12265995664761789,21.36911087495572,6,0,0,1,0,1,93.68,99.99,3.52,1,256c19243d0ceafa7d3773035a6f2e39d3dceb3c02bfa175f415d7e8e8bd0ca8
hec-s-92,official,9,TBR_NOPROX,200,7,19,19,0,10,1136,-3396,65971,-0.05147716420851586,23.091746369110876,4,3,0,0,0,2,42.41,88.26,3.58,1,a5c066807e16ae5a71aa5dafc0f4bf56f0ce932119022cb9793c25392964fb6b
hec-s-92,official,9,TBR_B16,200,7,19,19,0,9,1019,-10164,65971,-0.15406769641205983,20.645412681544457,5,2,0,0,0,2,91.97,249.5,3.82,1,6d4eae03136128ca33ee4607e3e6ebf7d77097ef5b3d217d90837424dfac91b5
hec-s-92,official,9,TBR_B2,200,7,19,19,0,9,1019,-10164,65971,-0.15406769641205983,20.645412681544457,5,2,0,0,0,2,91.77,265.93,3.77,1,6d4eae03136128ca33ee4607e3e6ebf7d77097ef5b3d217d90837424dfac91b5
hec-s-92,official,9,TBR,200,7,19,19,0,9,1019,-10164,65971,-0.15406769641205983,20.645412681544457,5,2,0,0,0,2,126.78,248.69,3.71,1,6d4eae03136128ca33ee4607e3e6ebf7d77097ef5b3d217d90837424dfac91b5
hec-s-92,official,9,TBR_B32,200,7,19,19,0,9,1019,-10164,65971,-0.15406769641205983,20.645412681544457,5,2,0,0,0,2,98.02,271.63,3.83,1,6d4eae03136128ca33ee4607e3e6ebf7d77097ef5b3d217d90837424dfac91b5
hec-s-92,official,9,RECOMPUTE,200,5,19,19,0,80,6593,-3483,65971,-0.05279592548240894,23.031880977683315,0,0,0,0,5,38,1138.36,1326.11,2.63,1,9373637019249f211a11920b8e56fe4025919a011eb7de9a90d936add6693093
hec-s-92,official,9,TBR_NOT2,200,7,19,20,1,7,629,-8092,65971,-0.12265995664761789,21.36911087495572,6,0,0,1,0,1,92.15,840.92,3.52,1,256c19243d0ceafa7d3773035a6f2e39d3dceb3c02bfa175f415d7e8e8bd0ca8
kfu-s-93,tight,0,RECOMPUTE,200,5,19,19,0,17,321,844,246151,0.0034287896453802746,46.94073658627781,0,0,0,0,5,7,6137.52,8858.69,4.0,1,e144514040e72cf36464495c4b57bbe446a1573b6319a2e18bcbbf944ba33e93
kfu-s-93,tight,0,ONE_BLOCKER,200,5,19,19,0,5,101,-1137,246151,-0.004619115908527692,46.565152364928025,5,0,0,0,0,1,62.05,147.06,4.67,1,a8f6518bc5c339a7d4e96f91d13d70a74fecc324f0419f095fbd2e8bd124ae38
kfu-s-93,tight,0,SINGLE,200,5,19,19,0,5,101,-1137,246151,-0.004619115908527692,46.565152364928025,5,0,0,0,0,1,64.12,146.1,4.48,1,a8f6518bc5c339a7d4e96f91d13d70a74fecc324f0419f095fbd2e8bd124ae38
kfu-s-93,tight,0,TBR_B16,200,5,19,19,0,5,101,-1137,246151,-0.004619115908527692,46.565152364928025,5,0,0,0,0,1,60.93,136.79,4.83,1,a8f6518bc5c339a7d4e96f91d13d70a74fecc324f0419f095fbd2e8bd124ae38
kfu-s-93,tight,0,TBR_B2,200,5,19,19,0,5,101,-1137,246151,-0.004619115908527692,46.565152364928025,5,0,0,0,0,1,61.47,140.39,5.0,1,a8f6518bc5c339a7d4e96f91d13d70a74fecc324f0419f095fbd2e8bd124ae38
kfu-s-93,tight,0,TBR_B4,200,5,19,19,0,5,101,-1137,246151,-0.004619115908527692,46.565152364928025,5,0,0,0,0,1,62.25,139.55,4.81,1,a8f6518bc5c339a7d4e96f91d13d70a74fecc324f0419f095fbd2e8bd124ae38
kfu-s-93,tight,0,TBR_NOT2,200,5,19,19,0,5,101,-1137,246151,-0.004619115908527692,46.565152364928025,5,0,0,0,0,1,61.44,135.12,4.74,1,a8f6518bc5c339a7d4e96f91d13d70a74fecc324f0419f095fbd2e8bd124ae38
kfu-s-93,tight,0,TBR,200,5,19,19,0,5,101,-1137,246151,-0.004619115908527692,46.565152364928025,5,0,0,0,0,1,64.06,144.19,4.48,1,a8f6518bc5c339a7d4e96f91d13d70a74fecc324f0419f095fbd2e8bd124ae38
kfu-s-93,tight,0,TBR_NOPROX,200,5,19,19,0,5,101,-538,246151,-0.002185650271581265,46.677135913254816,5,0,0,0,0,1,34.89,44.85,4.6,1,63680ee292724756b822f44b7dc58038292600b9dfaf2b5cc1030f0d7682c6c9
kfu-s-93,tight,0,TBR_B32,200,5,19,19,0,5,101,-1137,246151,-0.004619115908527692,46.565152364928025,5,0,0,0,0,1,60.93,184.01,4.64,1,a8f6518bc5c339a7d4e96f91d13d70a74fecc324f0419f095fbd2e8bd124ae38
kfu-s-93,official,0,RECOMPUTE,200,5,20,20,0,17,321,844,246151,0.0034287896453802746,46.94073658627781,0,0,0,0,5,7,6067.23,8988.45,3.92,1,411a22f079fd02480f109e5185d85394e7ac2890ffce01275d59e5ba929c064a
kfu-s-93,official,0,ONE_BLOCKER,200,5,20,20,0,5,101,-1261,246151,-0.005122871733204415,46.54197046176856,5,0,0,0,0,1,66.28,233.72,4.79,1,ab4458359f8f59e1ebef06589507d498a4d21a8dea8981a53c4518642710b158
kfu-s-93,official,0,SINGLE,200,5,20,20,0,5,101,-1261,246151,-0.005122871733204415,46.54197046176856,5,0,0,0,0,1,62.25,232.3,4.5,1,ab4458359f8f59e1ebef06589507d498a4d21a8dea8981a53c4518642710b158
kfu-s-93,official,0,TBR_B16,200,5,20,20,0,5,101,-1261,246151,-0.005122871733204415,46.54197046176856,5,0,0,0,0,1,65.2,233.01,5.08,1,ab4458359f8f59e1ebef06589507d498a4d21a8dea8981a53c4518642710b158
kfu-s-93,official,0,TBR_B2,200,5,20,20,0,5,101,-1261,246151,-0.005122871733204415,46.54197046176856,5,0,0,0,0,1,61.33,220.11,4.8,1,ab4458359f8f59e1ebef06589507d498a4d21a8dea8981a53c4518642710b158
kfu-s-93,official,0,TBR_B4,200,5,20,20,0,5,101,-1261,246151,-0.005122871733204415,46.54197046176856,5,0,0,0,0,1,59.84,229.68,4.65,1,ab4458359f8f59e1ebef06589507d498a4d21a8dea8981a53c4518642710b158
kfu-s-93,official,0,TBR_NOT2,200,5,20,20,0,5,101,-1261,246151,-0.005122871733204415,46.54197046176856,5,0,0,0,0,1,62.0,218.19,4.66,1,ab4458359f8f59e1ebef06589507d498a4d21a8dea8981a53c4518642710b158
kfu-s-93,official,0,TBR,200,5,20,20,0,5,101,-1261,246151,-0.005122871733204415,46.54197046176856,5,0,0,0,0,1,66.12,228.6,4.51,1,ab4458359f8f59e1ebef06589507d498a4d21a8dea8981a53c4518642710b158
kfu-s-93,official,0,TBR_NOPROX,200,5,20,20,0,5,101,-538,246151,-0.002185650271581265,46.677135913254816,5,0,0,0,0,1,38.38,48.54,4.63,1,637bc7ba906c67fcaa3bdd113bcf4554ea16e832f41fddfeec978f0aa91270b2
kfu-s-93,official,0,TBR_B32,200,5,20,20,0,5,101,-1261,246151,-0.005122871733204415,46.54197046176856,5,0,0,0,0,1,61.69,222.97,4.79,1,ab4458359f8f59e1ebef06589507d498a4d21a8dea8981a53c4518642710b158
kfu-s-93,tight,1,TBR_B32,200,2,19,19,0,8,569,893,247023,0.0036150479914825746,47.02449055898299,1,0,1,0,0,7,1524.99,2817.53,4.74,1,029a12495c3ebf4cb813d490f047517d2cc626da82354964bd3ad0ec2e771888
kfu-s-93,tight,1,TBR_B4,200,2,19,20,1,2,126,-1236,247023,-0.005003582662343182,46.62946345111236,1,0,0,1,0,1,388.51,656.79,4.55,1,d4376d9356907ab478f8e3b9250dc7ce0fced61460f7e190a7bb739dd0f62c86
kfu-s-93,tight,1,ONE_BLOCKER,200,2,19,20,1,2,126,-1236,247023,-0.005003582662343182,46.62946345111236,1,0,0,1,0,1,159.32,224.0,4.51,1,d4376d9356907ab478f8e3b9250dc7ce0fced61460f7e190a7bb739dd0f62c86
kfu-s-93,tight,1,TBR,200,2,19,19,0,8,569,893,247023,0.0036150479914825746,47.02449055898299,1,0,1,0,0,7,702.4,1257.71,4.4,1,029a12495c3ebf4cb813d490f047517d2cc626da82354964bd3ad0ec2e771888
kfu-s-93,tight,1,TBR_B2,200,2,19,20,1,2,126,-1236,247023,-0.005003582662343182,46.62946345111236,1,0,0,1,0,1,159.14,222.11,4.63,1,d4376d9356907ab478f8e3b9250dc7ce0fced61460f7e190a7bb739dd0f62c86
kfu-s-93,tight,1,TBR_NOPROX,200,2,19,19,0,8,569,893,247023,0.0036150479914825746,47.02449055898299,1,0,1,0,0,7,567.56,1035.91,4.38,1,029a12495c3ebf4cb813d490f047517d2cc626da82354964bd3ad0ec2e771888
kfu-s-93,tight,1,RECOMPUTE,200,1,19,19,0,90,3600,527,247023,0.0021334045817595934,46.963731538605344,0,0,0,0,1,90,7111.1,7111.1,3.39,1,2673599ecd39687bff319cea5f5c32c185c8886787d00e9aa2accaf146138a19
kfu-s-93,tight,1,TBR_B16,200,2,19,19,0,8,569,893,247023,0.0036150479914825746,47.02449055898299,1,0,1,0,0,7,922.01,1674.32,4.65,1,029a12495c3ebf4cb813d490f047517d2cc626da82354964bd3ad0ec2e771888
kfu-s-93,tight,1,SINGLE,200,2,19,20,1,2,126,-1236,247023,-0.005003582662343182,46.62946345111236,1,0,0,1,0,1,70.29,89.15,4.37,1,d4376d9356907ab478f8e3b9250dc7ce0fced61460f7e190a7bb739dd0f62c86
kfu-s-93,tight,1,TBR_NOT2,200,2,19,19,0,8,569,893,247023,0.0036150479914825746,47.02449055898299,1,0,1,0,0,7,609.69,1073.13,4.46,1,029a12495c3ebf4cb813d490f047517d2cc626da82354964bd3ad0ec2e771888
kfu-s-93,official,1,TBR_B32,200,2,20,20,0,2,126,-1236,247023,-0.005003582662343182,46.62946345111236,2,0,0,0,0,1,133.94,181.3,4.7,1,89424fc7c2cba8295f7904b18d5b5342018489fe372f6174dfe8ab937740a852
kfu-s-93,official,1,TBR_B4,200,2,20,20,0,2,126,-1236,247023,-0.005003582662343182,46.62946345111236,2,0,0,0,0,1,132.46,174.3,4.56,1,89424fc7c2cba8295f7904b18d5b5342018489fe372f6174dfe8ab937740a852
kfu-s-93,official,1,ONE_BLOCKER,200,2,20,20,0,2,126,-1236,247023,-0.005003582662343182,46.62946345111236,2,0,0,0,0,1,157.59,210.36,4.47,1,89424fc7c2cba8295f7904b18d5b5342018489fe372f6174dfe8ab937740a852
kfu-s-93,official,1,TBR,200,2,20,20,0,2,126,-1236,247023,-0.005003582662343182,46.62946345111236,2,0,0,0,0,1,134.21,182.53,4.46,1,89424fc7c2cba8295f7904b18d5b5342018489fe372f6174dfe8ab937740a852
kfu-s-93,official,1,TBR_B2,200,2,20,20,0,2,126,-1236,247023,-0.005003582662343182,46.62946345111236,2,0,0,0,0,1,142.01,193.77,4.65,1,89424fc7c2cba8295f7904b18d5b5342018489fe372f6174dfe8ab937740a852
kfu-s-93,official,1,TBR_NOPROX,200,2,20,20,0,2,126,-1203,247023,-0.004869991863105864,46.63563282856609,2,0,0,0,0,1,49.03,55.0,4.47,1,3f56af06ca448968f4dc8d54817ab339ed301c37e64dbf93b33c7a3b8f426e31
kfu-s-93,official,1,RECOMPUTE,200,1,20,20,0,90,3600,527,247023,0.0021334045817595934,46.963731538605344,0,0,0,0,1,90,8978.91,8978.91,3.46,1,e310d96886b1686988dbc4581a16f20633b0265f55fb6f23f702eb402cbf6110
kfu-s-93,official,1,TBR_B16,200,2,20,20,0,2,126,-1236,247023,-0.005003582662343182,46.62946345111236,2,0,0,0,0,1,139.82,189.74,4.59,1,89424fc7c2cba8295f7904b18d5b5342018489fe372f6174dfe8ab937740a852
kfu-s-93,official,1,SINGLE,200,2,20,20,0,2,126,-1236,247023,-0.005003582662343182,46.62946345111236,2,0,0,0,0,1,131.83,176.86,4.3,1,89424fc7c2cba8295f7904b18d5b5342018489fe372f6174dfe8ab937740a852
kfu-s-93,official,1,TBR_NOT2,200,2,20,20,0,2,126,-1236,247023,-0.005003582662343182,46.62946345111236,2,0,0,0,0,1,141.8,192.4,4.54,1,89424fc7c2cba8295f7904b18d5b5342018489fe372f6174dfe8ab937740a852
kfu-s-93,tight,2,TBR_B16,200,8,19,19,0,8,475,-7224,249358,-0.0289703959768686,46.041316133856796,8,0,0,0,0,1,66.07,105.23,4.96,1,6bc4d222e54a4bc97d647dbbad2199593cba90bdc8f0e7c30281adab51d05abd
kfu-s-93,tight,2,TBR_B4,200,8,19,19,0,8,475,-7224,249358,-0.0289703959768686,46.041316133856796,8,0,0,0,0,1,61.14,109.2,4.94,1,6bc4d222e54a4bc97d647dbbad2199593cba90bdc8f0e7c30281adab51d05abd
kfu-s-93,tight,2,TBR_B32,200,8,19,19,0,8,475,-7224,249358,-0.0289703959768686,46.041316133856796,8,0,0,0,0,1,64.24,101.5,4.65,1,6bc4d222e54a4bc97d647dbbad2199593cba90bdc8f0e7c30281adab51d05abd
kfu-s-93,tight,2,TBR_NOT2,200,8,19,19,0,8,475,-7224,249358,-0.0289703959768686,46.041316133856796,8,0,0,0,0,1,68.31,104.64,4.83,1,6bc4d222e54a4bc97d647dbbad2199593cba90bdc8f0e7c30281adab51d05abd
kfu-s-93,tight,2,ONE_BLOCKER,200,8,19,19,0,8,475,-7224,249358,-0.0289703959768686,46.041316133856796,8,0,0,0,0,1,62.42,103.55,4.74,1,6bc4d222e54a4bc97d647dbbad2199593cba90bdc8f0e7c30281adab51d05abd
kfu-s-93,tight,2,TBR,200,8,19,19,0,8,475,-7224,249358,-0.0289703959768686,46.041316133856796,8,0,0,0,0,1,63.52,109.2,4.72,1,6bc4d222e54a4bc97d647dbbad2199593cba90bdc8f0e7c30281adab51d05abd
kfu-s-93,tight,2,TBR_NOPROX,200,8,19,19,0,8,475,-5446,249358,-0.02184008533915094,46.375958123013646,8,0,0,0,0,1,38.62,63.39,4.67,1,b0d51e6d58653cde5ce33d353463f239f7f29282e249c35d59004e20b02bb836
kfu-s-93,tight,2,SINGLE,200,8,19,19,0,8,475,-7224,249358,-0.0289703959768686,46.041316133856796,8,0,0,0,0,1,64.55,108.29,4.68,1,6bc4d222e54a4bc97d647dbbad2199593cba90bdc8f0e7c30281adab51d05abd
kfu-s-93,tight,2,RECOMPUTE,200,7,19,19,0,131,5075,-2400,249358,-0.009624716271384916,46.94073658627781,0,0,0,0,7,49,6497.17,7819.14,3.96,1,e7d6af7777d7fb436420172e3fd3ed979bad94510f44416b23bc5294abfd2e41
kfu-s-93,tight,2,TBR_B2,200,8,19,19,0,8,475,-7224,249358,-0.0289703959768686,46.041316133856796,8,0,0,0,0,1,62.78,106.72,5.0,1,6bc4d222e54a4bc97d647dbbad2199593cba90bdc8f0e7c30281adab51d05abd
kfu-s-93,official,2,TBR_B16,200,8,20,20,0,8,475,-7643,249358,-0.03065071102591455,45.96260983361376,8,0,0,0,0,1,67.03,230.0,5.04,1,d3709ef4025c3669302c5f883e7e243b419757a51ff9700b2ad868fdf78a1928
kfu-s-93,official,2,TBR_B4,200,8,20,20,0,8,475,-7643,249358,-0.03065071102591455,45.96260983361376,8,0,0,0,0,1,64.23,201.23,5.08,1,d3709ef4025c3669302c5f883e7e243b419757a51ff9700b2ad868fdf78a1928
kfu-s-93,official,2,TBR_B32,200,8,20,20,0,8,475,-7643,249358,-0.03065071102591455,45.96260983361376,8,0,0,0,0,1,64.29,202.14,4.91,1,d3709ef4025c3669302c5f883e7e243b419757a51ff9700b2ad868fdf78a1928
kfu-s-93,official,2,TBR_NOT2,200,8,20,20,0,8,475,-7643,249358,-0.03065071102591455,45.96260983361376,8,0,0,0,0,1,64.1,207.28,4.8,1,d3709ef4025c3669302c5f883e7e243b419757a51ff9700b2ad868fdf78a1928
kfu-s-93,official,2,ONE_BLOCKER,200,8,20,20,0,8,475,-7643,249358,-0.03065071102591455,45.96260983361376,8,0,0,0,0,1,65.83,194.65,4.58,1,d3709ef4025c3669302c5f883e7e243b419757a51ff9700b2ad868fdf78a1928
kfu-s-93,official,2,TBR,200,8,20,20,0,8,475,-7643,249358,-0.03065071102591455,45.96260983361376,8,0,0,0,0,1,64.3,207.01,4.96,1,d3709ef4025c3669302c5f883e7e243b419757a51ff9700b2ad868fdf78a1928
kfu-s-93,official,2,TBR_NOPROX,200,8,20,20,0,8,198,-1131,249358,-0.004535647542890142,47.18788558609086,8,0,0,0,0,1,34.13,55.97,4.55,1,2c71351b980f5a2ca100dfaa6486362a1a9c960ce596f8e360b606c2d1ad9599
kfu-s-93,official,2,SINGLE,200,8,20,20,0,8,475,-7643,249358,-0.03065071102591455,45.96260983361376,8,0,0,0,0,1,63.89,218.08,4.83,1,d3709ef4025c3669302c5f883e7e243b419757a51ff9700b2ad868fdf78a1928
kfu-s-93,official,2,RECOMPUTE,200,7,20,20,0,131,5075,-2400,249358,-0.009624716271384916,46.94073658627781,0,0,0,0,7,49,6066.07,7669.06,3.86,1,ecaca920cac2dcdf95590bfad645fadde0ffe893fa76bf9f6abeaf62388e3ff8
kfu-s-93,official,2,TBR_B2,200,8,20,20,0,8,475,-7643,249358,-0.03065071102591455,45.96260983361376,8,0,0,0,0,1,67.03,204.13,5.03,1,d3709ef4025c3669302c5f883e7e243b419757a51ff9700b2ad868fdf78a1928
kfu-s-93,tight,3,TBR_B16,200,9,19,19,0,10,119,-1135,247106,-0.004593170542196466,46.80482333146382,8,1,0,0,0,2,75.31,207.07,4.92,1,2c4ba759af583f0de596e7e6049498ccf3874a0ac00cd0588fb0808fe117d4d1
kfu-s-93,tight,3,TBR_NOPROX,200,9,19,19,0,10,119,-349,247106,-0.001412349356146755,46.95176668536175,8,1,0,0,0,2,34.52,110.95,4.67,1,e10ddb85b33dc6bfe209e80610a73bf085d0545ba8fd39e9602d6358eb3690ac
kfu-s-93,tight,3,TBR_B4,200,9,19,19,0,10,119,-1135,247106,-0.004593170542196466,46.80482333146382,8,1,0,0,0,2,61.48,214.21,4.87,1,2c4ba759af583f0de596e7e6049498ccf3874a0ac00cd0588fb0808fe117d4d1
kfu-s-93,tight,3,ONE_BLOCKER,200,9,19,19,0,10,119,-1135,247106,-0.004593170542196466,46.80482333146382,8,1,0,0,0,2,55.88,212.81,4.71,1,2c4ba759af583f0de596e7e6049498ccf3874a0ac00cd0588fb0808fe117d4d1
kfu-s-93,tight,3,TBR_NOT2,200,9,19,19,0,10,119,-1135,247106,-0.004593170542196466,46.80482333146382,8,0,1,0,0,2,55.4,486.23,4.74,1,a1c65c5002b7a5ad3244c9728c72ceb1a64126471b82218aff28d3ee5e24a53f
kfu-s-93,tight,3,TBR_B32,200,9,19,19,0,10,119,-1135,247106,-0.004593170542196466,46.80482333146382,8,1,0,0,0,2,60.02,213.54,4.89,1,2c4ba759af583f0de596e7e6049498ccf3874a0ac00cd0588fb0808fe117d4d1
kfu-s-93,tight,3,SINGLE,200,9,19,20,1,9,88,-1144,247106,-0.004629592158830623,46.80388857730417,8,0,0,1,0,1,56.54,100.26,4.67,1,f79194d8c42394e3acdd90283fbe7f572b6fca9de5f6dd27a92d3769517159e3
kfu-s-93,tight,3,TBR_B2,200,9,19,19,0,10,119,-1135,247106,-0.004593170542196466,46.80482333146382,8,1,0,0,0,2,60.75,213.46,5.04,1,2c4ba759af583f0de596e7e6049498ccf3874a0ac00cd0588fb0808fe117d4d1
kfu-s-93,tight,3,TBR,200,9,19,19,0,10,119,-1135,247106,-0.004593170542196466,46.80482333146382,8,1,0,0,0,2,62.44,207.28,4.79,1,2c4ba759af583f0de596e7e6049498ccf3874a0ac00cd0588fb0808fe117d4d1
kfu-s-93,tight,3,RECOMPUTE,200,8,19,19,0,48,1374,-411,247106,-0.0016632538262931697,46.94073658627781,0,0,0,0,8,22,6161.01,7761.6,4.0,1,65e7275068b831ffb79a6a686ca0e2d302060e19b8b2a345e6f638810a6f430f
kfu-s-93,official,3,TBR_B16,200,9,20,20,0,9,88,-1177,247106,-0.004763138086489199,46.79771919985044,9,0,0,0,0,1,60.75,184.59,5.07,1,ad428547abb46ed1cab1160287f2d316a1b75a6087bb41e2fa1311e56b29401e
kfu-s-93,official,3,TBR_NOPROX,200,9,20,20,0,9,88,-311,247106,-0.0012585691970247587,46.95961862030286,9,0,0,0,0,1,36.75,52.82,4.75,1,a4debb6cad68790eafe1c081dfeb101ea38ada02bd357e98d78244bef57ed5e0
kfu-s-93,official,3,TBR_B4,200,9,20,20,0,9,88,-1177,247106,-0.004763138086489199,46.79771919985044,9,0,0,0,0,1,56.96,173.04,4.88,1,ad428547abb46ed1cab1160287f2d316a1b75a6087bb41e2fa1311e56b29401e
kfu-s-93,official,3,ONE_BLOCKER,200,9,20,20,0,9,88,-1177,247106,-0.004763138086489199,46.79771919985044,9,0,0,0,0,1,56.07,183.22,4.83,1,ad428547abb46ed1cab1160287f2d316a1b75a6087bb41e2fa1311e56b29401e
kfu-s-93,official,3,TBR_NOT2,200,9,20,20,0,9,88,-1177,247106,-0.004763138086489199,46.79771919985044,9,0,0,0,0,1,59.94,180.45,4.83,1,ad428547abb46ed1cab1160287f2d316a1b75a6087bb41e2fa1311e56b29401e
kfu-s-93,official,3,TBR_B32,200,9,20,20,0,9,88,-1177,247106,-0.004763138086489199,46.79771919985044,9,0,0,0,0,1,57.34,173.84,4.79,1,ad428547abb46ed1cab1160287f2d316a1b75a6087bb41e2fa1311e56b29401e
kfu-s-93,official,3,SINGLE,200,9,20,20,0,9,88,-1177,247106,-0.004763138086489199,46.79771919985044,9,0,0,0,0,1,76.32,197.99,4.64,1,ad428547abb46ed1cab1160287f2d316a1b75a6087bb41e2fa1311e56b29401e
kfu-s-93,official,3,TBR_B2,200,9,20,20,0,9,88,-1177,247106,-0.004763138086489199,46.79771919985044,9,0,0,0,0,1,56.31,173.21,4.99,1,ad428547abb46ed1cab1160287f2d316a1b75a6087bb41e2fa1311e56b29401e
kfu-s-93,official,3,TBR,200,9,20,20,0,9,88,-1177,247106,-0.004763138086489199,46.79771919985044,9,0,0,0,0,1,56.14,172.22,4.89,1,ad428547abb46ed1cab1160287f2d316a1b75a6087bb41e2fa1311e56b29401e
kfu-s-93,official,3,RECOMPUTE,200,8,20,20,0,48,1374,-411,247106,-0.0016632538262931697,46.94073658627781,0,0,0,0,8,22,6071.87,7742.03,3.94,1,9acb845c39d4cebe4b21891aeb65890de98cfd5b0a047046b579bed4b2d39d5d
kfu-s-93,tight,4,TBR,200,5,19,19,0,5,142,-2229,247332,-0.009012177963223521,46.5638437091045,5,0,0,0,0,1,86.13,123.89,4.79,1,acd2722e1fb59a9049af6dbbbca3fc280c73011eed24b89520c881845b556f7d
kfu-s-93,tight,4,TBR_B16,200,5,19,19,0,5,142,-2229,247332,-0.009012177963223521,46.5638437091045,5,0,0,0,0,1,85.8,99.75,4.84,1,acd2722e1fb59a9049af6dbbbca3fc280c73011eed24b89520c881845b556f7d
kfu-s-93,tight,4,RECOMPUTE,200,6,19,19,0,65,2263,32,247332,0.00012938075137871363,46.983174425126194,0,0,0,0,6,36,6185.09,6484.04,3.99,1,91aa8e4a91833217bfab5b271656fb565688a03da16c4193716a380d13932fd3
kfu-s-93,tight,4,ONE_BLOCKER,200,5,19,19,0,5,142,-2229,247332,-0.009012177963223521,46.5638437091045,5,0,0,0,0,1,91.72,100.78,4.66,1,acd2722e1fb59a9049af6dbbbca3fc280c73011eed24b89520c881845b556f7d
kfu-s-93,tight,4,TBR_NOPROX,200,5,19,19,0,5,142,-1359,247332,-0.0054946387851147445,46.728734342867824,5,0,0,0,0,1,40.22,52.18,4.64,1,f2dcba2f4e6a8b1abe8445d07453d6126236bb7a1e9e6ab1d59a1a617fe1ca9f
kfu-s-93,tight,4,TBR_NOT2,200,5,19,19,0,5,142,-2229,247332,-0.009012177963223521,46.5638437091045,5,0,0,0,0,1,90.32,111.45,4.74,1,acd2722e1fb59a9049af6dbbbca3fc280c73011eed24b89520c881845b556f7d
kfu-s-93,tight,4,TBR_B2,200,5,19,19,0,5,142,-2229,247332,-0.009012177963223521,46.5638437091045,5,0,0,0,0,1,87.03,115.09,4.86,1,acd2722e1fb59a9049af6dbbbca3fc280c73011eed24b89520c881845b556f7d
kfu-s-93,tight,4,SINGLE,200,5,19,19,0,5,142,-2229,247332,-0.009012177963223521,46.5638437091045,5,0,0,0,0,1,84.84,96.3,4.81,1,acd2722e1fb59a9049af6dbbbca3fc280c73011eed24b89520c881845b556f7d
kfu-s-93,tight,4,TBR_B4,200,5,19,19,0,5,142,-2229,247332,-0.009012177963223521,46.5638437091045,5,0,0,0,0,1,86.15,99.66,4.84,1,acd2722e1fb59a9049af6dbbbca3fc280c73011eed24b89520c881845b556f7d
kfu-s-93,tight,4,TBR_B32,200,5,19,19,0,5,142,-2229,247332,-0.009012177963223521,46.5638437091045,5,0,0,0,0,1,87.23,111.88,4.95,1,acd2722e1fb59a9049af6dbbbca3fc280c73011eed24b89520c881845b556f7d
kfu-s-93,official,4,TBR,200,5,20,20,0,5,142,-2613,247332,-0.010564746979768084,46.48962422882782,5,0,0,0,0,1,106.94,206.46,4.64,1,9c6155d5ac8848a50096f83bde271aa2dd5b8db73e481d818e16f60375ff6f0a
kfu-s-93,official,4,TBR_B16,200,5,20,20,0,5,142,-2613,247332,-0.010564746979768084,46.48962422882782,5,0,0,0,0,1,98.92,248.6,4.96,1,9c6155d5ac8848a50096f83bde271aa2dd5b8db73e481d818e16f60375ff6f0a
kfu-s-93,official,4,RECOMPUTE,200,6,20,20,0,65,2263,32,247332,0.00012938075137871363,46.983174425126194,0,0,0,0,6,36,6118.67,6409.68,4.12,1,dfc845d911250c228b6a1e32308f39233151b5cf346e5573fef0ec3e5ff8bfca
kfu-s-93,official,4,ONE_BLOCKER,200,5,20,20,0,5,142,-2613,247332,-0.010564746979768084,46.48962422882782,5,0,0,0,0,1,92.68,198.9,4.68,1,9c6155d5ac8848a50096f83bde271aa2dd5b8db73e481d818e16f60375ff6f0a
kfu-s-93,official,4,TBR_NOPROX,200,5,20,20,0,5,142,-1359,247332,-0.0054946387851147445,46.728734342867824,5,0,0,0,0,1,38.2,76.78,4.75,1,23f47e1c2bc83a8027f1c94e85968572ddc9672d17ded04d13af3e5f75128327
kfu-s-93,official,4,TBR_NOT2,200,5,20,20,0,5,142,-2613,247332,-0.010564746979768084,46.48962422882782,5,0,0,0,0,1,98.66,201.6,4.72,1,9c6155d5ac8848a50096f83bde271aa2dd5b8db73e481d818e16f60375ff6f0a
kfu-s-93,official,4,TBR_B2,200,5,20,20,0,5,142,-2613,247332,-0.010564746979768084,46.48962422882782,5,0,0,0,0,1,95.83,206.54,5.03,1,9c6155d5ac8848a50096f83bde271aa2dd5b8db73e481d818e16f60375ff6f0a
kfu-s-93,official,4,SINGLE,200,5,20,20,0,5,142,-2613,247332,-0.010564746979768084,46.48962422882782,5,0,0,0,0,1,98.1,213.18,4.75,1,9c6155d5ac8848a50096f83bde271aa2dd5b8db73e481d818e16f60375ff6f0a
kfu-s-93,official,4,TBR_B4,200,5,20,20,0,5,142,-2613,247332,-0.010564746979768084,46.48962422882782,5,0,0,0,0,1,99.84,224.81,4.97,1,9c6155d5ac8848a50096f83bde271aa2dd5b8db73e481d818e16f60375ff6f0a
kfu-s-93,official,4,TBR_B32,200,5,20,20,0,5,142,-2613,247332,-0.010564746979768084,46.48962422882782,5,0,0,0,0,1,94.23,197.61,4.81,1,9c6155d5ac8848a50096f83bde271aa2dd5b8db73e481d818e16f60375ff6f0a
kfu-s-93,tight,5,TBR_NOPROX,200,2,19,19,0,2,12,-6,246433,-2.4347388539684214e-05,46.77584595251449,2,0,0,0,0,1,41.29,45.37,4.81,1,bda8312ca2ba3e1bf106fac3a9358e9ffa06cc0629020ec4ea4db8e76cd16909
kfu-s-93,tight,5,TBR_NOT2,200,2,19,19,0,2,12,-226,246433,-0.0009170849683281054,46.73471676948962,2,0,0,0,0,1,87.11,91.48,4.63,1,245301ed2cf2eaf765942254300859455b5e189b0b26ebb186aa26e2e2a98973
kfu-s-93,tight,5,TBR_B32,200,2,19,19,0,2,12,-226,246433,-0.0009170849683281054,46.73471676948962,2,0,0,0,0,1,98.29,101.64,4.75,1,245301ed2cf2eaf765942254300859455b5e189b0b26ebb186aa26e2e2a98973
kfu-s-93,tight,5,TBR,200,2,19,19,0,2,12,-226,246433,-0.0009170849683281054,46.73471676948962,2,0,0,0,0,1,89.73,95.28,4.79,1,245301ed2cf2eaf765942254300859455b5e189b0b26ebb186aa26e2e2a98973
kfu-s-93,tight,5,TBR_B2,200,2,19,19,0,2,12,-226,246433,-0.0009170849683281054,46.73471676948962,2,0,0,0,0,1,89.94,95.4,4.88,1,245301ed2cf2eaf765942254300859455b5e189b0b26ebb186aa26e2e2a98973
kfu-s-93,tight,5,RECOMPUTE,200,2,19,19,0,48,1217,853,246433,0.0034613870707251057,46.94316694709291,0,0,0,0,2,31,6568.5,6913.01,3.98,1,7b65ba8c5b72a8d1b6c83ef82a20927c5bf24528ab6f63aaa5076ab175e7e223
kfu-s-93,tight,5,ONE_BLOCKER,200,2,19,19,0,2,12,-226,246433,-0.0009170849683281054,46.73471676948962,2,0,0,0,0,1,100.52,104.2,4.69,1,245301ed2cf2eaf765942254300859455b5e189b0b26ebb186aa26e2e2a98973
kfu-s-93,tight,5,SINGLE,200,2,19,19,0,2,12,-226,246433,-0.0009170849683281054,46.73471676948962,2,0,0,0,0,1,91.73,100.28,4.78,1,245301ed2cf2eaf765942254300859455b5e189b0b26ebb186aa26e2e2a98973
kfu-s-93,tight,5,TBR_B4,200,2,19,19,0,2,12,-226,246433,-0.0009170849683281054,46.73471676948962,2,0,0,0,0,1,92.27,97.79,5.62,1,245301ed2cf2eaf765942254300859455b5e189b0b26ebb186aa26e2e2a98973
kfu-s-93,tight,5,TBR_B16,200,2,19,19,0,2,12,-226,246433,-0.0009170849683281054,46.73471676948962,2,0,0,0,0,1,90.26,94.67,5.17,1,245301ed2cf2eaf765942254300859455b5e189b0b26ebb186aa26e2e2a98973
kfu-s-93,official,5,TBR_NOPROX,200,2,20,20,0,2,12,-6,246433,-2.4347388539684214e-05,46.77584595251449,2,0,0,0,0,1,52.03,64.68,4.87,1,a0f6bb00fbbceed74abddf93b6e7cc450e2710dab4b1b4793929c30d66dc5273
kfu-s-93,official,5,TBR_NOT2,200,2,20,20,0,2,12,-228,246433,-0.0009252007645080001,46.73434286782576,2,0,0,0,0,1,95.26,103.81,4.85,1,a073acb0ba6c5db3fc88c3c4af19fe965b0dc73f156a08859366c818eed0adcd
kfu-s-93,official,5,TBR_B32,200,2,20,20,0,2,12,-228,246433,-0.0009252007645080001,46.73434286782576,2,0,0,0,0,1,97.74,100.35,5.04,1,a073acb0ba6c5db3fc88c3c4af19fe965b0dc73f156a08859366c818eed0adcd
kfu-s-93,official,5,TBR,200,2,20,20,0,2,12,-228,246433,-0.0009252007645080001,46.73434286782576,2,0,0,0,0,1,94.67,98.61,5.07,1,a073acb0ba6c5db3fc88c3c4af19fe965b0dc73f156a08859366c818eed0adcd
kfu-s-93,official,5,TBR_B2,200,2,20,20,0,2,12,-228,246433,-0.0009252007645080001,46.73434286782576,2,0,0,0,0,1,128.44,130.2,4.88,1,a073acb0ba6c5db3fc88c3c4af19fe965b0dc73f156a08859366c818eed0adcd
kfu-s-93,official,5,RECOMPUTE,200,2,20,20,0,48,1217,853,246433,0.0034613870707251057,46.94316694709291,0,0,0,0,2,31,7169.77,7269.85,4.12,1,77161f9c84cf0b11759a6d2fb58884b15307401a2fb5523cbc6bfd0e5bcd8f48
kfu-s-93,official,5,ONE_BLOCKER,200,2,20,20,0,2,12,-228,246433,-0.0009252007645080001,46.73434286782576,2,0,0,0,0,1,90.77,95.41,4.78,1,a073acb0ba6c5db3fc88c3c4af19fe965b0dc73f156a08859366c818eed0adcd
kfu-s-93,official,5,SINGLE,200,2,20,20,0,2,12,-228,246433,-0.0009252007645080001,46.73434286782576,2,0,0,0,0,1,90.75,95.33,4.74,1,a073acb0ba6c5db3fc88c3c4af19fe965b0dc73f156a08859366c818eed0adcd
kfu-s-93,official,5,TBR_B4,200,2,20,20,0,2,12,-228,246433,-0.0009252007645080001,46.73434286782576,2,0,0,0,0,1,90.86,95.48,4.8,1,a073acb0ba6c5db3fc88c3c4af19fe965b0dc73f156a08859366c818eed0adcd
kfu-s-93,official,5,TBR_B16,200,2,20,20,0,2,12,-228,246433,-0.0009252007645080001,46.73434286782576,2,0,0,0,0,1,90.7,95.54,5.21,1,a073acb0ba6c5db3fc88c3c4af19fe965b0dc73f156a08859366c818eed0adcd
kfu-s-93,tight,6,TBR_B32,200,5,19,19,0,5,29,-288,247429,-0.001163970270259347,46.97850065432791,5,0,0,0,0,1,51.58,62.23,5.25,1,3f146fb0443f7f5a421afdc926b0ba687d9f161eec5c4231bd764ce61cf70c57
kfu-s-93,tight,6,TBR_B4,200,5,19,19,0,5,29,-288,247429,-0.001163970270259347,46.97850065432791,5,0,0,0,0,1,48.54,55.59,5.0,1,3f146fb0443f7f5a421afdc926b0ba687d9f161eec5c4231bd764ce61cf70c57
kfu-s-93,tight,6,TBR_B16,200,5,19,19,0,5,29,-288,247429,-0.001163970270259347,46.97850065432791,5,0,0,0,0,1,51.81,55.41,5.35,1,3f146fb0443f7f5a421afdc926b0ba687d9f161eec5c4231bd764ce61cf70c57
kfu-s-93,tight,6,SINGLE,200,5,19,19,0,5,29,-288,247429,-0.001163970270259347,46.97850065432791,5,0,0,0,0,1,46.74,66.46,4.66,1,3f146fb0443f7f5a421afdc926b0ba687d9f161eec5c4231bd764ce61cf70c57
kfu-s-93,tight,6,TBR_B2,200,5,19,19,0,5,29,-288,247429,-0.001163970270259347,46.97850065432791,5,0,0,0,0,1,53.24,58.14,4.92,1,3f146fb0443f7f5a421afdc926b0ba687d9f161eec5c4231bd764ce61cf70c57
kfu-s-93,tight,6,TBR_NOPROX,200,6,19,19,0,6,33,-81,247429,-0.0003273666385104414,47.02019068984857,6,0,0,0,0,1,36.75,44.52,4.69,1,0a4870e083ad366e63654ba1df9aca34bef76a2fb4e084e63632cfaa865faa42
kfu-s-93,tight,6,TBR_NOT2,200,5,19,19,0,5,29,-288,247429,-0.001163970270259347,46.97850065432791,5,0,0,0,0,1,53.81,61.91,4.85,1,3f146fb0443f7f5a421afdc926b0ba687d9f161eec5c4231bd764ce61cf70c57
kfu-s-93,tight,6,ONE_BLOCKER,200,5,19,19,0,5,29,-288,247429,-0.001163970270259347,46.97850065432791,5,0,0,0,0,1,48.2,53.86,4.56,1,3f146fb0443f7f5a421afdc926b0ba687d9f161eec5c4231bd764ce61cf70c57
kfu-s-93,tight,6,TBR,200,5,19,19,0,5,29,-288,247429,-0.001163970270259347,46.97850065432791,5,0,0,0,0,1,54.88,71.58,4.71,1,3f146fb0443f7f5a421afdc926b0ba687d9f161eec5c4231bd764ce61cf70c57
kfu-s-93,tight,6,RECOMPUTE,200,6,19,19,0,14,366,-506,247429,-0.0020450310998306586,46.94073658627781,0,0,0,0,6,5,6435.62,8172.26,4.05,1,ecd1fe3ac1d8598d2bb2c840ffe428188d1a3cd78e4a984617c77b4ea78cb92e
kfu-s-93,official,6,TBR_B32,200,5,20,20,0,5,29,-332,247429,-0.0013417990615489696,46.97027481772294,5,0,0,0,0,1,50.57,246.02,5.14,1,695218bf8747ab10d8c43d3ee6bf2181d01205f1f7a841d7318f3808c5cc44f2
kfu-s-93,official,6,TBR_B4,200,5,20,20,0,5,29,-332,247429,-0.0013417990615489696,46.97027481772294,5,0,0,0,0,1,45.77,226.15,4.98,1,695218bf8747ab10d8c43d3ee6bf2181d01205f1f7a841d7318f3808c5cc44f2
kfu-s-93,official,6,TBR_B16,200,5,20,20,0,5,29,-332,247429,-0.0013417990615489696,46.97027481772294,5,0,0,0,0,1,53.18,221.5,5.07,1,695218bf8747ab10d8c43d3ee6bf2181d01205f1f7a841d7318f3808c5cc44f2
kfu-s-93,official,6,SINGLE,200,5,20,20,0,5,29,-332,247429,-0.0013417990615489696,46.97027481772294,5,0,0,0,0,1,47.87,231.72,4.89,1,695218bf8747ab10d8c43d3ee6bf2181d01205f1f7a841d7318f3808c5cc44f2
kfu-s-93,official,6,TBR_B2,200,5,20,20,0,5,29,-332,247429,-0.0013417990615489696,46.97027481772294,5,0,0,0,0,1,83.72,228.43,4.87,1,695218bf8747ab10d8c43d3ee6bf2181d01205f1f7a841d7318f3808c5cc44f2
kfu-s-93,official,6,TBR_NOPROX,200,6,20,20,0,6,33,-81,247429,-0.0003273666385104414,47.02019068984857,6,0,0,0,0,1,36.65,46.13,4.87,1,4088a8b2e4311505d6549cf60e46849bc8231a7347ed3efffae343c342c3d392
kfu-s-93,official,6,TBR_NOT2,200,5,20,20,0,5,29,-332,247429,-0.0013417990615489696,46.97027481772294,5,0,0,0,0,1,47.0,226.95,4.67,1,695218bf8747ab10d8c43d3ee6bf2181d01205f1f7a841d7318f3808c5cc44f2
kfu-s-93,official,6,ONE_BLOCKER,200,5,20,20,0,5,29,-332,247429,-0.0013417990615489696,46.97027481772294,5,0,0,0,0,1,56.92,228.18,4.69,1,695218bf8747ab10d8c43d3ee6bf2181d01205f1f7a841d7318f3808c5cc44f2
kfu-s-93,official,6,TBR,200,5,20,20,0,5,29,-332,247429,-0.0013417990615489696,46.97027481772294,5,0,0,0,0,1,46.93,255.53,4.75,1,695218bf8747ab10d8c43d3ee6bf2181d01205f1f7a841d7318f3808c5cc44f2
kfu-s-93,official,6,RECOMPUTE,200,6,20,20,0,14,366,-506,247429,-0.0020450310998306586,46.94073658627781,0,0,0,0,6,5,6160.09,8047.71,4.01,1,157832d5015fc1808f17da41b17ecf4467e7aa971e87fb862a53f507e664856c
kfu-s-93,tight,7,TBR,200,4,19,19,0,4,43,-557,247269,-0.0022526074841569305,46.84913067863152,4,0,0,0,0,1,72.09,143.51,4.83,1,06cf814c4e01607b9b585cd284413f2a5467c276e37d2736758d67d1ef5b480a
kfu-s-93,tight,7,TBR_B2,200,4,19,19,0,4,43,-557,247269,-0.0022526074841569305,46.84913067863152,4,0,0,0,0,1,78.9,147.49,4.96,1,06cf814c4e01607b9b585cd284413f2a5467c276e37d2736758d67d1ef5b480a
kfu-s-93,tight,7,TBR_NOT2,200,4,19,19,0,4,43,-557,247269,-0.0022526074841569305,46.84913067863152,4,0,0,0,0,1,122.6,405.07,4.79,1,06cf814c4e01607b9b585cd284413f2a5467c276e37d2736758d67d1ef5b480a
kfu-s-93,tight,7,RECOMPUTE,200,5,19,19,0,181,4032,-146,247269,-0.0005904500766371846,46.94073658627781,0,0,0,0,5,92,6454.27,8201.23,3.95,1,bc45a30821bb190fb6a72ad22b2abd555593aeed51918ca87ffb54291c04f4c7
kfu-s-93,tight,7,TBR_B4,200,4,19,19,0,4,43,-557,247269,-0.0022526074841569305,46.84913067863152,4,0,0,0,0,1,71.63,141.46,4.91,1,06cf814c4e01607b9b585cd284413f2a5467c276e37d2736758d67d1ef5b480a
kfu-s-93,tight,7,SINGLE,200,4,19,19,0,4,43,-557,247269,-0.0022526074841569305,46.84913067863152,4,0,0,0,0,1,72.25,162.32,4.6,1,06cf814c4e01607b9b585cd284413f2a5467c276e37d2736758d67d1ef5b480a
kfu-s-93,tight,7,TBR_B16,200,4,19,19,0,4,43,-557,247269,-0.0022526074841569305,46.84913067863152,4,0,0,0,0,1,68.95,131.15,4.88,1,06cf814c4e01607b9b585cd284413f2a5467c276e37d2736758d67d1ef5b480a
kfu-s-93,tight,7,ONE_BLOCKER,200,4,19,19,0,4,43,-557,247269,-0.0022526074841569305,46.84913067863152,4,0,0,0,0,1,71.79,140.09,4.72,1,06cf814c4e01607b9b585cd284413f2a5467c276e37d2736758d67d1ef5b480a
kfu-s-93,tight,7,TBR_B32,200,4,19,19,0,4,43,-557,247269,-0.0022526074841569305,46.84913067863152,4,0,0,0,0,1,86.92,141.0,4.75,1,06cf814c4e01607b9b585cd284413f2a5467c276e37d2736758d67d1ef5b480a
kfu-s-93,tight,7,TBR_NOPROX,200,4,19,19,0,4,43,-203,247269,-0.0008209682572421129,46.91531127313517,4,0,0,0,0,1,38.95,43.59,4.71,1,ce0e88a18e576006b8275c1353efcdcb4d94511cc8d7fd9a43f73a4a580c7528
kfu-s-93,official,7,TBR,200,4,20,20,0,4,43,-614,247269,-0.0024831256647618585,46.83847448121144,4,0,0,0,0,1,112.03,240.87,4.84,1,47d1f6a3ea9c096530cc15577163f57bffb8a9c6c5c792327d52e09e24f2cf33
kfu-s-93,official,7,TBR_B2,200,4,20,20,0,4,43,-614,247269,-0.0024831256647618585,46.83847448121144,4,0,0,0,0,1,125.57,252.59,4.76,1,47d1f6a3ea9c096530cc15577163f57bffb8a9c6c5c792327d52e09e24f2cf33
kfu-s-93,official,7,TBR_NOT2,200,4,20,20,0,4,43,-614,247269,-0.0024831256647618585,46.83847448121144,4,0,0,0,0,1,116.73,246.19,4.97,1,47d1f6a3ea9c096530cc15577163f57bffb8a9c6c5c792327d52e09e24f2cf33
kfu-s-93,official,7,RECOMPUTE,200,5,20,20,0,181,4032,-146,247269,-0.0005904500766371846,46.94073658627781,0,0,0,0,5,92,6498.68,8388.18,4.04,1,a9d75d58df3bb4ce66f9ce1e1a41590438adbf9e4c1efbbe730c891d956ccf3c
kfu-s-93,official,7,TBR_B4,200,4,20,20,0,4,43,-614,247269,-0.0024831256647618585,46.83847448121144,4,0,0,0,0,1,120.97,259.07,5.0,1,47d1f6a3ea9c096530cc15577163f57bffb8a9c6c5c792327d52e09e24f2cf33
kfu-s-93,official,7,SINGLE,200,4,20,20,0,4,43,-614,247269,-0.0024831256647618585,46.83847448121144,4,0,0,0,0,1,112.75,254.38,4.88,1,47d1f6a3ea9c096530cc15577163f57bffb8a9c6c5c792327d52e09e24f2cf33
kfu-s-93,official,7,TBR_B16,200,4,20,20,0,4,43,-614,247269,-0.0024831256647618585,46.83847448121144,4,0,0,0,0,1,116.44,245.93,5.13,1,47d1f6a3ea9c096530cc15577163f57bffb8a9c6c5c792327d52e09e24f2cf33
kfu-s-93,official,7,ONE_BLOCKER,200,4,20,20,0,4,43,-614,247269,-0.0024831256647618585,46.83847448121144,4,0,0,0,0,1,135.2,246.82,4.66,1,47d1f6a3ea9c096530cc15577163f57bffb8a9c6c5c792327d52e09e24f2cf33
kfu-s-93,official,7,TBR_B32,200,4,20,20,0,4,43,-614,247269,-0.0024831256647618585,46.83847448121144,4,0,0,0,0,1,114.98,244.41,5.05,1,47d1f6a3ea9c096530cc15577163f57bffb8a9c6c5c792327d52e09e24f2cf33
kfu-s-93,official,7,TBR_NOPROX,200,4,20,20,0,4,43,-203,247269,-0.0008209682572421129,46.91531127313517,4,0,0,0,0,1,42.45,44.93,4.79,1,c30093f5d991b6432247b11e9b5a8fd23dceffef0ae0aa9b53db6182c47e1d3c
kfu-s-93,tight,8,SINGLE,200,4,19,19,0,4,60,-520,246178,-0.0021122927312757435,46.62983735277622,4,0,0,0,0,1,64.85,77.01,4.74,1,482551a81ce52cb562b317f66daee327b31e7fe223c93f06f8d1c472d732d9b5
kfu-s-93,tight,8,RECOMPUTE,200,4,19,19,0,25,717,1118,246178,0.004541429372242849,46.94073658627781,0,0,0,0,4,15,6265.85,8597.51,3.94,1,b59c8720f1ef86137e5dbed2f60c0cda0c12bf68f9c2258b5e2adb92e0a207ee
kfu-s-93,tight,8,TBR_NOPROX,200,4,19,19,0,4,60,-144,246178,-0.000584942602507129,46.70013086558235,4,0,0,0,0,1,53.61,56.8,6.31,1,c61cd7fe9ddbb3e5098a0e600e5f46b44e56b3a7af843b45f97d8acc7538859f
kfu-s-93,tight,8,TBR,200,4,19,19,0,4,60,-520,246178,-0.0021122927312757435,46.62983735277622,4,0,0,0,0,1,68.28,104.76,4.78,1,482551a81ce52cb562b317f66daee327b31e7fe223c93f06f8d1c472d732d9b5
kfu-s-93,tight,8,TBR_NOT2,200,4,19,19,0,4,60,-520,246178,-0.0021122927312757435,46.62983735277622,4,0,0,0,0,1,75.71,90.84,6.29,1,482551a81ce52cb562b317f66daee327b31e7fe223c93f06f8d1c472d732d9b5
kfu-s-93,tight,8,TBR_B2,200,4,19,19,0,4,60,-520,246178,-0.0021122927312757435,46.62983735277622,4,0,0,0,0,1,67.59,96.26,5.48,1,482551a81ce52cb562b317f66daee327b31e7fe223c93f06f8d1c472d732d9b5
kfu-s-93,tight,8,TBR_B32,200,4,19,19,0,4,60,-520,246178,-0.0021122927312757435,46.62983735277622,4,0,0,0,0,1,92.43,115.95,6.75,1,482551a81ce52cb562b317f66daee327b31e7fe223c93f06f8d1c472d732d9b5
kfu-s-93,tight,8,TBR_B16,200,4,19,19,0,4,60,-520,246178,-0.0021122927312757435,46.62983735277622,4,0,0,0,0,1,90.14,101.64,7.51,1,482551a81ce52cb562b317f66daee327b31e7fe223c93f06f8d1c472d732d9b5
kfu-s-93,tight,8,TBR_B4,200,4,19,19,0,4,60,-520,246178,-0.0021122927312757435,46.62983735277622,4,0,0,0,0,1,69.41,74.95,4.99,1,482551a81ce52cb562b317f66daee327b31e7fe223c93f06f8d1c472d732d9b5
kfu-s-93,tight,8,ONE_BLOCKER,200,4,19,19,0,4,60,-520,246178,-0.0021122927312757435,46.62983735277622,4,0,0,0,0,1,63.24,76.21,4.64,1,482551a81ce52cb562b317f66daee327b31e7fe223c93f06f8d1c472d732d9b5
kfu-s-93,official,8,SINGLE,200,4,20,20,0,4,60,-744,246178,-0.0030222034462868332,46.58796036642363,4,0,0,0,0,1,93.81,244.69,4.79,1,b6ae90033ce7d6d6778f6d5174707778e941cf0e977781cb068ed4d4e07218c3
kfu-s-93,official,8,RECOMPUTE,200,4,20,20,0,25,717,1118,246178,0.004541429372242849,46.94073658627781,0,0,0,0,4,15,7734.85,24651.78,4.01,1,e5700bed73af201f74a049041306305f587208395e7eade4c4c9610c021cb964
kfu-s-93,official,8,TBR_NOPROX,200,4,20,20,0,4,60,-144,246178,-0.000584942602507129,46.70013086558235,4,0,0,0,0,1,35.51,54.72,4.71,1,c876cf593d21d2b8d6f65bbfa85348bc7f0f30018248408ce3bfe1e3841a23fe
kfu-s-93,official,8,TBR,200,4,20,20,0,4,60,-744,246178,-0.0030222034462868332,46.58796036642363,4,0,0,0,0,1,96.95,235.39,4.98,1,b6ae90033ce7d6d6778f6d5174707778e941cf0e977781cb068ed4d4e07218c3
kfu-s-93,official,8,TBR_NOT2,200,4,20,20,0,4,60,-744,246178,-0.0030222034462868332,46.58796036642363,4,0,0,0,0,1,94.77,239.14,4.62,1,b6ae90033ce7d6d6778f6d5174707778e941cf0e977781cb068ed4d4e07218c3
kfu-s-93,official,8,TBR_B2,200,4,20,20,0,4,60,-744,246178,-0.0030222034462868332,46.58796036642363,4,0,0,0,0,1,100.78,266.89,5.16,1,b6ae90033ce7d6d6778f6d5174707778e941cf0e977781cb068ed4d4e07218c3
kfu-s-93,official,8,TBR_B32,200,4,20,20,0,4,60,-744,246178,-0.0030222034462868332,46.58796036642363,4,0,0,0,0,1,93.9,234.61,4.88,1,b6ae90033ce7d6d6778f6d5174707778e941cf0e977781cb068ed4d4e07218c3
kfu-s-93,official,8,TBR_B16,200,4,20,20,0,4,60,-744,246178,-0.0030222034462868332,46.58796036642363,4,0,0,0,0,1,96.43,235.75,4.74,1,b6ae90033ce7d6d6778f6d5174707778e941cf0e977781cb068ed4d4e07218c3
kfu-s-93,official,8,TBR_B4,200,4,20,20,0,4,60,-744,246178,-0.0030222034462868332,46.58796036642363,4,0,0,0,0,1,94.39,240.02,4.96,1,b6ae90033ce7d6d6778f6d5174707778e941cf0e977781cb068ed4d4e07218c3
kfu-s-93,official,8,ONE_BLOCKER,200,4,20,20,0,4,60,-744,246178,-0.0030222034462868332,46.58796036642363,4,0,0,0,0,1,96.92,255.35,4.84,1,b6ae90033ce7d6d6778f6d5174707778e941cf0e977781cb068ed4d4e07218c3
kfu-s-93,tight,9,TBR_B4,200,8,19,19,0,8,84,-1294,248096,-0.005215722945956404,46.8513740886147,8,0,0,0,0,1,58.71,104.97,4.9,1,a42407971fc030cf91b2d632f1eebc941c14ed293ffa09f383ba2a301e80a7b5
kfu-s-93,tight,9,ONE_BLOCKER,200,8,19,19,0,8,84,-1294,248096,-0.005215722945956404,46.8513740886147,8,0,0,0,0,1,61.14,97.25,4.59,1,a42407971fc030cf91b2d632f1eebc941c14ed293ffa09f383ba2a301e80a7b5
kfu-s-93,tight,9,SINGLE,200,8,19,19,0,8,84,-1294,248096,-0.005215722945956404,46.8513740886147,8,0,0,0,0,1,62.59,117.73,4.94,1,a42407971fc030cf91b2d632f1eebc941c14ed293ffa09f383ba2a301e80a7b5
kfu-s-93,tight,9,TBR_NOPROX,200,8,19,19,0,8,84,-825,248096,-0.003325325680381788,46.93905402879043,8,0,0,0,0,1,34.64,41.34,4.79,1,afc08ff078cf99b182aacb8919dce09b00e53156afb9b8d6cb0178f161df44b0
kfu-s-93,tight,9,TBR_B16,200,8,19,19,0,8,84,-1294,248096,-0.005215722945956404,46.8513740886147,8,0,0,0,0,1,59.44,98.69,5.01,1,a42407971fc030cf91b2d632f1eebc941c14ed293ffa09f383ba2a301e80a7b5
kfu-s-93,tight,9,TBR_B2,200,8,19,19,0,8,84,-1294,248096,-0.005215722945956404,46.8513740886147,8,0,0,0,0,1,60.04,98.11,4.78,1,a42407971fc030cf91b2d632f1eebc941c14ed293ffa09f383ba2a301e80a7b5
kfu-s-93,tight,9,TBR,200,8,19,19,0,8,84,-1294,248096,-0.005215722945956404,46.8513740886147,8,0,0,0,0,1,58.92,105.88,4.78,1,a42407971fc030cf91b2d632f1eebc941c14ed293ffa09f383ba2a301e80a7b5
kfu-s-93,tight,9,TBR_B32,200,8,19,19,0,8,84,-1294,248096,-0.005215722945956404,46.8513740886147,8,0,0,0,0,1,63.99,123.38,5.25,1,a42407971fc030cf91b2d632f1eebc941c14ed293ffa09f383ba2a301e80a7b5
kfu-s-93,tight,9,RECOMPUTE,200,9,19,19,0,69,1816,-766,248096,-0.0030875145105120597,46.94073658627781,0,0,0,0,9,46,6206.77,7669.44,4.13,1,354c285167f69c60279acd3620fc944013bc3271b98465b3f0c9b92b72f2c101
kfu-s-93,tight,9,TBR_NOT2,200,8,19,19,0,8,84,-1294,248096,-0.005215722945956404,46.8513740886147,8,0,0,0,0,1,57.8,103.96,4.76,1,a42407971fc030cf91b2d632f1eebc941c14ed293ffa09f383ba2a301e80a7b5
kfu-s-93,official,9,TBR_B4,200,8,20,20,0,8,84,-1415,248096,-0.005703437379079066,46.82875303795102,8,0,0,0,0,1,60.94,109.02,5.01,1,e40ae3dcedae5f898a0c357e3d2f91c399e2225a60c3b1a3284b1660ac103af3
kfu-s-93,official,9,ONE_BLOCKER,200,8,20,20,0,8,84,-1415,248096,-0.005703437379079066,46.82875303795102,8,0,0,0,0,1,56.2,115.31,4.97,1,e40ae3dcedae5f898a0c357e3d2f91c399e2225a60c3b1a3284b1660ac103af3
kfu-s-93,official,9,SINGLE,200,8,20,20,0,8,84,-1415,248096,-0.005703437379079066,46.82875303795102,8,0,0,0,0,1,59.33,108.83,5.45,1,e40ae3dcedae5f898a0c357e3d2f91c399e2225a60c3b1a3284b1660ac103af3
kfu-s-93,official,9,TBR_NOPROX,200,8,20,20,0,8,84,-825,248096,-0.003325325680381788,46.93905402879043,8,0,0,0,0,1,34.58,55.89,4.84,1,ec320566b530a33d8be14086c1a1b39f84d1bed4fac042ff2d25525b599368c4
kfu-s-93,official,9,TBR_B16,200,8,20,20,0,8,84,-1415,248096,-0.005703437379079066,46.82875303795102,8,0,0,0,0,1,67.36,109.5,4.95,1,e40ae3dcedae5f898a0c357e3d2f91c399e2225a60c3b1a3284b1660ac103af3
kfu-s-93,official,9,TBR_B2,200,8,20,20,0,8,84,-1415,248096,-0.005703437379079066,46.82875303795102,8,0,0,0,0,1,55.99,100.31,4.97,1,e40ae3dcedae5f898a0c357e3d2f91c399e2225a60c3b1a3284b1660ac103af3
kfu-s-93,official,9,TBR,200,8,20,20,0,8,84,-1415,248096,-0.005703437379079066,46.82875303795102,8,0,0,0,0,1,61.77,120.05,4.92,1,e40ae3dcedae5f898a0c357e3d2f91c399e2225a60c3b1a3284b1660ac103af3
kfu-s-93,official,9,TBR_B32,200,8,20,20,0,8,84,-1415,248096,-0.005703437379079066,46.82875303795102,8,0,0,0,0,1,54.69,101.51,4.95,1,e40ae3dcedae5f898a0c357e3d2f91c399e2225a60c3b1a3284b1660ac103af3
kfu-s-93,official,9,RECOMPUTE,200,9,20,20,0,69,1816,-766,248096,-0.0030875145105120597,46.94073658627781,0,0,0,0,9,46,6173.51,7704.2,4.19,1,8d181e2e2600c58370b85d0c24968c12d88232c61df26257d14debb3821dabd7
kfu-s-93,official,9,TBR_NOT2,200,8,20,20,0,8,84,-1415,248096,-0.005703437379079066,46.82875303795102,8,0,0,0,0,1,71.37,101.87,4.66,1,e40ae3dcedae5f898a0c357e3d2f91c399e2225a60c3b1a3284b1660ac103af3
lse-f-91,tight,0,RECOMPUTE,200,11,19,19,0,484,9039,2738,73523,0.03724004733212736,29.071533382245047,0,0,0,0,11,128,4829.11,5564.8,4.01,1,cfb25475e19f487e924a8821e482a04c3e6133f5f82f1795dba3aa04a830fcc5
lse-f-91,tight,0,ONE_BLOCKER,200,10,19,19,0,10,124,-1671,73523,-0.022727581845136895,27.415260454878943,10,0,0,0,0,1,62.88,138.65,4.31,1,07d7bfae7bbb7678dd7e0d9478c9d1202ddd444724fcc93e421acdcf141ac124
lse-f-91,tight,0,SINGLE,200,10,19,19,0,10,124,-1671,73523,-0.022727581845136895,27.415260454878943,10,0,0,0,0,1,66.08,135.97,4.29,1,07d7bfae7bbb7678dd7e0d9478c9d1202ddd444724fcc93e421acdcf141ac124
lse-f-91,tight,0,TBR_B16,200,10,19,19,0,10,124,-1671,73523,-0.022727581845136895,27.415260454878943,10,0,0,0,0,1,65.22,152.35,4.83,1,07d7bfae7bbb7678dd7e0d9478c9d1202ddd444724fcc93e421acdcf141ac124
lse-f-91,tight,0,TBR_B2,200,10,19,19,0,10,124,-1671,73523,-0.022727581845136895,27.415260454878943,10,0,0,0,0,1,70.5,121.38,4.58,1,07d7bfae7bbb7678dd7e0d9478c9d1202ddd444724fcc93e421acdcf141ac124
lse-f-91,tight,0,TBR_B4,200,10,19,19,0,10,124,-1671,73523,-0.022727581845136895,27.415260454878943,10,0,0,0,0,1,65.48,130.81,4.39,1,07d7bfae7bbb7678dd7e0d9478c9d1202ddd444724fcc93e421acdcf141ac124
lse-f-91,tight,0,TBR_NOT2,200,10,19,19,0,10,124,-1671,73523,-0.022727581845136895,27.415260454878943,10,0,0,0,0,1,68.63,122.35,4.13,1,07d7bfae7bbb7678dd7e0d9478c9d1202ddd444724fcc93e421acdcf141ac124
lse-f-91,tight,0,TBR,200,10,19,19,0,10,124,-1671,73523,-0.022727581845136895,27.415260454878943,10,0,0,0,0,1,70.42,135.85,4.5,1,07d7bfae7bbb7678dd7e0d9478c9d1202ddd444724fcc93e421acdcf141ac124
lse-f-91,tight,0,TBR_NOPROX,200,10,19,19,0,10,124,-913,73523,-0.012417882839383594,27.695524578136464,10,0,0,0,0,1,33.14,44.53,4.17,1,ab0172dc343d14419e100c7da51b2298aad28fab854094f28becce38519a5cb9
lse-f-91,tight,0,TBR_B32,200,10,19,19,0,10,124,-1671,73523,-0.022727581845136895,27.415260454878943,10,0,0,0,0,1,64.64,142.07,4.54,1,07d7bfae7bbb7678dd7e0d9478c9d1202ddd444724fcc93e421acdcf141ac124
lse-f-91,official,0,RECOMPUTE,200,11,19,19,0,484,9039,2738,73523,0.03724004733212736,29.071533382245047,0,0,0,0,11,128,4540.14,6213.3,3.85,1,cfb25475e19f487e924a8821e482a04c3e6133f5f82f1795dba3aa04a830fcc5
lse-f-91,official,0,ONE_BLOCKER,200,10,19,19,0,10,124,-1671,73523,-0.022727581845136895,27.415260454878943,10,0,0,0,0,1,70.23,139.36,4.25,1,07d7bfae7bbb7678dd7e0d9478c9d1202ddd444724fcc93e421acdcf141ac124
lse-f-91,official,0,SINGLE,200,10,19,19,0,10,124,-1671,73523,-0.022727581845136895,27.415260454878943,10,0,0,0,0,1,62.13,132.92,4.24,1,07d7bfae7bbb7678dd7e0d9478c9d1202ddd444724fcc93e421acdcf141ac124
lse-f-91,official,0,TBR_B16,200,10,19,19,0,10,124,-1671,73523,-0.022727581845136895,27.415260454878943,10,0,0,0,0,1,62.38,129.13,4.47,1,07d7bfae7bbb7678dd7e0d9478c9d1202ddd444724fcc93e421acdcf141ac124
lse-f-91,official,0,TBR_B2,200,10,19,19,0,10,124,-1671,73523,-0.022727581845136895,27.415260454878943,10,0,0,0,0,1,62.51,130.46,4.28,1,07d7bfae7bbb7678dd7e0d9478c9d1202ddd444724fcc93e421acdcf141ac124
lse-f-91,official,0,TBR_B4,200,10,19,19,0,10,124,-1671,73523,-0.022727581845136895,27.415260454878943,10,0,0,0,0,1,68.35,126.13,4.29,1,07d7bfae7bbb7678dd7e0d9478c9d1202ddd444724fcc93e421acdcf141ac124
lse-f-91,official,0,TBR_NOT2,200,10,19,19,0,10,124,-1671,73523,-0.022727581845136895,27.415260454878943,10,0,0,0,0,1,71.21,120.3,4.27,1,07d7bfae7bbb7678dd7e0d9478c9d1202ddd444724fcc93e421acdcf141ac124
lse-f-91,official,0,TBR,200,10,19,19,0,10,124,-1671,73523,-0.022727581845136895,27.415260454878943,10,0,0,0,0,1,69.74,136.91,4.31,1,07d7bfae7bbb7678dd7e0d9478c9d1202ddd444724fcc93e421acdcf141ac124
lse-f-91,official,0,TBR_NOPROX,200,10,19,19,0,10,124,-913,73523,-0.012417882839383594,27.695524578136464,10,0,0,0,0,1,32.95,40.86,4.25,1,ab0172dc343d14419e100c7da51b2298aad28fab854094f28becce38519a5cb9
lse-f-91,official,0,TBR_B32,200,10,19,19,0,10,124,-1671,73523,-0.022727581845136895,27.415260454878943,10,0,0,0,0,1,64.02,121.66,4.5,1,07d7bfae7bbb7678dd7e0d9478c9d1202ddd444724fcc93e421acdcf141ac124
lse-f-91,tight,1,TBR_B32,200,13,18,20,2,13,293,-3815,75009,-0.05086056339905878,27.168011738811444,11,0,0,2,0,1,76.31,3479.39,4.56,1,dcb17398dc59f9334ad96053da49a4165c8150d4213098ed6a605c351eb755a7
lse-f-91,tight,1,TBR_B4,200,13,18,20,2,13,293,-3815,75009,-0.05086056339905878,27.168011738811444,11,0,0,2,0,1,77.47,643.29,4.54,1,dcb17398dc59f9334ad96053da49a4165c8150d4213098ed6a605c351eb755a7
lse-f-91,tight,1,ONE_BLOCKER,200,13,18,20,2,13,293,-3815,75009,-0.05086056339905878,27.168011738811444,11,0,0,2,0,1,83.81,216.86,4.24,1,dcb17398dc59f9334ad96053da49a4165c8150d4213098ed6a605c351eb755a7
lse-f-91,tight,1,TBR,200,13,18,20,2,13,293,-3815,75009,-0.05086056339905878,27.168011738811444,11,0,0,2,0,1,76.7,1005.08,4.39,1,dcb17398dc59f9334ad96053da49a4165c8150d4213098ed6a605c351eb755a7
lse-f-91,tight,1,TBR_B2,200,13,18,20,2,13,293,-3815,75009,-0.05086056339905878,27.168011738811444,11,0,0,2,0,1,78.03,210.74,4.5,1,dcb17398dc59f9334ad96053da49a4165c8150d4213098ed6a605c351eb755a7
lse-f-91,tight,1,TBR_NOPROX,200,13,18,19,1,14,398,-3479,75009,-0.04638110093455452,27.29897285399853,11,1,0,1,0,2,36.74,395.8,4.16,1,b3e69a288e4c6cac6d6d7aaa4d79e1bba77f06437febae719330f543d3f0abf1
lse-f-91,tight,1,RECOMPUTE,200,10,18,19,1,289,5878,806,75009,0.010745377221400098,28.94203961848863,0,0,0,0,10,153,4744.42,5279.44,3.61,1,bc01a421e4e48407c21e9c13291b422ae99b5b8619de476013b2250391110703
lse-f-91,tight,1,TBR_B16,200,13,18,20,2,13,293,-3815,75009,-0.05086056339905878,27.168011738811444,11,0,0,2,0,1,80.64,2087.62,4.83,1,dcb17398dc59f9334ad96053da49a4165c8150d4213098ed6a605c351eb755a7
lse-f-91,tight,1,SINGLE,200,13,18,20,2,13,293,-3815,75009,-0.05086056339905878,27.168011738811444,11,0,0,2,0,1,72.91,150.99,4.49,1,dcb17398dc59f9334ad96053da49a4165c8150d4213098ed6a605c351eb755a7
lse-f-91,tight,1,TBR_NOT2,200,13,18,20,2,13,293,-3815,75009,-0.05086056339905878,27.168011738811444,11,0,0,2,0,1,79.08,851.94,4.62,1,dcb17398dc59f9334ad96053da49a4165c8150d4213098ed6a605c351eb755a7
lse-f-91,official,1,TBR_B32,200,13,18,20,2,13,293,-3815,75009,-0.05086056339905878,27.168011738811444,11,0,0,2,0,1,84.17,3560.96,4.75,1,dcb17398dc59f9334ad96053da49a4165c8150d4213098ed6a605c351eb755a7
lse-f-91,official,1,TBR_B4,200,13,18,20,2,13,293,-3815,75009,-0.05086056339905878,27.168011738811444,11,0,0,2,0,1,84.88,648.89,4.59,1,dcb17398dc59f9334ad96053da49a4165c8150d4213098ed6a605c351eb755a7
lse-f-91,official,1,ONE_BLOCKER,200,13,18,20,2,13,293,-3815,75009,-0.05086056339905878,27.168011738811444,11,0,0,2,0,1,74.78,236.01,4.56,1,dcb17398dc59f9334ad96053da49a4165c8150d4213098ed6a605c351eb755a7
lse-f-91,official,1,TBR,200,13,18,20,2,13,293,-3815,75009,-0.05086056339905878,27.168011738811444,11,0,0,2,0,1,78.46,1090.05,4.66,1,dcb17398dc59f9334ad96053da49a4165c8150d4213098ed6a605c351eb755a7
lse-f-91,official,1,TBR_B2,200,13,18,20,2,13,293,-3815,75009,-0.05086056339905878,27.168011738811444,11,0,0,2,0,1,75.38,232.89,4.55,1,dcb17398dc59f9334ad96053da49a4165c8150d4213098ed6a605c351eb755a7
lse-f-91,official,1,TBR_NOPROX,200,13,18,19,1,14,398,-3479,75009,-0.04638110093455452,27.29897285399853,11,1,0,1,0,2,38.28,431.37,4.25,1,b3e69a288e4c6cac6d6d7aaa4d79e1bba77f06437febae719330f543d3f0abf1
lse-f-91,official,1,RECOMPUTE,200,10,18,19,1,289,5878,806,75009,0.010745377221400098,28.94203961848863,0,0,0,0,10,153,4795.15,5525.44,3.75,1,bc01a421e4e48407c21e9c13291b422ae99b5b8619de476013b2250391110703
lse-f-91,official,1,TBR_B16,200,13,18,20,2,13,293,-3815,75009,-0.05086056339905878,27.168011738811444,11,0,0,2,0,1,77.31,2046.28,4.63,1,dcb17398dc59f9334ad96053da49a4165c8150d4213098ed6a605c351eb755a7
lse-f-91,official,1,SINGLE,200,13,18,20,2,13,293,-3815,75009,-0.05086056339905878,27.168011738811444,11,0,0,2,0,1,70.58,151.42,4.42,1,dcb17398dc59f9334ad96053da49a4165c8150d4213098ed6a605c351eb755a7
lse-f-91,official,1,TBR_NOT2,200,13,18,20,2,13,293,-3815,75009,-0.05086056339905878,27.168011738811444,11,0,0,2,0,1,95.99,841.59,4.41,1,dcb17398dc59f9334ad96053da49a4165c8150d4213098ed6a605c351eb755a7
lse-f-91,tight,2,TBR_B16,200,10,17,17,0,10,227,-2635,72865,-0.036162766760447405,26.735509904622155,10,0,0,0,0,1,58.49,115.85,4.67,1,1d2b7fa5d17cd2fcd66c6041f399a4eb5c2c4dd0419f0c6e81c646afe12b725a
lse-f-91,tight,2,TBR_B4,200,10,17,17,0,10,227,-2635,72865,-0.036162766760447405,26.735509904622155,10,0,0,0,0,1,51.99,114.42,4.55,1,1d2b7fa5d17cd2fcd66c6041f399a4eb5c2c4dd0419f0c6e81c646afe12b725a
lse-f-91,tight,2,TBR_B32,200,10,17,17,0,10,227,-2635,72865,-0.036162766760447405,26.735509904622155,10,0,0,0,0,1,52.15,97.66,4.54,1,1d2b7fa5d17cd2fcd66c6041f399a4eb5c2c4dd0419f0c6e81c646afe12b725a
lse-f-91,tight,2,TBR_NOT2,200,10,17,17,0,10,227,-2635,72865,-0.036162766760447405,26.735509904622155,10,0,0,0,0,1,58.09,114.25,4.46,1,1d2b7fa5d17cd2fcd66c6041f399a4eb5c2c4dd0419f0c6e81c646afe12b725a
lse-f-91,tight,2,ONE_BLOCKER,200,10,17,17,0,10,227,-2635,72865,-0.036162766760447405,26.735509904622155,10,0,0,0,0,1,54.02,95.12,4.46,1,1d2b7fa5d17cd2fcd66c6041f399a4eb5c2c4dd0419f0c6e81c646afe12b725a
lse-f-91,tight,2,TBR,200,10,17,17,0,10,227,-2635,72865,-0.036162766760447405,26.735509904622155,10,0,0,0,0,1,53.8,116.2,4.46,1,1d2b7fa5d17cd2fcd66c6041f399a4eb5c2c4dd0419f0c6e81c646afe12b725a
lse-f-91,tight,2,TBR_NOPROX,200,10,17,17,0,10,227,-2145,72865,-0.029438001784121322,26.915260454878943,10,0,0,0,0,1,32.64,45.12,4.37,1,da1e380281b8061c3c9f606ee771d4ee5410046a99ef954cfe8bab2bf80e62a4
lse-f-91,tight,2,SINGLE,200,10,17,17,0,10,227,-2635,72865,-0.036162766760447405,26.735509904622155,10,0,0,0,0,1,62.03,95.12,4.35,1,1d2b7fa5d17cd2fcd66c6041f399a4eb5c2c4dd0419f0c6e81c646afe12b725a
lse-f-91,tight,2,RECOMPUTE,200,16,17,19,2,659,13291,1343,72865,0.018431345639195774,28.337857666911226,0,0,0,0,16,214,4841.04,5345.73,4.25,1,2b8683d6d8ccbfe7e8ec97de867d47c80283ebd0bb2e476af5a732977a2e3122
lse-f-91,tight,2,TBR_B2,200,10,17,17,0,10,227,-2635,72865,-0.036162766760447405,26.735509904622155,10,0,0,0,0,1,57.54,100.73,4.54,1,1d2b7fa5d17cd2fcd66c6041f399a4eb5c2c4dd0419f0c6e81c646afe12b725a
lse-f-91,official,2,TBR_B16,200,10,18,18,0,10,227,-3184,72865,-0.04369724833596377,26.526412325752016,10,0,0,0,0,1,73.37,180.66,4.58,1,7e9f0a752f2be3628775b1a90112daca51ec65b7a0a82088fd2bb3d73ec5c6f4
lse-f-91,official,2,TBR_B4,200,10,18,18,0,10,227,-3184,72865,-0.04369724833596377,26.526412325752016,10,0,0,0,0,1,65.46,141.24,4.59,1,7e9f0a752f2be3628775b1a90112daca51ec65b7a0a82088fd2bb3d73ec5c6f4
lse-f-91,official,2,TBR_B32,200,10,18,18,0,10,227,-3184,72865,-0.04369724833596377,26.526412325752016,10,0,0,0,0,1,66.44,178.59,4.48,1,7e9f0a752f2be3628775b1a90112daca51ec65b7a0a82088fd2bb3d73ec5c6f4
lse-f-91,official,2,TBR_NOT2,200,10,18,18,0,10,227,-3184,72865,-0.04369724833596377,26.526412325752016,10,0,0,0,0,1,65.01,141.75,4.61,1,7e9f0a752f2be3628775b1a90112daca51ec65b7a0a82088fd2bb3d73ec5c6f4
lse-f-91,official,2,ONE_BLOCKER,200,10,18,18,0,10,227,-3184,72865,-0.04369724833596377,26.526412325752016,10,0,0,0,0,1,62.51,157.96,4.37,1,7e9f0a752f2be3628775b1a90112daca51ec65b7a0a82088fd2bb3d73ec5c6f4
lse-f-91,official,2,TBR,200,10,18,18,0,10,227,-3184,72865,-0.04369724833596377,26.526412325752016,10,0,0,0,0,1,67.6,155.91,4.48,1,7e9f0a752f2be3628775b1a90112daca51ec65b7a0a82088fd2bb3d73ec5c6f4
lse-f-91,official,2,TBR_NOPROX,200,10,18,18,0,10,227,-2145,72865,-0.029438001784121322,26.915260454878943,10,0,0,0,0,1,32.29,60.09,4.39,1,dcb36b4c74a2fca089e41c9ee198436a75478fc7f5308036085febd2b46691da
lse-f-91,official,2,SINGLE,200,10,18,18,0,10,227,-3184,72865,-0.04369724833596377,26.526412325752016,10,0,0,0,0,1,66.47,153.01,4.65,1,7e9f0a752f2be3628775b1a90112daca51ec65b7a0a82088fd2bb3d73ec5c6f4
lse-f-91,official,2,RECOMPUTE,200,16,18,19,1,659,13291,1446,72865,0.019844918685239826,28.378576669112253,0,0,0,0,16,214,4860.57,5677.87,4.52,1,6f727fc686d95e2e5071656aaabe105ab3cae81f825718fa68b907e362955b27
lse-f-91,official,2,TBR_B2,200,10,18,18,0,10,227,-3184,72865,-0.04369724833596377,26.526412325752016,10,0,0,0,0,1,69.7,167.5,4.67,1,7e9f0a752f2be3628775b1a90112daca51ec65b7a0a82088fd2bb3d73ec5c6f4
lse-f-91,tight,3,TBR_B16,200,7,18,18,0,8,464,-2060,74660,-0.02759174926332708,27.564930300807042,6,1,0,0,0,2,81.03,280.72,4.56,1,48e6e95dd1af6c542b45a6349fc4052ae8f97bcbb762b60d17662f71b54e9eef
lse-f-91,tight,3,TBR_NOPROX,200,7,18,18,0,8,464,-1475,74660,-0.01975622823466381,27.779897285399855,6,1,0,0,0,2,34.65,85.87,4.28,1,aa02c0ba76a256335a6e37c225dcd83ef13d8c3bad50c44862dbb79cb3448ee2
lse-f-91,tight,3,TBR_B4,200,7,18,18,0,8,464,-2060,74660,-0.02759174926332708,27.564930300807042,6,1,0,0,0,2,85.24,229.85,4.35,1,48e6e95dd1af6c542b45a6349fc4052ae8f97bcbb762b60d17662f71b54e9eef
lse-f-91,tight,3,ONE_BLOCKER,200,7,18,18,0,8,464,-2060,74660,-0.02759174926332708,27.564930300807042,6,1,0,0,0,2,82.38,231.92,4.16,1,48e6e95dd1af6c542b45a6349fc4052ae8f97bcbb762b60d17662f71b54e9eef
lse-f-91,tight,3,TBR_NOT2,200,7,18,19,1,7,187,-2352,74660,-0.0315028127511385,27.451944240645634,6,0,0,1,0,1,86.54,616.96,4.16,1,a37a1ab1ebe54880b03d5a2c45949e5565cd68da9b8505c3aee9c46bf25ab457
lse-f-91,tight,3,TBR_B32,200,7,18,18,0,8,464,-2060,74660,-0.02759174926332708,27.564930300807042,6,1,0,0,0,2,86.9,241.84,4.33,1,48e6e95dd1af6c542b45a6349fc4052ae8f97bcbb762b60d17662f71b54e9eef
lse-f-91,tight,3,SINGLE,200,7,18,19,1,7,187,-2352,74660,-0.0315028127511385,27.451944240645634,6,0,0,1,0,1,71.68,136.0,4.06,1,a37a1ab1ebe54880b03d5a2c45949e5565cd68da9b8505c3aee9c46bf25ab457
lse-f-91,tight,3,TBR_B2,200,7,18,18,0,8,464,-2060,74660,-0.02759174926332708,27.564930300807042,6,1,0,0,0,2,80.23,239.13,4.32,1,48e6e95dd1af6c542b45a6349fc4052ae8f97bcbb762b60d17662f71b54e9eef
lse-f-91,tight,3,TBR,200,7,18,18,0,8,464,-2060,74660,-0.02759174926332708,27.564930300807042,6,1,0,0,0,2,78.16,233.95,4.21,1,48e6e95dd1af6c542b45a6349fc4052ae8f97bcbb762b60d17662f71b54e9eef
lse-f-91,tight,3,RECOMPUTE,200,7,18,18,0,304,6293,-3601,74660,-0.0482319849986606,27.02751283932502,0,0,0,0,7,150,4812.27,5207.27,3.43,1,0377f108b74e96c1d7dcc5abbafa2650678026716e81637e5f7187ce349b58b2
lse-f-91,official,3,TBR_B16,200,7,18,18,0,8,464,-2060,74660,-0.02759174926332708,27.564930300807042,6,1,0,0,0,2,84.09,230.76,4.33,1,48e6e95dd1af6c542b45a6349fc4052ae8f97bcbb762b60d17662f71b54e9eef
lse-f-91,official,3,TBR_NOPROX,200,7,18,18,0,8,464,-1475,74660,-0.01975622823466381,27.779897285399855,6,1,0,0,0,2,31.79,84.94,4.34,1,aa02c0ba76a256335a6e37c225dcd83ef13d8c3bad50c44862dbb79cb3448ee2
lse-f-91,official,3,TBR_B4,200,7,18,18,0,8,464,-2060,74660,-0.02759174926332708,27.564930300807042,6,1,0,0,0,2,78.79,240.12,4.37,1,48e6e95dd1af6c542b45a6349fc4052ae8f97bcbb762b60d17662f71b54e9eef
lse-f-91,official,3,ONE_BLOCKER,200,7,18,18,0,8,464,-2060,74660,-0.02759174926332708,27.564930300807042,6,1,0,0,0,2,87.0,239.2,4.25,1,48e6e95dd1af6c542b45a6349fc4052ae8f97bcbb762b60d17662f71b54e9eef
lse-f-91,official,3,TBR_NOT2,200,7,18,19,1,7,187,-2352,74660,-0.0315028127511385,27.451944240645634,6,0,0,1,0,1,83.34,633.66,4.54,1,a37a1ab1ebe54880b03d5a2c45949e5565cd68da9b8505c3aee9c46bf25ab457
lse-f-91,official,3,TBR_B32,200,7,18,18,0,8,464,-2060,74660,-0.02759174926332708,27.564930300807042,6,1,0,0,0,2,85.28,257.11,4.4,1,48e6e95dd1af6c542b45a6349fc4052ae8f97bcbb762b60d17662f71b54e9eef
lse-f-91,official,3,SINGLE,200,7,18,19,1,7,187,-2352,74660,-0.0315028127511385,27.451944240645634,6,0,0,1,0,1,67.09,119.93,4.21,1,a37a1ab1ebe54880b03d5a2c45949e5565cd68da9b8505c3aee9c46bf25ab457
lse-f-91,official,3,TBR_B2,200,7,18,18,0,8,464,-2060,74660,-0.02759174926332708,27.564930300807042,6,1,0,0,0,2,82.15,241.62,4.3,1,48e6e95dd1af6c542b45a6349fc4052ae8f97bcbb762b60d17662f71b54e9eef
lse-f-91,official,3,TBR,200,7,18,18,0,8,464,-2060,74660,-0.02759174926332708,27.564930300807042,6,1,0,0,0,2,83.72,238.23,4.13,1,48e6e95dd1af6c542b45a6349fc4052ae8f97bcbb762b60d17662f71b54e9eef
lse-f-91,official,3,RECOMPUTE,200,7,18,18,0,304,6293,-3601,74660,-0.0482319849986606,27.02751283932502,0,0,0,0,7,150,4841.91,5399.51,3.46,1,0377f108b74e96c1d7dcc5abbafa2650678026716e81637e5f7187ce349b58b2
lse-f-91,tight,4,TBR,200,12,19,19,0,12,115,-1860,77293,-0.0240642749019963,28.731107850330154,12,0,0,0,0,1,75.39,108.28,4.37,1,77a4a183954767ac0e74e621c12ba8c325a3ac8f42640489ed22205a179fcd1d
lse-f-91,tight,4,TBR_B16,200,12,19,19,0,12,115,-1860,77293,-0.0240642749019963,28.731107850330154,12,0,0,0,0,1,77.76,105.56,4.39,1,77a4a183954767ac0e74e621c12ba8c325a3ac8f42640489ed22205a179fcd1d
lse-f-91,tight,4,RECOMPUTE,200,13,19,19,0,561,10889,-6859,77293,-0.0887402481466627,26.892149669845928,0,0,0,0,13,145,4747.86,5285.32,3.83,1,8dcb18bc96645ac1fa28876b70fb2967626689c031b64332b4c25c590a861b28
lse-f-91,tight,4,ONE_BLOCKER,200,12,19,19,0,12,115,-1860,77293,-0.0240642749019963,28.731107850330154,12,0,0,0,0,1,76.47,98.75,4.33,1,77a4a183954767ac0e74e621c12ba8c325a3ac8f42640489ed22205a179fcd1d
lse-f-91,tight,4,TBR_NOPROX,200,12,19,19,0,12,115,-247,77293,-0.0031956322047274658,29.348129126925897,12,0,0,0,0,1,33.22,50.65,4.25,1,f89ea1bbf895fba4ad0577ca48d97c3b5326357da1339d0aa8bf8223af28be47
lse-f-91,tight,4,TBR_NOT2,200,12,19,19,0,12,115,-1860,77293,-0.0240642749019963,28.731107850330154,12,0,0,0,0,1,75.09,109.41,4.25,1,77a4a183954767ac0e74e621c12ba8c325a3ac8f42640489ed22205a179fcd1d
lse-f-91,tight,4,TBR_B2,200,12,19,19,0,12,115,-1860,77293,-0.0240642749019963,28.731107850330154,12,0,0,0,0,1,75.3,101.97,4.7,1,77a4a183954767ac0e74e621c12ba8c325a3ac8f42640489ed22205a179fcd1d
lse-f-91,tight,4,SINGLE,200,12,19,19,0,12,115,-1860,77293,-0.0240642749019963,28.731107850330154,12,0,0,0,0,1,77.41,123.53,4.41,1,77a4a183954767ac0e74e621c12ba8c325a3ac8f42640489ed22205a179fcd1d
lse-f-91,tight,4,TBR_B4,200,12,19,19,0,12,115,-1860,77293,-0.0240642749019963,28.731107850330154,12,0,0,0,0,1,74.74,107.69,4.47,1,77a4a183954767ac0e74e621c12ba8c325a3ac8f42640489ed22205a179fcd1d
lse-f-91,tight,4,TBR_B32,200,12,19,19,0,12,115,-1860,77293,-0.0240642749019963,28.731107850330154,12,0,0,0,0,1,75.95,123.09,4.55,1,77a4a183954767ac0e74e621c12ba8c325a3ac8f42640489ed22205a179fcd1d
lse-f-91,official,4,TBR,200,12,19,19,0,12,115,-1860,77293,-0.0240642749019963,28.731107850330154,12,0,0,0,0,1,81.45,116.88,4.22,1,77a4a183954767ac0e74e621c12ba8c325a3ac8f42640489ed22205a179fcd1d
lse-f-91,official,4,TBR_B16,200,12,19,19,0,12,115,-1860,77293,-0.0240642749019963,28.731107850330154,12,0,0,0,0,1,78.01,109.39,4.48,1,77a4a183954767ac0e74e621c12ba8c325a3ac8f42640489ed22205a179fcd1d
lse-f-91,official,4,RECOMPUTE,200,13,19,19,0,561,10889,-6859,77293,-0.0887402481466627,26.892149669845928,0,0,0,0,13,145,4718.91,5268.0,4.01,1,8dcb18bc96645ac1fa28876b70fb2967626689c031b64332b4c25c590a861b28
lse-f-91,official,4,ONE_BLOCKER,200,12,19,19,0,12,115,-1860,77293,-0.0240642749019963,28.731107850330154,12,0,0,0,0,1,77.57,110.12,4.3,1,77a4a183954767ac0e74e621c12ba8c325a3ac8f42640489ed22205a179fcd1d
lse-f-91,official,4,TBR_NOPROX,200,12,19,19,0,12,115,-247,77293,-0.0031956322047274658,29.348129126925897,12,0,0,0,0,1,36.68,47.03,4.58,1,f89ea1bbf895fba4ad0577ca48d97c3b5326357da1339d0aa8bf8223af28be47
lse-f-91,official,4,TBR_NOT2,200,12,19,19,0,12,115,-1860,77293,-0.0240642749019963,28.731107850330154,12,0,0,0,0,1,76.4,98.99,4.28,1,77a4a183954767ac0e74e621c12ba8c325a3ac8f42640489ed22205a179fcd1d
lse-f-91,official,4,TBR_B2,200,12,19,19,0,12,115,-1860,77293,-0.0240642749019963,28.731107850330154,12,0,0,0,0,1,77.45,110.91,4.69,1,77a4a183954767ac0e74e621c12ba8c325a3ac8f42640489ed22205a179fcd1d
lse-f-91,official,4,SINGLE,200,12,19,19,0,12,115,-1860,77293,-0.0240642749019963,28.731107850330154,12,0,0,0,0,1,81.77,134.08,4.71,1,77a4a183954767ac0e74e621c12ba8c325a3ac8f42640489ed22205a179fcd1d
lse-f-91,official,4,TBR_B4,200,12,19,19,0,12,115,-1860,77293,-0.0240642749019963,28.731107850330154,12,0,0,0,0,1,72.91,129.5,4.87,1,77a4a183954767ac0e74e621c12ba8c325a3ac8f42640489ed22205a179fcd1d
lse-f-91,official,4,TBR_B32,200,12,19,19,0,12,115,-1860,77293,-0.0240642749019963,28.731107850330154,12,0,0,0,0,1,75.33,125.95,4.54,1,77a4a183954767ac0e74e621c12ba8c325a3ac8f42640489ed22205a179fcd1d
lse-f-91,tight,5,TBR_NOPROX,200,19,18,19,1,19,672,-5608,75617,-0.07416321726595872,26.604915627292737,18,0,0,1,0,1,34.19,133.69,5.08,1,c36e8c4113a9e4ee97469f7bc0585c556e32057365d913046689e4a3716bef28
lse-f-91,tight,5,TBR_NOT2,200,19,18,19,1,19,672,-7037,75617,-0.09306108414774455,26.07703595011005,18,0,0,1,0,1,65.58,225.88,4.6,1,c9c7e0a89949359a574236316b267a54109eb5d13c96738ad8f0318a8d0c697c
lse-f-91,tight,5,TBR_B32,200,19,18,19,1,19,672,-7037,75617,-0.09306108414774455,26.07703595011005,18,0,0,1,0,1,68.11,523.02,4.79,1,c9c7e0a89949359a574236316b267a54109eb5d13c96738ad8f0318a8d0c697c
lse-f-91,tight,5,TBR,200,19,18,19,1,19,672,-7037,75617,-0.09306108414774455,26.07703595011005,18,0,0,1,0,1,63.34,242.67,4.89,1,c9c7e0a89949359a574236316b267a54109eb5d13c96738ad8f0318a8d0c697c
lse-f-91,tight,5,TBR_B2,200,19,18,19,1,19,672,-7037,75617,-0.09306108414774455,26.07703595011005,18,0,0,1,0,1,67.24,209.79,4.72,1,c9c7e0a89949359a574236316b267a54109eb5d13c96738ad8f0318a8d0c697c
lse-f-91,tight,5,RECOMPUTE,200,25,18,19,1,959,18969,-7787,75617,-0.10297948873930465,25.79457079970653,0,0,0,0,25,201,4641.77,5124.14,4.78,1,aa02b1c6684527e27bc63bfb92102957e6ebf6ecfff181a97544ecdb9c1bf54b
lse-f-91,tight,5,ONE_BLOCKER,200,19,18,19,1,19,672,-7037,75617,-0.09306108414774455,26.07703595011005,18,0,0,1,0,1,65.41,158.54,4.56,1,c9c7e0a89949359a574236316b267a54109eb5d13c96738ad8f0318a8d0c697c
lse-f-91,tight,5,SINGLE,200,19,18,19,1,19,672,-7037,75617,-0.09306108414774455,26.07703595011005,18,0,0,1,0,1,58.78,110.92,4.8,1,c9c7e0a89949359a574236316b267a54109eb5d13c96738ad8f0318a8d0c697c
lse-f-91,tight,5,TBR_B4,200,19,18,19,1,19,672,-7037,75617,-0.09306108414774455,26.07703595011005,18,0,0,1,0,1,63.39,242.4,4.94,1,c9c7e0a89949359a574236316b267a54109eb5d13c96738ad8f0318a8d0c697c
lse-f-91,tight,5,TBR_B16,200,19,18,19,1,19,672,-7037,75617,-0.09306108414774455,26.07703595011005,18,0,0,1,0,1,63.29,337.61,4.87,1,c9c7e0a89949359a574236316b267a54109eb5d13c96738ad8f0318a8d0c697c
lse-f-91,official,5,TBR_NOPROX,200,19,18,19,1,19,672,-5608,75617,-0.07416321726595872,26.604915627292737,18,0,0,1,0,1,33.54,117.61,4.62,1,c36e8c4113a9e4ee97469f7bc0585c556e32057365d913046689e4a3716bef28
lse-f-91,official,5,TBR_NOT2,200,19,18,19,1,19,672,-7037,75617,-0.09306108414774455,26.07703595011005,18,0,0,1,0,1,63.42,263.47,4.57,1,c9c7e0a89949359a574236316b267a54109eb5d13c96738ad8f0318a8d0c697c
lse-f-91,official,5,TBR_B32,200,19,18,19,1,19,672,-7037,75617,-0.09306108414774455,26.07703595011005,18,0,0,1,0,1,65.1,493.51,4.92,1,c9c7e0a89949359a574236316b267a54109eb5d13c96738ad8f0318a8d0c697c
lse-f-91,official,5,TBR,200,19,18,19,1,19,672,-7037,75617,-0.09306108414774455,26.07703595011005,18,0,0,1,0,1,62.5,240.4,4.71,1,c9c7e0a89949359a574236316b267a54109eb5d13c96738ad8f0318a8d0c697c
lse-f-91,official,5,TBR_B2,200,19,18,19,1,19,672,-7037,75617,-0.09306108414774455,26.07703595011005,18,0,0,1,0,1,64.63,157.72,4.81,1,c9c7e0a89949359a574236316b267a54109eb5d13c96738ad8f0318a8d0c697c
lse-f-91,official,5,RECOMPUTE,200,25,18,19,1,959,18969,-7787,75617,-0.10297948873930465,25.79457079970653,0,0,0,0,25,201,4668.1,5154.64,4.72,1,aa02b1c6684527e27bc63bfb92102957e6ebf6ecfff181a97544ecdb9c1bf54b
lse-f-91,official,5,ONE_BLOCKER,200,19,18,19,1,19,672,-7037,75617,-0.09306108414774455,26.07703595011005,18,0,0,1,0,1,64.19,163.98,4.89,1,c9c7e0a89949359a574236316b267a54109eb5d13c96738ad8f0318a8d0c697c
lse-f-91,official,5,SINGLE,200,19,18,19,1,19,672,-7037,75617,-0.09306108414774455,26.07703595011005,18,0,0,1,0,1,61.44,122.13,4.64,1,c9c7e0a89949359a574236316b267a54109eb5d13c96738ad8f0318a8d0c697c
lse-f-91,official,5,TBR_B4,200,19,18,19,1,19,672,-7037,75617,-0.09306108414774455,26.07703595011005,18,0,0,1,0,1,64.73,219.12,4.74,1,c9c7e0a89949359a574236316b267a54109eb5d13c96738ad8f0318a8d0c697c
lse-f-91,official,5,TBR_B16,200,19,18,19,1,19,672,-7037,75617,-0.09306108414774455,26.07703595011005,18,0,0,1,0,1,68.73,338.58,4.85,1,c9c7e0a89949359a574236316b267a54109eb5d13c96738ad8f0318a8d0c697c
lse-f-91,tight,6,TBR_B32,200,10,17,18,1,10,444,-4716,77275,-0.061028793270786155,27.621056493030082,9,0,0,1,0,1,77.36,1732.33,4.57,1,d852e324dc0229f09baaf6c7d47468470956e8f0ad58ea8b7ca1eb1b189e6a76
lse-f-91,tight,6,TBR_B4,200,10,17,18,1,10,444,-4716,77275,-0.061028793270786155,27.621056493030082,9,0,0,1,0,1,82.68,406.82,4.41,1,d852e324dc0229f09baaf6c7d47468470956e8f0ad58ea8b7ca1eb1b189e6a76
lse-f-91,tight,6,TBR_B16,200,10,17,18,1,10,444,-4716,77275,-0.061028793270786155,27.621056493030082,9,0,0,1,0,1,76.24,940.58,4.54,1,d852e324dc0229f09baaf6c7d47468470956e8f0ad58ea8b7ca1eb1b189e6a76
lse-f-91,tight,6,SINGLE,200,10,17,18,1,10,444,-4716,77275,-0.061028793270786155,27.621056493030082,9,0,0,1,0,1,72.22,121.61,4.2,1,d852e324dc0229f09baaf6c7d47468470956e8f0ad58ea8b7ca1eb1b189e6a76
lse-f-91,tight,6,TBR_B2,200,10,17,18,1,10,444,-4716,77275,-0.061028793270786155,27.621056493030082,9,0,0,1,0,1,77.5,228.91,4.43,1,d852e324dc0229f09baaf6c7d47468470956e8f0ad58ea8b7ca1eb1b189e6a76
lse-f-91,tight,6,TBR_NOPROX,200,10,17,18,1,10,444,-4212,77275,-0.05450663215787771,27.805942773294205,9,0,0,1,0,1,36.15,445.03,4.29,1,082ce2176ff7352b5a708958d77cf9a7337d77b0e95967167f8fa5c22fdf9c1b
lse-f-91,tight,6,TBR_NOT2,200,10,17,18,1,10,444,-4716,77275,-0.061028793270786155,27.621056493030082,9,0,0,1,0,1,80.74,433.62,4.13,1,d852e324dc0229f09baaf6c7d47468470956e8f0ad58ea8b7ca1eb1b189e6a76
lse-f-91,tight,6,ONE_BLOCKER,200,10,17,18,1,10,444,-4716,77275,-0.061028793270786155,27.621056493030082,9,0,0,1,0,1,75.79,226.87,4.28,1,d852e324dc0229f09baaf6c7d47468470956e8f0ad58ea8b7ca1eb1b189e6a76
lse-f-91,tight,6,TBR,200,10,17,18,1,10,444,-4716,77275,-0.061028793270786155,27.621056493030082,9,0,0,1,0,1,84.1,579.74,4.45,1,d852e324dc0229f09baaf6c7d47468470956e8f0ad58ea8b7ca1eb1b189e6a76
lse-f-91,tight,6,RECOMPUTE,200,13,17,19,2,485,10129,-3743,77275,-0.048437398900032354,27.91342626559061,0,0,0,0,13,211,4554.99,5439.25,4.04,1,633bd8177221eec93d7be3562b117ba8665bd2b087d7382dbc44c9c030bdf480
lse-f-91,official,6,TBR_B32,200,10,18,18,0,10,444,-4733,77275,-0.06124878680038822,27.614820249449743,10,0,0,0,0,1,80.69,129.28,4.37,1,2f6d413f1d552b9b1e47ea6ee29ff71a3d5d5f8702853323b5d5b0cfc4e24942
lse-f-91,official,6,TBR_B4,200,10,18,18,0,10,444,-4733,77275,-0.06124878680038822,27.614820249449743,10,0,0,0,0,1,82.56,130.48,4.33,1,2f6d413f1d552b9b1e47ea6ee29ff71a3d5d5f8702853323b5d5b0cfc4e24942
lse-f-91,official,6,TBR_B16,200,10,18,18,0,10,444,-4733,77275,-0.06124878680038822,27.614820249449743,10,0,0,0,0,1,82.52,131.82,4.5,1,2f6d413f1d552b9b1e47ea6ee29ff71a3d5d5f8702853323b5d5b0cfc4e24942
lse-f-91,official,6,SINGLE,200,10,18,18,0,10,444,-4733,77275,-0.06124878680038822,27.614820249449743,10,0,0,0,0,1,78.59,151.7,4.12,1,2f6d413f1d552b9b1e47ea6ee29ff71a3d5d5f8702853323b5d5b0cfc4e24942
lse-f-91,official,6,TBR_B2,200,10,18,18,0,10,444,-4733,77275,-0.06124878680038822,27.614820249449743,10,0,0,0,0,1,82.07,124.3,4.35,1,2f6d413f1d552b9b1e47ea6ee29ff71a3d5d5f8702853323b5d5b0cfc4e24942
lse-f-91,official,6,TBR_NOPROX,200,10,18,18,0,10,444,-4212,77275,-0.05450663215787771,27.805942773294205,10,0,0,0,0,1,36.31,54.35,4.08,1,8aee61c290e9c1ac8deb417dc223089de448bde6856314c8a28508c61984279a
lse-f-91,official,6,TBR_NOT2,200,10,18,18,0,10,444,-4733,77275,-0.06124878680038822,27.614820249449743,10,0,0,0,0,1,80.24,123.8,4.22,1,2f6d413f1d552b9b1e47ea6ee29ff71a3d5d5f8702853323b5d5b0cfc4e24942
lse-f-91,official,6,ONE_BLOCKER,200,10,18,18,0,10,444,-4733,77275,-0.06124878680038822,27.614820249449743,10,0,0,0,0,1,83.23,131.08,4.27,1,2f6d413f1d552b9b1e47ea6ee29ff71a3d5d5f8702853323b5d5b0cfc4e24942
lse-f-91,official,6,TBR,200,10,18,18,0,10,444,-4733,77275,-0.06124878680038822,27.614820249449743,10,0,0,0,0,1,82.97,125.97,4.11,1,2f6d413f1d552b9b1e47ea6ee29ff71a3d5d5f8702853323b5d5b0cfc4e24942
lse-f-91,official,6,RECOMPUTE,200,13,18,19,1,485,10129,-3459,77275,-0.04476221287609188,28.01687454145268,0,0,0,0,13,211,4702.41,5589.1,3.92,1,1c9ab409097acc4d5af4b890fddf7435fcee730529b163f78244efce5c8f550b
lse-f-91,tight,7,TBR,200,13,18,19,1,13,202,-2641,76776,-0.03439877044909868,28.242846661775495,12,0,0,1,0,1,68.04,595.57,4.67,1,af85d4834730d25973305cd2c592e03875358cde05369ce04afc1b60eb927aa9
lse-f-91,tight,7,TBR_B2,200,13,18,19,1,13,202,-2641,76776,-0.03439877044909868,28.242846661775495,12,0,0,1,0,1,65.13,156.38,4.64,1,af85d4834730d25973305cd2c592e03875358cde05369ce04afc1b60eb927aa9
lse-f-91,tight,7,TBR_NOT2,200,13,18,19,1,13,202,-2641,76776,-0.03439877044909868,28.242846661775495,12,0,0,1,0,1,66.81,523.86,4.18,1,af85d4834730d25973305cd2c592e03875358cde05369ce04afc1b60eb927aa9
lse-f-91,tight,7,RECOMPUTE,200,11,18,19,1,316,6473,-584,76776,-0.007606543711576534,29.03191489361702,0,0,0,0,11,141,4548.75,5094.6,3.64,1,2292bcfbb1fb2e101d9d11ff936b183f7883e015699f864512ea93a923ff41b1
lse-f-91,tight,7,TBR_B4,200,13,18,19,1,13,202,-2641,76776,-0.03439877044909868,28.242846661775495,12,0,0,1,0,1,67.6,358.5,4.44,1,af85d4834730d25973305cd2c592e03875358cde05369ce04afc1b60eb927aa9
lse-f-91,tight,7,SINGLE,200,13,18,19,1,13,202,-2641,76776,-0.03439877044909868,28.242846661775495,12,0,0,1,0,1,61.66,123.9,4.3,1,af85d4834730d25973305cd2c592e03875358cde05369ce04afc1b60eb927aa9
lse-f-91,tight,7,TBR_B16,200,13,18,19,1,13,202,-2641,76776,-0.03439877044909868,28.242846661775495,12,0,0,1,0,1,63.17,1087.09,4.38,1,af85d4834730d25973305cd2c592e03875358cde05369ce04afc1b60eb927aa9
lse-f-91,tight,7,ONE_BLOCKER,200,13,18,19,1,13,202,-2641,76776,-0.03439877044909868,28.242846661775495,12,0,0,1,0,1,65.51,155.02,4.21,1,af85d4834730d25973305cd2c592e03875358cde05369ce04afc1b60eb927aa9
lse-f-91,tight,7,TBR_B32,200,13,18,19,1,13,202,-2641,76776,-0.03439877044909868,28.242846661775495,12,0,0,1,0,1,66.81,1233.67,4.54,1,af85d4834730d25973305cd2c592e03875358cde05369ce04afc1b60eb927aa9
lse-f-91,tight,7,TBR_NOPROX,200,13,18,19,1,13,202,-1507,76776,-0.01962852974887986,28.66030814380044,12,0,0,1,0,1,31.47,432.19,4.25,1,276c2c3f93e4b47f88e1878dcaa2d2fd058b39a43d7cda8cea71ab9500b39487
lse-f-91,official,7,TBR,200,13,18,19,1,13,202,-2641,76776,-0.03439877044909868,28.242846661775495,12,0,0,1,0,1,67.7,560.44,4.31,1,af85d4834730d25973305cd2c592e03875358cde05369ce04afc1b60eb927aa9
lse-f-91,official,7,TBR_B2,200,13,18,19,1,13,202,-2641,76776,-0.03439877044909868,28.242846661775495,12,0,0,1,0,1,65.67,161.54,4.37,1,af85d4834730d25973305cd2c592e03875358cde05369ce04afc1b60eb927aa9
lse-f-91,official,7,TBR_NOT2,200,13,18,19,1,13,202,-2641,76776,-0.03439877044909868,28.242846661775495,12,0,0,1,0,1,66.55,487.01,4.36,1,af85d4834730d25973305cd2c592e03875358cde05369ce04afc1b60eb927aa9
lse-f-91,official,7,RECOMPUTE,200,11,18,19,1,316,6473,-584,76776,-0.007606543711576534,29.03191489361702,0,0,0,0,11,141,4541.94,5029.72,3.5,1,2292bcfbb1fb2e101d9d11ff936b183f7883e015699f864512ea93a923ff41b1
lse-f-91,official,7,TBR_B4,200,13,18,19,1,13,202,-2641,76776,-0.03439877044909868,28.242846661775495,12,0,0,1,0,1,67.44,341.63,4.56,1,af85d4834730d25973305cd2c592e03875358cde05369ce04afc1b60eb927aa9
lse-f-91,official,7,SINGLE,200,13,18,19,1,13,202,-2641,76776,-0.03439877044909868,28.242846661775495,12,0,0,1,0,1,60.21,112.98,4.21,1,af85d4834730d25973305cd2c592e03875358cde05369ce04afc1b60eb927aa9
lse-f-91,official,7,TBR_B16,200,13,18,19,1,13,202,-2641,76776,-0.03439877044909868,28.242846661775495,12,0,0,1,0,1,73.07,1085.92,4.67,1,af85d4834730d25973305cd2c592e03875358cde05369ce04afc1b60eb927aa9
lse-f-91,official,7,ONE_BLOCKER,200,13,18,19,1,13,202,-2641,76776,-0.03439877044909868,28.242846661775495,12,0,0,1,0,1,67.23,149.19,4.23,1,af85d4834730d25973305cd2c592e03875358cde05369ce04afc1b60eb927aa9
lse-f-91,official,7,TBR_B32,200,13,18,19,1,13,202,-2641,76776,-0.03439877044909868,28.242846661775495,12,0,0,1,0,1,67.9,1219.45,4.66,1,af85d4834730d25973305cd2c592e03875358cde05369ce04afc1b60eb927aa9
lse-f-91,official,7,TBR_NOPROX,200,13,18,19,1,13,202,-1507,76776,-0.01962852974887986,28.66030814380044,12,0,0,1,0,1,33.49,474.98,4.4,1,276c2c3f93e4b47f88e1878dcaa2d2fd058b39a43d7cda8cea71ab9500b39487
lse-f-91,tight,8,SINGLE,200,6,16,18,2,6,248,-2246,77974,-0.02880447328596712,28.79787234042553,4,0,0,2,0,1,49.01,89.18,4.18,1,aa6e64bc1d248bfef3fd923f794af6ea1c3afa45785da5d823152314b298c199
lse-f-91,tight,8,RECOMPUTE,200,9,16,19,3,581,13094,-1073,77974,-0.013760997255495422,29.282098312545855,0,0,0,0,9,189,4644.2,5563.31,3.7,1,f1fe397ec3c2647c262e1170da7f51bb8609f27fa08b253b1f53139acfdeed9f
lse-f-91,tight,8,TBR_NOPROX,200,6,16,18,2,6,248,-1757,77974,-0.022533152076333135,28.97725605282465,4,0,0,2,0,1,43.71,1003.87,4.33,1,e3ecef8240f91b0de40f04af05c078b4f0c7ead4a12cf1e001a75d4995e0149e
lse-f-91,tight,8,TBR,200,6,16,18,2,6,248,-2246,77974,-0.02880447328596712,28.79787234042553,4,0,0,2,0,1,74.86,989.48,4.16,1,aa6e64bc1d248bfef3fd923f794af6ea1c3afa45785da5d823152314b298c199
lse-f-91,tight,8,TBR_NOT2,200,6,16,18,2,6,248,-2246,77974,-0.02880447328596712,28.79787234042553,4,0,0,2,0,1,72.69,870.31,4.26,1,aa6e64bc1d248bfef3fd923f794af6ea1c3afa45785da5d823152314b298c199
lse-f-91,tight,8,TBR_B2,200,6,16,18,2,6,248,-2246,77974,-0.02880447328596712,28.79787234042553,4,0,0,2,0,1,78.18,217.89,4.36,1,aa6e64bc1d248bfef3fd923f794af6ea1c3afa45785da5d823152314b298c199
lse-f-91,tight,8,TBR_B32,200,6,16,18,2,6,248,-2246,77974,-0.02880447328596712,28.79787234042553,4,0,0,2,0,1,74.78,3157.7,4.55,1,aa6e64bc1d248bfef3fd923f794af6ea1c3afa45785da5d823152314b298c199
lse-f-91,tight,8,TBR_B16,200,6,16,18,2,6,248,-2246,77974,-0.02880447328596712,28.79787234042553,4,0,0,2,0,1,83.07,1939.88,4.35,1,aa6e64bc1d248bfef3fd923f794af6ea1c3afa45785da5d823152314b298c199
lse-f-91,tight,8,TBR_B4,200,6,16,18,2,6,248,-2246,77974,-0.02880447328596712,28.79787234042553,4,0,0,2,0,1,90.35,578.31,4.48,1,aa6e64bc1d248bfef3fd923f794af6ea1c3afa45785da5d823152314b298c199
lse-f-91,tight,8,ONE_BLOCKER,200,6,16,18,2,6,248,-2246,77974,-0.02880447328596712,28.79787234042553,4,0,0,2,0,1,88.6,209.85,4.33,1,aa6e64bc1d248bfef3fd923f794af6ea1c3afa45785da5d823152314b298c199
lse-f-91,official,8,SINGLE,200,6,18,18,0,6,248,-2133,77974,-0.027355272270243928,28.839325018341892,6,0,0,0,0,1,103.11,167.14,4.22,1,523bb2d4d31466d6b686ca86f72d8d901358f67bd3c4ce6e33f2e70396166afb
lse-f-91,official,8,RECOMPUTE,200,9,18,19,1,581,13094,-1073,77974,-0.013760997255495422,29.282098312545855,0,0,0,0,9,189,4835.85,5658.16,3.58,1,b6d7b9914ad471b01f2b8f238a3a799a6de7774c3ff7ae7fab524b4d9982ab33
lse-f-91,official,8,TBR_NOPROX,200,6,18,18,0,6,248,-1757,77974,-0.022533152076333135,28.97725605282465,6,0,0,0,0,1,33.03,56.09,4.09,1,cd29fb6aa65ca81a940432fcf3da9fe1a0db76998339c44f95e79abb743d1ba5
lse-f-91,official,8,TBR,200,6,18,18,0,6,248,-2133,77974,-0.027355272270243928,28.839325018341892,6,0,0,0,0,1,97.77,167.13,4.05,1,523bb2d4d31466d6b686ca86f72d8d901358f67bd3c4ce6e33f2e70396166afb
lse-f-91,official,8,TBR_NOT2,200,6,18,18,0,6,248,-2133,77974,-0.027355272270243928,28.839325018341892,6,0,0,0,0,1,98.97,163.43,4.12,1,523bb2d4d31466d6b686ca86f72d8d901358f67bd3c4ce6e33f2e70396166afb
lse-f-91,official,8,TBR_B2,200,6,18,18,0,6,248,-2133,77974,-0.027355272270243928,28.839325018341892,6,0,0,0,0,1,106.14,174.21,4.79,1,523bb2d4d31466d6b686ca86f72d8d901358f67bd3c4ce6e33f2e70396166afb
lse-f-91,official,8,TBR_B32,200,6,18,18,0,6,248,-2133,77974,-0.027355272270243928,28.839325018341892,6,0,0,0,0,1,99.15,196.88,4.29,1,523bb2d4d31466d6b686ca86f72d8d901358f67bd3c4ce6e33f2e70396166afb
lse-f-91,official,8,TBR_B16,200,6,18,18,0,6,248,-2133,77974,-0.027355272270243928,28.839325018341892,6,0,0,0,0,1,119.0,178.09,4.35,1,523bb2d4d31466d6b686ca86f72d8d901358f67bd3c4ce6e33f2e70396166afb
lse-f-91,official,8,TBR_B4,200,6,18,18,0,6,248,-2133,77974,-0.027355272270243928,28.839325018341892,6,0,0,0,0,1,127.48,183.94,4.45,1,523bb2d4d31466d6b686ca86f72d8d901358f67bd3c4ce6e33f2e70396166afb
lse-f-91,official,8,ONE_BLOCKER,200,6,18,18,0,6,248,-2133,77974,-0.027355272270243928,28.839325018341892,6,0,0,0,0,1,99.03,167.65,4.3,1,523bb2d4d31466d6b686ca86f72d8d901358f67bd3c4ce6e33f2e70396166afb
lse-f-91,tight,9,TBR_B4,200,12,18,18,0,13,415,-4128,76339,-0.05407458834933651,27.51320616287601,11,1,0,0,0,2,61.76,180.12,4.63,1,6ccfd55fc465fdaa1fd94e1aaf6b8338742ea76a034d74b43129c726bb16ef25
lse-f-91,tight,9,ONE_BLOCKER,200,12,18,18,0,13,415,-4128,76339,-0.05407458834933651,27.51320616287601,11,1,0,0,0,2,71.19,172.34,4.25,1,6ccfd55fc465fdaa1fd94e1aaf6b8338742ea76a034d74b43129c726bb16ef25
lse-f-91,tight,9,SINGLE,200,12,18,19,1,12,375,-4661,76339,-0.061056602784946096,27.317681584739546,11,0,0,1,0,1,63.31,131.7,4.28,1,3260824065240870d01951a1106f2b3861035bd01b3019d6e92c89f885acbab0
lse-f-91,tight,9,TBR_NOPROX,200,12,18,18,0,13,415,-2360,76339,-0.03091473558731448,28.16984592809978,11,1,0,0,0,2,33.41,79.38,4.53,1,530995390ac78d9d32630a12bf54514df72580e61c37e7574ff5854c87a9d1e5
lse-f-91,tight,9,TBR_B16,200,12,18,18,0,13,415,-4128,76339,-0.05407458834933651,27.51320616287601,11,1,0,0,0,2,60.51,167.75,4.56,1,6ccfd55fc465fdaa1fd94e1aaf6b8338742ea76a034d74b43129c726bb16ef25
lse-f-91,tight,9,TBR_B2,200,12,18,18,0,13,415,-4128,76339,-0.05407458834933651,27.51320616287601,11,1,0,0,0,2,60.43,168.17,4.59,1,6ccfd55fc465fdaa1fd94e1aaf6b8338742ea76a034d74b43129c726bb16ef25
lse-f-91,tight,9,TBR,200,12,18,18,0,13,415,-4128,76339,-0.05407458834933651,27.51320616287601,11,1,0,0,0,2,62.7,180.15,4.46,1,6ccfd55fc465fdaa1fd94e1aaf6b8338742ea76a034d74b43129c726bb16ef25
lse-f-91,tight,9,TBR_B32,200,12,18,18,0,13,415,-4128,76339,-0.05407458834933651,27.51320616287601,11,1,0,0,0,2,66.96,168.3,4.59,1,6ccfd55fc465fdaa1fd94e1aaf6b8338742ea76a034d74b43129c726bb16ef25
lse-f-91,tight,9,RECOMPUTE,200,11,18,19,1,560,11017,-4758,76339,-0.062327250815441645,27.25898752751284,0,0,0,0,11,179,4834.35,5273.36,3.76,1,bf3fb62d9ad4e0fd49da26b61f4bbda91ea709e58ba9a807405f26cde54aa136
lse-f-91,tight,9,TBR_NOT2,200,12,18,19,1,12,375,-4661,76339,-0.061056602784946096,27.317681584739546,11,0,0,1,0,1,63.18,401.03,4.37,1,3260824065240870d01951a1106f2b3861035bd01b3019d6e92c89f885acbab0
lse-f-91,official,9,TBR_B4,200,12,18,18,0,13,415,-4128,76339,-0.05407458834933651,27.51320616287601,11,1,0,0,0,2,60.54,175.42,4.5,1,6ccfd55fc465fdaa1fd94e1aaf6b8338742ea76a034d74b43129c726bb16ef25
lse-f-91,official,9,ONE_BLOCKER,200,12,18,18,0,13,415,-4128,76339,-0.05407458834933651,27.51320616287601,11,1,0,0,0,2,71.32,168.55,4.37,1,6ccfd55fc465fdaa1fd94e1aaf6b8338742ea76a034d74b43129c726bb16ef25
lse-f-91,official,9,SINGLE,200,12,18,19,1,12,375,-4661,76339,-0.061056602784946096,27.317681584739546,11,0,0,1,0,1,63.22,107.18,4.37,1,3260824065240870d01951a1106f2b3861035bd01b3019d6e92c89f885acbab0
lse-f-91,official,9,TBR_NOPROX,200,12,18,18,0,13,415,-2360,76339,-0.03091473558731448,28.16984592809978,11,1,0,0,0,2,31.46,74.7,4.21,1,530995390ac78d9d32630a12bf54514df72580e61c37e7574ff5854c87a9d1e5
lse-f-91,official,9,TBR_B16,200,12,18,18,0,13,415,-4128,76339,-0.05407458834933651,27.51320616287601,11,1,0,0,0,2,60.87,192.66,4.55,1,6ccfd55fc465fdaa1fd94e1aaf6b8338742ea76a034d74b43129c726bb16ef25
lse-f-91,official,9,TBR_B2,200,12,18,18,0,13,415,-4128,76339,-0.05407458834933651,27.51320616287601,11,1,0,0,0,2,63.89,170.61,4.49,1,6ccfd55fc465fdaa1fd94e1aaf6b8338742ea76a034d74b43129c726bb16ef25
lse-f-91,official,9,TBR,200,12,18,18,0,13,415,-4128,76339,-0.05407458834933651,27.51320616287601,11,1,0,0,0,2,60.55,178.2,4.31,1,6ccfd55fc465fdaa1fd94e1aaf6b8338742ea76a034d74b43129c726bb16ef25
lse-f-91,official,9,TBR_B32,200,12,18,18,0,13,415,-4128,76339,-0.05407458834933651,27.51320616287601,11,1,0,0,0,2,71.86,585.44,5.04,1,6ccfd55fc465fdaa1fd94e1aaf6b8338742ea76a034d74b43129c726bb16ef25
lse-f-91,official,9,RECOMPUTE,200,11,18,19,1,560,11017,-4758,76339,-0.062327250815441645,27.25898752751284,0,0,0,0,11,179,5220.94,5858.42,3.82,1,bf3fb62d9ad4e0fd49da26b61f4bbda91ea709e58ba9a807405f26cde54aa136
lse-f-91,official,9,TBR_NOT2,200,12,18,19,1,12,375,-4661,76339,-0.061056602784946096,27.317681584739546,11,0,0,1,0,1,63.53,407.75,4.33,1,3260824065240870d01951a1106f2b3861035bd01b3019d6e92c89f885acbab0
pur-s-93,tight,0,RECOMPUTE,200,8,34,34,0,4013,114261,714,508180,0.001405013971427447,17.000033301142228,0,0,0,0,8,1476,153096.73,182798.39,7.06,1,e97001f47d5937946f0b7d9b503d7c10ae01daa4dad62de8ae8b70f073235da4
pur-s-93,tight,0,ONE_BLOCKER,200,11,34,34,0,12,510,-2425,508180,-0.004771931205478374,16.896833061374004,10,1,0,0,0,2,142.09,568.03,7.17,1,a7af9b5451d76f0bad1ad13e9fe35c0946a1baf2413f9117178fa034cec55402
pur-s-93,tight,0,SINGLE,200,11,34,35,1,11,417,-2552,508180,-0.005021842654177653,16.8926038163109,10,0,0,1,0,1,135.65,285.25,6.97,1,fbcb52661c1121b7914d0d9b22eff86f39a0637deb6aef5d42c8555c6884f62f
pur-s-93,tight,0,TBR_B16,200,11,34,34,0,12,510,-2425,508180,-0.004771931205478374,16.896833061374004,10,1,0,0,0,2,142.68,505.83,7.29,1,a7af9b5451d76f0bad1ad13e9fe35c0946a1baf2413f9117178fa034cec55402
pur-s-93,tight,0,TBR_B2,200,11,34,34,0,12,510,-2425,508180,-0.004771931205478374,16.896833061374004,10,1,0,0,0,2,152.2,528.04,7.18,1,a7af9b5451d76f0bad1ad13e9fe35c0946a1baf2413f9117178fa034cec55402
pur-s-93,tight,0,TBR_B4,200,11,34,34,0,12,510,-2425,508180,-0.004771931205478374,16.896833061374004,10,1,0,0,0,2,140.38,592.05,7.43,1,a7af9b5451d76f0bad1ad13e9fe35c0946a1baf2413f9117178fa034cec55402
pur-s-93,tight,0,TBR_NOT2,200,11,34,35,1,11,417,-2552,508180,-0.005021842654177653,16.8926038163109,10,0,0,1,0,1,139.79,1745.58,6.51,1,fbcb52661c1121b7914d0d9b22eff86f39a0637deb6aef5d42c8555c6884f62f
pur-s-93,tight,0,TBR,200,11,34,34,0,12,510,-2425,508180,-0.004771931205478374,16.896833061374004,10,1,0,0,0,2,154.84,527.74,6.87,1,a7af9b5451d76f0bad1ad13e9fe35c0946a1baf2413f9117178fa034cec55402
pur-s-93,tight,0,TBR_NOPROX,200,11,34,34,0,12,510,-1428,508180,-0.002810027942854894,16.930067601318726,10,1,0,0,0,2,62.01,142.81,6.66,1,b0d62e082b4ee0ef41ee0b9eba42312fa5cec6c8565d8fb8d862c4c3b5beccdc
pur-s-93,tight,0,TBR_B32,200,11,34,34,0,12,510,-2425,508180,-0.004771931205478374,16.896833061374004,10,1,0,0,0,2,142.04,526.45,7.29,1,a7af9b5451d76f0bad1ad13e9fe35c0946a1baf2413f9117178fa034cec55402
pur-s-93,official,0,RECOMPUTE,200,8,42,42,0,4013,114261,714,508180,0.001405013971427447,17.000033301142228,0,0,0,0,8,1476,147643.02,178615.16,6.78,1,c1146c2538d47afdd97101ef251f5b8e95eb9fbb5fa2c613165c81f1d4d918ed
pur-s-93,official,0,ONE_BLOCKER,200,11,42,42,0,11,417,-2909,508180,-0.005724349639891377,16.880715308535084,11,0,0,0,0,1,174.64,420.9,7.09,1,785775b97f928678f28f54bf1d390e8c4c2059717d827313115309de625a00a1
pur-s-93,official,0,SINGLE,200,11,42,42,0,11,417,-2909,508180,-0.005724349639891377,16.880715308535084,11,0,0,0,0,1,176.56,448.46,6.46,1,785775b97f928678f28f54bf1d390e8c4c2059717d827313115309de625a00a1
pur-s-93,official,0,TBR_B16,200,11,42,42,0,11,417,-2909,508180,-0.005724349639891377,16.880715308535084,11,0,0,0,0,1,184.94,417.61,7.12,1,785775b97f928678f28f54bf1d390e8c4c2059717d827313115309de625a00a1
pur-s-93,official,0,TBR_B2,200,11,42,42,0,11,417,-2909,508180,-0.005724349639891377,16.880715308535084,11,0,0,0,0,1,186.44,410.51,6.57,1,785775b97f928678f28f54bf1d390e8c4c2059717d827313115309de625a00a1
pur-s-93,official,0,TBR_B4,200,11,42,42,0,11,417,-2909,508180,-0.005724349639891377,16.880715308535084,11,0,0,0,0,1,168.57,426.5,6.81,1,785775b97f928678f28f54bf1d390e8c4c2059717d827313115309de625a00a1
pur-s-93,official,0,TBR_NOT2,200,11,42,42,0,11,417,-2909,508180,-0.005724349639891377,16.880715308535084,11,0,0,0,0,1,197.59,427.86,6.6,1,785775b97f928678f28f54bf1d390e8c4c2059717d827313115309de625a00a1
pur-s-93,official,0,TBR,200,11,42,42,0,11,417,-2909,508180,-0.005724349639891377,16.880715308535084,11,0,0,0,0,1,172.49,433.87,6.65,1,785775b97f928678f28f54bf1d390e8c4c2059717d827313115309de625a00a1
pur-s-93,official,0,TBR_NOPROX,200,11,42,42,0,11,417,-1518,508180,-0.0029871305442953286,16.9270704985181,11,0,0,0,0,1,64.47,87.16,6.63,1,a034223bf12fccf141121c5d11ae6bcbe7f5056d335c33fa27ae33b463b84ae4
pur-s-93,official,0,TBR_B32,200,11,42,42,0,11,417,-2909,508180,-0.005724349639891377,16.880715308535084,11,0,0,0,0,1,177.24,432.8,7.11,1,785775b97f928678f28f54bf1d390e8c4c2059717d827313115309de625a00a1
pur-s-93,tight,1,TBR_B32,200,13,34,35,1,13,374,-2878,509638,-0.005647145621009422,16.934529954377435,12,0,0,1,0,1,112.22,4298.84,7.56,1,db995673c3b5e4a261cc427411e5e204622ddf0f3bf456190b806e932f05b1a0
pur-s-93,tight,1,TBR_B4,200,13,34,35,1,13,374,-2878,509638,-0.005647145621009422,16.934529954377435,12,0,0,1,0,1,114.01,1167.41,7.0,1,db995673c3b5e4a261cc427411e5e204622ddf0f3bf456190b806e932f05b1a0
pur-s-93,tight,1,ONE_BLOCKER,200,13,34,35,1,13,374,-2878,509638,-0.005647145621009422,16.934529954377435,12,0,0,1,0,1,106.62,573.58,6.83,1,db995673c3b5e4a261cc427411e5e204622ddf0f3bf456190b806e932f05b1a0
pur-s-93,tight,1,TBR,200,13,34,35,1,13,374,-2878,509638,-0.005647145621009422,16.934529954377435,12,0,0,1,0,1,111.11,1766.01,7.11,1,db995673c3b5e4a261cc427411e5e204622ddf0f3bf456190b806e932f05b1a0
pur-s-93,tight,1,TBR_B2,200,13,34,35,1,13,374,-2878,509638,-0.005647145621009422,16.934529954377435,12,0,0,1,0,1,111.09,580.33,7.29,1,db995673c3b5e4a261cc427411e5e204622ddf0f3bf456190b806e932f05b1a0
pur-s-93,tight,1,TBR_NOPROX,200,13,34,35,1,13,374,-1410,509638,-0.002766669675338181,16.98341603116987,12,0,0,1,0,1,54.11,1305.73,7.04,1,d61cf87cb67404bd011f5bea20e8e9aad37ed43331ca0b161fe6e09b7357a85e
pur-s-93,tight,1,RECOMPUTE,200,12,34,34,0,3805,97111,-1640,509638,-0.003217970402521005,16.97479103533251,0,0,0,0,12,1277,138753.59,172579.31,6.42,1,1fbcf94bd0393b97194d8ef70a341cb2b274df56caba69297c3c877cbb5e036b
pur-s-93,tight,1,TBR_B16,200,13,34,35,1,13,374,-2878,509638,-0.005647145621009422,16.934529954377435,12,0,0,1,0,1,113.61,2545.78,6.96,1,db995673c3b5e4a261cc427411e5e204622ddf0f3bf456190b806e932f05b1a0
pur-s-93,tight,1,SINGLE,200,13,34,35,1,13,374,-2878,509638,-0.005647145621009422,16.934529954377435,12,0,0,1,0,1,111.96,191.64,6.3,1,db995673c3b5e4a261cc427411e5e204622ddf0f3bf456190b806e932f05b1a0
pur-s-93,tight,1,TBR_NOT2,200,13,34,35,1,13,374,-2878,509638,-0.005647145621009422,16.934529954377435,12,0,0,1,0,1,114.56,1262.65,6.08,1,db995673c3b5e4a261cc427411e5e204622ddf0f3bf456190b806e932f05b1a0
pur-s-93,official,1,TBR_B32,200,13,42,42,0,13,374,-3120,509638,-0.0061219924730887415,16.926471077957974,13,0,0,0,0,1,194.37,783.53,6.96,1,28e710cb7bbb5500d1f581353a9689528ab23a6d7b0e68ac4f60f6fa2c36fbb4
pur-s-93,official,1,TBR_B4,200,13,42,42,0,13,374,-3120,509638,-0.0061219924730887415,16.926471077957974,13,0,0,0,0,1,201.32,798.95,6.89,1,28e710cb7bbb5500d1f581353a9689528ab23a6d7b0e68ac4f60f6fa2c36fbb4
pur-s-93,official,1,ONE_BLOCKER,200,13,42,42,0,13,374,-3120,509638,-0.0061219924730887415,16.926471077957974,13,0,0,0,0,1,201.43,831.32,6.72,1,28e710cb7bbb5500d1f581353a9689528ab23a6d7b0e68ac4f60f6fa2c36fbb4
pur-s-93,official,1,TBR,200,13,42,42,0,13,374,-3120,509638,-0.0061219924730887415,16.926471077957974,13,0,0,0,0,1,187.68,820.92,6.42,1,28e710cb7bbb5500d1f581353a9689528ab23a6d7b0e68ac4f60f6fa2c36fbb4
pur-s-93,official,1,TBR_B2,200,13,42,42,0,13,374,-3120,509638,-0.0061219924730887415,16.926471077957974,13,0,0,0,0,1,192.47,824.27,7.1,1,28e710cb7bbb5500d1f581353a9689528ab23a6d7b0e68ac4f60f6fa2c36fbb4
pur-s-93,official,1,TBR_NOPROX,200,13,42,42,0,13,374,-1410,509638,-0.002766669675338181,16.98341603116987,13,0,0,0,0,1,60.57,88.09,6.52,1,2330cb42d14d3bbba485c0ab1402a5219acdf96e4d849c977c5d6dd7704d13d8
pur-s-93,official,1,RECOMPUTE,200,12,42,42,0,3805,97111,-1640,509638,-0.003217970402521005,16.97479103533251,0,0,0,0,12,1277,140006.68,170910.1,6.42,1,eea8c4f1e9efb5c6056a72ede0bd08b3609b6b043f8df6b70a619b4ffcb26e64
pur-s-93,official,1,TBR_B16,200,13,42,42,0,13,374,-3120,509638,-0.0061219924730887415,16.926471077957974,13,0,0,0,0,1,188.08,822.39,7.08,1,28e710cb7bbb5500d1f581353a9689528ab23a6d7b0e68ac4f60f6fa2c36fbb4
pur-s-93,official,1,SINGLE,200,13,42,42,0,13,374,-3120,509638,-0.0061219924730887415,16.926471077957974,13,0,0,0,0,1,203.27,791.41,6.29,1,28e710cb7bbb5500d1f581353a9689528ab23a6d7b0e68ac4f60f6fa2c36fbb4
pur-s-93,official,1,TBR_NOT2,200,13,42,42,0,13,374,-3120,509638,-0.0061219924730887415,16.926471077957974,13,0,0,0,0,1,194.52,796.16,6.08,1,28e710cb7bbb5500d1f581353a9689528ab23a6d7b0e68ac4f60f6fa2c36fbb4
pur-s-93,tight,2,TBR_B16,200,15,35,37,2,15,808,-4706,494693,-0.009512970670698798,16.371940457557695,13,0,0,2,0,1,126.1,6402.56,7.24,1,e1afcc1afd80515d525e9c079504eecbc79c4ae2e03fb071b2979e7556de4bb7
pur-s-93,tight,2,TBR_B4,200,15,35,37,2,15,808,-4706,494693,-0.009512970670698798,16.371940457557695,13,0,0,2,0,1,141.51,2694.76,7.27,1,e1afcc1afd80515d525e9c079504eecbc79c4ae2e03fb071b2979e7556de4bb7
pur-s-93,tight,2,TBR_B32,200,15,35,37,2,15,808,-4706,494693,-0.009512970670698798,16.371940457557695,13,0,0,2,0,1,150.07,13370.14,7.21,1,e1afcc1afd80515d525e9c079504eecbc79c4ae2e03fb071b2979e7556de4bb7
pur-s-93,tight,2,TBR_NOT2,200,15,35,37,2,15,808,-4706,494693,-0.009512970670698798,16.371940457557695,13,0,0,2,0,1,127.39,3077.33,6.66,1,e1afcc1afd80515d525e9c079504eecbc79c4ae2e03fb071b2979e7556de4bb7
pur-s-93,tight,2,ONE_BLOCKER,200,15,35,37,2,15,808,-4706,494693,-0.009512970670698798,16.371940457557695,13,0,0,2,0,1,130.32,819.76,6.31,1,e1afcc1afd80515d525e9c079504eecbc79c4ae2e03fb071b2979e7556de4bb7
pur-s-93,tight,2,TBR,200,15,35,37,2,15,808,-4706,494693,-0.009512970670698798,16.371940457557695,13,0,0,2,0,1,146.13,3839.97,6.89,1,e1afcc1afd80515d525e9c079504eecbc79c4ae2e03fb071b2979e7556de4bb7
pur-s-93,tight,2,TBR_NOPROX,200,15,35,36,1,16,959,-3253,494693,-0.006575795493366593,16.41989410236771,13,1,0,1,0,2,62.9,1072.04,7.3,1,21ba821a12aeae3a141bf532462fe3070918734289a97d3bda4049aaed5756f9
pur-s-93,tight,2,SINGLE,200,15,35,37,2,15,808,-4706,494693,-0.009512970670698798,16.371940457557695,13,0,0,2,0,1,119.25,401.49,6.71,1,e1afcc1afd80515d525e9c079504eecbc79c4ae2e03fb071b2979e7556de4bb7
pur-s-93,tight,2,RECOMPUTE,200,12,35,35,0,4670,153794,4877,494693,0.009858639600722065,16.689167138432847,0,0,0,0,12,1569,144997.64,176479.91,6.95,1,683ec79dd6dce5956cff449a1c945a5c830ffc985f14db2bf442f890f2425186
pur-s-93,tight,2,TBR_B2,200,15,35,37,2,15,808,-4706,494693,-0.009512970670698798,16.371940457557695,13,0,0,2,0,1,141.89,863.51,7.46,1,e1afcc1afd80515d525e9c079504eecbc79c4ae2e03fb071b2979e7556de4bb7
pur-s-93,official,2,TBR_B16,200,15,42,42,0,15,808,-5613,494693,-0.011346431018833904,16.34173632155583,15,0,0,0,0,1,481.52,777.42,6.99,1,bcfd61e1557020d21651e67c0c1bf5c455f24df9bbcaedcb6098885e02c770f7
pur-s-93,official,2,TBR_B4,200,15,42,42,0,15,808,-5613,494693,-0.011346431018833904,16.34173632155583,15,0,0,0,0,1,458.91,712.66,7.19,1,bcfd61e1557020d21651e67c0c1bf5c455f24df9bbcaedcb6098885e02c770f7
pur-s-93,official,2,TBR_B32,200,15,42,42,0,15,808,-5613,494693,-0.011346431018833904,16.34173632155583,15,0,0,0,0,1,462.91,785.01,6.85,1,bcfd61e1557020d21651e67c0c1bf5c455f24df9bbcaedcb6098885e02c770f7
pur-s-93,official,2,TBR_NOT2,200,15,42,42,0,15,808,-5613,494693,-0.011346431018833904,16.34173632155583,15,0,0,0,0,1,452.21,727.35,6.53,1,bcfd61e1557020d21651e67c0c1bf5c455f24df9bbcaedcb6098885e02c770f7
pur-s-93,official,2,ONE_BLOCKER,200,15,42,42,0,15,808,-5613,494693,-0.011346431018833904,16.34173632155583,15,0,0,0,0,1,462.81,772.12,6.55,1,bcfd61e1557020d21651e67c0c1bf5c455f24df9bbcaedcb6098885e02c770f7
pur-s-93,official,2,TBR,200,15,42,42,0,15,808,-5613,494693,-0.011346431018833904,16.34173632155583,15,0,0,0,0,1,438.77,726.32,6.67,1,bcfd61e1557020d21651e67c0c1bf5c455f24df9bbcaedcb6098885e02c770f7
pur-s-93,official,2,TBR_NOPROX,200,15,42,42,0,15,808,-2621,494693,-0.005298235471292296,16.44137333910553,15,0,0,0,0,1,64.22,124.69,6.94,1,04b15f416a924a057926e7b1a750b232553375e0527fa5325a39fe969388c4b8
pur-s-93,official,2,SINGLE,200,15,42,42,0,15,808,-5613,494693,-0.011346431018833904,16.34173632155583,15,0,0,0,0,1,438.54,725.64,6.88,1,bcfd61e1557020d21651e67c0c1bf5c455f24df9bbcaedcb6098885e02c770f7
pur-s-93,official,2,RECOMPUTE,200,12,42,42,0,4670,153794,4877,494693,0.009858639600722065,16.689167138432847,0,0,0,0,12,1569,142651.24,172656.79,6.77,1,0fb16058eb6e65c4e420271161cd6b3595c1aa8cbc9769ad7196be8250da3a67
pur-s-93,official,2,TBR_B2,200,15,42,42,0,15,808,-5613,494693,-0.011346431018833904,16.34173632155583,15,0,0,0,0,1,439.14,775.87,7.5,1,bcfd61e1557020d21651e67c0c1bf5c455f24df9bbcaedcb6098885e02c770f7
pur-s-93,tight,3,TBR_B16,200,13,34,34,0,14,898,-5486,505943,-0.01084311869123597,16.71830563788338,12,1,0,0,0,2,149.36,643.86,7.04,1,5b7318d9148492cc985b201043d2ff1dc44104c81f20204e2a5e125f291f9b12
pur-s-93,tight,3,TBR_NOPROX,200,13,34,34,0,14,824,-3612,505943,-0.007139144132837098,16.78071197842086,12,1,0,0,0,2,61.67,179.17,6.79,1,11d0363939916a248deb15e321f792834025d9ea4fdb333bd588c322713fd50e
pur-s-93,tight,3,TBR_B4,200,13,34,34,0,14,898,-5486,505943,-0.01084311869123597,16.71830563788338,12,1,0,0,0,2,151.93,628.04,7.0,1,5b7318d9148492cc985b201043d2ff1dc44104c81f20204e2a5e125f291f9b12
pur-s-93,tight,3,ONE_BLOCKER,200,13,34,34,0,14,898,-5486,505943,-0.01084311869123597,16.71830563788338,12,1,0,0,0,2,171.75,665.3,7.12,1,5b7318d9148492cc985b201043d2ff1dc44104c81f20204e2a5e125f291f9b12
pur-s-93,tight,3,TBR_NOT2,200,13,34,35,1,13,732,-5195,505943,-0.010267955085849592,16.72799627027207,12,0,0,1,0,1,239.77,1468.04,6.39,1,79116e4b2438b8a8980acb3e6f65c28d2e63745bc62580e448acbfd95e35d3de
pur-s-93,tight,3,TBR_B32,200,13,34,34,0,14,898,-5486,505943,-0.01084311869123597,16.71830563788338,12,1,0,0,0,2,155.46,688.39,7.35,1,5b7318d9148492cc985b201043d2ff1dc44104c81f20204e2a5e125f291f9b12
pur-s-93,tight,3,SINGLE,200,13,34,35,1,13,732,-5195,505943,-0.010267955085849592,16.72799627027207,12,0,0,1,0,1,198.67,759.97,7.97,1,79116e4b2438b8a8980acb3e6f65c28d2e63745bc62580e448acbfd95e35d3de
pur-s-93,tight,3,TBR_B2,200,13,34,34,0,14,898,-5486,505943,-0.01084311869123597,16.71830563788338,12,1,0,0,0,2,187.58,658.21,7.5,1,5b7318d9148492cc985b201043d2ff1dc44104c81f20204e2a5e125f291f9b12
pur-s-93,tight,3,TBR,200,13,34,34,0,14,898,-5486,505943,-0.01084311869123597,16.71830563788338,12,1,0,0,0,2,191.02,655.01,7.25,1,5b7318d9148492cc985b201043d2ff1dc44104c81f20204e2a5e125f291f9b12
pur-s-93,tight,3,RECOMPUTE,200,13,34,34,0,5567,163205,-3691,505943,-0.007295288204402472,16.780578773851943,0,0,0,0,13,1646,141108.45,174491.24,6.97,1,6147a36dd6ef0b1e260debed9d6a779bc4ae3ae762ff0661f5a42361c62d86c6
pur-s-93,official,3,TBR_B16,200,13,42,42,0,13,732,-5643,505943,-0.011153430327131713,16.7130773585534,13,0,0,0,0,1,535.56,749.54,6.8,1,871743044a5b8cfe057b713dbd7ae5f46003c60ffcc38c0242fa413c60723712
pur-s-93,official,3,TBR_NOPROX,200,13,42,42,0,13,732,-3463,505943,-0.006844644554821393,16.78567384861301,13,0,0,0,0,1,73.61,107.51,6.77,1,a26bf2dafa7ea16cf43c92d78b32926b11110f6ec056e42e134c8dfca8488c38
pur-s-93,official,3,TBR_B4,200,13,42,42,0,13,732,-5643,505943,-0.011153430327131713,16.7130773585534,13,0,0,0,0,1,530.38,771.56,6.43,1,871743044a5b8cfe057b713dbd7ae5f46003c60ffcc38c0242fa413c60723712
pur-s-93,official,3,ONE_BLOCKER,200,13,42,42,0,13,732,-5643,505943,-0.011153430327131713,16.7130773585534,13,0,0,0,0,1,512.91,797.7,6.09,1,871743044a5b8cfe057b713dbd7ae5f46003c60ffcc38c0242fa413c60723712
pur-s-93,official,3,TBR_NOT2,200,13,42,42,0,13,732,-5643,505943,-0.011153430327131713,16.7130773585534,13,0,0,0,0,1,487.49,789.33,7.02,1,871743044a5b8cfe057b713dbd7ae5f46003c60ffcc38c0242fa413c60723712
pur-s-93,official,3,TBR_B32,200,13,42,42,0,13,732,-5643,505943,-0.011153430327131713,16.7130773585534,13,0,0,0,0,1,504.12,808.62,6.58,1,871743044a5b8cfe057b713dbd7ae5f46003c60ffcc38c0242fa413c60723712
pur-s-93,official,3,SINGLE,200,13,42,42,0,13,732,-5643,505943,-0.011153430327131713,16.7130773585534,13,0,0,0,0,1,544.1,784.54,7.0,1,871743044a5b8cfe057b713dbd7ae5f46003c60ffcc38c0242fa413c60723712
pur-s-93,official,3,TBR_B2,200,13,42,42,0,13,732,-5643,505943,-0.011153430327131713,16.7130773585534,13,0,0,0,0,1,518.92,780.77,7.0,1,871743044a5b8cfe057b713dbd7ae5f46003c60ffcc38c0242fa413c60723712
pur-s-93,official,3,TBR,200,13,42,42,0,13,732,-5643,505943,-0.011153430327131713,16.7130773585534,13,0,0,0,0,1,501.52,829.84,7.12,1,871743044a5b8cfe057b713dbd7ae5f46003c60ffcc38c0242fa413c60723712
pur-s-93,official,3,RECOMPUTE,200,13,42,42,0,5567,163205,-3691,505943,-0.007295288204402472,16.780578773851943,0,0,0,0,13,1646,150448.67,178953.43,6.89,1,f7d9d6095495df99ba2338a06f10cf17207a677b151d640053561892d3d9da8a
pur-s-93,tight,4,TBR,200,12,34,34,0,12,607,-2965,503199,-0.005892301057831991,16.71264444370442,12,0,0,0,0,1,125.58,316.33,6.84,1,de1b5cb6202a2c6bdfe7d23b966d59a26f302ec2fe06b861498d877e74bc9288
pur-s-93,tight,4,TBR_B16,200,12,34,34,0,12,607,-2965,503199,-0.005892301057831991,16.71264444370442,12,0,0,0,0,1,124.55,325.04,6.64,1,de1b5cb6202a2c6bdfe7d23b966d59a26f302ec2fe06b861498d877e74bc9288
pur-s-93,tight,4,RECOMPUTE,200,11,34,34,0,3357,95519,4390,503199,0.00872418267921836,16.956542009390922,0,0,0,0,11,1525,138414.24,169301.8,6.89,1,62c5f95e4c23ad2723662c533aeec5e81fcf7693a25e665a0e01c3fc808bf1ba
pur-s-93,tight,4,ONE_BLOCKER,200,12,34,34,0,12,607,-2965,503199,-0.005892301057831991,16.71264444370442,12,0,0,0,0,1,121.21,321.0,6.78,1,de1b5cb6202a2c6bdfe7d23b966d59a26f302ec2fe06b861498d877e74bc9288
pur-s-93,tight,4,TBR_NOPROX,200,12,34,34,0,12,607,-1772,503199,-0.0035214696372608055,16.752372706383827,12,0,0,0,0,1,51.53,97.63,6.43,1,133b21b92a7c16b34da0eda7db00b05d15ebda54c4dee6e792f588b716a7641a
pur-s-93,tight,4,TBR_NOT2,200,12,34,34,0,12,607,-2965,503199,-0.005892301057831991,16.71264444370442,12,0,0,0,0,1,120.1,325.33,6.12,1,de1b5cb6202a2c6bdfe7d23b966d59a26f302ec2fe06b861498d877e74bc9288
pur-s-93,tight,4,TBR_B2,200,12,34,34,0,12,607,-2965,503199,-0.005892301057831991,16.71264444370442,12,0,0,0,0,1,125.93,327.26,6.68,1,de1b5cb6202a2c6bdfe7d23b966d59a26f302ec2fe06b861498d877e74bc9288
pur-s-93,tight,4,SINGLE,200,12,34,34,0,12,607,-2965,503199,-0.005892301057831991,16.71264444370442,12,0,0,0,0,1,124.39,324.48,7.01,1,de1b5cb6202a2c6bdfe7d23b966d59a26f302ec2fe06b861498d877e74bc9288
pur-s-93,tight,4,TBR_B4,200,12,34,34,0,12,607,-2965,503199,-0.005892301057831991,16.71264444370442,12,0,0,0,0,1,142.16,335.12,6.68,1,de1b5cb6202a2c6bdfe7d23b966d59a26f302ec2fe06b861498d877e74bc9288
pur-s-93,tight,4,TBR_B32,200,12,34,34,0,12,607,-2965,503199,-0.005892301057831991,16.71264444370442,12,0,0,0,0,1,126.49,329.52,6.25,1,de1b5cb6202a2c6bdfe7d23b966d59a26f302ec2fe06b861498d877e74bc9288
pur-s-93,official,4,TBR,200,12,42,42,0,12,591,-5306,503199,-0.010544536058299003,16.634686469745912,12,0,0,0,0,1,265.31,863.68,7.93,1,66b8391242651979315d727fcb820596ebf2ebd7413df1f4cee32cbe3e3bcf1d
pur-s-93,official,4,TBR_B16,200,12,42,42,0,12,591,-5306,503199,-0.010544536058299003,16.634686469745912,12,0,0,0,0,1,266.86,806.54,7.57,1,66b8391242651979315d727fcb820596ebf2ebd7413df1f4cee32cbe3e3bcf1d
pur-s-93,official,4,RECOMPUTE,200,11,42,42,0,3357,95519,4390,503199,0.00872418267921836,16.956542009390922,0,0,0,0,11,1525,146917.06,182306.96,7.24,1,672e7d04a3f46127b62656b02b35c768d8bcad0ff89ed5a19a522624ef4bfcd6
pur-s-93,official,4,ONE_BLOCKER,200,12,42,42,0,12,591,-5306,503199,-0.010544536058299003,16.634686469745912,12,0,0,0,0,1,231.13,764.83,7.63,1,66b8391242651979315d727fcb820596ebf2ebd7413df1f4cee32cbe3e3bcf1d
pur-s-93,official,4,TBR_NOPROX,200,12,42,42,0,12,591,-3771,503199,-0.0074940530485950885,16.6858037230677,12,0,0,0,0,1,65.06,125.12,6.91,1,7fa20d16cd83c76909735eb87f82488e39b2c4f98c8ceb8f8021b5659ebcc034
pur-s-93,official,4,TBR_NOT2,200,12,42,42,0,12,591,-5306,503199,-0.010544536058299003,16.634686469745912,12,0,0,0,0,1,246.56,786.02,7.06,1,66b8391242651979315d727fcb820596ebf2ebd7413df1f4cee32cbe3e3bcf1d
pur-s-93,official,4,TBR_B2,200,12,42,42,0,12,591,-5306,503199,-0.010544536058299003,16.634686469745912,12,0,0,0,0,1,240.61,800.18,7.22,1,66b8391242651979315d727fcb820596ebf2ebd7413df1f4cee32cbe3e3bcf1d
pur-s-93,official,4,SINGLE,200,12,42,42,0,12,591,-5306,503199,-0.010544536058299003,16.634686469745912,12,0,0,0,0,1,235.78,771.01,6.9,1,66b8391242651979315d727fcb820596ebf2ebd7413df1f4cee32cbe3e3bcf1d
pur-s-93,official,4,TBR_B4,200,12,42,42,0,12,591,-5306,503199,-0.010544536058299003,16.634686469745912,12,0,0,0,0,1,219.63,769.89,7.03,1,66b8391242651979315d727fcb820596ebf2ebd7413df1f4cee32cbe3e3bcf1d
pur-s-93,official,4,TBR_B32,200,12,42,42,0,12,591,-5306,503199,-0.010544536058299003,16.634686469745912,12,0,0,0,0,1,220.2,807.68,6.64,1,66b8391242651979315d727fcb820596ebf2ebd7413df1f4cee32cbe3e3bcf1d
pur-s-93,tight,5,TBR_NOPROX,200,12,34,34,0,12,359,-2186,510780,-0.004279729041857552,17.000632721702356,12,0,0,0,0,1,56.07,82.38,7.13,1,b9b7542a327e321b436ca033226d1f500030c217486d81f429d4ad8fc0d644c6
pur-s-93,tight,5,TBR_NOT2,200,12,34,34,0,12,359,-3793,510780,-0.007425897646736364,16.947117786140065,12,0,0,0,0,1,135.54,346.18,6.96,1,8f7418b1bba993a049740d3646d040fbf817039ac0954f7ebdbf63e3ffe4c93c
pur-s-93,tight,5,TBR_B32,200,12,34,34,0,12,359,-3793,510780,-0.007425897646736364,16.947117786140065,12,0,0,0,0,1,139.03,368.02,7.71,1,8f7418b1bba993a049740d3646d040fbf817039ac0954f7ebdbf63e3ffe4c93c
pur-s-93,tight,5,TBR,200,12,34,34,0,12,359,-3793,510780,-0.007425897646736364,16.947117786140065,12,0,0,0,0,1,125.21,338.9,6.7,1,8f7418b1bba993a049740d3646d040fbf817039ac0954f7ebdbf63e3ffe4c93c
pur-s-93,tight,5,TBR_B2,200,12,34,34,0,12,359,-3793,510780,-0.007425897646736364,16.947117786140065,12,0,0,0,0,1,136.94,337.04,6.87,1,8f7418b1bba993a049740d3646d040fbf817039ac0954f7ebdbf63e3ffe4c93c
pur-s-93,tight,5,RECOMPUTE,200,10,34,34,0,3033,86552,-5361,510780,-0.010495712439797956,16.888374571247795,0,0,0,0,10,1476,140853.46,168747.26,7.05,1,b493a743edcf7d643f87d83f5a1c2920b7a811f4178ef046725144792063b0b9
pur-s-93,tight,5,ONE_BLOCKER,200,12,34,34,0,12,359,-3793,510780,-0.007425897646736364,16.947117786140065,12,0,0,0,0,1,132.61,339.52,7.12,1,8f7418b1bba993a049740d3646d040fbf817039ac0954f7ebdbf63e3ffe4c93c
pur-s-93,tight,5,SINGLE,200,12,34,34,0,12,359,-3793,510780,-0.007425897646736364,16.947117786140065,12,0,0,0,0,1,130.21,337.05,6.95,1,8f7418b1bba993a049740d3646d040fbf817039ac0954f7ebdbf63e3ffe4c93c
pur-s-93,tight,5,TBR_B4,200,12,34,34,0,12,359,-3793,510780,-0.007425897646736364,16.947117786140065,12,0,0,0,0,1,127.38,329.06,6.59,1,8f7418b1bba993a049740d3646d040fbf817039ac0954f7ebdbf63e3ffe4c93c
pur-s-93,tight,5,TBR_B16,200,12,34,34,0,12,359,-3793,510780,-0.007425897646736364,16.947117786140065,12,0,0,0,0,1,127.89,353.01,6.8,1,8f7418b1bba993a049740d3646d040fbf817039ac0954f7ebdbf63e3ffe4c93c
pur-s-93,official,5,TBR_NOPROX,200,12,42,42,0,12,359,-2186,510780,-0.004279729041857552,17.000632721702356,12,0,0,0,0,1,66.85,88.05,7.35,1,235af446087bb9fdbcf257d63edc1514e23d765abe682c32238f9f7c89ca0f24
pur-s-93,official,5,TBR_NOT2,200,12,42,42,0,12,359,-4165,510780,-0.008154195544069855,16.93472976123081,12,0,0,0,0,1,249.53,767.99,7.1,1,f048aea268320750c46527b1026b87ac8c9d30c4a914e8116f26963efbac224b
pur-s-93,official,5,TBR_B32,200,12,42,42,0,12,359,-4165,510780,-0.008154195544069855,16.93472976123081,12,0,0,0,0,1,263.67,777.34,6.97,1,f048aea268320750c46527b1026b87ac8c9d30c4a914e8116f26963efbac224b
pur-s-93,official,5,TBR,200,12,42,42,0,12,359,-4165,510780,-0.008154195544069855,16.93472976123081,12,0,0,0,0,1,246.02,760.42,7.12,1,f048aea268320750c46527b1026b87ac8c9d30c4a914e8116f26963efbac224b
pur-s-93,official,5,TBR_B2,200,12,42,42,0,12,359,-4165,510780,-0.008154195544069855,16.93472976123081,12,0,0,0,0,1,290.95,768.28,7.33,1,f048aea268320750c46527b1026b87ac8c9d30c4a914e8116f26963efbac224b
pur-s-93,official,5,RECOMPUTE,200,10,42,42,0,3033,86552,-5361,510780,-0.010495712439797956,16.888374571247795,0,0,0,0,10,1476,147295.2,193787.64,7.29,1,af880812119501bc53a7d76701c2d07d401ce5c6bd70a7776b75b865b8e06e3c
pur-s-93,official,5,ONE_BLOCKER,200,12,42,42,0,12,359,-4165,510780,-0.008154195544069855,16.93472976123081,12,0,0,0,0,1,254.27,817.56,7.25,1,f048aea268320750c46527b1026b87ac8c9d30c4a914e8116f26963efbac224b
pur-s-93,official,5,SINGLE,200,12,42,42,0,12,359,-4165,510780,-0.008154195544069855,16.93472976123081,12,0,0,0,0,1,243.17,813.84,6.96,1,f048aea268320750c46527b1026b87ac8c9d30c4a914e8116f26963efbac224b
pur-s-93,official,5,TBR_B4,200,12,42,42,0,12,359,-4165,510780,-0.008154195544069855,16.93472976123081,12,0,0,0,0,1,234.61,762.15,7.21,1,f048aea268320750c46527b1026b87ac8c9d30c4a914e8116f26963efbac224b
pur-s-93,official,5,TBR_B16,200,12,42,42,0,12,359,-4165,510780,-0.008154195544069855,16.93472976123081,12,0,0,0,0,1,229.3,716.66,7.19,1,f048aea268320750c46527b1026b87ac8c9d30c4a914e8116f26963efbac224b
pur-s-93,tight,6,TBR_B32,200,14,34,34,0,15,610,-4316,505352,-0.008540581614399467,16.736754470678346,13,1,0,0,0,2,136.13,523.97,7.67,1,76ad8a9346a192958730a81ff5d00824aa98039f5984ac5555ad80a701f11309
pur-s-93,tight,6,TBR_B4,200,14,34,34,0,15,610,-4316,505352,-0.008540581614399467,16.736754470678346,13,1,0,0,0,2,150.56,452.21,7.5,1,76ad8a9346a192958730a81ff5d00824aa98039f5984ac5555ad80a701f11309
pur-s-93,tight,6,TBR_B16,200,14,34,34,0,15,610,-4316,505352,-0.008540581614399467,16.736754470678346,13,1,0,0,0,2,195.64,512.61,8.12,1,76ad8a9346a192958730a81ff5d00824aa98039f5984ac5555ad80a701f11309
pur-s-93,tight,6,SINGLE,200,14,34,35,1,14,583,-4428,505352,-0.008762209311529389,16.733024742748675,13,0,0,1,0,1,133.32,218.73,7.11,1,9ca74677521c42792202f97b8b4469166f0e07b6091e427de52e3a9ae2de4a03
pur-s-93,tight,6,TBR_B2,200,14,34,34,0,15,610,-4316,505352,-0.008540581614399467,16.736754470678346,13,1,0,0,0,2,138.47,467.44,7.26,1,76ad8a9346a192958730a81ff5d00824aa98039f5984ac5555ad80a701f11309
pur-s-93,tight,6,TBR_NOPROX,200,14,34,34,0,15,610,-2897,505352,-0.00573263784451234,16.78400879150155,13,1,0,0,0,2,57.23,152.95,7.29,1,4e66b80992aaa8d7d0c993d8a6cbbbfd33a2414f0d5af4f2a769432860f72a16
pur-s-93,tight,6,TBR_NOT2,200,14,34,35,1,14,583,-4428,505352,-0.008762209311529389,16.733024742748675,13,0,0,1,0,1,146.59,1141.78,7.34,1,9ca74677521c42792202f97b8b4469166f0e07b6091e427de52e3a9ae2de4a03
pur-s-93,tight,6,ONE_BLOCKER,200,14,34,34,0,15,610,-4316,505352,-0.008540581614399467,16.736754470678346,13,1,0,0,0,2,147.15,544.6,6.94,1,76ad8a9346a192958730a81ff5d00824aa98039f5984ac5555ad80a701f11309
pur-s-93,tight,6,TBR,200,14,34,34,0,15,610,-4316,505352,-0.008540581614399467,16.736754470678346,13,1,0,0,0,2,138.93,470.94,7.05,1,76ad8a9346a192958730a81ff5d00824aa98039f5984ac5555ad80a701f11309
pur-s-93,tight,6,RECOMPUTE,200,10,34,34,0,2999,78172,1140,505352,0.002255853345786699,16.922907855739453,0,0,0,0,10,1116,145497.9,180003.35,7.07,1,e7de834df52eb09ee4d760d9682b5300d9d1764818cfd6a116ffc5e87e3a3194
pur-s-93,official,6,TBR_B32,200,14,42,42,0,14,583,-5255,505352,-0.010398692396586933,16.705484698125147,14,0,0,0,0,1,220.25,741.82,7.41,1,84724585bcccb32f5252d74fe3be4672aa7094ec5c449629c6981851f4d42ba6
pur-s-93,official,6,TBR_B4,200,14,42,42,0,14,583,-5255,505352,-0.010398692396586933,16.705484698125147,14,0,0,0,0,1,220.47,708.86,6.88,1,84724585bcccb32f5252d74fe3be4672aa7094ec5c449629c6981851f4d42ba6
pur-s-93,official,6,TBR_B16,200,14,42,42,0,14,583,-5255,505352,-0.010398692396586933,16.705484698125147,14,0,0,0,0,1,209.76,770.47,7.04,1,84724585bcccb32f5252d74fe3be4672aa7094ec5c449629c6981851f4d42ba6
pur-s-93,official,6,SINGLE,200,14,42,42,0,14,583,-5255,505352,-0.010398692396586933,16.705484698125147,14,0,0,0,0,1,212.46,721.09,7.38,1,84724585bcccb32f5252d74fe3be4672aa7094ec5c449629c6981851f4d42ba6
pur-s-93,official,6,TBR_B2,200,14,42,42,0,14,583,-5255,505352,-0.010398692396586933,16.705484698125147,14,0,0,0,0,1,216.18,746.18,7.38,1,84724585bcccb32f5252d74fe3be4672aa7094ec5c449629c6981851f4d42ba6
pur-s-93,official,6,TBR_NOPROX,200,14,42,42,0,14,583,-3136,505352,-0.006205575519637797,16.776049818508774,14,0,0,0,0,1,63.9,101.58,6.74,1,2e5137b2622972c7397d27f82287aa9596a32c742491e21a898359bd796bfe3a
pur-s-93,official,6,TBR_NOT2,200,14,42,42,0,14,583,-5255,505352,-0.010398692396586933,16.705484698125147,14,0,0,0,0,1,221.47,766.77,6.96,1,84724585bcccb32f5252d74fe3be4672aa7094ec5c449629c6981851f4d42ba6
pur-s-93,official,6,ONE_BLOCKER,200,14,42,42,0,14,583,-5255,505352,-0.010398692396586933,16.705484698125147,14,0,0,0,0,1,227.41,776.81,7.0,1,84724585bcccb32f5252d74fe3be4672aa7094ec5c449629c6981851f4d42ba6
pur-s-93,official,6,TBR,200,14,42,42,0,14,583,-5255,505352,-0.010398692396586933,16.705484698125147,14,0,0,0,0,1,219.37,750.3,7.25,1,84724585bcccb32f5252d74fe3be4672aa7094ec5c449629c6981851f4d42ba6
pur-s-93,official,6,RECOMPUTE,200,10,42,42,0,2999,78172,1140,505352,0.002255853345786699,16.922907855739453,0,0,0,0,10,1116,146476.84,176888.57,6.86,1,4ea9346c3e9c4e8db15c287be747a412c32222996711274906d0cf8d74df731b
pur-s-93,tight,7,TBR,200,12,34,35,1,12,827,-7365,502468,-0.014657649840387846,16.545372806287254,11,0,0,1,0,1,353.08,2598.79,12.09,1,060dda17609a56861282889ffe4bdfc3080a4ff99c329751d372f4e40ce635a3
pur-s-93,tight,7,TBR_B2,200,12,34,35,1,12,827,-7365,502468,-0.014657649840387846,16.545372806287254,11,0,0,1,0,1,199.71,655.83,6.99,1,060dda17609a56861282889ffe4bdfc3080a4ff99c329751d372f4e40ce635a3
pur-s-93,tight,7,TBR_NOT2,200,12,34,35,1,12,827,-7365,502468,-0.014657649840387846,16.545372806287254,11,0,0,1,0,1,197.29,1629.71,6.71,1,060dda17609a56861282889ffe4bdfc3080a4ff99c329751d372f4e40ce635a3
pur-s-93,tight,7,RECOMPUTE,200,11,34,34,0,5562,177116,-13251,502468,-0.026371828653765014,16.350094908255354,0,0,0,0,11,1661,145845.78,182454.17,7.0,1,d1da933e711f27ab87127a1d5006db36d6f75932e0134d1a815a17b48571ac01
pur-s-93,tight,7,TBR_B4,200,12,34,35,1,12,827,-7365,502468,-0.014657649840387846,16.545372806287254,11,0,0,1,0,1,206.39,1345.57,7.76,1,060dda17609a56861282889ffe4bdfc3080a4ff99c329751d372f4e40ce635a3
pur-s-93,tight,7,SINGLE,200,12,34,35,1,12,827,-7365,502468,-0.014657649840387846,16.545372806287254,11,0,0,1,0,1,162.25,559.18,7.07,1,060dda17609a56861282889ffe4bdfc3080a4ff99c329751d372f4e40ce635a3
pur-s-93,tight,7,TBR_B16,200,12,34,35,1,12,827,-7365,502468,-0.014657649840387846,16.545372806287254,11,0,0,1,0,1,204.48,3521.41,7.21,1,060dda17609a56861282889ffe4bdfc3080a4ff99c329751d372f4e40ce635a3
pur-s-93,tight,7,ONE_BLOCKER,200,12,34,35,1,12,827,-7365,502468,-0.014657649840387846,16.545372806287254,11,0,0,1,0,1,227.2,691.86,7.03,1,060dda17609a56861282889ffe4bdfc3080a4ff99c329751d372f4e40ce635a3
pur-s-93,tight,7,TBR_B32,200,12,34,35,1,12,827,-7365,502468,-0.014657649840387846,16.545372806287254,11,0,0,1,0,1,223.53,9386.38,9.79,1,060dda17609a56861282889ffe4bdfc3080a4ff99c329751d372f4e40ce635a3
pur-s-93,tight,7,TBR_NOPROX,200,12,34,35,1,12,827,-5484,502468,-0.010914127864859055,16.60801225482034,11,0,0,1,0,1,69.22,1414.22,7.74,1,c25e1f1cae47a8d61a10cddd014ce9bc69a30e1bc4b42d1c35a42f6c18b6f5dc
pur-s-93,official,7,TBR,200,12,42,42,0,12,827,-8146,502468,-0.0162119776781805,16.519364614206268,12,0,0,0,0,1,470.73,726.63,7.26,1,9209c85d55ef6e50787baefece41a9ff8653cc9bc14b6f57d0337a2ea5b554d4
pur-s-93,official,7,TBR_B2,200,12,42,42,0,12,827,-8146,502468,-0.0162119776781805,16.519364614206268,12,0,0,0,0,1,502.96,709.55,7.92,1,9209c85d55ef6e50787baefece41a9ff8653cc9bc14b6f57d0337a2ea5b554d4
pur-s-93,official,7,TBR_NOT2,200,12,42,42,0,12,827,-8146,502468,-0.0162119776781805,16.519364614206268,12,0,0,0,0,1,466.39,702.67,7.01,1,9209c85d55ef6e50787baefece41a9ff8653cc9bc14b6f57d0337a2ea5b554d4
pur-s-93,official,7,RECOMPUTE,200,11,42,42,0,5562,177116,-13251,502468,-0.026371828653765014,16.350094908255354,0,0,0,0,11,1661,147882.05,194035.25,7.2,1,850b4beb38eecc19b63c669fd94af779c65b5c4e2e096939854e168df51e1722
pur-s-93,official,7,TBR_B4,200,12,42,42,0,12,827,-8146,502468,-0.0162119776781805,16.519364614206268,12,0,0,0,0,1,493.46,700.38,7.09,1,9209c85d55ef6e50787baefece41a9ff8653cc9bc14b6f57d0337a2ea5b554d4
pur-s-93,official,7,SINGLE,200,12,42,42,0,12,827,-8146,502468,-0.0162119776781805,16.519364614206268,12,0,0,0,0,1,480.57,741.33,6.86,1,9209c85d55ef6e50787baefece41a9ff8653cc9bc14b6f57d0337a2ea5b554d4
pur-s-93,official,7,TBR_B16,200,12,42,42,0,12,827,-8146,502468,-0.0162119776781805,16.519364614206268,12,0,0,0,0,1,523.08,727.31,6.98,1,9209c85d55ef6e50787baefece41a9ff8653cc9bc14b6f57d0337a2ea5b554d4
pur-s-93,official,7,ONE_BLOCKER,200,12,42,42,0,12,827,-8146,502468,-0.0162119776781805,16.519364614206268,12,0,0,0,0,1,492.22,712.18,6.96,1,9209c85d55ef6e50787baefece41a9ff8653cc9bc14b6f57d0337a2ea5b554d4
pur-s-93,official,7,TBR_B32,200,12,42,42,0,12,827,-8146,502468,-0.0162119776781805,16.519364614206268,12,0,0,0,0,1,474.99,702.36,7.95,1,9209c85d55ef6e50787baefece41a9ff8653cc9bc14b6f57d0337a2ea5b554d4
pur-s-93,official,7,TBR_NOPROX,200,12,42,42,0,12,827,-5484,502468,-0.010914127864859055,16.60801225482034,12,0,0,0,0,1,66.26,109.46,6.94,1,11dd9555fdab979b283830654626a42927b51809f62e6f3afbbd78c9b20a69d0
pur-s-93,tight,8,SINGLE,200,11,34,35,1,11,1031,-7877,514120,-0.015321325760522836,16.915748110160177,10,0,0,1,0,1,143.49,326.95,7.31,1,6ba3cf7da4958178186bd81bc2442d5bfa1ef4736981923ebae68470d9fd0283
pur-s-93,tight,8,RECOMPUTE,200,9,34,34,0,4203,118946,-6209,514120,-0.012076947016260796,16.96833061374005,0,0,0,0,9,1467,152657.47,182473.98,7.04,1,89288d3345db686a5102b72002a3ee5d04cf0bea21486a2f1c2bd75ca0ce4d45
pur-s-93,tight,8,TBR_NOPROX,200,11,34,35,1,11,1031,-6534,514120,-0.012709095152882596,16.960471544173966,10,0,0,1,0,1,54.85,1847.67,7.37,1,3a5f05dcc37ebb5ef9a01b24b8f2bc2657ae341237c3a91695d2f9d76867d8d2
pur-s-93,tight,8,TBR,200,11,34,35,1,11,1031,-7877,514120,-0.015321325760522836,16.915748110160177,10,0,0,1,0,1,119.35,2361.53,6.86,1,6ba3cf7da4958178186bd81bc2442d5bfa1ef4736981923ebae68470d9fd0283
pur-s-93,tight,8,TBR_NOT2,200,11,34,35,1,11,1031,-7877,514120,-0.015321325760522836,16.915748110160177,10,0,0,1,0,1,119.32,1891.53,6.76,1,6ba3cf7da4958178186bd81bc2442d5bfa1ef4736981923ebae68470d9fd0283
pur-s-93,tight,8,TBR_B2,200,11,34,35,1,11,1031,-7877,514120,-0.015321325760522836,16.915748110160177,10,0,0,1,0,1,125.44,718.38,6.96,1,6ba3cf7da4958178186bd81bc2442d5bfa1ef4736981923ebae68470d9fd0283
pur-s-93,tight,8,TBR_B32,200,11,34,35,1,11,1031,-7877,514120,-0.015321325760522836,16.915748110160177,10,0,0,1,0,1,116.56,9477.54,7.13,1,6ba3cf7da4958178186bd81bc2442d5bfa1ef4736981923ebae68470d9fd0283
pur-s-93,tight,8,TBR_B16,200,11,34,35,1,11,1031,-7877,514120,-0.015321325760522836,16.915748110160177,10,0,0,1,0,1,125.12,3745.68,7.12,1,6ba3cf7da4958178186bd81bc2442d5bfa1ef4736981923ebae68470d9fd0283
pur-s-93,tight,8,TBR_B4,200,11,34,35,1,11,1031,-7877,514120,-0.015321325760522836,16.915748110160177,10,0,0,1,0,1,116.92,1585.13,7.16,1,6ba3cf7da4958178186bd81bc2442d5bfa1ef4736981923ebae68470d9fd0283
pur-s-93,tight,8,ONE_BLOCKER,200,11,34,35,1,11,1031,-7877,514120,-0.015321325760522836,16.915748110160177,10,0,0,1,0,1,119.46,712.76,6.73,1,6ba3cf7da4958178186bd81bc2442d5bfa1ef4736981923ebae68470d9fd0283
pur-s-93,official,8,SINGLE,200,11,42,42,0,11,1031,-8472,514120,-0.016478643118338132,16.8958007259649,11,0,0,0,0,1,375.87,766.09,6.75,1,8204c83ec17237fee54470ab85c1cfabb6ec73db487d27f53a08e525fdb332f2
pur-s-93,official,8,RECOMPUTE,200,9,42,42,0,4203,118946,-6209,514120,-0.012076947016260796,16.96833061374005,0,0,0,0,9,1467,145938.46,174361.32,6.85,1,537bcf39834a215f9d740e962fd71d7bb47f60123b5195fa07b382760b010cbf
pur-s-93,official,8,TBR_NOPROX,200,11,42,42,0,11,1031,-6534,514120,-0.012709095152882596,16.960471544173966,11,0,0,0,0,1,63.17,133.94,7.07,1,429e3ab6a33a45fd06c43a7fc1bfbadfdea8fea3272662b001e5a663327192fa
pur-s-93,official,8,TBR,200,11,42,42,0,11,1031,-8472,514120,-0.016478643118338132,16.8958007259649,11,0,0,0,0,1,407.93,762.62,6.22,1,8204c83ec17237fee54470ab85c1cfabb6ec73db487d27f53a08e525fdb332f2
pur-s-93,official,8,TBR_NOT2,200,11,42,42,0,11,1031,-8472,514120,-0.016478643118338132,16.8958007259649,11,0,0,0,0,1,389.74,751.98,7.42,1,8204c83ec17237fee54470ab85c1cfabb6ec73db487d27f53a08e525fdb332f2
pur-s-93,official,8,TBR_B2,200,11,42,42,0,11,1031,-8472,514120,-0.016478643118338132,16.8958007259649,11,0,0,0,0,1,384.98,761.34,6.9,1,8204c83ec17237fee54470ab85c1cfabb6ec73db487d27f53a08e525fdb332f2
pur-s-93,official,8,TBR_B32,200,11,42,42,0,11,1031,-8472,514120,-0.016478643118338132,16.8958007259649,11,0,0,0,0,1,390.3,711.69,7.2,1,8204c83ec17237fee54470ab85c1cfabb6ec73db487d27f53a08e525fdb332f2
pur-s-93,official,8,TBR_B16,200,11,42,42,0,11,1031,-8472,514120,-0.016478643118338132,16.8958007259649,11,0,0,0,0,1,366.96,722.1,7.21,1,8204c83ec17237fee54470ab85c1cfabb6ec73db487d27f53a08e525fdb332f2
pur-s-93,official,8,TBR_B4,200,11,42,42,0,11,1031,-8472,514120,-0.016478643118338132,16.8958007259649,11,0,0,0,0,1,408.71,726.03,6.83,1,8204c83ec17237fee54470ab85c1cfabb6ec73db487d27f53a08e525fdb332f2
pur-s-93,official,8,ONE_BLOCKER,200,11,42,42,0,11,1031,-8472,514120,-0.016478643118338132,16.8958007259649,11,0,0,0,0,1,378.29,736.65,7.46,1,8204c83ec17237fee54470ab85c1cfabb6ec73db487d27f53a08e525fdb332f2
pur-s-93,tight,9,TBR_B4,200,11,34,35,1,11,305,-2491,497430,-0.0050077397824819575,16.544939891438275,10,0,0,1,0,1,126.09,1206.57,7.47,1,954748ec50c044aa6b839b1bc860b6822a546f85007c6da1b4c7aa18c12a08b7
pur-s-93,tight,9,ONE_BLOCKER,200,11,34,35,1,11,305,-2491,497430,-0.0050077397824819575,16.544939891438275,10,0,0,1,0,1,130.86,504.37,7.58,1,954748ec50c044aa6b839b1bc860b6822a546f85007c6da1b4c7aa18c12a08b7
pur-s-93,tight,9,SINGLE,200,11,34,35,1,11,305,-2491,497430,-0.0050077397824819575,16.544939891438275,10,0,0,1,0,1,117.08,205.58,6.82,1,954748ec50c044aa6b839b1bc860b6822a546f85007c6da1b4c7aa18c12a08b7
pur-s-93,tight,9,TBR_NOPROX,200,11,34,34,0,12,398,-945,497430,-0.001899764791025873,16.596423457324587,10,1,0,0,0,2,57.39,153.29,6.89,1,898fc81b98e163db5ba5c3f872fa680de9986e0fc2ae4351638f33818263cb5b
pur-s-93,tight,9,TBR_B16,200,11,34,35,1,11,305,-2491,497430,-0.0050077397824819575,16.544939891438275,10,0,0,1,0,1,116.58,3183.77,7.49,1,954748ec50c044aa6b839b1bc860b6822a546f85007c6da1b4c7aa18c12a08b7
pur-s-93,tight,9,TBR_B2,200,11,34,35,1,11,305,-2491,497430,-0.0050077397824819575,16.544939891438275,10,0,0,1,0,1,121.03,514.5,7.57,1,954748ec50c044aa6b839b1bc860b6822a546f85007c6da1b4c7aa18c12a08b7
pur-s-93,tight,9,TBR,200,11,34,35,1,11,305,-2491,497430,-0.0050077397824819575,16.544939891438275,10,0,0,1,0,1,117.46,1856.25,7.25,1,954748ec50c044aa6b839b1bc860b6822a546f85007c6da1b4c7aa18c12a08b7
pur-s-93,tight,9,TBR_B32,200,11,34,35,1,11,305,-2491,497430,-0.0050077397824819575,16.544939891438275,10,0,0,1,0,1,119.13,7430.19,7.25,1,954748ec50c044aa6b839b1bc860b6822a546f85007c6da1b4c7aa18c12a08b7
pur-s-93,tight,9,RECOMPUTE,200,14,34,34,0,3565,88520,7904,497430,0.015889672918802646,16.889640014652503,0,0,0,0,14,1102,141410.82,179418.45,7.34,1,6b771748bcfd8bdf428eb286860b14702ac472c7bff55eb8e5ef9c8a3e7a8b86
pur-s-93,tight,9,TBR_NOT2,200,11,34,35,1,11,305,-2491,497430,-0.0050077397824819575,16.544939891438275,10,0,0,1,0,1,125.31,1691.83,7.43,1,954748ec50c044aa6b839b1bc860b6822a546f85007c6da1b4c7aa18c12a08b7
pur-s-93,official,9,TBR_B4,200,11,42,42,0,11,305,-2752,497430,-0.005532436724765294,16.53624829331646,11,0,0,0,0,1,345.79,825.16,7.24,1,0e958a33a871090cc3ada87b21c905d622aac0dcc9ba486035018173c1cfceb0
pur-s-93,official,9,ONE_BLOCKER,200,11,42,42,0,11,305,-2752,497430,-0.005532436724765294,16.53624829331646,11,0,0,0,0,1,362.79,816.19,7.54,1,0e958a33a871090cc3ada87b21c905d622aac0dcc9ba486035018173c1cfceb0
pur-s-93,official,9,SINGLE,200,11,42,42,0,11,305,-2752,497430,-0.005532436724765294,16.53624829331646,11,0,0,0,0,1,363.54,800.1,7.05,1,0e958a33a871090cc3ada87b21c905d622aac0dcc9ba486035018173c1cfceb0
pur-s-93,official,9,TBR_NOPROX,200,11,42,42,0,11,305,-992,497430,-0.0019942504472991174,16.594858303639814,11,0,0,0,0,1,73.9,83.83,7.22,1,bda673dc612318b8c5fae73e05e9174bbd0d84ea2e8ca25558ac6f363069ab7e
pur-s-93,official,9,TBR_B16,200,11,42,42,0,11,305,-2752,497430,-0.005532436724765294,16.53624829331646,11,0,0,0,0,1,357.95,928.56,8.23,1,0e958a33a871090cc3ada87b21c905d622aac0dcc9ba486035018173c1cfceb0
pur-s-93,official,9,TBR_B2,200,11,42,42,0,11,305,-2752,497430,-0.005532436724765294,16.53624829331646,11,0,0,0,0,1,347.63,803.58,7.77,1,0e958a33a871090cc3ada87b21c905d622aac0dcc9ba486035018173c1cfceb0
pur-s-93,official,9,TBR,200,11,42,42,0,11,305,-2752,497430,-0.005532436724765294,16.53624829331646,11,0,0,0,0,1,363.21,832.69,7.75,1,0e958a33a871090cc3ada87b21c905d622aac0dcc9ba486035018173c1cfceb0
pur-s-93,official,9,TBR_B32,200,11,42,42,0,11,305,-2752,497430,-0.005532436724765294,16.53624829331646,11,0,0,0,0,1,376.03,850.57,8.35,1,0e958a33a871090cc3ada87b21c905d622aac0dcc9ba486035018173c1cfceb0
pur-s-93,official,9,RECOMPUTE,200,14,42,42,0,3565,88520,7904,497430,0.015889672918802646,16.889640014652503,0,0,0,0,14,1102,146385.91,173089.55,7.42,1,b23a818588f2b1943ff37391f225b2264d2f00c4f2e257c6d1e89402a6480906
pur-s-93,official,9,TBR_NOT2,200,11,42,42,0,11,305,-2752,497430,-0.005532436724765294,16.53624829331646,11,0,0,0,0,1,340.99,824.95,7.38,1,0e958a33a871090cc3ada87b21c905d622aac0dcc9ba486035018173c1cfceb0
rye-s-93,tight,0,RECOMPUTE,200,1,22,22,0,8,318,-1020,364006,-0.002802151612885502,31.918575285204216,0,0,0,0,1,8,10393.89,10393.89,4.13,1,3c58ed7646721da2010bf709227054090db2290e3143fd7d82bb9237ee4c6bbb
rye-s-93,tight,0,ONE_BLOCKER,200,1,22,22,0,1,42,-731,364006,-0.0020082086559012765,31.94383000957938,1,0,0,0,0,1,226.47,226.47,4.91,1,52cdff231b29af918dc2092a375554cca9f6833db3f84fb9e8f53bff57dbf4b9
rye-s-93,tight,0,SINGLE,200,1,22,22,0,1,42,-731,364006,-0.0020082086559012765,31.94383000957938,1,0,0,0,0,1,244.61,244.61,4.71,1,52cdff231b29af918dc2092a375554cca9f6833db3f84fb9e8f53bff57dbf4b9
rye-s-93,tight,0,TBR_B16,200,1,22,22,0,1,42,-731,364006,-0.0020082086559012765,31.94383000957938,1,0,0,0,0,1,227.08,227.08,4.88,1,52cdff231b29af918dc2092a375554cca9f6833db3f84fb9e8f53bff57dbf4b9
rye-s-93,tight,0,TBR_B2,200,1,22,22,0,1,42,-731,364006,-0.0020082086559012765,31.94383000957938,1,0,0,0,0,1,231.6,231.6,5.01,1,52cdff231b29af918dc2092a375554cca9f6833db3f84fb9e8f53bff57dbf4b9
rye-s-93,tight,0,TBR_B4,200,1,22,22,0,1,42,-731,364006,-0.0020082086559012765,31.94383000957938,1,0,0,0,0,1,236.61,236.61,5.33,1,52cdff231b29af918dc2092a375554cca9f6833db3f84fb9e8f53bff57dbf4b9
rye-s-93,tight,0,TBR_NOT2,200,1,22,22,0,1,42,-731,364006,-0.0020082086559012765,31.94383000957938,1,0,0,0,0,1,217.27,217.27,4.92,1,52cdff231b29af918dc2092a375554cca9f6833db3f84fb9e8f53bff57dbf4b9
rye-s-93,tight,0,TBR,200,1,22,22,0,1,42,-731,364006,-0.0020082086559012765,31.94383000957938,1,0,0,0,0,1,227.55,227.55,4.83,1,52cdff231b29af918dc2092a375554cca9f6833db3f84fb9e8f53bff57dbf4b9
rye-s-93,tight,0,TBR_NOPROX,200,1,22,22,0,1,42,-624,364006,-0.0017142574572946599,31.953148132021248,1,0,0,0,0,1,49.49,49.49,4.83,1,87ea67c9c009e7f65e6ea1799ec2ea2dbe3754ed7ddce49d6fb0cbf35752b002
rye-s-93,tight,0,TBR_B32,200,1,22,22,0,1,42,-731,364006,-0.0020082086559012765,31.94383000957938,1,0,0,0,0,1,238.85,238.85,5.01,1,52cdff231b29af918dc2092a375554cca9f6833db3f84fb9e8f53bff57dbf4b9
rye-s-93,official,0,RECOMPUTE,200,1,23,23,0,8,318,-1020,364006,-0.002802151612885502,31.918575285204216,0,0,0,0,1,8,10281.63,10281.63,4.1,1,e1254721a0e4b12cbab57e4f7dd4de5b289a3ede7301fb79124cd89e15ff14a9
rye-s-93,official,0,ONE_BLOCKER,200,1,23,23,0,1,42,-731,364006,-0.0020082086559012765,31.94383000957938,1,0,0,0,0,1,359.77,359.77,7.2,1,0b6011da224c9022778cbdd77c5403d658f5d693c9175d88a2242c4f3b3ea07d
rye-s-93,official,0,SINGLE,200,1,23,23,0,1,42,-731,364006,-0.0020082086559012765,31.94383000957938,1,0,0,0,0,1,232.22,232.22,4.93,1,0b6011da224c9022778cbdd77c5403d658f5d693c9175d88a2242c4f3b3ea07d
rye-s-93,official,0,TBR_B16,200,1,23,23,0,1,42,-731,364006,-0.0020082086559012765,31.94383000957938,1,0,0,0,0,1,222.43,222.43,4.95,1,0b6011da224c9022778cbdd77c5403d658f5d693c9175d88a2242c4f3b3ea07d
rye-s-93,official,0,TBR_B2,200,1,23,23,0,1,42,-731,364006,-0.0020082086559012765,31.94383000957938,1,0,0,0,0,1,240.84,240.84,5.04,1,0b6011da224c9022778cbdd77c5403d658f5d693c9175d88a2242c4f3b3ea07d
rye-s-93,official,0,TBR_B4,200,1,23,23,0,1,42,-731,364006,-0.0020082086559012765,31.94383000957938,1,0,0,0,0,1,228.98,228.98,5.67,1,0b6011da224c9022778cbdd77c5403d658f5d693c9175d88a2242c4f3b3ea07d
rye-s-93,official,0,TBR_NOT2,200,1,23,23,0,1,42,-731,364006,-0.0020082086559012765,31.94383000957938,1,0,0,0,0,1,221.74,221.74,5.06,1,0b6011da224c9022778cbdd77c5403d658f5d693c9175d88a2242c4f3b3ea07d
rye-s-93,official,0,TBR,200,1,23,23,0,1,42,-731,364006,-0.0020082086559012765,31.94383000957938,1,0,0,0,0,1,236.75,236.75,4.83,1,0b6011da224c9022778cbdd77c5403d658f5d693c9175d88a2242c4f3b3ea07d
rye-s-93,official,0,TBR_NOPROX,200,1,23,23,0,1,42,-624,364006,-0.0017142574572946599,31.953148132021248,1,0,0,0,0,1,55.73,55.73,6.31,1,70947900d714fee6c2d6d8ddb54decdc5303a8a8057c9d1e023e4141de06db2e
rye-s-93,official,0,TBR_B32,200,1,23,23,0,1,42,-731,364006,-0.0020082086559012765,31.94383000957938,1,0,0,0,0,1,236.34,236.34,5.29,1,0b6011da224c9022778cbdd77c5403d658f5d693c9175d88a2242c4f3b3ea07d
rye-s-93,tight,1,TBR_B32,200,2,22,22,0,2,102,-2708,369306,-0.007332672634617363,32.24096490464164,2,0,0,0,0,1,162.09,249.91,5.38,1,b1e3f2bcec5a9febdc1daa093056c77538532ad9f0c458a1e4315d79c4584c4f
rye-s-93,tight,1,TBR_B4,200,2,22,22,0,2,102,-2708,369306,-0.007332672634617363,32.24096490464164,2,0,0,0,0,1,183.49,295.76,5.27,1,b1e3f2bcec5a9febdc1daa093056c77538532ad9f0c458a1e4315d79c4584c4f
rye-s-93,tight,1,ONE_BLOCKER,200,2,22,22,0,2,102,-2708,369306,-0.007332672634617363,32.24096490464164,2,0,0,0,0,1,148.31,229.84,4.95,1,b1e3f2bcec5a9febdc1daa093056c77538532ad9f0c458a1e4315d79c4584c4f
rye-s-93,tight,1,TBR,200,2,22,22,0,2,102,-2708,369306,-0.007332672634617363,32.24096490464164,2,0,0,0,0,1,157.31,243.09,5.46,1,b1e3f2bcec5a9febdc1daa093056c77538532ad9f0c458a1e4315d79c4584c4f
rye-s-93,tight,1,TBR_B2,200,2,22,22,0,2,102,-2708,369306,-0.007332672634617363,32.24096490464164,2,0,0,0,0,1,153.34,236.05,5.46,1,b1e3f2bcec5a9febdc1daa093056c77538532ad9f0c458a1e4315d79c4584c4f
rye-s-93,tight,1,TBR_NOPROX,200,2,22,22,0,2,102,-234,369306,-0.0006336208997416776,32.45780719324218,2,0,0,0,0,1,60.37,64.07,5.04,1,6d0cea810e3f8742c20d75931bf76ed9bf427e9e51d4f8152a7e0ce6d041d5a9
rye-s-93,tight,1,RECOMPUTE,200,2,22,22,0,34,1711,-773,369306,-0.0020931151944457984,32.40964904641644,0,0,0,0,2,30,12039.76,13993.49,4.12,1,5479fdf8f9b8ec636cbbb0a7468fe25415771f5b7358dfa53fe34f6eb4dd58aa
rye-s-93,tight,1,TBR_B16,200,2,22,22,0,2,102,-2708,369306,-0.007332672634617363,32.24096490464164,2,0,0,0,0,1,143.85,219.37,5.06,1,b1e3f2bcec5a9febdc1daa093056c77538532ad9f0c458a1e4315d79c4584c4f
rye-s-93,tight,1,SINGLE,200,2,22,22,0,2,102,-2708,369306,-0.007332672634617363,32.24096490464164,2,0,0,0,0,1,154.2,237.63,4.98,1,b1e3f2bcec5a9febdc1daa093056c77538532ad9f0c458a1e4315d79c4584c4f
rye-s-93,tight,1,TBR_NOT2,200,2,22,22,0,2,102,-2708,369306,-0.007332672634617363,32.24096490464164,2,0,0,0,0,1,166.07,260.35,4.92,1,b1e3f2bcec5a9febdc1daa093056c77538532ad9f0c458a1e4315d79c4584c4f
rye-s-93,official,1,TBR_B32,200,2,23,23,0,2,102,-2721,369306,-0.0073678737957141235,32.23983279630759,2,0,0,0,0,1,299.26,318.37,5.62,1,3bc22375ef412e18fb518933e57cbb4bf727d5a91a1004b1c0542b19c4b1e81d
rye-s-93,official,1,TBR_B4,200,2,23,23,0,2,102,-2721,369306,-0.0073678737957141235,32.23983279630759,2,0,0,0,0,1,346.97,443.51,5.53,1,3bc22375ef412e18fb518933e57cbb4bf727d5a91a1004b1c0542b19c4b1e81d
rye-s-93,official,1,ONE_BLOCKER,200,2,23,23,0,2,102,-2721,369306,-0.0073678737957141235,32.23983279630759,2,0,0,0,0,1,335.4,347.2,5.42,1,3bc22375ef412e18fb518933e57cbb4bf727d5a91a1004b1c0542b19c4b1e81d
rye-s-93,official,1,TBR,200,2,23,23,0,2,102,-2721,369306,-0.0073678737957141235,32.23983279630759,2,0,0,0,0,1,286.97,306.28,5.49,1,3bc22375ef412e18fb518933e57cbb4bf727d5a91a1004b1c0542b19c4b1e81d
rye-s-93,official,1,TBR_B2,200,2,23,23,0,2,102,-2721,369306,-0.0073678737957141235,32.23983279630759,2,0,0,0,0,1,269.14,297.57,5.53,1,3bc22375ef412e18fb518933e57cbb4bf727d5a91a1004b1c0542b19c4b1e81d
rye-s-93,official,1,TBR_NOPROX,200,2,23,23,0,2,102,-234,369306,-0.0006336208997416776,32.45780719324218,2,0,0,0,0,1,56.15,57.68,5.16,1,d2780f907e0e10b984ac421412eac3a24a14c978af3074358318aff5f9666e41
rye-s-93,official,1,RECOMPUTE,200,2,23,23,0,34,1711,-773,369306,-0.0020931151944457984,32.40964904641644,0,0,0,0,2,30,12050.21,13925.71,4.21,1,e15d71335dff452284c1b6e6576f3c22104e8c9b4d234977cfac6ac3ff8a56c1
rye-s-93,official,1,TBR_B16,200,2,23,23,0,2,102,-2721,369306,-0.0073678737957141235,32.23983279630759,2,0,0,0,0,1,273.99,306.25,5.23,1,3bc22375ef412e18fb518933e57cbb4bf727d5a91a1004b1c0542b19c4b1e81d
rye-s-93,official,1,SINGLE,200,2,23,23,0,2,102,-2721,369306,-0.0073678737957141235,32.23983279630759,2,0,0,0,0,1,399.63,437.28,6.12,1,3bc22375ef412e18fb518933e57cbb4bf727d5a91a1004b1c0542b19c4b1e81d
rye-s-93,official,1,TBR_NOT2,200,2,23,23,0,2,102,-2721,369306,-0.0073678737957141235,32.23983279630759,2,0,0,0,0,1,320.43,352.68,5.03,1,3bc22375ef412e18fb518933e57cbb4bf727d5a91a1004b1c0542b19c4b1e81d
rye-s-93,tight,2,TBR_B16,200,3,22,22,0,3,81,-1639,366619,-0.004470581175552822,32.085343551336756,3,0,0,0,0,1,54.36,164.32,5.24,1,798cfa2c567b64667b3e38d48e7c7a2362858c7ad9984c6f37bdad186168ee23
rye-s-93,tight,2,TBR_B4,200,3,22,22,0,3,81,-1639,366619,-0.004470581175552822,32.085343551336756,3,0,0,0,0,1,60.01,172.15,5.42,1,798cfa2c567b64667b3e38d48e7c7a2362858c7ad9984c6f37bdad186168ee23
rye-s-93,tight,2,TBR_B32,200,3,22,22,0,3,81,-1639,366619,-0.004470581175552822,32.085343551336756,3,0,0,0,0,1,55.74,157.69,5.3,1,798cfa2c567b64667b3e38d48e7c7a2362858c7ad9984c6f37bdad186168ee23
rye-s-93,tight,2,TBR_NOT2,200,3,22,22,0,3,81,-1639,366619,-0.004470581175552822,32.085343551336756,3,0,0,0,0,1,56.71,177.12,4.89,1,798cfa2c567b64667b3e38d48e7c7a2362858c7ad9984c6f37bdad186168ee23
rye-s-93,tight,2,ONE_BLOCKER,200,3,22,22,0,3,81,-1639,366619,-0.004470581175552822,32.085343551336756,3,0,0,0,0,1,55.31,158.96,4.71,1,798cfa2c567b64667b3e38d48e7c7a2362858c7ad9984c6f37bdad186168ee23
rye-s-93,tight,2,TBR,200,3,22,22,0,3,81,-1639,366619,-0.004470581175552822,32.085343551336756,3,0,0,0,0,1,56.14,179.0,4.88,1,798cfa2c567b64667b3e38d48e7c7a2362858c7ad9984c6f37bdad186168ee23
rye-s-93,tight,2,TBR_NOPROX,200,3,22,22,0,3,81,-707,366619,-0.0019284325144086913,32.16650701036315,3,0,0,0,0,1,39.92,52.86,4.87,1,a0fc773786b3e6caf8fc27a071d1ffe907c7265a5a50efd45e1ff353abafdc5a
rye-s-93,tight,2,SINGLE,200,3,22,22,0,3,81,-1639,366619,-0.004470581175552822,32.085343551336756,3,0,0,0,0,1,74.47,166.61,4.96,1,798cfa2c567b64667b3e38d48e7c7a2362858c7ad9984c6f37bdad186168ee23
rye-s-93,tight,2,RECOMPUTE,200,3,22,22,0,34,2393,2114,366619,0.005766204151994305,32.40964904641644,0,0,0,0,3,13,9936.9,10467.74,4.01,1,ff48a95d56e8b524c4c873952e0c62115cdd9b288e9af741d421f656c5a6ecf2
rye-s-93,tight,2,TBR_B2,200,3,22,22,0,3,81,-1639,366619,-0.004470581175552822,32.085343551336756,3,0,0,0,0,1,57.14,161.33,5.32,1,798cfa2c567b64667b3e38d48e7c7a2362858c7ad9984c6f37bdad186168ee23
rye-s-93,official,2,TBR_B16,200,3,23,23,0,3,81,-1646,366619,-0.004489674566784591,32.0847339545415,3,0,0,0,0,1,196.11,287.68,5.71,1,76117f1274e2ce1551e6efbb83ccfc450d50223c5803c2e6e7dda722d710316c
rye-s-93,official,2,TBR_B4,200,3,23,23,0,3,81,-1646,366619,-0.004489674566784591,32.0847339545415,3,0,0,0,0,1,182.31,276.52,5.52,1,76117f1274e2ce1551e6efbb83ccfc450d50223c5803c2e6e7dda722d710316c
rye-s-93,official,2,TBR_B32,200,3,23,23,0,3,81,-1646,366619,-0.004489674566784591,32.0847339545415,3,0,0,0,0,1,192.89,280.74,5.23,1,76117f1274e2ce1551e6efbb83ccfc450d50223c5803c2e6e7dda722d710316c
rye-s-93,official,2,TBR_NOT2,200,3,23,23,0,3,81,-1646,366619,-0.004489674566784591,32.0847339545415,3,0,0,0,0,1,193.59,301.71,4.96,1,76117f1274e2ce1551e6efbb83ccfc450d50223c5803c2e6e7dda722d710316c
rye-s-93,official,2,ONE_BLOCKER,200,3,23,23,0,3,81,-1646,366619,-0.004489674566784591,32.0847339545415,3,0,0,0,0,1,171.08,280.15,4.88,1,76117f1274e2ce1551e6efbb83ccfc450d50223c5803c2e6e7dda722d710316c
rye-s-93,official,2,TBR,200,3,23,23,0,3,81,-1646,366619,-0.004489674566784591,32.0847339545415,3,0,0,0,0,1,179.56,319.37,5.01,1,76117f1274e2ce1551e6efbb83ccfc450d50223c5803c2e6e7dda722d710316c
rye-s-93,official,2,TBR_NOPROX,200,3,23,23,0,3,81,-707,366619,-0.0019284325144086913,32.16650701036315,3,0,0,0,0,1,41.35,55.28,5.0,1,123f2790997842210a248f737a4fb1014f8e937ae87d8982a86aa3135ccacc7a
rye-s-93,official,2,SINGLE,200,3,23,23,0,3,81,-1646,366619,-0.004489674566784591,32.0847339545415,3,0,0,0,0,1,175.95,275.47,5.0,1,76117f1274e2ce1551e6efbb83ccfc450d50223c5803c2e6e7dda722d710316c
rye-s-93,official,2,RECOMPUTE,200,3,23,23,0,34,2393,2114,366619,0.005766204151994305,32.40964904641644,0,0,0,0,3,13,10297.08,11612.94,4.24,1,67119046b36a0f13e6b7da7337d96d823d134bd1fd4196d830264536938807b2
rye-s-93,official,2,TBR_B2,200,3,23,23,0,3,81,-1646,366619,-0.004489674566784591,32.0847339545415,3,0,0,0,0,1,173.78,398.5,5.58,1,76117f1274e2ce1551e6efbb83ccfc450d50223c5803c2e6e7dda722d710316c
rye-s-93,tight,3,TBR_B16,200,4,22,22,0,4,330,-7699,373850,-0.020593821051223753,32.18148567447531,4,0,0,0,0,1,82.55,176.31,5.49,1,c2132dd8e968a2565691402056c41ec0056064ce1a89fec2a8036b5791449050
rye-s-93,tight,3,TBR_NOPROX,200,4,22,22,0,4,330,-5369,373850,-0.014361374882974455,32.38456849255421,4,0,0,0,0,1,47.5,335.64,4.96,1,dac388f8245a7fe6ed744ed1f9384cdb69fdfa5ed80f902c7b0240590d14af4c
rye-s-93,tight,3,TBR_B4,200,4,22,22,0,4,330,-7699,373850,-0.020593821051223753,32.18148567447531,4,0,0,0,0,1,79.71,542.01,5.17,1,c2132dd8e968a2565691402056c41ec0056064ce1a89fec2a8036b5791449050
rye-s-93,tight,3,ONE_BLOCKER,200,4,22,22,0,4,330,-7699,373850,-0.020593821051223753,32.18148567447531,4,0,0,0,0,1,79.06,440.75,4.86,1,c2132dd8e968a2565691402056c41ec0056064ce1a89fec2a8036b5791449050
rye-s-93,tight,3,TBR_NOT2,200,4,22,22,0,4,330,-7699,373850,-0.020593821051223753,32.18148567447531,4,0,0,0,0,1,85.15,458.94,4.78,1,c2132dd8e968a2565691402056c41ec0056064ce1a89fec2a8036b5791449050
rye-s-93,tight,3,TBR_B32,200,4,22,22,0,4,330,-7699,373850,-0.020593821051223753,32.18148567447531,4,0,0,0,0,1,80.63,545.0,5.0,1,c2132dd8e968a2565691402056c41ec0056064ce1a89fec2a8036b5791449050
rye-s-93,tight,3,SINGLE,200,4,22,22,0,4,330,-7699,373850,-0.020593821051223753,32.18148567447531,4,0,0,0,0,1,82.62,484.44,4.79,1,c2132dd8e968a2565691402056c41ec0056064ce1a89fec2a8036b5791449050
rye-s-93,tight,3,TBR_B2,200,4,22,22,0,4,330,-7699,373850,-0.020593821051223753,32.18148567447531,4,0,0,0,0,1,93.3,430.37,5.01,1,c2132dd8e968a2565691402056c41ec0056064ce1a89fec2a8036b5791449050
rye-s-93,tight,3,TBR,200,4,22,22,0,4,330,-7699,373850,-0.020593821051223753,32.18148567447531,4,0,0,0,0,1,81.42,427.58,4.85,1,c2132dd8e968a2565691402056c41ec0056064ce1a89fec2a8036b5791449050
rye-s-93,tight,3,RECOMPUTE,200,4,22,22,0,73,4924,-5074,373850,-0.013572288350942891,32.40964904641644,0,0,0,0,4,39,12176.41,34772.66,4.06,1,aa3b94d873720499fa25836bddef81d82229d2560455f365adb7cdb50c11a18a
rye-s-93,official,3,TBR_B16,200,4,23,23,0,4,330,-7815,373850,-0.020904105924836165,32.17138378472524,4,0,0,0,0,1,244.81,577.52,5.37,1,f03a366636c3c1bde5c77eeba6439b2bf89a6ef74fe3c52541483cd59157bc48
rye-s-93,official,3,TBR_NOPROX,200,4,23,23,0,4,330,-5369,373850,-0.014361374882974455,32.38456849255421,4,0,0,0,0,1,58.3,348.07,4.89,1,775453bac337631b0d35e7f9475cc39b09bed3c2252d29ae120e8fec57832ac2
rye-s-93,official,3,TBR_B4,200,4,23,23,0,4,330,-7815,373850,-0.020904105924836165,32.17138378472524,4,0,0,0,0,1,273.84,523.27,5.17,1,f03a366636c3c1bde5c77eeba6439b2bf89a6ef74fe3c52541483cd59157bc48
rye-s-93,official,3,ONE_BLOCKER,200,4,23,23,0,4,330,-7815,373850,-0.020904105924836165,32.17138378472524,4,0,0,0,0,1,250.71,447.35,4.81,1,f03a366636c3c1bde5c77eeba6439b2bf89a6ef74fe3c52541483cd59157bc48
rye-s-93,official,3,TBR_NOT2,200,4,23,23,0,4,330,-7815,373850,-0.020904105924836165,32.17138378472524,4,0,0,0,0,1,245.66,457.62,4.81,1,f03a366636c3c1bde5c77eeba6439b2bf89a6ef74fe3c52541483cd59157bc48
rye-s-93,official,3,TBR_B32,200,4,23,23,0,4,330,-7815,373850,-0.020904105924836165,32.17138378472524,4,0,0,0,0,1,247.9,450.51,5.0,1,f03a366636c3c1bde5c77eeba6439b2bf89a6ef74fe3c52541483cd59157bc48
rye-s-93,official,3,SINGLE,200,4,23,23,0,4,330,-7815,373850,-0.020904105924836165,32.17138378472524,4,0,0,0,0,1,250.46,449.02,4.92,1,f03a366636c3c1bde5c77eeba6439b2bf89a6ef74fe3c52541483cd59157bc48
rye-s-93,official,3,TBR_B2,200,4,23,23,0,4,330,-7815,373850,-0.020904105924836165,32.17138378472524,4,0,0,0,0,1,248.57,466.9,5.11,1,f03a366636c3c1bde5c77eeba6439b2bf89a6ef74fe3c52541483cd59157bc48
rye-s-93,official,3,TBR,200,4,23,23,0,4,330,-7815,373850,-0.020904105924836165,32.17138378472524,4,0,0,0,0,1,238.41,451.9,4.89,1,f03a366636c3c1bde5c77eeba6439b2bf89a6ef74fe3c52541483cd59157bc48
rye-s-93,official,3,RECOMPUTE,200,4,23,23,0,73,4924,-5074,373850,-0.013572288350942891,32.40964904641644,0,0,0,0,4,39,10071.81,34906.98,4.29,1,fc22d79803d1830d674d0ab713f659fef6cd205cb949841f0fcc476cd91303cf
rye-s-93,tight,4,TBR,200,3,22,22,0,3,198,-5034,370374,-0.013591666801665344,32.093703735957504,3,0,0,0,0,1,171.13,242.04,5.4,1,d133b9dc50e732fa81f97473e538116a27c7052c3af52784337f8d2ea945ff2b
rye-s-93,tight,4,TBR_B16,200,3,22,22,0,3,198,-5034,370374,-0.013591666801665344,32.093703735957504,3,0,0,0,0,1,177.06,246.29,5.21,1,d133b9dc50e732fa81f97473e538116a27c7052c3af52784337f8d2ea945ff2b
rye-s-93,tight,4,RECOMPUTE,200,3,22,22,0,20,1310,-2758,370374,-0.007446527024035164,32.29060350082731,0,0,0,0,3,16,11034.52,13223.85,4.09,1,ff05407af56af3eff30550c4a368f552bf8af8e878e4d0f4c0765f07cf2b01b7
rye-s-93,tight,4,ONE_BLOCKER,200,3,22,22,0,3,198,-5034,370374,-0.013591666801665344,32.093703735957504,3,0,0,0,0,1,169.27,246.79,4.93,1,d133b9dc50e732fa81f97473e538116a27c7052c3af52784337f8d2ea945ff2b
rye-s-93,tight,4,TBR_NOPROX,200,3,22,22,0,3,198,-2431,370374,-0.006563635676370372,32.320560829051644,3,0,0,0,0,1,48.88,51.92,5.01,1,5b092c96a313320a79ccd3eaecedb961a8581378229bb464b81761f11aee9b6d
rye-s-93,tight,4,TBR_NOT2,200,3,22,22,0,3,198,-5034,370374,-0.013591666801665344,32.093703735957504,3,0,0,0,0,1,179.47,234.25,5.29,1,d133b9dc50e732fa81f97473e538116a27c7052c3af52784337f8d2ea945ff2b
rye-s-93,tight,4,TBR_B2,200,3,22,22,0,3,198,-5034,370374,-0.013591666801665344,32.093703735957504,3,0,0,0,0,1,187.12,251.76,5.36,1,d133b9dc50e732fa81f97473e538116a27c7052c3af52784337f8d2ea945ff2b
rye-s-93,tight,4,SINGLE,200,3,22,22,0,3,198,-5034,370374,-0.013591666801665344,32.093703735957504,3,0,0,0,0,1,219.91,233.98,5.06,1,d133b9dc50e732fa81f97473e538116a27c7052c3af52784337f8d2ea945ff2b
rye-s-93,tight,4,TBR_B4,200,3,22,22,0,3,198,-5034,370374,-0.013591666801665344,32.093703735957504,3,0,0,0,0,1,194.23,229.56,5.25,1,d133b9dc50e732fa81f97473e538116a27c7052c3af52784337f8d2ea945ff2b
rye-s-93,tight,4,TBR_B32,200,3,22,22,0,3,198,-5034,370374,-0.013591666801665344,32.093703735957504,3,0,0,0,0,1,181.36,245.63,5.18,1,d133b9dc50e732fa81f97473e538116a27c7052c3af52784337f8d2ea945ff2b
rye-s-93,official,4,TBR,200,3,23,23,0,3,198,-5188,370374,-0.014007462726865276,32.080292606461725,3,0,0,0,0,1,187.18,262.21,5.24,1,0931ce7ababdf7b85f57277543448ab0bd5ba8988697a509cd8ce22813da4f1d
rye-s-93,official,4,TBR_B16,200,3,23,23,0,3,198,-5188,370374,-0.014007462726865276,32.080292606461725,3,0,0,0,0,1,228.27,240.53,5.31,1,0931ce7ababdf7b85f57277543448ab0bd5ba8988697a509cd8ce22813da4f1d
rye-s-93,official,4,RECOMPUTE,200,3,23,23,0,20,1310,-2758,370374,-0.007446527024035164,32.29060350082731,0,0,0,0,3,16,9875.94,14028.13,4.05,1,18081e0b16d21b61a9a2705561ee09b9442b4182f5d230b90e47282652e8a814
rye-s-93,official,4,ONE_BLOCKER,200,3,23,23,0,3,198,-5188,370374,-0.014007462726865276,32.080292606461725,3,0,0,0,0,1,204.17,233.51,5.01,1,0931ce7ababdf7b85f57277543448ab0bd5ba8988697a509cd8ce22813da4f1d
rye-s-93,official,4,TBR_NOPROX,200,3,23,23,0,3,198,-2431,370374,-0.006563635676370372,32.320560829051644,3,0,0,0,0,1,50.36,54.83,4.79,1,7ba1ef06bc68427f69592d66995e42c52bcb47d294ba49b0a24cb4f35c6a4d61
rye-s-93,official,4,TBR_NOT2,200,3,23,23,0,3,198,-5188,370374,-0.014007462726865276,32.080292606461725,3,0,0,0,0,1,219.73,263.29,4.92,1,0931ce7ababdf7b85f57277543448ab0bd5ba8988697a509cd8ce22813da4f1d
rye-s-93,official,4,TBR_B2,200,3,23,23,0,3,198,-5188,370374,-0.014007462726865276,32.080292606461725,3,0,0,0,0,1,199.32,258.44,5.34,1,0931ce7ababdf7b85f57277543448ab0bd5ba8988697a509cd8ce22813da4f1d
rye-s-93,official,4,SINGLE,200,3,23,23,0,3,198,-5188,370374,-0.014007462726865276,32.080292606461725,3,0,0,0,0,1,188.72,241.47,4.83,1,0931ce7ababdf7b85f57277543448ab0bd5ba8988697a509cd8ce22813da4f1d
rye-s-93,official,4,TBR_B4,200,3,23,23,0,3,198,-5188,370374,-0.014007462726865276,32.080292606461725,3,0,0,0,0,1,217.67,363.6,5.55,1,0931ce7ababdf7b85f57277543448ab0bd5ba8988697a509cd8ce22813da4f1d
rye-s-93,official,4,TBR_B32,200,3,23,23,0,3,198,-5188,370374,-0.014007462726865276,32.080292606461725,3,0,0,0,0,1,193.46,247.89,5.25,1,0931ce7ababdf7b85f57277543448ab0bd5ba8988697a509cd8ce22813da4f1d
rye-s-93,tight,5,TBR_NOPROX,200,3,22,22,0,3,117,-1254,370266,-0.0033867543873863657,32.434642515022205,3,0,0,0,0,1,51.17,51.5,5.87,1,460f7b8e73ef888c5dd2018132374ab1e0b550e70bf9aa7a03543f4a953b8bba
rye-s-93,tight,5,TBR_NOT2,200,3,22,22,0,3,117,-2806,370266,-0.0075783355749650255,32.29939911173038,3,0,0,0,0,1,76.51,91.83,4.97,1,bad996387a7c016daa9f1080d55ae487a4a454f137e71feb9bb3541a9f8e463a
rye-s-93,tight,5,TBR_B32,200,3,22,22,0,3,117,-2806,370266,-0.0075783355749650255,32.29939911173038,3,0,0,0,0,1,73.41,105.03,5.19,1,bad996387a7c016daa9f1080d55ae487a4a454f137e71feb9bb3541a9f8e463a
rye-s-93,tight,5,TBR,200,3,22,22,0,3,117,-2806,370266,-0.0075783355749650255,32.29939911173038,3,0,0,0,0,1,73.48,92.75,5.09,1,bad996387a7c016daa9f1080d55ae487a4a454f137e71feb9bb3541a9f8e463a
rye-s-93,tight,5,TBR_B2,200,3,22,22,0,3,117,-2806,370266,-0.0075783355749650255,32.29939911173038,3,0,0,0,0,1,81.56,91.3,5.83,1,bad996387a7c016daa9f1080d55ae487a4a454f137e71feb9bb3541a9f8e463a
rye-s-93,tight,5,RECOMPUTE,200,3,22,22,0,7,279,-1554,370266,-0.0041969827097276015,32.408516938082386,0,0,0,0,3,3,10008.29,10439.21,4.18,1,6dd620c9dd5e0bd96462c0c66c69c32d4681977ceb49f94951e870fef088914d
rye-s-93,tight,5,ONE_BLOCKER,200,3,22,22,0,3,117,-2806,370266,-0.0075783355749650255,32.29939911173038,3,0,0,0,0,1,86.48,118.38,5.28,1,bad996387a7c016daa9f1080d55ae487a4a454f137e71feb9bb3541a9f8e463a
rye-s-93,tight,5,SINGLE,200,3,22,22,0,3,117,-2806,370266,-0.0075783355749650255,32.29939911173038,3,0,0,0,0,1,79.32,105.07,5.04,1,bad996387a7c016daa9f1080d55ae487a4a454f137e71feb9bb3541a9f8e463a
rye-s-93,tight,5,TBR_B4,200,3,22,22,0,3,117,-2806,370266,-0.0075783355749650255,32.29939911173038,3,0,0,0,0,1,72.06,91.16,5.04,1,bad996387a7c016daa9f1080d55ae487a4a454f137e71feb9bb3541a9f8e463a
rye-s-93,tight,5,TBR_B16,200,3,22,22,0,3,117,-2806,370266,-0.0075783355749650255,32.29939911173038,3,0,0,0,0,1,71.29,106.96,5.31,1,bad996387a7c016daa9f1080d55ae487a4a454f137e71feb9bb3541a9f8e463a
rye-s-93,official,5,TBR_NOPROX,200,3,23,23,0,3,117,-1254,370266,-0.0033867543873863657,32.434642515022205,3,0,0,0,0,1,49.4,52.08,6.07,1,568ce61ec8300f51cad77e3fac794c68ae916e479330b17dafc95f53f8ca0c79
rye-s-93,official,5,TBR_NOT2,200,3,23,23,0,3,117,-2809,370266,-0.0075864378581884375,32.299137855960986,3,0,0,0,0,1,95.98,276.48,5.16,1,be21e6d9d4096c696c4f6ad0f61e14d904d0830f27312e039934a0bf7cc05090
rye-s-93,official,5,TBR_B32,200,3,23,23,0,3,117,-2809,370266,-0.0075864378581884375,32.299137855960986,3,0,0,0,0,1,123.47,330.54,5.36,1,be21e6d9d4096c696c4f6ad0f61e14d904d0830f27312e039934a0bf7cc05090
rye-s-93,official,5,TBR,200,3,23,23,0,3,117,-2809,370266,-0.0075864378581884375,32.299137855960986,3,0,0,0,0,1,119.81,267.4,5.25,1,be21e6d9d4096c696c4f6ad0f61e14d904d0830f27312e039934a0bf7cc05090
rye-s-93,official,5,TBR_B2,200,3,23,23,0,3,117,-2809,370266,-0.0075864378581884375,32.299137855960986,3,0,0,0,0,1,113.56,276.28,5.42,1,be21e6d9d4096c696c4f6ad0f61e14d904d0830f27312e039934a0bf7cc05090
rye-s-93,official,5,RECOMPUTE,200,3,23,23,0,7,279,-1554,370266,-0.0041969827097276015,32.408516938082386,0,0,0,0,3,3,10356.41,10377.09,4.08,1,c7fb08bdc14293016f2f7b8b4adde903e3769d2399097c52d17bdba8a758e7a8
rye-s-93,official,5,ONE_BLOCKER,200,3,23,23,0,3,117,-2809,370266,-0.0075864378581884375,32.299137855960986,3,0,0,0,0,1,95.83,265.69,4.97,1,be21e6d9d4096c696c4f6ad0f61e14d904d0830f27312e039934a0bf7cc05090
rye-s-93,official,5,SINGLE,200,3,23,23,0,3,117,-2809,370266,-0.0075864378581884375,32.299137855960986,3,0,0,0,0,1,97.48,260.83,5.03,1,be21e6d9d4096c696c4f6ad0f61e14d904d0830f27312e039934a0bf7cc05090
rye-s-93,official,5,TBR_B4,200,3,23,23,0,3,117,-2809,370266,-0.0075864378581884375,32.299137855960986,3,0,0,0,0,1,96.8,259.64,5.44,1,be21e6d9d4096c696c4f6ad0f61e14d904d0830f27312e039934a0bf7cc05090
rye-s-93,official,5,TBR_B16,200,3,23,23,0,3,117,-2809,370266,-0.0075864378581884375,32.299137855960986,3,0,0,0,0,1,96.16,263.46,5.27,1,be21e6d9d4096c696c4f6ad0f61e14d904d0830f27312e039934a0bf7cc05090
rye-s-93,tight,6,TBR_B32,200,4,22,22,0,4,289,-5569,371302,-0.014998572590505842,32.14247147957851,4,0,0,0,0,1,90.31,164.84,6.09,1,5537fc8ab643aeb4d8052249a2fa0054ca5f0750a8214bb07781e77332dc922e
rye-s-93,tight,6,TBR_B4,200,4,22,22,0,4,289,-5569,371302,-0.014998572590505842,32.14247147957851,4,0,0,0,0,1,79.7,135.65,5.72,1,5537fc8ab643aeb4d8052249a2fa0054ca5f0750a8214bb07781e77332dc922e
rye-s-93,tight,6,TBR_B16,200,4,22,22,0,4,289,-5569,371302,-0.014998572590505842,32.14247147957851,4,0,0,0,0,1,86.95,140.29,5.75,1,5537fc8ab643aeb4d8052249a2fa0054ca5f0750a8214bb07781e77332dc922e
rye-s-93,tight,6,SINGLE,200,4,22,22,0,4,289,-5569,371302,-0.014998572590505842,32.14247147957851,4,0,0,0,0,1,80.65,179.46,5.22,1,5537fc8ab643aeb4d8052249a2fa0054ca5f0750a8214bb07781e77332dc922e
rye-s-93,tight,6,TBR_B2,200,4,22,22,0,4,289,-5569,371302,-0.014998572590505842,32.14247147957851,4,0,0,0,0,1,84.6,137.83,5.3,1,5537fc8ab643aeb4d8052249a2fa0054ca5f0750a8214bb07781e77332dc922e
rye-s-93,tight,6,TBR_NOPROX,200,4,22,22,0,4,289,-3115,371302,-0.00838939731000641,32.356178698946266,4,0,0,0,0,1,39.14,45.33,5.45,1,79ac06007fd1b25fff5fef506854372b7ca1520454b3f8a47cc1b5f41bd47522
rye-s-93,tight,6,TBR_NOT2,200,4,22,22,0,4,289,-5569,371302,-0.014998572590505842,32.14247147957851,4,0,0,0,0,1,80.34,135.15,5.11,1,5537fc8ab643aeb4d8052249a2fa0054ca5f0750a8214bb07781e77332dc922e
rye-s-93,tight,6,ONE_BLOCKER,200,4,22,22,0,4,289,-5569,371302,-0.014998572590505842,32.14247147957851,4,0,0,0,0,1,91.46,136.55,5.31,1,5537fc8ab643aeb4d8052249a2fa0054ca5f0750a8214bb07781e77332dc922e
rye-s-93,tight,6,TBR,200,4,22,22,0,4,289,-5569,371302,-0.014998572590505842,32.14247147957851,4,0,0,0,0,1,103.82,146.6,5.07,1,5537fc8ab643aeb4d8052249a2fa0054ca5f0750a8214bb07781e77332dc922e
rye-s-93,tight,6,RECOMPUTE,200,4,22,22,0,9,598,-2502,371302,-0.00673845010261189,32.40964904641644,0,0,0,0,4,4,9728.09,12129.17,4.32,1,cf5c950f524cfb0992bb6d6386070a6e848e1e188d3db5684a5b89877ad811bd
rye-s-93,official,6,TBR_B32,200,4,23,23,0,4,289,-5585,371302,-0.015041664197876661,32.14107811547505,4,0,0,0,0,1,282.0,388.04,7.81,1,a4355da0d091f50e18c2928e9ae6c239b4fec7656fee989b2ef885b3ee0262e9
rye-s-93,official,6,TBR_B4,200,4,23,23,0,4,289,-5585,371302,-0.015041664197876661,32.14107811547505,4,0,0,0,0,1,196.68,254.04,6.33,1,a4355da0d091f50e18c2928e9ae6c239b4fec7656fee989b2ef885b3ee0262e9
rye-s-93,official,6,TBR_B16,200,4,23,23,0,4,289,-5585,371302,-0.015041664197876661,32.14107811547505,4,0,0,0,0,1,191.4,248.32,5.76,1,a4355da0d091f50e18c2928e9ae6c239b4fec7656fee989b2ef885b3ee0262e9
rye-s-93,official,6,SINGLE,200,4,23,23,0,4,289,-5585,371302,-0.015041664197876661,32.14107811547505,4,0,0,0,0,1,272.21,348.79,7.48,1,a4355da0d091f50e18c2928e9ae6c239b4fec7656fee989b2ef885b3ee0262e9
rye-s-93,official,6,TBR_B2,200,4,23,23,0,4,289,-5585,371302,-0.015041664197876661,32.14107811547505,4,0,0,0,0,1,197.06,244.52,5.41,1,a4355da0d091f50e18c2928e9ae6c239b4fec7656fee989b2ef885b3ee0262e9
rye-s-93,official,6,TBR_NOPROX,200,4,23,23,0,4,289,-2205,371302,-0.005938562140791054,32.433336236175215,4,0,0,0,0,1,43.66,75.99,5.31,1,f0f29824353100fde8669ca32ce86171bd63839af40a9a41bf3f7897c1e29b9d
rye-s-93,official,6,TBR_NOT2,200,4,23,23,0,4,289,-5585,371302,-0.015041664197876661,32.14107811547505,4,0,0,0,0,1,195.63,250.67,5.5,1,a4355da0d091f50e18c2928e9ae6c239b4fec7656fee989b2ef885b3ee0262e9
rye-s-93,official,6,ONE_BLOCKER,200,4,23,23,0,4,289,-5585,371302,-0.015041664197876661,32.14107811547505,4,0,0,0,0,1,190.0,254.6,5.42,1,a4355da0d091f50e18c2928e9ae6c239b4fec7656fee989b2ef885b3ee0262e9
rye-s-93,official,6,TBR,200,4,23,23,0,4,289,-5585,371302,-0.015041664197876661,32.14107811547505,4,0,0,0,0,1,185.7,254.46,5.37,1,a4355da0d091f50e18c2928e9ae6c239b4fec7656fee989b2ef885b3ee0262e9
rye-s-93,official,6,RECOMPUTE,200,4,23,23,0,9,598,-2502,371302,-0.00673845010261189,32.40964904641644,0,0,0,0,4,4,10223.99,10552.42,4.49,1,c91f4e45316c14f674306b2cd0abcf60f01f62ffad2fc15d06f0707b860fcb23
rye-s-93,tight,7,TBR,200,4,22,22,0,4,144,-1858,362820,-0.005120996637451078,31.729251937646957,4,0,0,0,0,1,95.78,257.32,5.47,1,4ca6cee3196c03dd605144ad655afcf1146f8b9760707f38589fbececef6c922
rye-s-93,tight,7,TBR_B2,200,4,22,22,0,4,144,-1858,362820,-0.005120996637451078,31.729251937646957,4,0,0,0,0,1,95.0,225.67,5.54,1,4ca6cee3196c03dd605144ad655afcf1146f8b9760707f38589fbececef6c922
rye-s-93,tight,7,TBR_NOT2,200,4,22,22,0,4,144,-1858,362820,-0.005120996637451078,31.729251937646957,4,0,0,0,0,1,100.49,219.45,4.96,1,4ca6cee3196c03dd605144ad655afcf1146f8b9760707f38589fbececef6c922
rye-s-93,tight,7,RECOMPUTE,200,4,22,22,0,22,1058,1915,362820,0.00527809933300259,32.05643124619002,0,0,0,0,4,10,10386.8,13668.18,4.34,1,dcfe78308086084bb865c19d5494909cbad847a305d9bf7c6279d222e610e2de
rye-s-93,tight,7,TBR_B4,200,4,22,22,0,4,144,-1858,362820,-0.005120996637451078,31.729251937646957,4,0,0,0,0,1,115.19,276.97,5.25,1,4ca6cee3196c03dd605144ad655afcf1146f8b9760707f38589fbececef6c922
rye-s-93,tight,7,SINGLE,200,4,22,22,0,4,144,-1858,362820,-0.005120996637451078,31.729251937646957,4,0,0,0,0,1,97.32,282.14,5.11,1,4ca6cee3196c03dd605144ad655afcf1146f8b9760707f38589fbececef6c922
rye-s-93,tight,7,TBR_B16,200,4,22,22,0,4,144,-1858,362820,-0.005120996637451078,31.729251937646957,4,0,0,0,0,1,98.4,234.31,5.65,1,4ca6cee3196c03dd605144ad655afcf1146f8b9760707f38589fbececef6c922
rye-s-93,tight,7,ONE_BLOCKER,200,4,22,22,0,4,144,-1858,362820,-0.005120996637451078,31.729251937646957,4,0,0,0,0,1,86.53,220.27,5.0,1,4ca6cee3196c03dd605144ad655afcf1146f8b9760707f38589fbececef6c922
rye-s-93,tight,7,TBR_B32,200,4,22,22,0,4,144,-1858,362820,-0.005120996637451078,31.729251937646957,4,0,0,0,0,1,94.8,229.6,5.45,1,4ca6cee3196c03dd605144ad655afcf1146f8b9760707f38589fbececef6c922
rye-s-93,tight,7,TBR_NOPROX,200,4,22,22,0,4,144,-337,362820,-0.0009288352351028057,31.861708612731864,4,0,0,0,0,1,42.11,421.28,5.58,1,8f83f322feab8b37729881a06ed4c6ba376dcb8fc2a7c47e83da74aad2403756
rye-s-93,official,7,TBR,200,4,23,23,0,4,144,-1877,362820,-0.0051733642026349155,31.7275973177741,4,0,0,0,0,1,133.47,266.7,5.55,1,82320bc1eb99cb61f9111ba5c3819ac734d1fd8160a898b36119acc43da65da2
rye-s-93,official,7,TBR_B2,200,4,23,23,0,4,144,-1877,362820,-0.0051733642026349155,31.7275973177741,4,0,0,0,0,1,127.97,234.49,5.45,1,82320bc1eb99cb61f9111ba5c3819ac734d1fd8160a898b36119acc43da65da2
rye-s-93,official,7,TBR_NOT2,200,4,23,23,0,4,144,-1877,362820,-0.0051733642026349155,31.7275973177741,4,0,0,0,0,1,126.87,241.89,5.03,1,82320bc1eb99cb61f9111ba5c3819ac734d1fd8160a898b36119acc43da65da2
rye-s-93,official,7,RECOMPUTE,200,4,23,23,0,22,1058,1915,362820,0.00527809933300259,32.05643124619002,0,0,0,0,4,10,9871.1,13976.88,4.49,1,3aa800fbd52929183a70714a3cffea2271f2007041f1e06e67ae798c091e3acf
rye-s-93,official,7,TBR_B4,200,4,23,23,0,4,144,-1877,362820,-0.0051733642026349155,31.7275973177741,4,0,0,0,0,1,129.29,242.4,5.29,1,82320bc1eb99cb61f9111ba5c3819ac734d1fd8160a898b36119acc43da65da2
rye-s-93,official,7,SINGLE,200,4,23,23,0,4,144,-1877,362820,-0.0051733642026349155,31.7275973177741,4,0,0,0,0,1,129.78,236.02,5.03,1,82320bc1eb99cb61f9111ba5c3819ac734d1fd8160a898b36119acc43da65da2
rye-s-93,official,7,TBR_B16,200,4,23,23,0,4,144,-1877,362820,-0.0051733642026349155,31.7275973177741,4,0,0,0,0,1,125.3,232.22,5.36,1,82320bc1eb99cb61f9111ba5c3819ac734d1fd8160a898b36119acc43da65da2
rye-s-93,official,7,ONE_BLOCKER,200,4,23,23,0,4,144,-1877,362820,-0.0051733642026349155,31.7275973177741,4,0,0,0,0,1,131.11,227.43,5.04,1,82320bc1eb99cb61f9111ba5c3819ac734d1fd8160a898b36119acc43da65da2
rye-s-93,official,7,TBR_B32,200,4,23,23,0,4,144,-1877,362820,-0.0051733642026349155,31.7275973177741,4,0,0,0,0,1,128.04,238.18,5.39,1,82320bc1eb99cb61f9111ba5c3819ac734d1fd8160a898b36119acc43da65da2
rye-s-93,official,7,TBR_NOPROX,200,4,23,23,0,4,144,-337,362820,-0.0009288352351028057,31.861708612731864,4,0,0,0,0,1,56.1,406.83,5.79,1,bbc94bd7bc827bb6f39691c2d895af5f2db6acf0547f550727a192d666f03f28
rye-s-93,tight,8,SINGLE,200,2,22,22,0,2,449,-5312,391164,-0.013579981797915964,33.93398937559871,2,0,0,0,0,1,180.74,215.11,5.0,1,66194ae55381d5a541189fde437231d7894ad1c80251104e523f2f4eeea3fd64
rye-s-93,tight,8,RECOMPUTE,200,2,22,22,0,234,19139,-28348,391164,-0.07247088177848678,31.92641295828616,0,0,0,0,2,223,10961.85,11441.39,3.9,1,f654238ca0331c3e7fd4f41f4209b37c5d05d2f9c6e1edac9a24bca31788df16
rye-s-93,tight,8,TBR_NOPROX,200,2,22,22,0,2,449,-4268,391164,-0.01091102453190989,34.02560306540103,2,0,0,0,0,1,85.85,115.31,5.34,1,9aa7dad2c932ac347bada9ee866b330fa44d8c461fe106a4baf04bace7e47ff9
rye-s-93,tight,8,TBR,200,2,22,22,0,2,449,-5312,391164,-0.013579981797915964,33.93398937559871,2,0,0,0,0,1,171.25,209.8,4.96,1,66194ae55381d5a541189fde437231d7894ad1c80251104e523f2f4eeea3fd64
rye-s-93,tight,8,TBR_NOT2,200,2,22,22,0,2,449,-5312,391164,-0.013579981797915964,33.93398937559871,2,0,0,0,0,1,176.79,217.61,4.81,1,66194ae55381d5a541189fde437231d7894ad1c80251104e523f2f4eeea3fd64
rye-s-93,tight,8,TBR_B2,200,2,22,22,0,2,449,-5312,391164,-0.013579981797915964,33.93398937559871,2,0,0,0,0,1,177.2,214.83,5.23,1,66194ae55381d5a541189fde437231d7894ad1c80251104e523f2f4eeea3fd64
rye-s-93,tight,8,TBR_B32,200,2,22,22,0,2,449,-5312,391164,-0.013579981797915964,33.93398937559871,2,0,0,0,0,1,179.32,229.12,5.15,1,66194ae55381d5a541189fde437231d7894ad1c80251104e523f2f4eeea3fd64
rye-s-93,tight,8,TBR_B16,200,2,22,22,0,2,449,-5312,391164,-0.013579981797915964,33.93398937559871,2,0,0,0,0,1,176.21,211.24,6.58,1,66194ae55381d5a541189fde437231d7894ad1c80251104e523f2f4eeea3fd64
rye-s-93,tight,8,TBR_B4,200,2,22,22,0,2,449,-5312,391164,-0.013579981797915964,33.93398937559871,2,0,0,0,0,1,208.45,238.62,5.29,1,66194ae55381d5a541189fde437231d7894ad1c80251104e523f2f4eeea3fd64
rye-s-93,tight,8,ONE_BLOCKER,200,2,22,22,0,2,449,-5312,391164,-0.013579981797915964,33.93398937559871,2,0,0,0,0,1,181.5,209.26,4.89,1,66194ae55381d5a541189fde437231d7894ad1c80251104e523f2f4eeea3fd64
rye-s-93,official,8,SINGLE,200,2,23,23,0,2,214,-1924,391164,-0.004918653045781309,34.22903422450579,2,0,0,0,0,1,301.87,451.67,5.04,1,00124e342512d9771492ca729955578d723b98b815bfc15352f9bc7b8eac2ef3
rye-s-93,official,8,RECOMPUTE,200,2,23,23,0,234,19139,-28348,391164,-0.07247088177848678,31.92641295828616,0,0,0,0,2,223,10994.65,11574.88,4.38,1,07976c6cc672eaa776d819fa2aa6a3bc3463e3a95deb99c85906095000348ea6
rye-s-93,official,8,TBR_NOPROX,200,2,23,23,0,2,214,-1788,391164,-0.004570972788906955,34.24157450143691,2,0,0,0,0,1,72.12,90.44,4.92,1,640a983600594450d53698eade2af1e7720b5911e89e488808594d2962908f9c
rye-s-93,official,8,TBR,200,2,23,23,0,2,214,-1924,391164,-0.004918653045781309,34.22903422450579,2,0,0,0,0,1,279.72,416.38,5.07,1,00124e342512d9771492ca729955578d723b98b815bfc15352f9bc7b8eac2ef3
rye-s-93,official,8,TBR_NOT2,200,2,23,23,0,2,214,-1924,391164,-0.004918653045781309,34.22903422450579,2,0,0,0,0,1,286.74,412.59,4.94,1,00124e342512d9771492ca729955578d723b98b815bfc15352f9bc7b8eac2ef3
rye-s-93,official,8,TBR_B2,200,2,23,23,0,2,214,-1924,391164,-0.004918653045781309,34.22903422450579,2,0,0,0,0,1,271.43,400.42,5.24,1,00124e342512d9771492ca729955578d723b98b815bfc15352f9bc7b8eac2ef3
rye-s-93,official,8,TBR_B32,200,2,23,23,0,2,214,-1924,391164,-0.004918653045781309,34.22903422450579,2,0,0,0,0,1,258.19,373.37,5.11,1,00124e342512d9771492ca729955578d723b98b815bfc15352f9bc7b8eac2ef3
rye-s-93,official,8,TBR_B16,200,2,23,23,0,2,214,-1924,391164,-0.004918653045781309,34.22903422450579,2,0,0,0,0,1,314.67,472.6,5.34,1,00124e342512d9771492ca729955578d723b98b815bfc15352f9bc7b8eac2ef3
rye-s-93,official,8,TBR_B4,200,2,23,23,0,2,214,-1924,391164,-0.004918653045781309,34.22903422450579,2,0,0,0,0,1,269.92,393.48,5.36,1,00124e342512d9771492ca729955578d723b98b815bfc15352f9bc7b8eac2ef3
rye-s-93,official,8,ONE_BLOCKER,200,2,23,23,0,2,214,-1924,391164,-0.004918653045781309,34.22903422450579,2,0,0,0,0,1,301.04,453.97,4.96,1,00124e342512d9771492ca729955578d723b98b815bfc15352f9bc7b8eac2ef3
rye-s-93,tight,9,TBR_B4,200,6,22,23,1,6,485,-10295,362188,-0.028424464642671763,30.904815814682575,5,0,0,1,0,1,170.52,853.53,5.57,1,5f96569af6b89e5088ceb140ff41f3c9957130f6eb89e4c34da6f3567dfa3b58
rye-s-93,tight,9,ONE_BLOCKER,200,6,22,23,1,6,485,-10295,362188,-0.028424464642671763,30.904815814682575,5,0,0,1,0,1,192.56,364.01,5.4,1,5f96569af6b89e5088ceb140ff41f3c9957130f6eb89e4c34da6f3567dfa3b58
rye-s-93,tight,9,SINGLE,200,6,22,23,1,6,485,-10295,362188,-0.028424464642671763,30.904815814682575,5,0,0,1,0,1,115.62,245.52,5.27,1,5f96569af6b89e5088ceb140ff41f3c9957130f6eb89e4c34da6f3567dfa3b58
rye-s-93,tight,9,TBR_NOPROX,200,6,22,23,1,6,485,-6558,362188,-0.018106618662131268,31.233214316816163,5,0,0,1,0,1,48.0,944.07,5.25,1,6d9fbaeae4085953785c66703f35e7cfeb9b81913d61c16786badc88988e71bf
rye-s-93,tight,9,TBR_B16,200,6,22,23,1,6,485,-10295,362188,-0.028424464642671763,30.904815814682575,5,0,0,1,0,1,165.3,1972.85,5.03,1,5f96569af6b89e5088ceb140ff41f3c9957130f6eb89e4c34da6f3567dfa3b58
rye-s-93,tight,9,TBR_B2,200,6,22,23,1,6,485,-10295,362188,-0.028424464642671763,30.904815814682575,5,0,0,1,0,1,169.31,352.37,5.51,1,5f96569af6b89e5088ceb140ff41f3c9957130f6eb89e4c34da6f3567dfa3b58
rye-s-93,tight,9,TBR,200,6,22,23,1,6,485,-10295,362188,-0.028424464642671763,30.904815814682575,5,0,0,1,0,1,193.48,1172.29,5.93,1,5f96569af6b89e5088ceb140ff41f3c9957130f6eb89e4c34da6f3567dfa3b58
rye-s-93,tight,9,TBR_B32,200,6,22,23,1,6,485,-10295,362188,-0.028424464642671763,30.904815814682575,5,0,0,1,0,1,174.53,4121.45,5.56,1,5f96569af6b89e5088ceb140ff41f3c9957130f6eb89e4c34da6f3567dfa3b58
rye-s-93,tight,9,RECOMPUTE,200,4,22,22,0,235,14242,-1150,362188,-0.0031751466089434215,31.70695811199164,0,0,0,0,4,159,10707.08,11778.12,4.43,1,65e0c75fb2430577a7927af62494e421bc2816a73a9d3401af8e78098cd25198
rye-s-93,tight,9,TBR_NOT2,200,6,22,23,1,6,485,-10295,362188,-0.028424464642671763,30.904815814682575,5,0,0,1,0,1,195.8,942.24,5.23,1,5f96569af6b89e5088ceb140ff41f3c9957130f6eb89e4c34da6f3567dfa3b58
rye-s-93,official,9,TBR_B4,200,6,23,23,0,6,485,-10375,362188,-0.028645344406772175,30.897848994165287,6,0,0,0,0,1,128.26,202.98,5.61,1,688e429bdf76ffe8af60e771f4fc8dffb8bf02999295b84056d35901c9876fe2
rye-s-93,official,9,ONE_BLOCKER,200,6,23,23,0,6,485,-10375,362188,-0.028645344406772175,30.897848994165287,6,0,0,0,0,1,122.62,198.2,5.0,1,688e429bdf76ffe8af60e771f4fc8dffb8bf02999295b84056d35901c9876fe2
rye-s-93,official,9,SINGLE,200,6,23,23,0,6,485,-10375,362188,-0.028645344406772175,30.897848994165287,6,0,0,0,0,1,125.95,216.5,4.91,1,688e429bdf76ffe8af60e771f4fc8dffb8bf02999295b84056d35901c9876fe2
rye-s-93,official,9,TBR_NOPROX,200,6,23,23,0,6,485,-6558,362188,-0.018106618662131268,31.233214316816163,6,0,0,0,0,1,42.58,56.79,5.24,1,74d210ab82a3d10ebafadef3557f87722abe9fdfdf96be4c90a6bf2754f0f70b
rye-s-93,official,9,TBR_B16,200,6,23,23,0,6,485,-10375,362188,-0.028645344406772175,30.897848994165287,6,0,0,0,0,1,138.19,198.63,5.17,1,688e429bdf76ffe8af60e771f4fc8dffb8bf02999295b84056d35901c9876fe2
rye-s-93,official,9,TBR_B2,200,6,23,23,0,6,485,-10375,362188,-0.028645344406772175,30.897848994165287,6,0,0,0,0,1,140.28,196.32,5.65,1,688e429bdf76ffe8af60e771f4fc8dffb8bf02999295b84056d35901c9876fe2
rye-s-93,official,9,TBR,200,6,23,23,0,6,485,-10375,362188,-0.028645344406772175,30.897848994165287,6,0,0,0,0,1,132.79,201.18,5.3,1,688e429bdf76ffe8af60e771f4fc8dffb8bf02999295b84056d35901c9876fe2
rye-s-93,official,9,TBR_B32,200,6,23,23,0,6,485,-10375,362188,-0.028645344406772175,30.897848994165287,6,0,0,0,0,1,125.43,209.74,5.71,1,688e429bdf76ffe8af60e771f4fc8dffb8bf02999295b84056d35901c9876fe2
rye-s-93,official,9,RECOMPUTE,200,4,23,23,0,235,14242,-1150,362188,-0.0031751466089434215,31.70695811199164,0,0,0,0,4,159,10869.49,13238.53,4.42,1,04d583e9473b02bb7f4031fa5be01030ddac26b0995035edefe4ca2341e9b7ef
rye-s-93,official,9,TBR_NOT2,200,6,23,23,0,6,485,-10375,362188,-0.028645344406772175,30.897848994165287,6,0,0,0,0,1,140.57,230.84,5.21,1,688e429bdf76ffe8af60e771f4fc8dffb8bf02999295b84056d35901c9876fe2
sta-f-83,tight,0,RECOMPUTE,200,2,13,13,0,11,482,-86,110351,-0.0007793314061494685,194.28968903436987,0,0,0,0,2,9,1334.68,1422.02,3.74,1,f4bc3fe11d95551f23f5a43952e27ad1db2653421c0d867f56e233c182969461
sta-f-83,tight,0,ONE_BLOCKER,200,2,13,13,0,2,2,-74,110351,-0.0006705874890123334,194.28805237315876,2,0,0,0,0,1,38.81,41.37,4.53,1,07a0b5219b41727718f38062dc03775ef8bd242d46a276da44755cc4b3d3f8cc
sta-f-83,tight,0,SINGLE,200,2,13,13,0,2,2,-74,110351,-0.0006705874890123334,194.28805237315876,2,0,0,0,0,1,43.2,47.62,4.79,1,07a0b5219b41727718f38062dc03775ef8bd242d46a276da44755cc4b3d3f8cc
sta-f-83,tight,0,TBR_B16,200,2,13,13,0,2,2,-74,110351,-0.0006705874890123334,194.28805237315876,2,0,0,0,0,1,55.18,58.46,4.88,1,07a0b5219b41727718f38062dc03775ef8bd242d46a276da44755cc4b3d3f8cc
sta-f-83,tight,0,TBR_B2,200,2,13,13,0,2,2,-74,110351,-0.0006705874890123334,194.28805237315876,2,0,0,0,0,1,36.08,36.76,4.82,1,07a0b5219b41727718f38062dc03775ef8bd242d46a276da44755cc4b3d3f8cc
sta-f-83,tight,0,TBR_B4,200,2,13,13,0,2,2,-74,110351,-0.0006705874890123334,194.28805237315876,2,0,0,0,0,1,39.73,41.59,5.03,1,07a0b5219b41727718f38062dc03775ef8bd242d46a276da44755cc4b3d3f8cc
sta-f-83,tight,0,TBR_NOT2,200,2,13,13,0,2,2,-74,110351,-0.0006705874890123334,194.28805237315876,2,0,0,0,0,1,38.01,38.42,4.67,1,07a0b5219b41727718f38062dc03775ef8bd242d46a276da44755cc4b3d3f8cc
sta-f-83,tight,0,TBR,200,2,13,13,0,2,2,-74,110351,-0.0006705874890123334,194.28805237315876,2,0,0,0,0,1,40.75,41.66,4.79,1,07a0b5219b41727718f38062dc03775ef8bd242d46a276da44755cc4b3d3f8cc
sta-f-83,tight,0,TBR_NOPROX,200,2,13,13,0,2,2,-23,110351,-0.00020842584117950903,194.37152209492635,2,0,0,0,0,1,32.73,32.87,4.86,1,305b223909f31e022e691aefcb88304f437b86162da2fe7880a0b537e14e48dc
sta-f-83,tight,0,TBR_B32,200,2,13,13,0,2,2,-74,110351,-0.0006705874890123334,194.28805237315876,2,0,0,0,0,1,40.0,41.04,4.89,1,07a0b5219b41727718f38062dc03775ef8bd242d46a276da44755cc4b3d3f8cc
sta-f-83,official,0,RECOMPUTE,200,2,13,13,0,11,482,-86,110351,-0.0007793314061494685,194.28968903436987,0,0,0,0,2,9,1607.74,1650.8,3.71,1,f4bc3fe11d95551f23f5a43952e27ad1db2653421c0d867f56e233c182969461
sta-f-83,official,0,ONE_BLOCKER,200,2,13,13,0,2,2,-74,110351,-0.0006705874890123334,194.28805237315876,2,0,0,0,0,1,71.62,100.74,4.72,1,07a0b5219b41727718f38062dc03775ef8bd242d46a276da44755cc4b3d3f8cc
sta-f-83,official,0,SINGLE,200,2,13,13,0,2,2,-74,110351,-0.0006705874890123334,194.28805237315876,2,0,0,0,0,1,37.76,39.97,4.59,1,07a0b5219b41727718f38062dc03775ef8bd242d46a276da44755cc4b3d3f8cc
sta-f-83,official,0,TBR_B16,200,2,13,13,0,2,2,-74,110351,-0.0006705874890123334,194.28805237315876,2,0,0,0,0,1,38.36,38.39,4.83,1,07a0b5219b41727718f38062dc03775ef8bd242d46a276da44755cc4b3d3f8cc
sta-f-83,official,0,TBR_B2,200,2,13,13,0,2,2,-74,110351,-0.0006705874890123334,194.28805237315876,2,0,0,0,0,1,37.84,37.96,4.88,1,07a0b5219b41727718f38062dc03775ef8bd242d46a276da44755cc4b3d3f8cc
sta-f-83,official,0,TBR_B4,200,2,13,13,0,2,2,-74,110351,-0.0006705874890123334,194.28805237315876,2,0,0,0,0,1,36.93,38.08,4.79,1,07a0b5219b41727718f38062dc03775ef8bd242d46a276da44755cc4b3d3f8cc
sta-f-83,official,0,TBR_NOT2,200,2,13,13,0,2,2,-74,110351,-0.0006705874890123334,194.28805237315876,2,0,0,0,0,1,59.15,64.33,4.54,1,07a0b5219b41727718f38062dc03775ef8bd242d46a276da44755cc4b3d3f8cc
sta-f-83,official,0,TBR,200,2,13,13,0,2,2,-74,110351,-0.0006705874890123334,194.28805237315876,2,0,0,0,0,1,36.65,36.97,4.57,1,07a0b5219b41727718f38062dc03775ef8bd242d46a276da44755cc4b3d3f8cc
sta-f-83,official,0,TBR_NOPROX,200,2,13,13,0,2,2,-23,110351,-0.00020842584117950903,194.37152209492635,2,0,0,0,0,1,29.2,30.93,4.55,1,305b223909f31e022e691aefcb88304f437b86162da2fe7880a0b537e14e48dc
sta-f-83,official,0,TBR_B32,200,2,13,13,0,2,2,-74,110351,-0.0006705874890123334,194.28805237315876,2,0,0,0,0,1,37.02,37.34,4.86,1,07a0b5219b41727718f38062dc03775ef8bd242d46a276da44755cc4b3d3f8cc
sta-f-83,tight,1,TBR_B32,200,0,13,13,0,0,0,0,110730,0.0,194.3960720130933,0,0,0,0,0,0,,,4.97,1,2c540df91b843560f67f3c0996b1947e4b4d9507860a1dafda8dc75ee98a4a0d
sta-f-83,tight,1,TBR_B4,200,0,13,13,0,0,0,0,110730,0.0,194.3960720130933,0,0,0,0,0,0,,,4.83,1,2c540df91b843560f67f3c0996b1947e4b4d9507860a1dafda8dc75ee98a4a0d
sta-f-83,tight,1,ONE_BLOCKER,200,0,13,13,0,0,0,0,110730,0.0,194.3960720130933,0,0,0,0,0,0,,,4.71,1,2c540df91b843560f67f3c0996b1947e4b4d9507860a1dafda8dc75ee98a4a0d
sta-f-83,tight,1,TBR,200,0,13,13,0,0,0,0,110730,0.0,194.3960720130933,0,0,0,0,0,0,,,4.54,1,2c540df91b843560f67f3c0996b1947e4b4d9507860a1dafda8dc75ee98a4a0d
sta-f-83,tight,1,TBR_B2,200,0,13,13,0,0,0,0,110730,0.0,194.3960720130933,0,0,0,0,0,0,,,5.19,1,2c540df91b843560f67f3c0996b1947e4b4d9507860a1dafda8dc75ee98a4a0d
sta-f-83,tight,1,TBR_NOPROX,200,0,13,13,0,0,0,0,110730,0.0,194.3960720130933,0,0,0,0,0,0,,,4.82,1,2c540df91b843560f67f3c0996b1947e4b4d9507860a1dafda8dc75ee98a4a0d
sta-f-83,tight,1,RECOMPUTE,200,0,13,13,0,0,0,0,110730,0.0,194.3960720130933,0,0,0,0,0,0,,,3.64,1,2c540df91b843560f67f3c0996b1947e4b4d9507860a1dafda8dc75ee98a4a0d
sta-f-83,tight,1,TBR_B16,200,0,13,13,0,0,0,0,110730,0.0,194.3960720130933,0,0,0,0,0,0,,,6.88,1,2c540df91b843560f67f3c0996b1947e4b4d9507860a1dafda8dc75ee98a4a0d
sta-f-83,tight,1,SINGLE,200,0,13,13,0,0,0,0,110730,0.0,194.3960720130933,0,0,0,0,0,0,,,4.54,1,2c540df91b843560f67f3c0996b1947e4b4d9507860a1dafda8dc75ee98a4a0d
sta-f-83,tight,1,TBR_NOT2,200,0,13,13,0,0,0,0,110730,0.0,194.3960720130933,0,0,0,0,0,0,,,4.66,1,2c540df91b843560f67f3c0996b1947e4b4d9507860a1dafda8dc75ee98a4a0d
sta-f-83,official,1,TBR_B32,200,0,13,13,0,0,0,0,110730,0.0,194.3960720130933,0,0,0,0,0,0,,,4.84,1,2c540df91b843560f67f3c0996b1947e4b4d9507860a1dafda8dc75ee98a4a0d
sta-f-83,official,1,TBR_B4,200,0,13,13,0,0,0,0,110730,0.0,194.3960720130933,0,0,0,0,0,0,,,4.92,1,2c540df91b843560f67f3c0996b1947e4b4d9507860a1dafda8dc75ee98a4a0d
sta-f-83,official,1,ONE_BLOCKER,200,0,13,13,0,0,0,0,110730,0.0,194.3960720130933,0,0,0,0,0,0,,,4.59,1,2c540df91b843560f67f3c0996b1947e4b4d9507860a1dafda8dc75ee98a4a0d
sta-f-83,official,1,TBR,200,0,13,13,0,0,0,0,110730,0.0,194.3960720130933,0,0,0,0,0,0,,,4.75,1,2c540df91b843560f67f3c0996b1947e4b4d9507860a1dafda8dc75ee98a4a0d
sta-f-83,official,1,TBR_B2,200,0,13,13,0,0,0,0,110730,0.0,194.3960720130933,0,0,0,0,0,0,,,4.94,1,2c540df91b843560f67f3c0996b1947e4b4d9507860a1dafda8dc75ee98a4a0d
sta-f-83,official,1,TBR_NOPROX,200,0,13,13,0,0,0,0,110730,0.0,194.3960720130933,0,0,0,0,0,0,,,4.71,1,2c540df91b843560f67f3c0996b1947e4b4d9507860a1dafda8dc75ee98a4a0d
sta-f-83,official,1,RECOMPUTE,200,0,13,13,0,0,0,0,110730,0.0,194.3960720130933,0,0,0,0,0,0,,,3.56,1,2c540df91b843560f67f3c0996b1947e4b4d9507860a1dafda8dc75ee98a4a0d
sta-f-83,official,1,TBR_B16,200,0,13,13,0,0,0,0,110730,0.0,194.3960720130933,0,0,0,0,0,0,,,4.89,1,2c540df91b843560f67f3c0996b1947e4b4d9507860a1dafda8dc75ee98a4a0d
sta-f-83,official,1,SINGLE,200,0,13,13,0,0,0,0,110730,0.0,194.3960720130933,0,0,0,0,0,0,,,4.67,1,2c540df91b843560f67f3c0996b1947e4b4d9507860a1dafda8dc75ee98a4a0d
sta-f-83,official,1,TBR_NOT2,200,0,13,13,0,0,0,0,110730,0.0,194.3960720130933,0,0,0,0,0,0,,,4.93,1,2c540df91b843560f67f3c0996b1947e4b4d9507860a1dafda8dc75ee98a4a0d
sta-f-83,tight,2,TBR_B16,200,1,13,13,0,1,23,131,110319,0.0011874654411298145,193.99345335515548,1,0,0,0,0,1,95.66,95.66,4.88,1,76e6faa26237c7b32f8f13a186d23e7b56e33ac1be5ebf44d272f12e87fa2173
sta-f-83,tight,2,TBR_B4,200,1,13,13,0,1,23,131,110319,0.0011874654411298145,193.99345335515548,1,0,0,0,0,1,80.52,80.52,4.86,1,76e6faa26237c7b32f8f13a186d23e7b56e33ac1be5ebf44d272f12e87fa2173
sta-f-83,tight,2,TBR_B32,200,1,13,13,0,1,23,131,110319,0.0011874654411298145,193.99345335515548,1,0,0,0,0,1,74.56,74.56,4.83,1,76e6faa26237c7b32f8f13a186d23e7b56e33ac1be5ebf44d272f12e87fa2173
sta-f-83,tight,2,TBR_NOT2,200,1,13,13,0,1,23,131,110319,0.0011874654411298145,193.99345335515548,1,0,0,0,0,1,77.73,77.73,4.72,1,76e6faa26237c7b32f8f13a186d23e7b56e33ac1be5ebf44d272f12e87fa2173
sta-f-83,tight,2,ONE_BLOCKER,200,1,13,13,0,1,23,131,110319,0.0011874654411298145,193.99345335515548,1,0,0,0,0,1,77.3,77.3,4.81,1,76e6faa26237c7b32f8f13a186d23e7b56e33ac1be5ebf44d272f12e87fa2173
sta-f-83,tight,2,TBR,200,1,13,13,0,1,23,131,110319,0.0011874654411298145,193.99345335515548,1,0,0,0,0,1,80.96,80.96,4.81,1,76e6faa26237c7b32f8f13a186d23e7b56e33ac1be5ebf44d272f12e87fa2173
sta-f-83,tight,2,TBR_NOPROX,200,1,13,13,0,1,23,131,110319,0.0011874654411298145,193.99345335515548,1,0,0,0,0,1,34.55,34.55,4.75,1,76e6faa26237c7b32f8f13a186d23e7b56e33ac1be5ebf44d272f12e87fa2173
sta-f-83,tight,2,SINGLE,200,1,13,13,0,1,23,131,110319,0.0011874654411298145,193.99345335515548,1,0,0,0,0,1,77.49,77.49,4.82,1,76e6faa26237c7b32f8f13a186d23e7b56e33ac1be5ebf44d272f12e87fa2173
sta-f-83,tight,2,RECOMPUTE,200,1,13,13,0,8,310,577,110319,0.0052302867139839915,194.82651391162028,0,0,0,0,1,8,1582.96,1582.96,3.67,1,1783671950fd455cff4bbadfe5854edc92cd3dc6495c482e747253dddd68fec6
sta-f-83,tight,2,TBR_B2,200,1,13,13,0,1,23,131,110319,0.0011874654411298145,193.99345335515548,1,0,0,0,0,1,79.2,79.2,4.85,1,76e6faa26237c7b32f8f13a186d23e7b56e33ac1be5ebf44d272f12e87fa2173
sta-f-83,official,2,TBR_B16,200,1,13,13,0,1,23,131,110319,0.0011874654411298145,193.99345335515548,1,0,0,0,0,1,102.87,102.87,4.75,1,76e6faa26237c7b32f8f13a186d23e7b56e33ac1be5ebf44d272f12e87fa2173
sta-f-83,official,2,TBR_B4,200,1,13,13,0,1,23,131,110319,0.0011874654411298145,193.99345335515548,1,0,0,0,0,1,83.23,83.23,4.87,1,76e6faa26237c7b32f8f13a186d23e7b56e33ac1be5ebf44d272f12e87fa2173
sta-f-83,official,2,TBR_B32,200,1,13,13,0,1,23,131,110319,0.0011874654411298145,193.99345335515548,1,0,0,0,0,1,76.94,76.94,4.87,1,76e6faa26237c7b32f8f13a186d23e7b56e33ac1be5ebf44d272f12e87fa2173
sta-f-83,official,2,TBR_NOT2,200,1,13,13,0,1,23,131,110319,0.0011874654411298145,193.99345335515548,1,0,0,0,0,1,96.78,96.78,4.89,1,76e6faa26237c7b32f8f13a186d23e7b56e33ac1be5ebf44d272f12e87fa2173
sta-f-83,official,2,ONE_BLOCKER,200,1,13,13,0,1,23,131,110319,0.0011874654411298145,193.99345335515548,1,0,0,0,0,1,81.83,81.83,4.8,1,76e6faa26237c7b32f8f13a186d23e7b56e33ac1be5ebf44d272f12e87fa2173
sta-f-83,official,2,TBR,200,1,13,13,0,1,23,131,110319,0.0011874654411298145,193.99345335515548,1,0,0,0,0,1,146.38,146.38,5.02,1,76e6faa26237c7b32f8f13a186d23e7b56e33ac1be5ebf44d272f12e87fa2173
sta-f-83,official,2,TBR_NOPROX,200,1,13,13,0,1,23,131,110319,0.0011874654411298145,193.99345335515548,1,0,0,0,0,1,35.32,35.32,4.74,1,76e6faa26237c7b32f8f13a186d23e7b56e33ac1be5ebf44d272f12e87fa2173
sta-f-83,official,2,SINGLE,200,1,13,13,0,1,23,131,110319,0.0011874654411298145,193.99345335515548,1,0,0,0,0,1,84.01,84.01,4.8,1,76e6faa26237c7b32f8f13a186d23e7b56e33ac1be5ebf44d272f12e87fa2173
sta-f-83,official,2,RECOMPUTE,200,1,13,13,0,8,310,577,110319,0.0052302867139839915,194.82651391162028,0,0,0,0,1,8,1473.78,1473.78,3.89,1,1783671950fd455cff4bbadfe5854edc92cd3dc6495c482e747253dddd68fec6
sta-f-83,official,2,TBR_B2,200,1,13,13,0,1,23,131,110319,0.0011874654411298145,193.99345335515548,1,0,0,0,0,1,87.69,87.69,4.88,1,76e6faa26237c7b32f8f13a186d23e7b56e33ac1be5ebf44d272f12e87fa2173
sta-f-83,tight,3,TBR_B16,200,2,13,13,0,2,2,-67,111256,-0.0006022147120155317,195.24222585924713,2,0,0,0,0,1,38.5,40.8,4.77,1,9188091b26528126f207d7c722168b6b24eb0c36c8bf5225f8d9adc0bf73cb82
sta-f-83,tight,3,TBR_NOPROX,200,2,13,13,0,2,2,-16,111256,-0.00014381246854102252,195.32569558101474,2,0,0,0,0,1,31.39,32.07,4.79,1,e25634925b83b2c2cba1e6fa7bfa2a44c18e85db15bf91e85caaecc52c31fd1e
sta-f-83,tight,3,TBR_B4,200,2,13,13,0,2,2,-67,111256,-0.0006022147120155317,195.24222585924713,2,0,0,0,0,1,38.21,40.07,4.86,1,9188091b26528126f207d7c722168b6b24eb0c36c8bf5225f8d9adc0bf73cb82
sta-f-83,tight,3,ONE_BLOCKER,200,2,13,13,0,2,2,-67,111256,-0.0006022147120155317,195.24222585924713,2,0,0,0,0,1,48.93,55.51,4.58,1,9188091b26528126f207d7c722168b6b24eb0c36c8bf5225f8d9adc0bf73cb82
sta-f-83,tight,3,TBR_NOT2,200,2,13,13,0,2,2,-67,111256,-0.0006022147120155317,195.24222585924713,2,0,0,0,0,1,35.62,36.79,4.6,1,9188091b26528126f207d7c722168b6b24eb0c36c8bf5225f8d9adc0bf73cb82
sta-f-83,tight,3,TBR_B32,200,2,13,13,0,2,2,-67,111256,-0.0006022147120155317,195.24222585924713,2,0,0,0,0,1,156.9,250.28,4.8,1,9188091b26528126f207d7c722168b6b24eb0c36c8bf5225f8d9adc0bf73cb82
sta-f-83,tight,3,SINGLE,200,2,13,13,0,2,2,-67,111256,-0.0006022147120155317,195.24222585924713,2,0,0,0,0,1,35.37,37.36,4.62,1,9188091b26528126f207d7c722168b6b24eb0c36c8bf5225f8d9adc0bf73cb82
sta-f-83,tight,3,TBR_B2,200,2,13,13,0,2,2,-67,111256,-0.0006022147120155317,195.24222585924713,2,0,0,0,0,1,41.02,44.93,4.9,1,9188091b26528126f207d7c722168b6b24eb0c36c8bf5225f8d9adc0bf73cb82
sta-f-83,tight,3,TBR,200,2,13,13,0,2,2,-67,111256,-0.0006022147120155317,195.24222585924713,2,0,0,0,0,1,239.5,421.14,4.9,1,9188091b26528126f207d7c722168b6b24eb0c36c8bf5225f8d9adc0bf73cb82
sta-f-83,tight,3,RECOMPUTE,200,2,13,13,0,10,386,-328,111256,-0.0029481556050909613,194.82651391162028,0,0,0,0,2,8,1273.94,1416.54,3.63,1,f5cc63483716388a7f887c6bec9a53b4c706355575b8108e78630e00cdf22bd9
sta-f-83,official,3,TBR_B16,200,2,13,13,0,2,2,-67,111256,-0.0006022147120155317,195.24222585924713,2,0,0,0,0,1,38.08,38.89,4.77,1,9188091b26528126f207d7c722168b6b24eb0c36c8bf5225f8d9adc0bf73cb82
sta-f-83,official,3,TBR_NOPROX,200,2,13,13,0,2,2,-16,111256,-0.00014381246854102252,195.32569558101474,2,0,0,0,0,1,41.1,53.09,4.71,1,e25634925b83b2c2cba1e6fa7bfa2a44c18e85db15bf91e85caaecc52c31fd1e
sta-f-83,official,3,TBR_B4,200,2,13,13,0,2,2,-67,111256,-0.0006022147120155317,195.24222585924713,2,0,0,0,0,1,37.49,38.89,5.03,1,9188091b26528126f207d7c722168b6b24eb0c36c8bf5225f8d9adc0bf73cb82
sta-f-83,official,3,ONE_BLOCKER,200,2,13,13,0,2,2,-67,111256,-0.0006022147120155317,195.24222585924713,2,0,0,0,0,1,36.25,37.81,4.65,1,9188091b26528126f207d7c722168b6b24eb0c36c8bf5225f8d9adc0bf73cb82
sta-f-83,official,3,TBR_NOT2,200,2,13,13,0,2,2,-67,111256,-0.0006022147120155317,195.24222585924713,2,0,0,0,0,1,141.82,237.83,4.62,1,9188091b26528126f207d7c722168b6b24eb0c36c8bf5225f8d9adc0bf73cb82
sta-f-83,official,3,TBR_B32,200,2,13,13,0,2,2,-67,111256,-0.0006022147120155317,195.24222585924713,2,0,0,0,0,1,39.33,43.23,4.89,1,9188091b26528126f207d7c722168b6b24eb0c36c8bf5225f8d9adc0bf73cb82
sta-f-83,official,3,SINGLE,200,2,13,13,0,2,2,-67,111256,-0.0006022147120155317,195.24222585924713,2,0,0,0,0,1,43.13,50.87,4.59,1,9188091b26528126f207d7c722168b6b24eb0c36c8bf5225f8d9adc0bf73cb82
sta-f-83,official,3,TBR_B2,200,2,13,13,0,2,2,-67,111256,-0.0006022147120155317,195.24222585924713,2,0,0,0,0,1,144.34,241.04,4.95,1,9188091b26528126f207d7c722168b6b24eb0c36c8bf5225f8d9adc0bf73cb82
sta-f-83,official,3,TBR,200,2,13,13,0,2,2,-67,111256,-0.0006022147120155317,195.24222585924713,2,0,0,0,0,1,37.24,37.25,4.64,1,9188091b26528126f207d7c722168b6b24eb0c36c8bf5225f8d9adc0bf73cb82
sta-f-83,official,3,RECOMPUTE,200,2,13,13,0,10,386,-328,111256,-0.0029481556050909613,194.82651391162028,0,0,0,0,2,8,1324.39,1418.89,3.6,1,f5cc63483716388a7f887c6bec9a53b4c706355575b8108e78630e00cdf22bd9
sta-f-83,tight,4,TBR,200,0,13,13,0,0,0,0,110449,0.0,194.31587561374795,0,0,0,0,0,0,,,4.67,1,2c540df91b843560f67f3c0996b1947e4b4d9507860a1dafda8dc75ee98a4a0d
sta-f-83,tight,4,TBR_B16,200,0,13,13,0,0,0,0,110449,0.0,194.31587561374795,0,0,0,0,0,0,,,4.79,1,2c540df91b843560f67f3c0996b1947e4b4d9507860a1dafda8dc75ee98a4a0d
sta-f-83,tight,4,RECOMPUTE,200,0,13,13,0,0,0,0,110449,0.0,194.31587561374795,0,0,0,0,0,0,,,3.5,1,2c540df91b843560f67f3c0996b1947e4b4d9507860a1dafda8dc75ee98a4a0d
sta-f-83,tight,4,ONE_BLOCKER,200,0,13,13,0,0,0,0,110449,0.0,194.31587561374795,0,0,0,0,0,0,,,4.67,1,2c540df91b843560f67f3c0996b1947e4b4d9507860a1dafda8dc75ee98a4a0d
sta-f-83,tight,4,TBR_NOPROX,200,0,13,13,0,0,0,0,110449,0.0,194.31587561374795,0,0,0,0,0,0,,,4.58,1,2c540df91b843560f67f3c0996b1947e4b4d9507860a1dafda8dc75ee98a4a0d
sta-f-83,tight,4,TBR_NOT2,200,0,13,13,0,0,0,0,110449,0.0,194.31587561374795,0,0,0,0,0,0,,,4.8,1,2c540df91b843560f67f3c0996b1947e4b4d9507860a1dafda8dc75ee98a4a0d
sta-f-83,tight,4,TBR_B2,200,0,13,13,0,0,0,0,110449,0.0,194.31587561374795,0,0,0,0,0,0,,,4.78,1,2c540df91b843560f67f3c0996b1947e4b4d9507860a1dafda8dc75ee98a4a0d
sta-f-83,tight,4,SINGLE,200,0,13,13,0,0,0,0,110449,0.0,194.31587561374795,0,0,0,0,0,0,,,4.54,1,2c540df91b843560f67f3c0996b1947e4b4d9507860a1dafda8dc75ee98a4a0d
sta-f-83,tight,4,TBR_B4,200,0,13,13,0,0,0,0,110449,0.0,194.31587561374795,0,0,0,0,0,0,,,4.86,1,2c540df91b843560f67f3c0996b1947e4b4d9507860a1dafda8dc75ee98a4a0d
sta-f-83,tight,4,TBR_B32,200,0,13,13,0,0,0,0,110449,0.0,194.31587561374795,0,0,0,0,0,0,,,4.72,1,2c540df91b843560f67f3c0996b1947e4b4d9507860a1dafda8dc75ee98a4a0d
sta-f-83,official,4,TBR,200,0,13,13,0,0,0,0,110449,0.0,194.31587561374795,0,0,0,0,0,0,,,4.62,1,2c540df91b843560f67f3c0996b1947e4b4d9507860a1dafda8dc75ee98a4a0d
sta-f-83,official,4,TBR_B16,200,0,13,13,0,0,0,0,110449,0.0,194.31587561374795,0,0,0,0,0,0,,,4.83,1,2c540df91b843560f67f3c0996b1947e4b4d9507860a1dafda8dc75ee98a4a0d
sta-f-83,official,4,RECOMPUTE,200,0,13,13,0,0,0,0,110449,0.0,194.31587561374795,0,0,0,0,0,0,,,3.58,1,2c540df91b843560f67f3c0996b1947e4b4d9507860a1dafda8dc75ee98a4a0d
sta-f-83,official,4,ONE_BLOCKER,200,0,13,13,0,0,0,0,110449,0.0,194.31587561374795,0,0,0,0,0,0,,,4.55,1,2c540df91b843560f67f3c0996b1947e4b4d9507860a1dafda8dc75ee98a4a0d
sta-f-83,official,4,TBR_NOPROX,200,0,13,13,0,0,0,0,110449,0.0,194.31587561374795,0,0,0,0,0,0,,,4.58,1,2c540df91b843560f67f3c0996b1947e4b4d9507860a1dafda8dc75ee98a4a0d
sta-f-83,official,4,TBR_NOT2,200,0,13,13,0,0,0,0,110449,0.0,194.31587561374795,0,0,0,0,0,0,,,4.54,1,2c540df91b843560f67f3c0996b1947e4b4d9507860a1dafda8dc75ee98a4a0d
sta-f-83,official,4,TBR_B2,200,0,13,13,0,0,0,0,110449,0.0,194.31587561374795,0,0,0,0,0,0,,,4.88,1,2c540df91b843560f67f3c0996b1947e4b4d9507860a1dafda8dc75ee98a4a0d
sta-f-83,official,4,SINGLE,200,0,13,13,0,0,0,0,110449,0.0,194.31587561374795,0,0,0,0,0,0,,,4.61,1,2c540df91b843560f67f3c0996b1947e4b4d9507860a1dafda8dc75ee98a4a0d
sta-f-83,official,4,TBR_B4,200,0,13,13,0,0,0,0,110449,0.0,194.31587561374795,0,0,0,0,0,0,,,4.75,1,2c540df91b843560f67f3c0996b1947e4b4d9507860a1dafda8dc75ee98a4a0d
sta-f-83,official,4,TBR_B32,200,0,13,13,0,0,0,0,110449,0.0,194.31587561374795,0,0,0,0,0,0,,,4.7,1,2c540df91b843560f67f3c0996b1947e4b4d9507860a1dafda8dc75ee98a4a0d
sta-f-83,tight,5,TBR_NOPROX,200,2,13,13,0,2,14,-133,113260,-0.0011742892459826947,198.41734860883798,2,0,0,0,0,1,32.23,36.87,4.67,1,4053d8190519dcec731804e3a2611985d602e0cf6d8a40d0980d53695952e230
sta-f-83,tight,5,TBR_NOT2,200,2,13,13,0,2,14,-363,113260,-0.0032050150097121667,198.04091653027822,2,0,0,0,0,1,60.86,79.42,4.58,1,2b385e93520b05c472746eca17eb467532b0c1815c7392cdc439d313ac54289b
sta-f-83,tight,5,TBR_B32,200,2,13,13,0,2,14,-363,113260,-0.0032050150097121667,198.04091653027822,2,0,0,0,0,1,57.53,79.74,4.75,1,2b385e93520b05c472746eca17eb467532b0c1815c7392cdc439d313ac54289b
sta-f-83,tight,5,TBR,200,2,13,13,0,2,14,-363,113260,-0.0032050150097121667,198.04091653027822,2,0,0,0,0,1,55.29,75.05,4.62,1,2b385e93520b05c472746eca17eb467532b0c1815c7392cdc439d313ac54289b
sta-f-83,tight,5,TBR_B2,200,2,13,13,0,2,14,-363,113260,-0.0032050150097121667,198.04091653027822,2,0,0,0,0,1,55.2,75.12,4.87,1,2b385e93520b05c472746eca17eb467532b0c1815c7392cdc439d313ac54289b
sta-f-83,tight,5,RECOMPUTE,200,2,13,13,0,16,685,-2495,113260,-0.022028959915239274,194.3960720130933,0,0,0,0,2,15,1323.35,1391.16,3.68,1,9db149b708c5671c2e0322cd045563713ee132171d98eb0783776310d742d968
sta-f-83,tight,5,ONE_BLOCKER,200,2,13,13,0,2,14,-363,113260,-0.0032050150097121667,198.04091653027822,2,0,0,0,0,1,58.16,79.8,4.87,1,2b385e93520b05c472746eca17eb467532b0c1815c7392cdc439d313ac54289b
sta-f-83,tight,5,SINGLE,200,2,13,13,0,2,14,-363,113260,-0.0032050150097121667,198.04091653027822,2,0,0,0,0,1,58.38,78.72,5.33,1,2b385e93520b05c472746eca17eb467532b0c1815c7392cdc439d313ac54289b
sta-f-83,tight,5,TBR_B4,200,2,13,13,0,2,14,-363,113260,-0.0032050150097121667,198.04091653027822,2,0,0,0,0,1,57.86,79.52,4.84,1,2b385e93520b05c472746eca17eb467532b0c1815c7392cdc439d313ac54289b
sta-f-83,tight,5,TBR_B16,200,2,13,13,0,2,14,-363,113260,-0.0032050150097121667,198.04091653027822,2,0,0,0,0,1,60.88,83.96,4.84,1,2b385e93520b05c472746eca17eb467532b0c1815c7392cdc439d313ac54289b
sta-f-83,official,5,TBR_NOPROX,200,2,13,13,0,2,14,-133,113260,-0.0011742892459826947,198.41734860883798,2,0,0,0,0,1,38.72,45.79,4.83,1,4053d8190519dcec731804e3a2611985d602e0cf6d8a40d0980d53695952e230
sta-f-83,official,5,TBR_NOT2,200,2,13,13,0,2,14,-363,113260,-0.0032050150097121667,198.04091653027822,2,0,0,0,0,1,56.56,76.5,4.71,1,2b385e93520b05c472746eca17eb467532b0c1815c7392cdc439d313ac54289b
sta-f-83,official,5,TBR_B32,200,2,13,13,0,2,14,-363,113260,-0.0032050150097121667,198.04091653027822,2,0,0,0,0,1,54.39,73.25,4.86,1,2b385e93520b05c472746eca17eb467532b0c1815c7392cdc439d313ac54289b
sta-f-83,official,5,TBR,200,2,13,13,0,2,14,-363,113260,-0.0032050150097121667,198.04091653027822,2,0,0,0,0,1,54.03,73.16,4.68,1,2b385e93520b05c472746eca17eb467532b0c1815c7392cdc439d313ac54289b
sta-f-83,official,5,TBR_B2,200,2,13,13,0,2,14,-363,113260,-0.0032050150097121667,198.04091653027822,2,0,0,0,0,1,59.08,80.68,4.78,1,2b385e93520b05c472746eca17eb467532b0c1815c7392cdc439d313ac54289b
sta-f-83,official,5,RECOMPUTE,200,2,13,13,0,16,685,-2495,113260,-0.022028959915239274,194.3960720130933,0,0,0,0,2,15,1289.4,1360.67,3.74,1,9db149b708c5671c2e0322cd045563713ee132171d98eb0783776310d742d968
sta-f-83,official,5,ONE_BLOCKER,200,2,13,13,0,2,14,-363,113260,-0.0032050150097121667,198.04091653027822,2,0,0,0,0,1,57.37,77.59,4.66,1,2b385e93520b05c472746eca17eb467532b0c1815c7392cdc439d313ac54289b
sta-f-83,official,5,SINGLE,200,2,13,13,0,2,14,-363,113260,-0.0032050150097121667,198.04091653027822,2,0,0,0,0,1,61.47,86.46,4.96,1,2b385e93520b05c472746eca17eb467532b0c1815c7392cdc439d313ac54289b
sta-f-83,official,5,TBR_B4,200,2,13,13,0,2,14,-363,113260,-0.0032050150097121667,198.04091653027822,2,0,0,0,0,1,55.11,74.98,4.79,1,2b385e93520b05c472746eca17eb467532b0c1815c7392cdc439d313ac54289b
sta-f-83,official,5,TBR_B16,200,2,13,13,0,2,14,-363,113260,-0.0032050150097121667,198.04091653027822,2,0,0,0,0,1,55.11,74.51,4.75,1,2b385e93520b05c472746eca17eb467532b0c1815c7392cdc439d313ac54289b
sta-f-83,tight,6,TBR_B32,200,1,12,13,1,1,39,-127,115176,-0.001102660276446482,201.6857610474632,0,0,0,1,0,1,845.56,845.56,4.62,1,3b3739fcab97b9c505da1c271cda93ba35c077ffa70f101d54a15bf26ef48930
sta-f-83,tight,6,TBR_B4,200,1,12,13,1,1,39,-127,115176,-0.001102660276446482,201.6857610474632,0,0,0,1,0,1,462.15,462.15,4.75,1,3b3739fcab97b9c505da1c271cda93ba35c077ffa70f101d54a15bf26ef48930
sta-f-83,tight,6,TBR_B16,200,1,12,13,1,1,39,-127,115176,-0.001102660276446482,201.6857610474632,0,0,0,1,0,1,878.22,878.22,4.85,1,3b3739fcab97b9c505da1c271cda93ba35c077ffa70f101d54a15bf26ef48930
sta-f-83,tight,6,SINGLE,200,1,12,13,1,1,39,-127,115176,-0.001102660276446482,201.6857610474632,0,0,0,1,0,1,34.66,34.66,4.51,1,3b3739fcab97b9c505da1c271cda93ba35c077ffa70f101d54a15bf26ef48930
sta-f-83,tight,6,TBR_B2,200,1,12,13,1,1,39,-127,115176,-0.001102660276446482,201.6857610474632,0,0,0,1,0,1,180.55,180.55,4.7,1,3b3739fcab97b9c505da1c271cda93ba35c077ffa70f101d54a15bf26ef48930
sta-f-83,tight,6,TBR_NOPROX,200,1,12,13,1,1,39,-127,115176,-0.001102660276446482,201.6857610474632,0,0,0,1,0,1,468.33,468.33,4.51,1,3b3739fcab97b9c505da1c271cda93ba35c077ffa70f101d54a15bf26ef48930
sta-f-83,tight,6,TBR_NOT2,200,1,12,13,1,1,39,-127,115176,-0.001102660276446482,201.6857610474632,0,0,0,1,0,1,438.13,438.13,5.83,1,3b3739fcab97b9c505da1c271cda93ba35c077ffa70f101d54a15bf26ef48930
sta-f-83,tight,6,ONE_BLOCKER,200,1,12,13,1,1,39,-127,115176,-0.001102660276446482,201.6857610474632,0,0,0,1,0,1,171.5,171.5,4.62,1,3b3739fcab97b9c505da1c271cda93ba35c077ffa70f101d54a15bf26ef48930
sta-f-83,tight,6,TBR,200,1,12,13,1,1,39,-127,115176,-0.001102660276446482,201.6857610474632,0,0,0,1,0,1,613.08,613.08,4.75,1,3b3739fcab97b9c505da1c271cda93ba35c077ffa70f101d54a15bf26ef48930
sta-f-83,tight,6,RECOMPUTE,200,1,12,13,1,40,1090,-2752,115176,-0.02389386677780093,197.17021276595744,0,0,0,0,1,40,1402.9,1402.9,3.52,1,047f72541038ba506dcc8c59ba41f2e13e85854a9f0b7cd0f3d825620632217a
sta-f-83,official,6,TBR_B32,200,1,13,13,0,1,39,-127,115176,-0.001102660276446482,201.6857610474632,1,0,0,0,0,1,149.77,149.77,4.65,1,5a349c2cd43fed28417779a8f494ade1ae69abbf809d4fc1fa7fb3543223d199
sta-f-83,official,6,TBR_B4,200,1,13,13,0,1,39,-127,115176,-0.001102660276446482,201.6857610474632,1,0,0,0,0,1,139.72,139.72,4.8,1,5a349c2cd43fed28417779a8f494ade1ae69abbf809d4fc1fa7fb3543223d199
sta-f-83,official,6,TBR_B16,200,1,13,13,0,1,39,-127,115176,-0.001102660276446482,201.6857610474632,1,0,0,0,0,1,127.03,127.03,4.79,1,5a349c2cd43fed28417779a8f494ade1ae69abbf809d4fc1fa7fb3543223d199
sta-f-83,official,6,SINGLE,200,1,13,13,0,1,39,-127,115176,-0.001102660276446482,201.6857610474632,1,0,0,0,0,1,127.56,127.56,4.52,1,5a349c2cd43fed28417779a8f494ade1ae69abbf809d4fc1fa7fb3543223d199
sta-f-83,official,6,TBR_B2,200,1,13,13,0,1,39,-127,115176,-0.001102660276446482,201.6857610474632,1,0,0,0,0,1,166.95,166.95,4.69,1,5a349c2cd43fed28417779a8f494ade1ae69abbf809d4fc1fa7fb3543223d199
sta-f-83,official,6,TBR_NOPROX,200,1,13,13,0,1,39,-127,115176,-0.001102660276446482,201.6857610474632,1,0,0,0,0,1,39.91,39.91,4.79,1,5a349c2cd43fed28417779a8f494ade1ae69abbf809d4fc1fa7fb3543223d199
sta-f-83,official,6,TBR_NOT2,200,1,13,13,0,1,39,-127,115176,-0.001102660276446482,201.6857610474632,1,0,0,0,0,1,131.43,131.43,4.58,1,5a349c2cd43fed28417779a8f494ade1ae69abbf809d4fc1fa7fb3543223d199
sta-f-83,official,6,ONE_BLOCKER,200,1,13,13,0,1,39,-127,115176,-0.001102660276446482,201.6857610474632,1,0,0,0,0,1,129.6,129.6,4.59,1,5a349c2cd43fed28417779a8f494ade1ae69abbf809d4fc1fa7fb3543223d199
sta-f-83,official,6,TBR,200,1,13,13,0,1,39,-127,115176,-0.001102660276446482,201.6857610474632,1,0,0,0,0,1,123.31,123.31,4.61,1,5a349c2cd43fed28417779a8f494ade1ae69abbf809d4fc1fa7fb3543223d199
sta-f-83,official,6,RECOMPUTE,200,1,13,13,0,40,1090,-2752,115176,-0.02389386677780093,197.17021276595744,0,0,0,0,1,40,1406.08,1406.08,3.56,1,edc6b72c7fdd204a92984a81b9cec69fe357a7752f7587b3b628b8ef975b07ba
sta-f-83,tight,7,TBR,200,1,13,13,0,1,3,-72,111021,-0.0006485259545491393,194.74795417348608,1,0,0,0,0,1,73.35,73.35,4.68,1,fe74aec4ec7a7f06d553658148ae2483793619426892d096b6cfc7f258a2f157
sta-f-83,tight,7,TBR_B2,200,1,13,13,0,1,3,-72,111021,-0.0006485259545491393,194.74795417348608,1,0,0,0,0,1,72.78,72.78,4.71,1,fe74aec4ec7a7f06d553658148ae2483793619426892d096b6cfc7f258a2f157
sta-f-83,tight,7,TBR_NOT2,200,1,13,13,0,1,3,-72,111021,-0.0006485259545491393,194.74795417348608,1,0,0,0,0,1,77.22,77.22,4.63,1,fe74aec4ec7a7f06d553658148ae2483793619426892d096b6cfc7f258a2f157
sta-f-83,tight,7,RECOMPUTE,200,1,13,13,0,2,5,-24,111021,-0.00021617531818304646,194.82651391162028,0,0,0,0,1,2,1235.4,1235.4,3.58,1,beb341abe867bbc0827ed3b21b3c32d24d8350774c8e41c5f8d0a002b2e332de
sta-f-83,tight,7,TBR_B4,200,1,13,13,0,1,3,-72,111021,-0.0006485259545491393,194.74795417348608,1,0,0,0,0,1,71.4,71.4,4.77,1,fe74aec4ec7a7f06d553658148ae2483793619426892d096b6cfc7f258a2f157
sta-f-83,tight,7,SINGLE,200,1,13,13,0,1,3,-72,111021,-0.0006485259545491393,194.74795417348608,1,0,0,0,0,1,74.67,74.67,4.64,1,fe74aec4ec7a7f06d553658148ae2483793619426892d096b6cfc7f258a2f157
sta-f-83,tight,7,TBR_B16,200,1,13,13,0,1,3,-72,111021,-0.0006485259545491393,194.74795417348608,1,0,0,0,0,1,71.51,71.51,4.8,1,fe74aec4ec7a7f06d553658148ae2483793619426892d096b6cfc7f258a2f157
sta-f-83,tight,7,ONE_BLOCKER,200,1,13,13,0,1,3,-72,111021,-0.0006485259545491393,194.74795417348608,1,0,0,0,0,1,70.55,70.55,4.76,1,fe74aec4ec7a7f06d553658148ae2483793619426892d096b6cfc7f258a2f157
sta-f-83,tight,7,TBR_B32,200,1,13,13,0,1,3,-72,111021,-0.0006485259545491393,194.74795417348608,1,0,0,0,0,1,131.29,131.29,4.78,1,fe74aec4ec7a7f06d553658148ae2483793619426892d096b6cfc7f258a2f157
sta-f-83,tight,7,TBR_NOPROX,200,1,13,13,0,1,3,-49,111021,-0.0004413579412903865,194.78559738134206,1,0,0,0,0,1,33.22,33.22,4.53,1,8f112fde586cbdcabca6d5de4b3aa9793b5a48ba45c2bd40cf2aac355ee8fb9a
sta-f-83,official,7,TBR,200,1,13,13,0,1,3,-72,111021,-0.0006485259545491393,194.74795417348608,1,0,0,0,0,1,72.28,72.28,4.68,1,fe74aec4ec7a7f06d553658148ae2483793619426892d096b6cfc7f258a2f157
sta-f-83,official,7,TBR_B2,200,1,13,13,0,1,3,-72,111021,-0.0006485259545491393,194.74795417348608,1,0,0,0,0,1,72.74,72.74,4.84,1,fe74aec4ec7a7f06d553658148ae2483793619426892d096b6cfc7f258a2f157
sta-f-83,official,7,TBR_NOT2,200,1,13,13,0,1,3,-72,111021,-0.0006485259545491393,194.74795417348608,1,0,0,0,0,1,69.15,69.15,4.58,1,fe74aec4ec7a7f06d553658148ae2483793619426892d096b6cfc7f258a2f157
sta-f-83,official,7,RECOMPUTE,200,1,13,13,0,2,5,-24,111021,-0.00021617531818304646,194.82651391162028,0,0,0,0,1,2,1241.17,1241.17,3.5,1,beb341abe867bbc0827ed3b21b3c32d24d8350774c8e41c5f8d0a002b2e332de
sta-f-83,official,7,TBR_B4,200,1,13,13,0,1,3,-72,111021,-0.0006485259545491393,194.74795417348608,1,0,0,0,0,1,76.34,76.34,4.9,1,fe74aec4ec7a7f06d553658148ae2483793619426892d096b6cfc7f258a2f157
sta-f-83,official,7,SINGLE,200,1,13,13,0,1,3,-72,111021,-0.0006485259545491393,194.74795417348608,1,0,0,0,0,1,97.37,97.37,4.83,1,fe74aec4ec7a7f06d553658148ae2483793619426892d096b6cfc7f258a2f157
sta-f-83,official,7,TBR_B16,200,1,13,13,0,1,3,-72,111021,-0.0006485259545491393,194.74795417348608,1,0,0,0,0,1,74.02,74.02,5.11,1,fe74aec4ec7a7f06d553658148ae2483793619426892d096b6cfc7f258a2f157
sta-f-83,official,7,ONE_BLOCKER,200,1,13,13,0,1,3,-72,111021,-0.0006485259545491393,194.74795417348608,1,0,0,0,0,1,73.36,73.36,4.67,1,fe74aec4ec7a7f06d553658148ae2483793619426892d096b6cfc7f258a2f157
sta-f-83,official,7,TBR_B32,200,1,13,13,0,1,3,-72,111021,-0.0006485259545491393,194.74795417348608,1,0,0,0,0,1,71.93,71.93,4.84,1,fe74aec4ec7a7f06d553658148ae2483793619426892d096b6cfc7f258a2f157
sta-f-83,official,7,TBR_NOPROX,200,1,13,13,0,1,3,-49,111021,-0.0004413579412903865,194.78559738134206,1,0,0,0,0,1,32.8,32.8,4.66,1,8f112fde586cbdcabca6d5de4b3aa9793b5a48ba45c2bd40cf2aac355ee8fb9a
sta-f-83,tight,8,SINGLE,200,0,13,13,0,0,0,0,112380,0.0,197.41243862520457,0,0,0,0,0,0,,,4.72,1,2c540df91b843560f67f3c0996b1947e4b4d9507860a1dafda8dc75ee98a4a0d
sta-f-83,tight,8,RECOMPUTE,200,0,13,13,0,0,0,0,112380,0.0,197.41243862520457,0,0,0,0,0,0,,,3.5,1,2c540df91b843560f67f3c0996b1947e4b4d9507860a1dafda8dc75ee98a4a0d
sta-f-83,tight,8,TBR_NOPROX,200,0,13,13,0,0,0,0,112380,0.0,197.41243862520457,0,0,0,0,0,0,,,4.58,1,2c540df91b843560f67f3c0996b1947e4b4d9507860a1dafda8dc75ee98a4a0d
sta-f-83,tight,8,TBR,200,0,13,13,0,0,0,0,112380,0.0,197.41243862520457,0,0,0,0,0,0,,,4.55,1,2c540df91b843560f67f3c0996b1947e4b4d9507860a1dafda8dc75ee98a4a0d
sta-f-83,tight,8,TBR_NOT2,200,0,13,13,0,0,0,0,112380,0.0,197.41243862520457,0,0,0,0,0,0,,,4.54,1,2c540df91b843560f67f3c0996b1947e4b4d9507860a1dafda8dc75ee98a4a0d
sta-f-83,tight,8,TBR_B2,200,0,13,13,0,0,0,0,112380,0.0,197.41243862520457,0,0,0,0,0,0,,,4.74,1,2c540df91b843560f67f3c0996b1947e4b4d9507860a1dafda8dc75ee98a4a0d
sta-f-83,tight,8,TBR_B32,200,0,13,13,0,0,0,0,112380,0.0,197.41243862520457,0,0,0,0,0,0,,,4.71,1,2c540df91b843560f67f3c0996b1947e4b4d9507860a1dafda8dc75ee98a4a0d
sta-f-83,tight,8,TBR_B16,200,0,13,13,0,0,0,0,112380,0.0,197.41243862520457,0,0,0,0,0,0,,,4.75,1,2c540df91b843560f67f3c0996b1947e4b4d9507860a1dafda8dc75ee98a4a0d
sta-f-83,tight,8,TBR_B4,200,0,13,13,0,0,0,0,112380,0.0,197.41243862520457,0,0,0,0,0,0,,,4.67,1,2c540df91b843560f67f3c0996b1947e4b4d9507860a1dafda8dc75ee98a4a0d
sta-f-83,tight,8,ONE_BLOCKER,200,0,13,13,0,0,0,0,112380,0.0,197.41243862520457,0,0,0,0,0,0,,,4.5,1,2c540df91b843560f67f3c0996b1947e4b4d9507860a1dafda8dc75ee98a4a0d
sta-f-83,official,8,SINGLE,200,0,13,13,0,0,0,0,112380,0.0,197.41243862520457,0,0,0,0,0,0,,,4.53,1,2c540df91b843560f67f3c0996b1947e4b4d9507860a1dafda8dc75ee98a4a0d
sta-f-83,official,8,RECOMPUTE,200,0,13,13,0,0,0,0,112380,0.0,197.41243862520457,0,0,0,0,0,0,,,3.54,1,2c540df91b843560f67f3c0996b1947e4b4d9507860a1dafda8dc75ee98a4a0d
sta-f-83,official,8,TBR_NOPROX,200,0,13,13,0,0,0,0,112380,0.0,197.41243862520457,0,0,0,0,0,0,,,4.53,1,2c540df91b843560f67f3c0996b1947e4b4d9507860a1dafda8dc75ee98a4a0d
sta-f-83,official,8,TBR,200,0,13,13,0,0,0,0,112380,0.0,197.41243862520457,0,0,0,0,0,0,,,4.58,1,2c540df91b843560f67f3c0996b1947e4b4d9507860a1dafda8dc75ee98a4a0d
sta-f-83,official,8,TBR_NOT2,200,0,13,13,0,0,0,0,112380,0.0,197.41243862520457,0,0,0,0,0,0,,,5.19,1,2c540df91b843560f67f3c0996b1947e4b4d9507860a1dafda8dc75ee98a4a0d
sta-f-83,official,8,TBR_B2,200,0,13,13,0,0,0,0,112380,0.0,197.41243862520457,0,0,0,0,0,0,,,4.8,1,2c540df91b843560f67f3c0996b1947e4b4d9507860a1dafda8dc75ee98a4a0d
sta-f-83,official,8,TBR_B32,200,0,13,13,0,0,0,0,112380,0.0,197.41243862520457,0,0,0,0,0,0,,,4.74,1,2c540df91b843560f67f3c0996b1947e4b4d9507860a1dafda8dc75ee98a4a0d
sta-f-83,official,8,TBR_B16,200,0,13,13,0,0,0,0,112380,0.0,197.41243862520457,0,0,0,0,0,0,,,4.71,1,2c540df91b843560f67f3c0996b1947e4b4d9507860a1dafda8dc75ee98a4a0d
sta-f-83,official,8,TBR_B4,200,0,13,13,0,0,0,0,112380,0.0,197.41243862520457,0,0,0,0,0,0,,,4.71,1,2c540df91b843560f67f3c0996b1947e4b4d9507860a1dafda8dc75ee98a4a0d
sta-f-83,official,8,ONE_BLOCKER,200,0,13,13,0,0,0,0,112380,0.0,197.41243862520457,0,0,0,0,0,0,,,4.58,1,2c540df91b843560f67f3c0996b1947e4b4d9507860a1dafda8dc75ee98a4a0d
sta-f-83,tight,9,TBR_B4,200,1,13,13,0,1,8,-222,109819,-0.0020215081179030953,193.12765957446808,1,0,0,0,0,1,88.93,88.93,4.68,1,5da180b489739675c1b9de358dfc842e88b0df48a5c96830a5db0dfabea30285
sta-f-83,tight,9,ONE_BLOCKER,200,1,13,13,0,1,8,-222,109819,-0.0020215081179030953,193.12765957446808,1,0,0,0,0,1,70.38,70.38,4.55,1,5da180b489739675c1b9de358dfc842e88b0df48a5c96830a5db0dfabea30285
sta-f-83,tight,9,SINGLE,200,1,13,13,0,1,8,-222,109819,-0.0020215081179030953,193.12765957446808,1,0,0,0,0,1,74.69,74.69,4.6,1,5da180b489739675c1b9de358dfc842e88b0df48a5c96830a5db0dfabea30285
sta-f-83,tight,9,TBR_NOPROX,200,1,13,13,0,1,8,-149,109819,-0.0013567779710250503,193.2471358428805,1,0,0,0,0,1,35.46,35.46,4.83,1,2710b309b704713ab8ecd9f425d4797cb42320e73a805117b963a7db0ba85eb9
sta-f-83,tight,9,TBR_B16,200,1,13,13,0,1,8,-222,109819,-0.0020215081179030953,193.12765957446808,1,0,0,0,0,1,74.41,74.41,4.71,1,5da180b489739675c1b9de358dfc842e88b0df48a5c96830a5db0dfabea30285
sta-f-83,tight,9,TBR_B2,200,1,13,13,0,1,8,-222,109819,-0.0020215081179030953,193.12765957446808,1,0,0,0,0,1,71.39,71.39,4.69,1,5da180b489739675c1b9de358dfc842e88b0df48a5c96830a5db0dfabea30285
sta-f-83,tight,9,TBR,200,1,13,13,0,1,8,-222,109819,-0.0020215081179030953,193.12765957446808,1,0,0,0,0,1,71.7,71.7,4.53,1,5da180b489739675c1b9de358dfc842e88b0df48a5c96830a5db0dfabea30285
sta-f-83,tight,9,TBR_B32,200,1,13,13,0,1,8,-222,109819,-0.0020215081179030953,193.12765957446808,1,0,0,0,0,1,69.37,69.37,5.21,1,5da180b489739675c1b9de358dfc842e88b0df48a5c96830a5db0dfabea30285
sta-f-83,tight,9,RECOMPUTE,200,1,13,13,0,15,613,479,109819,0.004361722470610732,194.3960720130933,0,0,0,0,1,15,2945.47,2945.47,6.57,1,b30f8559889cd27e3a7b0c1ad66dcb6ccff887dd9bf2d8f5f28f2a9c90e6377d
sta-f-83,tight,9,TBR_NOT2,200,1,13,13,0,1,8,-222,109819,-0.0020215081179030953,193.12765957446808,1,0,0,0,0,1,76.13,76.13,4.62,1,5da180b489739675c1b9de358dfc842e88b0df48a5c96830a5db0dfabea30285
sta-f-83,official,9,TBR_B4,200,1,13,13,0,1,8,-222,109819,-0.0020215081179030953,193.12765957446808,1,0,0,0,0,1,81.63,81.63,4.72,1,5da180b489739675c1b9de358dfc842e88b0df48a5c96830a5db0dfabea30285
sta-f-83,official,9,ONE_BLOCKER,200,1,13,13,0,1,8,-222,109819,-0.0020215081179030953,193.12765957446808,1,0,0,0,0,1,72.27,72.27,4.61,1,5da180b489739675c1b9de358dfc842e88b0df48a5c96830a5db0dfabea30285
sta-f-83,official,9,SINGLE,200,1,13,13,0,1,8,-222,109819,-0.0020215081179030953,193.12765957446808,1,0,0,0,0,1,72.16,72.16,4.54,1,5da180b489739675c1b9de358dfc842e88b0df48a5c96830a5db0dfabea30285
sta-f-83,official,9,TBR_NOPROX,200,1,13,13,0,1,8,-149,109819,-0.0013567779710250503,193.2471358428805,1,0,0,0,0,1,33.55,33.55,4.61,1,2710b309b704713ab8ecd9f425d4797cb42320e73a805117b963a7db0ba85eb9
sta-f-83,official,9,TBR_B16,200,1,13,13,0,1,8,-222,109819,-0.0020215081179030953,193.12765957446808,1,0,0,0,0,1,72.95,72.95,4.9,1,5da180b489739675c1b9de358dfc842e88b0df48a5c96830a5db0dfabea30285
sta-f-83,official,9,TBR_B2,200,1,13,13,0,1,8,-222,109819,-0.0020215081179030953,193.12765957446808,1,0,0,0,0,1,72.43,72.43,4.76,1,5da180b489739675c1b9de358dfc842e88b0df48a5c96830a5db0dfabea30285
sta-f-83,official,9,TBR,200,1,13,13,0,1,8,-222,109819,-0.0020215081179030953,193.12765957446808,1,0,0,0,0,1,72.26,72.26,4.62,1,5da180b489739675c1b9de358dfc842e88b0df48a5c96830a5db0dfabea30285
sta-f-83,official,9,TBR_B32,200,1,13,13,0,1,8,-222,109819,-0.0020215081179030953,193.12765957446808,1,0,0,0,0,1,71.62,71.62,4.78,1,5da180b489739675c1b9de358dfc842e88b0df48a5c96830a5db0dfabea30285
sta-f-83,official,9,RECOMPUTE,200,1,13,13,0,15,613,479,109819,0.004361722470610732,194.3960720130933,0,0,0,0,1,15,1284.23,1284.23,3.5,1,b30f8559889cd27e3a7b0c1ad66dcb6ccff887dd9bf2d8f5f28f2a9c90e6377d
sta-f-83,official,9,TBR_NOT2,200,1,13,13,0,1,8,-222,109819,-0.0020215081179030953,193.12765957446808,1,0,0,0,0,1,76.19,76.19,4.57,1,5da180b489739675c1b9de358dfc842e88b0df48a5c96830a5db0dfabea30285
tre-s-92,tight,0,RECOMPUTE,200,6,23,23,0,75,2805,-1322,68814,-0.019211207021826954,15.936467889908258,0,0,0,0,6,63,6023.21,8092.77,3.17,1,c99ad6743774c91d2548a452527613c9d49a7e31350ab7f6d7c9befbce5efccc
tre-s-92,tight,0,ONE_BLOCKER,200,6,23,23,0,6,157,-1590,68814,-0.023105763362106548,15.888532110091743,6,0,0,0,0,1,136.79,150.97,3.93,1,82a10986ac4e3ed91c6d828d737e5da4cc307df9862f3a494dcb7bc864da8c77
tre-s-92,tight,0,SINGLE,200,6,23,23,0,6,157,-1590,68814,-0.023105763362106548,15.888532110091743,6,0,0,0,0,1,130.4,176.45,3.81,1,82a10986ac4e3ed91c6d828d737e5da4cc307df9862f3a494dcb7bc864da8c77
tre-s-92,tight,0,TBR_B16,200,6,23,23,0,6,157,-1590,68814,-0.023105763362106548,15.888532110091743,6,0,0,0,0,1,127.03,156.01,3.99,1,82a10986ac4e3ed91c6d828d737e5da4cc307df9862f3a494dcb7bc864da8c77
tre-s-92,tight,0,TBR_B2,200,6,23,23,0,6,157,-1590,68814,-0.023105763362106548,15.888532110091743,6,0,0,0,0,1,128.36,152.7,4.02,1,82a10986ac4e3ed91c6d828d737e5da4cc307df9862f3a494dcb7bc864da8c77
tre-s-92,tight,0,TBR_B4,200,6,23,23,0,6,157,-1590,68814,-0.023105763362106548,15.888532110091743,6,0,0,0,0,1,125.84,143.88,3.9,1,82a10986ac4e3ed91c6d828d737e5da4cc307df9862f3a494dcb7bc864da8c77
tre-s-92,tight,0,TBR_NOT2,200,6,23,23,0,6,157,-1590,68814,-0.023105763362106548,15.888532110091743,6,0,0,0,0,1,125.13,166.74,3.75,1,82a10986ac4e3ed91c6d828d737e5da4cc307df9862f3a494dcb7bc864da8c77
tre-s-92,tight,0,TBR,200,6,23,23,0,6,157,-1590,68814,-0.023105763362106548,15.888532110091743,6,0,0,0,0,1,134.92,173.56,3.91,1,82a10986ac4e3ed91c6d828d737e5da4cc307df9862f3a494dcb7bc864da8c77
tre-s-92,tight,0,TBR_NOPROX,200,6,23,23,0,6,157,-537,68814,-0.007803644607202023,16.131422018348623,6,0,0,0,0,1,34.93,43.11,3.81,1,2dc0093e2557ebce71e1048aa27dbd7eabc32ad0f67e07e44b389e5096695b38
tre-s-92,tight,0,TBR_B32,200,6,23,23,0,6,157,-1590,68814,-0.023105763362106548,15.888532110091743,6,0,0,0,0,1,128.17,146.53,4.03,1,82a10986ac4e3ed91c6d828d737e5da4cc307df9862f3a494dcb7bc864da8c77
tre-s-92,official,0,RECOMPUTE,200,6,23,23,0,75,2805,-1322,68814,-0.019211207021826954,15.936467889908258,0,0,0,0,6,63,6117.8,8259.55,3.12,1,c99ad6743774c91d2548a452527613c9d49a7e31350ab7f6d7c9befbce5efccc
tre-s-92,official,0,ONE_BLOCKER,200,6,23,23,0,6,157,-1590,68814,-0.023105763362106548,15.888532110091743,6,0,0,0,0,1,128.13,147.27,3.81,1,82a10986ac4e3ed91c6d828d737e5da4cc307df9862f3a494dcb7bc864da8c77
tre-s-92,official,0,SINGLE,200,6,23,23,0,6,157,-1590,68814,-0.023105763362106548,15.888532110091743,6,0,0,0,0,1,122.79,164.74,3.87,1,82a10986ac4e3ed91c6d828d737e5da4cc307df9862f3a494dcb7bc864da8c77
tre-s-92,official,0,TBR_B16,200,6,23,23,0,6,157,-1590,68814,-0.023105763362106548,15.888532110091743,6,0,0,0,0,1,135.96,193.49,4.11,1,82a10986ac4e3ed91c6d828d737e5da4cc307df9862f3a494dcb7bc864da8c77
tre-s-92,official,0,TBR_B2,200,6,23,23,0,6,157,-1590,68814,-0.023105763362106548,15.888532110091743,6,0,0,0,0,1,138.07,186.42,4.0,1,82a10986ac4e3ed91c6d828d737e5da4cc307df9862f3a494dcb7bc864da8c77
tre-s-92,official,0,TBR_B4,200,6,23,23,0,6,157,-1590,68814,-0.023105763362106548,15.888532110091743,6,0,0,0,0,1,157.48,195.76,5.27,1,82a10986ac4e3ed91c6d828d737e5da4cc307df9862f3a494dcb7bc864da8c77
tre-s-92,official,0,TBR_NOT2,200,6,23,23,0,6,157,-1590,68814,-0.023105763362106548,15.888532110091743,6,0,0,0,0,1,127.04,147.28,3.76,1,82a10986ac4e3ed91c6d828d737e5da4cc307df9862f3a494dcb7bc864da8c77
tre-s-92,official,0,TBR,200,6,23,23,0,6,157,-1590,68814,-0.023105763362106548,15.888532110091743,6,0,0,0,0,1,126.59,158.66,3.91,1,82a10986ac4e3ed91c6d828d737e5da4cc307df9862f3a494dcb7bc864da8c77
tre-s-92,official,0,TBR_NOPROX,200,6,23,23,0,6,157,-537,68814,-0.007803644607202023,16.131422018348623,6,0,0,0,0,1,34.19,50.35,3.74,1,2dc0093e2557ebce71e1048aa27dbd7eabc32ad0f67e07e44b389e5096695b38
tre-s-92,official,0,TBR_B32,200,6,23,23,0,6,157,-1590,68814,-0.023105763362106548,15.888532110091743,6,0,0,0,0,1,133.37,147.01,3.87,1,82a10986ac4e3ed91c6d828d737e5da4cc307df9862f3a494dcb7bc864da8c77
tre-s-92,tight,1,TBR_B32,200,9,23,23,0,9,324,-2505,70250,-0.035658362989323844,16.006422018348623,9,0,0,0,0,1,131.67,187.51,4.19,1,dccd616be6ec412b399e5f5baffaa1cb5f077193236cfdf9617f6f350e7b6983
tre-s-92,tight,1,TBR_B4,200,9,23,23,0,9,324,-2505,70250,-0.035658362989323844,16.006422018348623,9,0,0,0,0,1,127.72,179.52,4.06,1,dccd616be6ec412b399e5f5baffaa1cb5f077193236cfdf9617f6f350e7b6983
tre-s-92,tight,1,ONE_BLOCKER,200,9,23,23,0,9,324,-2505,70250,-0.035658362989323844,16.006422018348623,9,0,0,0,0,1,129.96,195.21,3.99,1,dccd616be6ec412b399e5f5baffaa1cb5f077193236cfdf9617f6f350e7b6983
tre-s-92,tight,1,TBR,200,9,23,23,0,9,324,-2505,70250,-0.035658362989323844,16.006422018348623,9,0,0,0,0,1,125.31,252.26,4.21,1,dccd616be6ec412b399e5f5baffaa1cb5f077193236cfdf9617f6f350e7b6983
tre-s-92,tight,1,TBR_B2,200,9,23,23,0,9,324,-2505,70250,-0.035658362989323844,16.006422018348623,9,0,0,0,0,1,126.99,244.24,4.25,1,dccd616be6ec412b399e5f5baffaa1cb5f077193236cfdf9617f6f350e7b6983
tre-s-92,tight,1,TBR_NOPROX,200,9,23,23,0,9,324,-1643,70250,-0.023387900355871887,16.206651376146787,9,0,0,0,0,1,37.1,57.1,3.96,1,36c57bc83ffb2d73ee7c19092b4ea9df0be3bd0d59f8ce65adf91c7b02be79ed
tre-s-92,tight,1,RECOMPUTE,200,9,23,23,0,417,15411,-4265,70250,-0.06071174377224199,15.591284403669725,0,0,0,0,9,133,6415.84,7504.13,3.38,1,da62521dd01cbd4202e4746ff9e7fdc246486e513fbe86cb188dee1e1b89d53b
tre-s-92,tight,1,TBR_B16,200,9,23,23,0,9,324,-2505,70250,-0.035658362989323844,16.006422018348623,9,0,0,0,0,1,128.69,184.79,4.1,1,dccd616be6ec412b399e5f5baffaa1cb5f077193236cfdf9617f6f350e7b6983
tre-s-92,tight,1,SINGLE,200,9,23,23,0,9,324,-2505,70250,-0.035658362989323844,16.006422018348623,9,0,0,0,0,1,124.04,203.01,3.87,1,dccd616be6ec412b399e5f5baffaa1cb5f077193236cfdf9617f6f350e7b6983
tre-s-92,tight,1,TBR_NOT2,200,9,23,23,0,9,324,-2505,70250,-0.035658362989323844,16.006422018348623,9,0,0,0,0,1,131.17,176.92,3.76,1,dccd616be6ec412b399e5f5baffaa1cb5f077193236cfdf9617f6f350e7b6983
tre-s-92,official,1,TBR_B32,200,9,23,23,0,9,324,-2505,70250,-0.035658362989323844,16.006422018348623,9,0,0,0,0,1,129.16,182.17,4.13,1,dccd616be6ec412b399e5f5baffaa1cb5f077193236cfdf9617f6f350e7b6983
tre-s-92,official,1,TBR_B4,200,9,23,23,0,9,324,-2505,70250,-0.035658362989323844,16.006422018348623,9,0,0,0,0,1,127.17,180.1,4.17,1,dccd616be6ec412b399e5f5baffaa1cb5f077193236cfdf9617f6f350e7b6983
tre-s-92,official,1,ONE_BLOCKER,200,9,23,23,0,9,324,-2505,70250,-0.035658362989323844,16.006422018348623,9,0,0,0,0,1,129.81,182.55,3.95,1,dccd616be6ec412b399e5f5baffaa1cb5f077193236cfdf9617f6f350e7b6983
tre-s-92,official,1,TBR,200,9,23,23,0,9,324,-2505,70250,-0.035658362989323844,16.006422018348623,9,0,0,0,0,1,130.4,208.65,4.04,1,dccd616be6ec412b399e5f5baffaa1cb5f077193236cfdf9617f6f350e7b6983
tre-s-92,official,1,TBR_B2,200,9,23,23,0,9,324,-2505,70250,-0.035658362989323844,16.006422018348623,9,0,0,0,0,1,132.19,213.66,4.24,1,dccd616be6ec412b399e5f5baffaa1cb5f077193236cfdf9617f6f350e7b6983
tre-s-92,official,1,TBR_NOPROX,200,9,23,23,0,9,324,-1643,70250,-0.023387900355871887,16.206651376146787,9,0,0,0,0,1,36.39,43.76,3.87,1,36c57bc83ffb2d73ee7c19092b4ea9df0be3bd0d59f8ce65adf91c7b02be79ed
tre-s-92,official,1,RECOMPUTE,200,9,23,23,0,417,15411,-4265,70250,-0.06071174377224199,15.591284403669725,0,0,0,0,9,133,6832.64,7094.17,3.46,1,da62521dd01cbd4202e4746ff9e7fdc246486e513fbe86cb188dee1e1b89d53b
tre-s-92,official,1,TBR_B16,200,9,23,23,0,9,324,-2505,70250,-0.035658362989323844,16.006422018348623,9,0,0,0,0,1,133.98,185.88,4.13,1,dccd616be6ec412b399e5f5baffaa1cb5f077193236cfdf9617f6f350e7b6983
tre-s-92,official,1,SINGLE,200,9,23,23,0,9,324,-2505,70250,-0.035658362989323844,16.006422018348623,9,0,0,0,0,1,132.08,185.39,3.94,1,dccd616be6ec412b399e5f5baffaa1cb5f077193236cfdf9617f6f350e7b6983
tre-s-92,official,1,TBR_NOT2,200,9,23,23,0,9,324,-2505,70250,-0.035658362989323844,16.006422018348623,9,0,0,0,0,1,131.08,203.49,3.88,1,dccd616be6ec412b399e5f5baffaa1cb5f077193236cfdf9617f6f350e7b6983
tre-s-92,tight,2,TBR_B16,200,12,21,22,1,16,964,-1719,65636,-0.02618989578889634,15.106192660550459,9,1,1,1,0,4,112.19,2821.74,4.37,1,78dfb5e222545419874d72ead892e44b55dce3f56092fda1360bb39820dbc5b0
tre-s-92,tight,2,TBR_B4,200,12,21,22,1,16,964,-1719,65636,-0.02618989578889634,15.106192660550459,9,1,1,1,0,4,91.69,716.92,4.13,1,78dfb5e222545419874d72ead892e44b55dce3f56092fda1360bb39820dbc5b0
tre-s-92,tight,2,TBR_B32,200,12,21,22,1,16,964,-1719,65636,-0.02618989578889634,15.106192660550459,9,1,1,1,0,4,96.27,4790.55,4.21,1,78dfb5e222545419874d72ead892e44b55dce3f56092fda1360bb39820dbc5b0
tre-s-92,tight,2,TBR_NOT2,200,12,21,23,2,13,622,-2938,65636,-0.04476202084222073,14.826605504587157,9,0,1,2,0,2,103.81,987.66,4.4,1,3f182c1aa759e422e5728bc1aa87af433b5dce44478c5dd4e68ed069735c6701
tre-s-92,tight,2,ONE_BLOCKER,200,12,21,23,2,13,622,-2806,65636,-0.04275092936802974,14.856880733944955,9,1,0,2,0,2,94.92,255.1,4.13,1,396fbe31b5f87e2c40e79aa7bbad878693ead7c7a32e61589b89ed651c4da682
tre-s-92,tight,2,TBR,200,12,21,22,1,16,964,-1719,65636,-0.02618989578889634,15.106192660550459,9,1,1,1,0,4,98.4,1179.08,4.04,1,78dfb5e222545419874d72ead892e44b55dce3f56092fda1360bb39820dbc5b0
tre-s-92,tight,2,TBR_NOPROX,200,12,21,22,1,15,950,-1187,65636,-0.01808458772624779,15.239678899082568,10,0,1,1,0,4,40.96,1047.1,4.36,1,d93a1f197a671b226b89ad29e41850ef3e82d9b7510969dfa4752fdff5eecf22
tre-s-92,tight,2,SINGLE,200,12,21,24,3,12,608,-3138,65636,-0.04780912913644951,14.780733944954129,9,0,0,3,0,1,74.29,124.18,3.94,1,d8a520107016f76a14c94626462d418d4e6c7a2574f7c3f1750d32977b668678
tre-s-92,tight,2,RECOMPUTE,200,16,21,23,2,698,27986,-3414,65636,-0.05201413858248522,14.688990825688073,0,0,0,0,16,176,6220.24,7466.25,3.58,1,1974e592627af48c000d993a876739ba92bb76fe971bd17a208390668e06e1d5
tre-s-92,tight,2,TBR_B2,200,12,21,23,2,13,622,-2806,65636,-0.04275092936802974,14.856880733944955,9,1,0,2,0,2,97.51,255.1,4.16,1,396fbe31b5f87e2c40e79aa7bbad878693ead7c7a32e61589b89ed651c4da682
tre-s-92,official,2,TBR_B16,200,12,23,23,0,13,646,-4117,65636,-0.06272472423669938,14.544495412844038,11,1,0,0,0,2,121.03,234.36,4.31,1,986a386f12ec23abbd25eaf462a680290d22a7ccc7701be0e48fbaaf8d36c83e
tre-s-92,official,2,TBR_B4,200,12,23,23,0,13,646,-4117,65636,-0.06272472423669938,14.544495412844038,11,1,0,0,0,2,112.35,266.93,4.08,1,986a386f12ec23abbd25eaf462a680290d22a7ccc7701be0e48fbaaf8d36c83e
tre-s-92,official,2,TBR_B32,200,12,23,23,0,13,646,-4117,65636,-0.06272472423669938,14.544495412844038,11,1,0,0,0,2,122.43,239.39,4.0,1,986a386f12ec23abbd25eaf462a680290d22a7ccc7701be0e48fbaaf8d36c83e
tre-s-92,official,2,TBR_NOT2,200,12,23,23,0,15,890,-3540,65636,-0.05393381680784935,14.676376146788991,11,0,1,0,0,4,119.8,617.15,3.95,1,3881482289e04195867d0ad18414236e23c3394ed8a4e7cab4b66e3c2d4e883e
tre-s-92,official,2,ONE_BLOCKER,200,12,23,23,0,13,646,-4117,65636,-0.06272472423669938,14.544495412844038,11,1,0,0,0,2,115.51,237.81,3.91,1,986a386f12ec23abbd25eaf462a680290d22a7ccc7701be0e48fbaaf8d36c83e
tre-s-92,official,2,TBR,200,12,23,23,0,13,646,-4117,65636,-0.06272472423669938,14.544495412844038,11,1,0,0,0,2,117.12,235.97,3.87,1,986a386f12ec23abbd25eaf462a680290d22a7ccc7701be0e48fbaaf8d36c83e
tre-s-92,official,2,TBR_NOPROX,200,12,23,23,0,13,606,-3740,65636,-0.056980925102078125,14.632110091743119,11,1,0,0,0,2,38.39,70.54,4.12,1,3c82b2abdb2b02ae4cbc576672313fd6bfc673a40d9865b29c53a65cf4e9a75f
tre-s-92,official,2,SINGLE,200,12,23,24,1,12,548,-4246,65636,-0.06469010908647693,14.514449541284403,11,0,0,1,0,1,103.8,187.77,3.82,1,3bd48aca7ebecd220b657e7ac5d865c639ea48fc70d7935806d6a2724a563578
tre-s-92,official,2,RECOMPUTE,200,16,23,23,0,698,27986,-3414,65636,-0.05201413858248522,14.688990825688073,0,0,0,0,16,176,6154.99,7495.99,3.68,1,2ffc660ad8766facb58146828a7a90de8ff4acd9ff99d95c3d7ac2620c84f8f6
tre-s-92,official,2,TBR_B2,200,12,23,23,0,13,646,-4117,65636,-0.06272472423669938,14.544495412844038,11,1,0,0,0,2,118.03,252.79,4.2,1,986a386f12ec23abbd25eaf462a680290d22a7ccc7701be0e48fbaaf8d36c83e
tre-s-92,tight,3,TBR_B16,200,12,23,23,0,13,484,-2843,65485,-0.04341452240971215,14.762155963302753,11,1,0,0,0,2,103.85,230.9,4.34,1,946fbda136f11b0294dc4790316f4d0624815eeb42bf38a2f9e09594eda89177
tre-s-92,tight,3,TBR_NOPROX,200,12,23,23,0,12,425,-1878,65485,-0.02867832328014049,14.985779816513762,12,0,0,0,0,1,32.59,50.79,3.85,1,93d56dd7f44a362216a9b5408eecd6f19f14f329100bb2b15b2c7509c6c17d38
tre-s-92,tight,3,TBR_B4,200,12,23,23,0,13,484,-2843,65485,-0.04341452240971215,14.762155963302753,11,1,0,0,0,2,110.46,242.66,4.12,1,946fbda136f11b0294dc4790316f4d0624815eeb42bf38a2f9e09594eda89177
tre-s-92,tight,3,ONE_BLOCKER,200,12,23,23,0,13,484,-2843,65485,-0.04341452240971215,14.762155963302753,11,1,0,0,0,2,103.59,221.63,4.04,1,946fbda136f11b0294dc4790316f4d0624815eeb42bf38a2f9e09594eda89177
tre-s-92,tight,3,TBR_NOT2,200,12,23,24,1,12,425,-3115,65485,-0.04756814537680385,14.699770642201836,11,0,0,1,0,1,104.63,562.52,3.87,1,dfb2cedf2e1bd2012e454533237a93a0caf18930b7babaec2d9cede82567bf0c
tre-s-92,tight,3,TBR_B32,200,12,23,23,0,13,484,-2843,65485,-0.04341452240971215,14.762155963302753,11,1,0,0,0,2,103.14,226.22,4.04,1,946fbda136f11b0294dc4790316f4d0624815eeb42bf38a2f9e09594eda89177
tre-s-92,tight,3,SINGLE,200,12,23,24,1,12,425,-3115,65485,-0.04756814537680385,14.699770642201836,11,0,0,1,0,1,96.82,147.36,3.92,1,dfb2cedf2e1bd2012e454533237a93a0caf18930b7babaec2d9cede82567bf0c
tre-s-92,tight,3,TBR_B2,200,12,23,23,0,13,484,-2843,65485,-0.04341452240971215,14.762155963302753,11,1,0,0,0,2,116.38,266.89,4.69,1,946fbda136f11b0294dc4790316f4d0624815eeb42bf38a2f9e09594eda89177
tre-s-92,tight,3,TBR,200,12,23,23,0,13,484,-2843,65485,-0.04341452240971215,14.762155963302753,11,1,0,0,0,2,102.39,234.68,3.84,1,946fbda136f11b0294dc4790316f4d0624815eeb42bf38a2f9e09594eda89177
tre-s-92,tight,3,RECOMPUTE,200,15,23,23,0,632,22812,-1607,65485,-0.024539970985721922,15.001834862385321,0,0,0,0,15,189,6196.89,7523.79,3.59,1,bf8499691b84413540e48f256f318ecf235f010cb2bd12ed2cc69798efde07ef
tre-s-92,official,3,TBR_B16,200,12,23,23,0,13,484,-2843,65485,-0.04341452240971215,14.762155963302753,11,1,0,0,0,2,103.71,223.25,4.04,1,946fbda136f11b0294dc4790316f4d0624815eeb42bf38a2f9e09594eda89177
tre-s-92,official,3,TBR_NOPROX,200,12,23,23,0,12,425,-1878,65485,-0.02867832328014049,14.985779816513762,12,0,0,0,0,1,35.29,62.29,3.81,1,93d56dd7f44a362216a9b5408eecd6f19f14f329100bb2b15b2c7509c6c17d38
tre-s-92,official,3,TBR_B4,200,12,23,23,0,13,484,-2843,65485,-0.04341452240971215,14.762155963302753,11,1,0,0,0,2,108.08,228.42,4.24,1,946fbda136f11b0294dc4790316f4d0624815eeb42bf38a2f9e09594eda89177
tre-s-92,official,3,ONE_BLOCKER,200,12,23,23,0,13,484,-2843,65485,-0.04341452240971215,14.762155963302753,11,1,0,0,0,2,116.96,244.5,3.88,1,946fbda136f11b0294dc4790316f4d0624815eeb42bf38a2f9e09594eda89177
tre-s-92,official,3,TBR_NOT2,200,12,23,24,1,12,425,-3115,65485,-0.04756814537680385,14.699770642201836,11,0,0,1,0,1,100.27,583.3,3.87,1,dfb2cedf2e1bd2012e454533237a93a0caf18930b7babaec2d9cede82567bf0c
tre-s-92,official,3,TBR_B32,200,12,23,23,0,13,484,-2843,65485,-0.04341452240971215,14.762155963302753,11,1,0,0,0,2,120.93,222.53,5.24,1,946fbda136f11b0294dc4790316f4d0624815eeb42bf38a2f9e09594eda89177
tre-s-92,official,3,SINGLE,200,12,23,24,1,12,425,-3115,65485,-0.04756814537680385,14.699770642201836,11,0,0,1,0,1,103.51,144.64,3.85,1,dfb2cedf2e1bd2012e454533237a93a0caf18930b7babaec2d9cede82567bf0c
tre-s-92,official,3,TBR_B2,200,12,23,23,0,13,484,-2843,65485,-0.04341452240971215,14.762155963302753,11,1,0,0,0,2,100.63,253.2,4.15,1,946fbda136f11b0294dc4790316f4d0624815eeb42bf38a2f9e09594eda89177
tre-s-92,official,3,TBR,200,12,23,23,0,13,484,-2843,65485,-0.04341452240971215,14.762155963302753,11,1,0,0,0,2,114.29,230.33,3.79,1,946fbda136f11b0294dc4790316f4d0624815eeb42bf38a2f9e09594eda89177
tre-s-92,official,3,RECOMPUTE,200,15,23,23,0,632,22812,-1607,65485,-0.024539970985721922,15.001834862385321,0,0,0,0,15,189,6283.09,7014.81,3.46,1,bf8499691b84413540e48f256f318ecf235f010cb2bd12ed2cc69798efde07ef
tre-s-92,tight,4,TBR,200,11,22,22,0,12,408,-1815,69444,-0.02613616727147054,15.930275229357798,10,1,0,0,0,2,111.57,279.93,4.19,1,fb6158cff690dc4382a88086e056f2e1595697dd42c781e10f811de76e726915
tre-s-92,tight,4,TBR_B16,200,11,22,22,0,12,408,-1815,69444,-0.02613616727147054,15.930275229357798,10,1,0,0,0,2,105.07,260.24,4.16,1,fb6158cff690dc4382a88086e056f2e1595697dd42c781e10f811de76e726915
tre-s-92,tight,4,RECOMPUTE,200,10,22,23,1,444,17572,-4104,69444,-0.05909797822706065,15.405045871559633,0,0,0,0,10,114,6815.16,19776.9,4.14,1,5dc918579cd388a84bd456e7ee181271cdd5a1a8daa90ffb0315b589b37c8fef
tre-s-92,tight,4,ONE_BLOCKER,200,11,22,22,0,12,408,-1815,69444,-0.02613616727147054,15.930275229357798,10,1,0,0,0,2,129.21,272.66,4.3,1,fb6158cff690dc4382a88086e056f2e1595697dd42c781e10f811de76e726915
tre-s-92,tight,4,TBR_NOPROX,200,10,22,22,0,10,324,-1247,69444,-0.017956914924255517,16.06559633027523,10,0,0,0,0,1,33.8,58.56,3.98,1,2ec442c2ff887dc381b56a65ac5991767c4b5ecb3304509540efbd7ccfa54e7b
tre-s-92,tight,4,TBR_NOT2,200,11,22,23,1,11,351,-2177,69444,-0.03134900063360405,15.849541284403669,10,0,0,1,0,1,105.63,654.28,3.98,1,8076d2e656c5e04c229e325cb7fb400e3e44ab897b776d1fd5e61b99971788a9
tre-s-92,tight,4,TBR_B2,200,11,22,22,0,12,408,-1815,69444,-0.02613616727147054,15.930275229357798,10,1,0,0,0,2,109.9,262.12,4.06,1,fb6158cff690dc4382a88086e056f2e1595697dd42c781e10f811de76e726915
tre-s-92,tight,4,SINGLE,200,11,22,23,1,11,351,-2177,69444,-0.03134900063360405,15.849541284403669,10,0,0,1,0,1,131.38,166.36,3.86,1,8076d2e656c5e04c229e325cb7fb400e3e44ab897b776d1fd5e61b99971788a9
tre-s-92,tight,4,TBR_B4,200,11,22,22,0,12,408,-1815,69444,-0.02613616727147054,15.930275229357798,10,1,0,0,0,2,107.86,264.61,4.11,1,fb6158cff690dc4382a88086e056f2e1595697dd42c781e10f811de76e726915
tre-s-92,tight,4,TBR_B32,200,11,22,22,0,12,408,-1815,69444,-0.02613616727147054,15.930275229357798,10,1,0,0,0,2,108.71,289.95,4.12,1,fb6158cff690dc4382a88086e056f2e1595697dd42c781e10f811de76e726915
tre-s-92,official,4,TBR,200,11,23,23,0,11,370,-2012,69444,-0.028972985427106735,15.886697247706422,11,0,0,0,0,1,91.15,163.56,4.05,1,eada19851bba977b1ba75f5d3a42ef4cd8f1f5ae6cb64de50f82edea0a0c47e5
tre-s-92,official,4,TBR_B16,200,11,23,23,0,11,370,-2012,69444,-0.028972985427106735,15.886697247706422,11,0,0,0,0,1,91.12,149.56,4.06,1,eada19851bba977b1ba75f5d3a42ef4cd8f1f5ae6cb64de50f82edea0a0c47e5
tre-s-92,official,4,RECOMPUTE,200,10,23,23,0,444,17572,-4104,69444,-0.05909797822706065,15.405045871559633,0,0,0,0,10,114,6513.85,7049.92,3.35,1,5ae4ac437fe6e81d33085303413815d4e42261b5ca40880982df0996a0fcbd98
tre-s-92,official,4,ONE_BLOCKER,200,11,23,23,0,11,370,-2012,69444,-0.028972985427106735,15.886697247706422,11,0,0,0,0,1,97.51,157.33,3.96,1,eada19851bba977b1ba75f5d3a42ef4cd8f1f5ae6cb64de50f82edea0a0c47e5
tre-s-92,official,4,TBR_NOPROX,200,10,23,23,0,10,324,-1247,69444,-0.017956914924255517,16.06559633027523,10,0,0,0,0,1,34.48,49.38,3.96,1,73745ec929c94b056796632abe7b88af5457f50d9aacf1e35fe1efd18f068d81
tre-s-92,official,4,TBR_NOT2,200,11,23,23,0,11,370,-2012,69444,-0.028972985427106735,15.886697247706422,11,0,0,0,0,1,106.72,161.09,3.92,1,eada19851bba977b1ba75f5d3a42ef4cd8f1f5ae6cb64de50f82edea0a0c47e5
tre-s-92,official,4,TBR_B2,200,11,23,23,0,11,370,-2012,69444,-0.028972985427106735,15.886697247706422,11,0,0,0,0,1,87.98,150.42,4.08,1,eada19851bba977b1ba75f5d3a42ef4cd8f1f5ae6cb64de50f82edea0a0c47e5
tre-s-92,official,4,SINGLE,200,11,23,23,0,11,370,-2012,69444,-0.028972985427106735,15.886697247706422,11,0,0,0,0,1,104.99,175.95,3.86,1,eada19851bba977b1ba75f5d3a42ef4cd8f1f5ae6cb64de50f82edea0a0c47e5
tre-s-92,official,4,TBR_B4,200,11,23,23,0,11,370,-2012,69444,-0.028972985427106735,15.886697247706422,11,0,0,0,0,1,86.87,158.71,4.06,1,eada19851bba977b1ba75f5d3a42ef4cd8f1f5ae6cb64de50f82edea0a0c47e5
tre-s-92,official,4,TBR_B32,200,11,23,23,0,11,370,-2012,69444,-0.028972985427106735,15.886697247706422,11,0,0,0,0,1,90.9,158.02,4.03,1,eada19851bba977b1ba75f5d3a42ef4cd8f1f5ae6cb64de50f82edea0a0c47e5
tre-s-92,tight,5,TBR_NOPROX,200,10,21,22,1,10,384,-1410,70406,-0.020026702269692925,16.26123853211009,9,0,0,1,0,1,34.5,652.76,3.9,1,c5a48197c03430fcffb32ddae558f3d022633682bfb0b564394a946c54793a7b
tre-s-92,tight,5,TBR_NOT2,200,10,21,22,1,10,384,-2574,70406,-0.03655938414339687,15.994266055045872,9,0,0,1,0,1,73.85,692.5,3.93,1,a626916c9ad42ee4a6ac373559bd2242ccfc76c9f829ab1ffad34687f97d62e3
tre-s-92,tight,5,TBR_B32,200,10,21,22,1,10,384,-2574,70406,-0.03655938414339687,15.994266055045872,9,0,0,1,0,1,85.04,3112.97,3.96,1,a626916c9ad42ee4a6ac373559bd2242ccfc76c9f829ab1ffad34687f97d62e3
tre-s-92,tight,5,TBR,200,10,21,22,1,10,384,-2574,70406,-0.03655938414339687,15.994266055045872,9,0,0,1,0,1,70.8,760.42,3.92,1,a626916c9ad42ee4a6ac373559bd2242ccfc76c9f829ab1ffad34687f97d62e3
tre-s-92,tight,5,TBR_B2,200,10,21,22,1,10,384,-2574,70406,-0.03655938414339687,15.994266055045872,9,0,0,1,0,1,93.24,185.59,3.94,1,a626916c9ad42ee4a6ac373559bd2242ccfc76c9f829ab1ffad34687f97d62e3
tre-s-92,tight,5,RECOMPUTE,200,5,21,23,2,381,16478,-12538,70406,-0.17808141351589354,13.680963302752293,0,0,0,0,5,155,6538.96,7469.72,2.97,1,655a562038c382ad797596a29d94ed3f06c616e019302369b13d934da0e1737f
tre-s-92,tight,5,ONE_BLOCKER,200,10,21,22,1,10,384,-2574,70406,-0.03655938414339687,15.994266055045872,9,0,0,1,0,1,75.78,192.17,3.85,1,a626916c9ad42ee4a6ac373559bd2242ccfc76c9f829ab1ffad34687f97d62e3
tre-s-92,tight,5,SINGLE,200,10,21,22,1,10,384,-2574,70406,-0.03655938414339687,15.994266055045872,9,0,0,1,0,1,84.99,149.28,4.29,1,a626916c9ad42ee4a6ac373559bd2242ccfc76c9f829ab1ffad34687f97d62e3
tre-s-92,tight,5,TBR_B4,200,10,21,22,1,10,384,-2574,70406,-0.03655938414339687,15.994266055045872,9,0,0,1,0,1,81.55,456.3,4.16,1,a626916c9ad42ee4a6ac373559bd2242ccfc76c9f829ab1ffad34687f97d62e3
tre-s-92,tight,5,TBR_B16,200,10,21,22,1,10,384,-2574,70406,-0.03655938414339687,15.994266055045872,9,0,0,1,0,1,73.28,1986.27,3.91,1,a626916c9ad42ee4a6ac373559bd2242ccfc76c9f829ab1ffad34687f97d62e3
tre-s-92,official,5,TBR_NOPROX,200,10,23,23,0,10,384,-1410,70406,-0.020026702269692925,16.26123853211009,10,0,0,0,0,1,35.72,46.79,3.82,1,0fcd73d50d888242ae968e165ba590526d0103594235c2a37b18f858a76219bc
tre-s-92,official,5,TBR_NOT2,200,10,23,23,0,10,384,-2998,70406,-0.042581598159247794,15.897018348623853,10,0,0,0,0,1,142.92,177.95,4.85,1,48042b5cc6aa91da9b7234568c4d917f568369cb501547c3d10c01172754e82c
tre-s-92,official,5,TBR_B32,200,10,23,23,0,10,384,-2998,70406,-0.042581598159247794,15.897018348623853,10,0,0,0,0,1,192.89,223.65,5.99,1,48042b5cc6aa91da9b7234568c4d917f568369cb501547c3d10c01172754e82c
tre-s-92,official,5,TBR,200,10,23,23,0,10,384,-2998,70406,-0.042581598159247794,15.897018348623853,10,0,0,0,0,1,141.68,166.55,3.83,1,48042b5cc6aa91da9b7234568c4d917f568369cb501547c3d10c01172754e82c
tre-s-92,official,5,TBR_B2,200,10,23,23,0,10,384,-2998,70406,-0.042581598159247794,15.897018348623853,10,0,0,0,0,1,139.33,149.36,4.01,1,48042b5cc6aa91da9b7234568c4d917f568369cb501547c3d10c01172754e82c
tre-s-92,official,5,RECOMPUTE,200,5,23,23,0,381,16478,-12538,70406,-0.17808141351589354,13.680963302752293,0,0,0,0,5,155,6671.9,7631.71,3.0,1,c5dd7fa69a31f8215e092e26e45a613f0cfa724560ca706d6dfd8538711bd1ee
tre-s-92,official,5,ONE_BLOCKER,200,10,23,23,0,10,384,-2998,70406,-0.042581598159247794,15.897018348623853,10,0,0,0,0,1,139.8,151.77,3.82,1,48042b5cc6aa91da9b7234568c4d917f568369cb501547c3d10c01172754e82c
tre-s-92,official,5,SINGLE,200,10,23,23,0,10,384,-2998,70406,-0.042581598159247794,15.897018348623853,10,0,0,0,0,1,143.84,163.54,3.84,1,48042b5cc6aa91da9b7234568c4d917f568369cb501547c3d10c01172754e82c
tre-s-92,official,5,TBR_B4,200,10,23,23,0,10,384,-2998,70406,-0.042581598159247794,15.897018348623853,10,0,0,0,0,1,140.46,207.98,4.04,1,48042b5cc6aa91da9b7234568c4d917f568369cb501547c3d10c01172754e82c
tre-s-92,official,5,TBR_B16,200,10,23,23,0,10,384,-2998,70406,-0.042581598159247794,15.897018348623853,10,0,0,0,0,1,137.8,165.63,3.98,1,48042b5cc6aa91da9b7234568c4d917f568369cb501547c3d10c01172754e82c
tre-s-92,tight,6,TBR_B32,200,9,23,23,0,9,418,-2254,71103,-0.031700490837236125,16.238073394495412,9,0,0,0,0,1,114.04,203.56,4.14,1,aedf2f3035684b2891d8921ca15923280626c662cd77c3caedb8e7a530c501ca
tre-s-92,tight,6,TBR_B4,200,9,23,23,0,9,418,-2254,71103,-0.031700490837236125,16.238073394495412,9,0,0,0,0,1,121.05,192.42,4.07,1,aedf2f3035684b2891d8921ca15923280626c662cd77c3caedb8e7a530c501ca
tre-s-92,tight,6,TBR_B16,200,9,23,23,0,9,418,-2254,71103,-0.031700490837236125,16.238073394495412,9,0,0,0,0,1,114.21,199.84,4.03,1,aedf2f3035684b2891d8921ca15923280626c662cd77c3caedb8e7a530c501ca
tre-s-92,tight,6,SINGLE,200,9,23,23,0,9,418,-2254,71103,-0.031700490837236125,16.238073394495412,9,0,0,0,0,1,113.93,192.94,3.79,1,aedf2f3035684b2891d8921ca15923280626c662cd77c3caedb8e7a530c501ca
tre-s-92,tight,6,TBR_B2,200,9,23,23,0,9,418,-2254,71103,-0.031700490837236125,16.238073394495412,9,0,0,0,0,1,113.92,192.93,4.17,1,aedf2f3035684b2891d8921ca15923280626c662cd77c3caedb8e7a530c501ca
tre-s-92,tight,6,TBR_NOPROX,200,9,23,23,0,9,418,-1900,71103,-0.02672179795507925,16.32064220183486,9,0,0,0,0,1,35.54,51.72,3.81,1,81219f7dde9c742e8420fa98c3f9e404a83de28db142c5d78b1aa88fc4dc4f9e
tre-s-92,tight,6,TBR_NOT2,200,9,23,23,0,9,418,-2254,71103,-0.031700490837236125,16.238073394495412,9,0,0,0,0,1,122.38,188.15,3.92,1,aedf2f3035684b2891d8921ca15923280626c662cd77c3caedb8e7a530c501ca
tre-s-92,tight,6,ONE_BLOCKER,200,9,23,23,0,9,418,-2254,71103,-0.031700490837236125,16.238073394495412,9,0,0,0,0,1,132.18,199.33,3.92,1,aedf2f3035684b2891d8921ca15923280626c662cd77c3caedb8e7a530c501ca
tre-s-92,tight,6,TBR,200,9,23,23,0,9,418,-2254,71103,-0.031700490837236125,16.238073394495412,9,0,0,0,0,1,119.89,186.53,3.9,1,aedf2f3035684b2891d8921ca15923280626c662cd77c3caedb8e7a530c501ca
tre-s-92,tight,6,RECOMPUTE,200,7,23,23,0,466,16987,-6702,71103,-0.09425762626049534,15.203211009174312,0,0,0,0,7,130,6398.77,7120.34,3.14,1,d199caa5535eff95501759966a28e52103edf70a6b0c893c6bead54258d66b1f
tre-s-92,official,6,TBR_B32,200,9,23,23,0,9,418,-2254,71103,-0.031700490837236125,16.238073394495412,9,0,0,0,0,1,136.09,226.93,4.41,1,aedf2f3035684b2891d8921ca15923280626c662cd77c3caedb8e7a530c501ca
tre-s-92,official,6,TBR_B4,200,9,23,23,0,9,418,-2254,71103,-0.031700490837236125,16.238073394495412,9,0,0,0,0,1,126.23,190.54,4.09,1,aedf2f3035684b2891d8921ca15923280626c662cd77c3caedb8e7a530c501ca
tre-s-92,official,6,TBR_B16,200,9,23,23,0,9,418,-2254,71103,-0.031700490837236125,16.238073394495412,9,0,0,0,0,1,114.61,219.59,4.45,1,aedf2f3035684b2891d8921ca15923280626c662cd77c3caedb8e7a530c501ca
tre-s-92,official,6,SINGLE,200,9,23,23,0,9,418,-2254,71103,-0.031700490837236125,16.238073394495412,9,0,0,0,0,1,118.7,293.49,3.84,1,aedf2f3035684b2891d8921ca15923280626c662cd77c3caedb8e7a530c501ca
tre-s-92,official,6,TBR_B2,200,9,23,23,0,9,418,-2254,71103,-0.031700490837236125,16.238073394495412,9,0,0,0,0,1,126.53,187.38,4.12,1,aedf2f3035684b2891d8921ca15923280626c662cd77c3caedb8e7a530c501ca
tre-s-92,official,6,TBR_NOPROX,200,9,23,23,0,9,418,-1900,71103,-0.02672179795507925,16.32064220183486,9,0,0,0,0,1,35.66,52.8,3.92,1,81219f7dde9c742e8420fa98c3f9e404a83de28db142c5d78b1aa88fc4dc4f9e
tre-s-92,official,6,TBR_NOT2,200,9,23,23,0,9,418,-2254,71103,-0.031700490837236125,16.238073394495412,9,0,0,0,0,1,112.72,187.41,3.88,1,aedf2f3035684b2891d8921ca15923280626c662cd77c3caedb8e7a530c501ca
tre-s-92,official,6,ONE_BLOCKER,200,9,23,23,0,9,418,-2254,71103,-0.031700490837236125,16.238073394495412,9,0,0,0,0,1,115.99,197.32,3.95,1,aedf2f3035684b2891d8921ca15923280626c662cd77c3caedb8e7a530c501ca
tre-s-92,official,6,TBR,200,9,23,23,0,9,418,-2254,71103,-0.031700490837236125,16.238073394495412,9,0,0,0,0,1,131.33,193.97,3.92,1,aedf2f3035684b2891d8921ca15923280626c662cd77c3caedb8e7a530c501ca
tre-s-92,official,6,RECOMPUTE,200,7,23,23,0,466,16987,-6702,71103,-0.09425762626049534,15.203211009174312,0,0,0,0,7,130,6503.27,8106.71,3.29,1,d199caa5535eff95501759966a28e52103edf70a6b0c893c6bead54258d66b1f
tre-s-92,tight,7,TBR,200,7,21,22,1,8,310,-1523,68902,-0.02210385765289832,15.98440366972477,5,1,0,1,0,2,158.04,1563.77,3.96,1,8532c2e1c93915db04bf40c9bf2bda87f93341283f3d5f06df7f06933d6d4a74
tre-s-92,tight,7,TBR_B2,200,7,21,22,1,8,310,-1523,68902,-0.02210385765289832,15.98440366972477,5,1,0,1,0,2,160.68,222.1,4.11,1,8532c2e1c93915db04bf40c9bf2bda87f93341283f3d5f06df7f06933d6d4a74
tre-s-92,tight,7,TBR_NOT2,200,7,21,22,1,8,310,-1523,68902,-0.02210385765289832,15.98440366972477,5,0,1,1,0,2,162.02,1566.73,3.84,1,9453c3e98b62afea2a355d3458e070cfd31052c527732004384fb4ca981bddbc
tre-s-92,tight,7,RECOMPUTE,200,4,21,23,2,327,15387,-1792,68902,-0.026007953325012337,15.906651376146788,0,0,0,0,4,159,6662.12,7598.57,2.93,1,c24a50acc86101cdf2fd2a99bf60a4100efa6c2b6141de56ed32e401877c6391
tre-s-92,tight,7,TBR_B4,200,7,21,22,1,8,310,-1523,68902,-0.02210385765289832,15.98440366972477,5,1,0,1,0,2,155.98,692.07,4.11,1,8532c2e1c93915db04bf40c9bf2bda87f93341283f3d5f06df7f06933d6d4a74
tre-s-92,tight,7,SINGLE,200,7,21,22,1,7,275,-1637,68902,-0.023758381469333255,15.958256880733945,6,0,0,1,0,1,76.56,167.65,3.79,1,dd300ca8b1ea26915e6c82057fafab7e40d38b39e803e95b307a3db30feda1d5
tre-s-92,tight,7,TBR_B16,200,7,21,22,1,8,310,-1523,68902,-0.02210385765289832,15.98440366972477,5,1,0,1,0,2,154.76,2252.44,4.14,1,8532c2e1c93915db04bf40c9bf2bda87f93341283f3d5f06df7f06933d6d4a74
tre-s-92,tight,7,ONE_BLOCKER,200,7,21,22,1,8,310,-1523,68902,-0.02210385765289832,15.98440366972477,5,1,0,1,0,2,160.87,227.92,3.79,1,8532c2e1c93915db04bf40c9bf2bda87f93341283f3d5f06df7f06933d6d4a74
tre-s-92,tight,7,TBR_B32,200,7,21,22,1,8,310,-1523,68902,-0.02210385765289832,15.98440366972477,5,1,0,1,0,2,161.34,2258.37,4.09,1,8532c2e1c93915db04bf40c9bf2bda87f93341283f3d5f06df7f06933d6d4a74
tre-s-92,tight,7,TBR_NOPROX,200,7,21,22,1,8,310,-1582,68902,-0.022960146294737454,15.970871559633027,5,1,0,1,0,2,36.74,1430.1,3.9,1,76a93666c32e45a50eb45111fd53408d8e4ecbdcb1c853d89d0f7a64a3da315a
tre-s-92,official,7,TBR,200,7,23,23,0,7,275,-1924,68902,-0.027923717744042263,15.89059633027523,7,0,0,0,0,1,142.83,190.84,4.01,1,999d5b3567df9326d1dc1ac79ab13dbb574c3e462b24145c7e6a6ecb91d87ae3
tre-s-92,official,7,TBR_B2,200,7,23,23,0,7,275,-1924,68902,-0.027923717744042263,15.89059633027523,7,0,0,0,0,1,152.02,216.47,4.07,1,999d5b3567df9326d1dc1ac79ab13dbb574c3e462b24145c7e6a6ecb91d87ae3
tre-s-92,official,7,TBR_NOT2,200,7,23,23,0,7,275,-1924,68902,-0.027923717744042263,15.89059633027523,7,0,0,0,0,1,154.4,180.43,3.85,1,999d5b3567df9326d1dc1ac79ab13dbb574c3e462b24145c7e6a6ecb91d87ae3
tre-s-92,official,7,RECOMPUTE,200,4,23,23,0,327,15387,-1792,68902,-0.026007953325012337,15.906651376146788,0,0,0,0,4,159,6856.52,7615.93,3.01,1,4a0f904073940e18b806222cecd7e06746b69c2d7dec589a69ddcb0a0c31ccbd
tre-s-92,official,7,TBR_B4,200,7,23,23,0,7,275,-1924,68902,-0.027923717744042263,15.89059633027523,7,0,0,0,0,1,152.32,172.68,4.15,1,999d5b3567df9326d1dc1ac79ab13dbb574c3e462b24145c7e6a6ecb91d87ae3
tre-s-92,official,7,SINGLE,200,7,23,23,0,7,275,-1924,68902,-0.027923717744042263,15.89059633027523,7,0,0,0,0,1,156.89,188.03,3.85,1,999d5b3567df9326d1dc1ac79ab13dbb574c3e462b24145c7e6a6ecb91d87ae3
tre-s-92,official,7,TBR_B16,200,7,23,23,0,7,275,-1924,68902,-0.027923717744042263,15.89059633027523,7,0,0,0,0,1,145.45,177.96,3.99,1,999d5b3567df9326d1dc1ac79ab13dbb574c3e462b24145c7e6a6ecb91d87ae3
tre-s-92,official,7,ONE_BLOCKER,200,7,23,23,0,7,275,-1924,68902,-0.027923717744042263,15.89059633027523,7,0,0,0,0,1,145.24,171.55,4.04,1,999d5b3567df9326d1dc1ac79ab13dbb574c3e462b24145c7e6a6ecb91d87ae3
tre-s-92,official,7,TBR_B32,200,7,23,23,0,7,275,-1924,68902,-0.027923717744042263,15.89059633027523,7,0,0,0,0,1,148.33,184.18,4.01,1,999d5b3567df9326d1dc1ac79ab13dbb574c3e462b24145c7e6a6ecb91d87ae3
tre-s-92,official,7,TBR_NOPROX,200,7,23,23,0,7,275,-1696,68902,-0.02461467011117239,15.944724770642202,7,0,0,0,0,1,34.91,43.43,3.71,1,78f57b7dcbea445b3545602f4f1f3db916f1c35eb91ab30b020d15c121fb1ac4
tre-s-92,tight,8,SINGLE,200,8,23,23,0,8,352,-2568,68848,-0.0372995584475947,15.666743119266055,8,0,0,0,0,1,118.7,152.02,3.83,1,a094714239e247f95868809d35862c974d49c498b6c6ccfd387742c9c769ddac
tre-s-92,tight,8,RECOMPUTE,200,11,23,23,0,567,21298,-3702,68848,-0.053770625145247504,15.418577981651376,0,0,0,0,11,120,6383.19,7368.26,3.55,1,ce0df792df991ae8b9476362946e126813842095a7fde74bdb107a21430ab62d
tre-s-92,tight,8,TBR_NOPROX,200,9,23,23,0,9,391,-1871,68848,-0.02717580757610969,15.830733944954128,9,0,0,0,0,1,38.95,48.04,3.85,1,2bd2edb2b2166ec845a05a6de80e2fe3b38f16e9e68bebc8a22c20ace0b07406
tre-s-92,tight,8,TBR,200,8,23,23,0,8,352,-2568,68848,-0.0372995584475947,15.666743119266055,8,0,0,0,0,1,108.51,155.59,3.82,1,a094714239e247f95868809d35862c974d49c498b6c6ccfd387742c9c769ddac
tre-s-92,tight,8,TBR_NOT2,200,8,23,23,0,8,352,-2568,68848,-0.0372995584475947,15.666743119266055,8,0,0,0,0,1,127.08,198.53,3.71,1,a094714239e247f95868809d35862c974d49c498b6c6ccfd387742c9c769ddac
tre-s-92,tight,8,TBR_B2,200,8,23,23,0,8,352,-2568,68848,-0.0372995584475947,15.666743119266055,8,0,0,0,0,1,109.31,149.52,3.96,1,a094714239e247f95868809d35862c974d49c498b6c6ccfd387742c9c769ddac
tre-s-92,tight,8,TBR_B32,200,8,23,23,0,8,352,-2568,68848,-0.0372995584475947,15.666743119266055,8,0,0,0,0,1,108.9,155.83,3.94,1,a094714239e247f95868809d35862c974d49c498b6c6ccfd387742c9c769ddac
tre-s-92,tight,8,TBR_B16,200,8,23,23,0,8,352,-2568,68848,-0.0372995584475947,15.666743119266055,8,0,0,0,0,1,117.31,146.74,4.05,1,a094714239e247f95868809d35862c974d49c498b6c6ccfd387742c9c769ddac
tre-s-92,tight,8,TBR_B4,200,8,23,23,0,8,352,-2568,68848,-0.0372995584475947,15.666743119266055,8,0,0,0,0,1,106.13,144.18,4.01,1,a094714239e247f95868809d35862c974d49c498b6c6ccfd387742c9c769ddac
tre-s-92,tight,8,ONE_BLOCKER,200,8,23,23,0,8,352,-2568,68848,-0.0372995584475947,15.666743119266055,8,0,0,0,0,1,116.87,168.44,3.79,1,a094714239e247f95868809d35862c974d49c498b6c6ccfd387742c9c769ddac
tre-s-92,official,8,SINGLE,200,8,23,23,0,8,352,-2568,68848,-0.0372995584475947,15.666743119266055,8,0,0,0,0,1,115.05,153.75,3.76,1,a094714239e247f95868809d35862c974d49c498b6c6ccfd387742c9c769ddac
tre-s-92,official,8,RECOMPUTE,200,11,23,23,0,567,21298,-3702,68848,-0.053770625145247504,15.418577981651376,0,0,0,0,11,120,6277.07,7288.28,3.37,1,ce0df792df991ae8b9476362946e126813842095a7fde74bdb107a21430ab62d
tre-s-92,official,8,TBR_NOPROX,200,9,23,23,0,9,391,-1871,68848,-0.02717580757610969,15.830733944954128,9,0,0,0,0,1,33.22,44.42,3.82,1,2bd2edb2b2166ec845a05a6de80e2fe3b38f16e9e68bebc8a22c20ace0b07406
tre-s-92,official,8,TBR,200,8,23,23,0,8,352,-2568,68848,-0.0372995584475947,15.666743119266055,8,0,0,0,0,1,110.23,157.69,3.81,1,a094714239e247f95868809d35862c974d49c498b6c6ccfd387742c9c769ddac
tre-s-92,official,8,TBR_NOT2,200,8,23,23,0,8,352,-2568,68848,-0.0372995584475947,15.666743119266055,8,0,0,0,0,1,108.77,157.0,3.86,1,a094714239e247f95868809d35862c974d49c498b6c6ccfd387742c9c769ddac
tre-s-92,official,8,TBR_B2,200,8,23,23,0,8,352,-2568,68848,-0.0372995584475947,15.666743119266055,8,0,0,0,0,1,119.23,173.29,4.06,1,a094714239e247f95868809d35862c974d49c498b6c6ccfd387742c9c769ddac
tre-s-92,official,8,TBR_B32,200,8,23,23,0,8,352,-2568,68848,-0.0372995584475947,15.666743119266055,8,0,0,0,0,1,109.64,161.37,4.13,1,a094714239e247f95868809d35862c974d49c498b6c6ccfd387742c9c769ddac
tre-s-92,official,8,TBR_B16,200,8,23,23,0,8,352,-2568,68848,-0.0372995584475947,15.666743119266055,8,0,0,0,0,1,119.55,181.21,4.04,1,a094714239e247f95868809d35862c974d49c498b6c6ccfd387742c9c769ddac
tre-s-92,official,8,TBR_B4,200,8,23,23,0,8,352,-2568,68848,-0.0372995584475947,15.666743119266055,8,0,0,0,0,1,107.18,146.08,4.14,1,a094714239e247f95868809d35862c974d49c498b6c6ccfd387742c9c769ddac
tre-s-92,official,8,ONE_BLOCKER,200,8,23,23,0,8,352,-2568,68848,-0.0372995584475947,15.666743119266055,8,0,0,0,0,1,109.1,149.38,3.91,1,a094714239e247f95868809d35862c974d49c498b6c6ccfd387742c9c769ddac
tre-s-92,tight,9,TBR_B4,200,10,21,23,2,11,604,-3228,68697,-0.04698895148259749,15.449311926605505,7,1,0,2,0,2,115.73,716.82,4.26,1,abd956f731b0c255172a5dbf5de5332460e5da5f261fbcb18662eedb9e5000da
tre-s-92,tight,9,ONE_BLOCKER,200,10,21,23,2,11,604,-3228,68697,-0.04698895148259749,15.449311926605505,7,1,0,2,0,2,102.58,264.9,3.77,1,abd956f731b0c255172a5dbf5de5332460e5da5f261fbcb18662eedb9e5000da
tre-s-92,tight,9,SINGLE,200,10,21,23,2,10,465,-3341,68697,-0.0486338559180168,15.41697247706422,8,0,0,2,0,1,89.08,129.24,3.75,1,c5db0be49d780acc3938a5fca8b41edbb3f13d9a5bfe386522f39ea1d1d40193
tre-s-92,tight,9,TBR_NOPROX,200,10,21,23,2,11,604,-2458,68697,-0.035780310639474795,15.627752293577982,7,1,0,2,0,2,36.18,1072.6,3.82,1,2b82e12a794db58fe81d36f6b4b3135415acb6942a02834c70c33ac647d62a80
tre-s-92,tight,9,TBR_B16,200,10,21,23,2,11,604,-3228,68697,-0.04698895148259749,15.449311926605505,7,1,0,2,0,2,110.91,3007.84,3.98,1,abd956f731b0c255172a5dbf5de5332460e5da5f261fbcb18662eedb9e5000da
tre-s-92,tight,9,TBR_B2,200,10,21,23,2,11,604,-3228,68697,-0.04698895148259749,15.449311926605505,7,1,0,2,0,2,113.87,253.23,3.9,1,abd956f731b0c255172a5dbf5de5332460e5da5f261fbcb18662eedb9e5000da
tre-s-92,tight,9,TBR,200,10,21,23,2,11,604,-3228,68697,-0.04698895148259749,15.449311926605505,7,1,0,2,0,2,115.1,1187.65,3.76,1,abd956f731b0c255172a5dbf5de5332460e5da5f261fbcb18662eedb9e5000da
tre-s-92,tight,9,TBR_B32,200,10,21,23,2,11,604,-3228,68697,-0.04698895148259749,15.449311926605505,7,1,0,2,0,2,110.98,5935.42,4.13,1,abd956f731b0c255172a5dbf5de5332460e5da5f261fbcb18662eedb9e5000da
tre-s-92,tight,9,RECOMPUTE,200,11,21,23,2,857,34502,-2181,68697,-0.03174811127123455,15.64059633027523,0,0,0,0,11,136,6938.81,7353.36,3.29,1,b33259dbddbc0fe89ed172a3346c39089520bed81a9b00fdb4ccd9d978041646
tre-s-92,tight,9,TBR_NOT2,200,10,21,23,2,10,465,-3341,68697,-0.0486338559180168,15.41697247706422,8,0,0,2,0,1,102.71,1637.44,3.77,1,c5db0be49d780acc3938a5fca8b41edbb3f13d9a5bfe386522f39ea1d1d40193
tre-s-92,official,9,TBR_B4,200,10,23,23,0,10,465,-3462,68697,-0.05039521376479322,15.388532110091743,10,0,0,0,0,1,101.17,185.63,4.03,1,e4cbfc54c2b458a0f3a51be0532aee949fe72ff2a56f6f0f291619dad6dbf9e4
tre-s-92,official,9,ONE_BLOCKER,200,10,23,23,0,10,465,-3462,68697,-0.05039521376479322,15.388532110091743,10,0,0,0,0,1,100.75,181.84,3.77,1,e4cbfc54c2b458a0f3a51be0532aee949fe72ff2a56f6f0f291619dad6dbf9e4
tre-s-92,official,9,SINGLE,200,10,23,23,0,10,465,-3462,68697,-0.05039521376479322,15.388532110091743,10,0,0,0,0,1,102.0,176.67,3.64,1,e4cbfc54c2b458a0f3a51be0532aee949fe72ff2a56f6f0f291619dad6dbf9e4
tre-s-92,official,9,TBR_NOPROX,200,10,23,23,0,10,465,-2573,68697,-0.03745432842773338,15.594954128440367,10,0,0,0,0,1,34.15,45.41,3.73,1,70d598db1797001a9f252edfea6271898caa13e9dbe0eba3bd3181d7249b188f
tre-s-92,official,9,TBR_B16,200,10,23,23,0,10,465,-3462,68697,-0.05039521376479322,15.388532110091743,10,0,0,0,0,1,98.77,181.95,3.95,1,e4cbfc54c2b458a0f3a51be0532aee949fe72ff2a56f6f0f291619dad6dbf9e4
tre-s-92,official,9,TBR_B2,200,10,23,23,0,10,465,-3462,68697,-0.05039521376479322,15.388532110091743,10,0,0,0,0,1,104.45,180.89,3.98,1,e4cbfc54c2b458a0f3a51be0532aee949fe72ff2a56f6f0f291619dad6dbf9e4
tre-s-92,official,9,TBR,200,10,23,23,0,10,465,-3462,68697,-0.05039521376479322,15.388532110091743,10,0,0,0,0,1,102.05,176.82,3.77,1,e4cbfc54c2b458a0f3a51be0532aee949fe72ff2a56f6f0f291619dad6dbf9e4
tre-s-92,official,9,TBR_B32,200,10,23,23,0,10,465,-3462,68697,-0.05039521376479322,15.388532110091743,10,0,0,0,0,1,100.39,183.12,3.99,1,e4cbfc54c2b458a0f3a51be0532aee949fe72ff2a56f6f0f291619dad6dbf9e4
tre-s-92,official,9,RECOMPUTE,200,11,23,23,0,857,34502,-2181,68697,-0.03174811127123455,15.64059633027523,0,0,0,0,11,136,6926.49,7305.63,3.15,1,78f891e194e3f56f28cdabee1e5b9f6234f55b379406b6f806d7d132a5df95ae
tre-s-92,official,9,TBR_NOT2,200,10,23,23,0,10,465,-3462,68697,-0.05039521376479322,15.388532110091743,10,0,0,0,0,1,100.27,188.64,3.84,1,e4cbfc54c2b458a0f3a51be0532aee949fe72ff2a56f6f0f291619dad6dbf9e4
uta-s-92,tight,0,RECOMPUTE,200,3,31,31,0,308,13594,2126,163543,0.01299963923861003,7.852534562211981,0,0,0,0,3,232,30851.07,31532.15,4.4,1,f557db3d9b01363be28c1c2f01d27ffdb126f5bbb8bcef37df0006dcfebbe63a
uta-s-92,tight,0,ONE_BLOCKER,200,4,31,31,0,4,165,-886,163543,-0.005417535449392515,7.708878021254585,4,0,0,0,0,1,82.45,254.64,4.79,1,2ca46ae3772afa3475123b834c5b263547e3139909008d0c7a6a44129aee2125
uta-s-92,tight,0,SINGLE,200,4,31,31,0,4,165,-886,163543,-0.005417535449392515,7.708878021254585,4,0,0,0,0,1,90.94,226.68,5.29,1,2ca46ae3772afa3475123b834c5b263547e3139909008d0c7a6a44129aee2125
uta-s-92,tight,0,TBR_B16,200,4,31,31,0,4,165,-886,163543,-0.005417535449392515,7.708878021254585,4,0,0,0,0,1,91.93,240.8,5.14,1,2ca46ae3772afa3475123b834c5b263547e3139909008d0c7a6a44129aee2125
uta-s-92,tight,0,TBR_B2,200,4,31,31,0,4,165,-886,163543,-0.005417535449392515,7.708878021254585,4,0,0,0,0,1,83.4,268.96,4.78,1,2ca46ae3772afa3475123b834c5b263547e3139909008d0c7a6a44129aee2125
uta-s-92,tight,0,TBR_B4,200,4,31,31,0,4,165,-886,163543,-0.005417535449392515,7.708878021254585,4,0,0,0,0,1,84.82,235.52,5.21,1,2ca46ae3772afa3475123b834c5b263547e3139909008d0c7a6a44129aee2125
uta-s-92,tight,0,TBR_NOT2,200,4,31,31,0,4,165,-886,163543,-0.005417535449392515,7.708878021254585,4,0,0,0,0,1,95.21,230.53,4.72,1,2ca46ae3772afa3475123b834c5b263547e3139909008d0c7a6a44129aee2125
uta-s-92,tight,0,TBR,200,4,31,31,0,4,165,-886,163543,-0.005417535449392515,7.708878021254585,4,0,0,0,0,1,82.7,233.74,4.88,1,2ca46ae3772afa3475123b834c5b263547e3139909008d0c7a6a44129aee2125
uta-s-92,tight,0,TBR_NOPROX,200,4,31,31,0,4,165,-571,163543,-0.0034914365029380654,7.723690397818113,4,0,0,0,0,1,51.46,64.19,4.77,1,efc942501990136e8c6a71b0d8952a6da2156403e3964606f32eba1e9709555f
uta-s-92,tight,0,TBR_B32,200,4,31,31,0,4,165,-886,163543,-0.005417535449392515,7.708878021254585,4,0,0,0,0,1,87.32,236.69,5.21,1,2ca46ae3772afa3475123b834c5b263547e3139909008d0c7a6a44129aee2125
uta-s-92,official,0,RECOMPUTE,200,3,35,35,0,308,13594,2126,163543,0.01299963923861003,7.852534562211981,0,0,0,0,3,232,30203.66,30836.43,4.39,1,21ecf7ccc0a5f3f68acb0ce2256ff8f61879053d869222ca321bfaa0f45f5e40
uta-s-92,official,0,ONE_BLOCKER,200,4,35,35,0,4,165,-1049,163543,-0.006414215221684817,7.701213204175679,4,0,0,0,0,1,212.36,262.71,4.75,1,c6fc65b8b04ec957dc91cea65f5cff214089e89dff86ea04f66378fa4d00edcb
uta-s-92,official,0,SINGLE,200,4,35,35,0,4,165,-1049,163543,-0.006414215221684817,7.701213204175679,4,0,0,0,0,1,218.41,264.1,4.79,1,c6fc65b8b04ec957dc91cea65f5cff214089e89dff86ea04f66378fa4d00edcb
uta-s-92,official,0,TBR_B16,200,4,35,35,0,4,165,-1049,163543,-0.006414215221684817,7.701213204175679,4,0,0,0,0,1,255.65,562.02,5.19,1,c6fc65b8b04ec957dc91cea65f5cff214089e89dff86ea04f66378fa4d00edcb
uta-s-92,official,0,TBR_B2,200,4,35,35,0,4,165,-1049,163543,-0.006414215221684817,7.701213204175679,4,0,0,0,0,1,214.15,255.53,5.21,1,c6fc65b8b04ec957dc91cea65f5cff214089e89dff86ea04f66378fa4d00edcb
uta-s-92,official,0,TBR_B4,200,4,35,35,0,4,165,-1049,163543,-0.006414215221684817,7.701213204175679,4,0,0,0,0,1,221.58,255.32,4.83,1,c6fc65b8b04ec957dc91cea65f5cff214089e89dff86ea04f66378fa4d00edcb
uta-s-92,official,0,TBR_NOT2,200,4,35,35,0,4,165,-1049,163543,-0.006414215221684817,7.701213204175679,4,0,0,0,0,1,208.42,252.98,4.99,1,c6fc65b8b04ec957dc91cea65f5cff214089e89dff86ea04f66378fa4d00edcb
uta-s-92,official,0,TBR,200,4,35,35,0,4,165,-1049,163543,-0.006414215221684817,7.701213204175679,4,0,0,0,0,1,212.76,265.73,4.88,1,c6fc65b8b04ec957dc91cea65f5cff214089e89dff86ea04f66378fa4d00edcb
uta-s-92,official,0,TBR_NOPROX,200,4,35,35,0,4,165,-571,163543,-0.0034914365029380654,7.723690397818113,4,0,0,0,0,1,49.44,66.4,4.71,1,cc2567646d3109795e05d412a35666df7a84c00cc1af514bbac691a5874ba980
uta-s-92,official,0,TBR_B32,200,4,35,35,0,4,165,-1049,163543,-0.006414215221684817,7.701213204175679,4,0,0,0,0,1,257.54,614.98,5.47,1,c6fc65b8b04ec957dc91cea65f5cff214089e89dff86ea04f66378fa4d00edcb
uta-s-92,tight,1,TBR_B32,200,6,31,32,1,6,673,-2626,162457,-0.016164277316459124,7.565691714473808,5,0,0,1,0,1,182.45,13412.97,5.46,1,00a903af2bd138c16c2006847a1a5a3e540883b4add127a2b4a50611234d4de3
uta-s-92,tight,1,TBR_B4,200,6,31,32,1,6,673,-2626,162457,-0.016164277316459124,7.565691714473808,5,0,0,1,0,1,190.18,1230.88,4.96,1,00a903af2bd138c16c2006847a1a5a3e540883b4add127a2b4a50611234d4de3
uta-s-92,tight,1,ONE_BLOCKER,200,6,31,32,1,6,673,-2626,162457,-0.016164277316459124,7.565691714473808,5,0,0,1,0,1,206.5,702.95,5.1,1,00a903af2bd138c16c2006847a1a5a3e540883b4add127a2b4a50611234d4de3
uta-s-92,tight,1,TBR,200,6,31,32,1,6,673,-2626,162457,-0.016164277316459124,7.565691714473808,5,0,0,1,0,1,183.08,2249.16,4.76,1,00a903af2bd138c16c2006847a1a5a3e540883b4add127a2b4a50611234d4de3
uta-s-92,tight,1,TBR_B2,200,6,31,32,1,6,673,-2626,162457,-0.016164277316459124,7.565691714473808,5,0,0,1,0,1,184.68,417.81,5.04,1,00a903af2bd138c16c2006847a1a5a3e540883b4add127a2b4a50611234d4de3
uta-s-92,tight,1,TBR_NOPROX,200,6,31,32,1,6,673,-2458,162457,-0.015130157518604923,7.573591648641023,5,0,0,1,0,1,59.63,1938.01,4.62,1,cb220df463b07809e6c823e194e111024020c7b482bc7faa1f1e475411cf97ca
uta-s-92,tight,1,RECOMPUTE,200,4,31,31,0,1210,69739,343,162457,0.0021113279206189947,7.700601899746074,0,0,0,0,4,366,32746.73,33517.14,4.04,1,384a00b9f96e25cdedbf8fef69b10fefd6653cdbb4e308c21a199b82e8c93f1e
uta-s-92,tight,1,TBR_B16,200,6,31,32,1,6,673,-2626,162457,-0.016164277316459124,7.565691714473808,5,0,0,1,0,1,208.66,7798.86,5.7,1,00a903af2bd138c16c2006847a1a5a3e540883b4add127a2b4a50611234d4de3
uta-s-92,tight,1,SINGLE,200,6,31,32,1,6,673,-2626,162457,-0.016164277316459124,7.565691714473808,5,0,0,1,0,1,133.58,257.98,4.84,1,00a903af2bd138c16c2006847a1a5a3e540883b4add127a2b4a50611234d4de3
uta-s-92,tight,1,TBR_NOT2,200,6,31,32,1,6,673,-2626,162457,-0.016164277316459124,7.565691714473808,5,0,0,1,0,1,201.98,2115.24,4.95,1,00a903af2bd138c16c2006847a1a5a3e540883b4add127a2b4a50611234d4de3
uta-s-92,official,1,TBR_B32,200,6,35,35,0,6,673,-3586,162457,-0.02207353330419742,7.520549233518292,6,0,0,0,0,1,261.79,414.73,5.81,1,0a7016dc6ae3622e7bd5ec9a66bc6e1f4913ca63823d878ae09e9087821da186
uta-s-92,official,1,TBR_B4,200,6,35,35,0,6,673,-3586,162457,-0.02207353330419742,7.520549233518292,6,0,0,0,0,1,256.05,343.05,5.24,1,0a7016dc6ae3622e7bd5ec9a66bc6e1f4913ca63823d878ae09e9087821da186
uta-s-92,official,1,ONE_BLOCKER,200,6,35,35,0,6,673,-3586,162457,-0.02207353330419742,7.520549233518292,6,0,0,0,0,1,265.55,371.96,5.2,1,0a7016dc6ae3622e7bd5ec9a66bc6e1f4913ca63823d878ae09e9087821da186
uta-s-92,official,1,TBR,200,6,35,35,0,6,673,-3586,162457,-0.02207353330419742,7.520549233518292,6,0,0,0,0,1,258.45,356.35,4.86,1,0a7016dc6ae3622e7bd5ec9a66bc6e1f4913ca63823d878ae09e9087821da186
uta-s-92,official,1,TBR_B2,200,6,35,35,0,6,673,-3586,162457,-0.02207353330419742,7.520549233518292,6,0,0,0,0,1,257.06,351.72,4.91,1,0a7016dc6ae3622e7bd5ec9a66bc6e1f4913ca63823d878ae09e9087821da186
uta-s-92,official,1,TBR_NOPROX,200,6,35,35,0,6,673,-2458,162457,-0.015130157518604923,7.573591648641023,6,0,0,0,0,1,66.28,72.77,4.67,1,af0313d98089d4bef7ec282cd07398f9efb2e5a1ccaa9869dd3a09c46e53d0e4
uta-s-92,official,1,RECOMPUTE,200,4,35,35,0,1210,69739,343,162457,0.0021113279206189947,7.700601899746074,0,0,0,0,4,366,33206.01,33598.54,4.19,1,9ea0df2cbdad31a3800ae93e43581e3db560051fe925b4b6aa58ddf2300519a5
uta-s-92,official,1,TBR_B16,200,6,35,35,0,6,673,-3586,162457,-0.02207353330419742,7.520549233518292,6,0,0,0,0,1,280.41,362.8,5.39,1,0a7016dc6ae3622e7bd5ec9a66bc6e1f4913ca63823d878ae09e9087821da186
uta-s-92,official,1,SINGLE,200,6,35,35,0,6,673,-3586,162457,-0.02207353330419742,7.520549233518292,6,0,0,0,0,1,253.78,354.34,4.88,1,0a7016dc6ae3622e7bd5ec9a66bc6e1f4913ca63823d878ae09e9087821da186
uta-s-92,official,1,TBR_NOT2,200,6,35,35,0,6,673,-3586,162457,-0.02207353330419742,7.520549233518292,6,0,0,0,0,1,252.75,351.63,4.64,1,0a7016dc6ae3622e7bd5ec9a66bc6e1f4913ca63823d878ae09e9087821da186
uta-s-92,tight,2,TBR_B16,200,9,31,32,1,10,637,-1819,160707,-0.011318735338224221,7.526050973384746,7,1,0,1,0,2,120.19,3130.89,5.6,1,e7326299398e1232afa49b3601fc9df46a8339506282f8f1c44ba25575d52df9
uta-s-92,tight,2,TBR_B4,200,9,31,32,1,10,637,-1819,160707,-0.011318735338224221,7.526050973384746,7,1,0,1,0,2,119.91,1158.49,5.14,1,e7326299398e1232afa49b3601fc9df46a8339506282f8f1c44ba25575d52df9
uta-s-92,tight,2,TBR_B32,200,9,31,32,1,10,637,-1819,160707,-0.011318735338224221,7.526050973384746,7,1,0,1,0,2,123.77,7803.03,4.72,1,e7326299398e1232afa49b3601fc9df46a8339506282f8f1c44ba25575d52df9
uta-s-92,tight,2,TBR_NOT2,200,9,31,33,2,9,563,-2051,160707,-0.012762356337931763,7.515141540487162,7,0,0,2,0,1,124.61,2207.34,4.7,1,f4f53a75c3dc10a3a4ef192144126de232ca48f21f36b54b3bf6c44d6b708099
uta-s-92,tight,2,ONE_BLOCKER,200,9,31,32,1,10,637,-1819,160707,-0.011318735338224221,7.526050973384746,7,1,0,1,0,2,147.15,480.29,4.69,1,e7326299398e1232afa49b3601fc9df46a8339506282f8f1c44ba25575d52df9
uta-s-92,tight,2,TBR,200,9,31,32,1,10,637,-1819,160707,-0.011318735338224221,7.526050973384746,7,1,0,1,0,2,131.68,1676.96,4.88,1,e7326299398e1232afa49b3601fc9df46a8339506282f8f1c44ba25575d52df9
uta-s-92,tight,2,TBR_NOPROX,200,9,31,32,1,9,563,-1136,160707,-0.00706876489511969,7.558167967647889,8,0,0,1,0,1,51.58,1258.26,4.84,1,f33fddebd1ec3adb2557e77789e6709a8f70983b3cf491140ef5c1facf251df3
uta-s-92,tight,2,SINGLE,200,9,31,33,2,9,563,-2051,160707,-0.012762356337931763,7.515141540487162,7,0,0,2,0,1,111.48,243.09,5.5,1,f4f53a75c3dc10a3a4ef192144126de232ca48f21f36b54b3bf6c44d6b708099
uta-s-92,tight,2,RECOMPUTE,200,8,31,31,0,711,38318,6353,160707,0.03953156987561214,7.9175679488385216,0,0,0,0,8,323,29968.83,33263.18,4.66,1,145cb23e2be119e01ae16df90dfe2dc21df0ed26428bef8c9e9f9193e20c0d71
uta-s-92,tight,2,TBR_B2,200,9,31,32,1,10,637,-1819,160707,-0.011318735338224221,7.526050973384746,7,1,0,1,0,2,121.34,502.33,5.45,1,e7326299398e1232afa49b3601fc9df46a8339506282f8f1c44ba25575d52df9
uta-s-92,official,2,TBR_B16,200,9,35,35,0,9,563,-2553,160707,-0.01588605350109205,7.491535784820841,9,0,0,0,0,1,281.84,400.61,5.55,1,3b3a6531073db86c35dc4875b3c2b73b997312d7d07e33d1a80e6d4f90a49f05
uta-s-92,official,2,TBR_B4,200,9,35,35,0,9,563,-2553,160707,-0.01588605350109205,7.491535784820841,9,0,0,0,0,1,278.94,398.81,5.88,1,3b3a6531073db86c35dc4875b3c2b73b997312d7d07e33d1a80e6d4f90a49f05
uta-s-92,official,2,TBR_B32,200,9,35,35,0,9,563,-2553,160707,-0.01588605350109205,7.491535784820841,9,0,0,0,0,1,273.93,374.85,5.11,1,3b3a6531073db86c35dc4875b3c2b73b997312d7d07e33d1a80e6d4f90a49f05
uta-s-92,official,2,TBR_NOT2,200,9,35,35,0,9,563,-2553,160707,-0.01588605350109205,7.491535784820841,9,0,0,0,0,1,255.86,384.77,4.84,1,3b3a6531073db86c35dc4875b3c2b73b997312d7d07e33d1a80e6d4f90a49f05
uta-s-92,official,2,ONE_BLOCKER,200,9,35,35,0,9,563,-2553,160707,-0.01588605350109205,7.491535784820841,9,0,0,0,0,1,254.94,381.42,4.83,1,3b3a6531073db86c35dc4875b3c2b73b997312d7d07e33d1a80e6d4f90a49f05
uta-s-92,official,2,TBR,200,9,35,35,0,9,563,-2553,160707,-0.01588605350109205,7.491535784820841,9,0,0,0,0,1,255.29,612.56,5.31,1,3b3a6531073db86c35dc4875b3c2b73b997312d7d07e33d1a80e6d4f90a49f05
uta-s-92,official,2,TBR_NOPROX,200,9,35,35,0,9,563,-1136,160707,-0.00706876489511969,7.558167967647889,9,0,0,0,0,1,51.41,66.41,4.79,1,104e403e8b3fecdb0fdbb99e004d5b39c161ccb1a94e9f748ab7476cd74a87c8
uta-s-92,official,2,SINGLE,200,9,35,35,0,9,563,-2553,160707,-0.01588605350109205,7.491535784820841,9,0,0,0,0,1,248.33,383.92,4.67,1,3b3a6531073db86c35dc4875b3c2b73b997312d7d07e33d1a80e6d4f90a49f05
uta-s-92,official,2,RECOMPUTE,200,8,35,35,0,711,38318,6353,160707,0.03953156987561214,7.9175679488385216,0,0,0,0,8,323,28663.0,56256.5,4.64,1,805161a16abdffb7634e8373ab6cf1258ba8747b53d1dcb29a6830382ae9cbec
uta-s-92,official,2,TBR_B2,200,9,35,35,0,9,563,-2553,160707,-0.01588605350109205,7.491535784820841,9,0,0,0,0,1,264.62,378.83,4.89,1,3b3a6531073db86c35dc4875b3c2b73b997312d7d07e33d1a80e6d4f90a49f05
uta-s-92,tight,3,TBR_B16,200,10,31,32,1,10,739,-3068,168059,-0.018255493606412033,7.815856296435625,9,0,0,1,0,1,153.4,3298.0,5.15,1,630735fcb9907b373e2735303cd6eedf1d2d22712a3791a65ee858593d698eb2
uta-s-92,tight,3,TBR_NOPROX,200,10,31,32,1,10,739,-2149,168059,-0.012787175932261884,7.859070817266999,9,0,0,1,0,1,63.56,1560.36,5.36,1,f189c4262e3debc5b17f3ae922b121d52a2c7108bdc59a40b5b2673360378d77
uta-s-92,tight,3,TBR_B4,200,10,31,32,1,10,739,-3068,168059,-0.018255493606412033,7.815856296435625,9,0,0,1,0,1,147.81,943.96,5.25,1,630735fcb9907b373e2735303cd6eedf1d2d22712a3791a65ee858593d698eb2
uta-s-92,tight,3,ONE_BLOCKER,200,10,31,32,1,10,739,-3068,168059,-0.018255493606412033,7.815856296435625,9,0,0,1,0,1,139.23,386.16,5.18,1,630735fcb9907b373e2735303cd6eedf1d2d22712a3791a65ee858593d698eb2
uta-s-92,tight,3,TBR_NOT2,200,10,31,32,1,10,739,-3068,168059,-0.018255493606412033,7.815856296435625,9,0,0,1,0,1,141.82,1313.94,5.02,1,630735fcb9907b373e2735303cd6eedf1d2d22712a3791a65ee858593d698eb2
uta-s-92,tight,3,TBR_B32,200,10,31,32,1,10,739,-3068,168059,-0.018255493606412033,7.815856296435625,9,0,0,1,0,1,139.1,9078.89,5.0,1,630735fcb9907b373e2735303cd6eedf1d2d22712a3791a65ee858593d698eb2
uta-s-92,tight,3,SINGLE,200,10,31,32,1,10,739,-3068,168059,-0.018255493606412033,7.815856296435625,9,0,0,1,0,1,102.25,239.19,4.79,1,630735fcb9907b373e2735303cd6eedf1d2d22712a3791a65ee858593d698eb2
uta-s-92,tight,3,TBR_B2,200,10,31,32,1,10,739,-3068,168059,-0.018255493606412033,7.815856296435625,9,0,0,1,0,1,144.77,389.36,4.98,1,630735fcb9907b373e2735303cd6eedf1d2d22712a3791a65ee858593d698eb2
uta-s-92,tight,3,TBR,200,10,31,32,1,10,739,-3068,168059,-0.018255493606412033,7.815856296435625,9,0,0,1,0,1,178.37,1582.09,5.48,1,630735fcb9907b373e2735303cd6eedf1d2d22712a3791a65ee858593d698eb2
uta-s-92,tight,3,RECOMPUTE,200,6,31,32,1,1203,65645,-2325,168059,-0.013834427195211206,7.853898241324179,0,0,0,0,6,370,32149.06,33494.31,4.46,1,a27039595666239666f34e0c1e67292b08feda7d88caad806acf5ef6b2a9990e
uta-s-92,official,3,TBR_B16,200,10,35,35,0,10,739,-3868,168059,-0.02301572661981804,7.778237562306028,10,0,0,0,0,1,237.25,434.3,5.88,1,7840bd26b84a3a1117dc3449b0d1f101267559e2a967f4e7692e32c65d9464a1
uta-s-92,official,3,TBR_NOPROX,200,10,35,35,0,10,739,-2149,168059,-0.012787175932261884,7.859070817266999,10,0,0,0,0,1,56.25,81.57,5.16,1,cb58fc45fda42fcde8887212238d2e89daf80af92523a9a78b2f63a0422f4100
uta-s-92,official,3,TBR_B4,200,10,35,35,0,10,739,-3868,168059,-0.02301572661981804,7.778237562306028,10,0,0,0,0,1,233.55,455.6,5.07,1,7840bd26b84a3a1117dc3449b0d1f101267559e2a967f4e7692e32c65d9464a1
uta-s-92,official,3,ONE_BLOCKER,200,10,35,35,0,10,739,-3868,168059,-0.02301572661981804,7.778237562306028,10,0,0,0,0,1,251.67,464.24,5.01,1,7840bd26b84a3a1117dc3449b0d1f101267559e2a967f4e7692e32c65d9464a1
uta-s-92,official,3,TBR_NOT2,200,10,35,35,0,10,739,-3868,168059,-0.02301572661981804,7.778237562306028,10,0,0,0,0,1,230.36,455.64,4.93,1,7840bd26b84a3a1117dc3449b0d1f101267559e2a967f4e7692e32c65d9464a1
uta-s-92,official,3,TBR_B32,200,10,35,35,0,10,739,-3868,168059,-0.02301572661981804,7.778237562306028,10,0,0,0,0,1,237.55,430.04,4.98,1,7840bd26b84a3a1117dc3449b0d1f101267559e2a967f4e7692e32c65d9464a1
uta-s-92,official,3,SINGLE,200,10,35,35,0,10,739,-3868,168059,-0.02301572661981804,7.778237562306028,10,0,0,0,0,1,231.53,438.86,4.8,1,7840bd26b84a3a1117dc3449b0d1f101267559e2a967f4e7692e32c65d9464a1
uta-s-92,official,3,TBR_B2,200,10,35,35,0,10,739,-3868,168059,-0.02301572661981804,7.778237562306028,10,0,0,0,0,1,239.78,445.38,5.5,1,7840bd26b84a3a1117dc3449b0d1f101267559e2a967f4e7692e32c65d9464a1
uta-s-92,official,3,TBR,200,10,35,35,0,10,739,-3868,168059,-0.02301572661981804,7.778237562306028,10,0,0,0,0,1,230.63,422.66,4.99,1,7840bd26b84a3a1117dc3449b0d1f101267559e2a967f4e7692e32c65d9464a1
uta-s-92,official,3,RECOMPUTE,200,6,35,35,0,1203,65645,-2325,168059,-0.013834427195211206,7.853898241324179,0,0,0,0,6,370,31380.11,33801.61,4.3,1,d962cc6b9f3db931725dc1464f5881067555ec5dc39ffb9abfbaebeb0904f346
uta-s-92,tight,4,TBR,200,9,31,31,0,9,624,-1849,165568,-0.011167616930807886,7.761638295871344,9,0,0,0,0,1,110.61,157.62,5.46,1,7d388ffda27cea165a2a5dd420e6bcb953a44fc677f8674a8318d854952f3a60
uta-s-92,tight,4,TBR_B16,200,9,31,31,0,9,624,-1849,165568,-0.011167616930807886,7.761638295871344,9,0,0,0,0,1,114.48,153.06,5.15,1,7d388ffda27cea165a2a5dd420e6bcb953a44fc677f8674a8318d854952f3a60
uta-s-92,tight,4,RECOMPUTE,200,11,31,31,0,303,12056,2564,165568,0.015486084267491302,7.976112103827706,0,0,0,0,11,74,31478.27,49982.31,5.29,1,38d70ca31590f431afeba3e3096c0aaf630b3966aea0a823ac0f6182b6dae242
uta-s-92,tight,4,ONE_BLOCKER,200,9,31,31,0,9,624,-1849,165568,-0.011167616930807886,7.761638295871344,9,0,0,0,0,1,104.65,184.68,5.4,1,7d388ffda27cea165a2a5dd420e6bcb953a44fc677f8674a8318d854952f3a60
uta-s-92,tight,4,TBR_NOPROX,200,9,31,31,0,9,624,-686,165568,-0.004143312717433321,7.816326530612245,9,0,0,0,0,1,50.4,63.55,5.25,1,cdac1f7c4b7a382de41f54e26735028205dac73e07d8635239103f1decb7496f
uta-s-92,tight,4,TBR_NOT2,200,9,31,31,0,9,624,-1849,165568,-0.011167616930807886,7.761638295871344,9,0,0,0,0,1,129.72,160.69,6.03,1,7d388ffda27cea165a2a5dd420e6bcb953a44fc677f8674a8318d854952f3a60
uta-s-92,tight,4,TBR_B2,200,9,31,31,0,9,624,-1849,165568,-0.011167616930807886,7.761638295871344,9,0,0,0,0,1,114.87,195.61,5.82,1,7d388ffda27cea165a2a5dd420e6bcb953a44fc677f8674a8318d854952f3a60
uta-s-92,tight,4,SINGLE,200,9,31,31,0,9,624,-1849,165568,-0.011167616930807886,7.761638295871344,9,0,0,0,0,1,118.93,185.81,5.48,1,7d388ffda27cea165a2a5dd420e6bcb953a44fc677f8674a8318d854952f3a60
uta-s-92,tight,4,TBR_B4,200,9,31,31,0,9,624,-1849,165568,-0.011167616930807886,7.761638295871344,9,0,0,0,0,1,113.39,156.68,5.55,1,7d388ffda27cea165a2a5dd420e6bcb953a44fc677f8674a8318d854952f3a60
uta-s-92,tight,4,TBR_B32,200,9,31,31,0,9,624,-1849,165568,-0.011167616930807886,7.761638295871344,9,0,0,0,0,1,125.03,181.31,5.81,1,7d388ffda27cea165a2a5dd420e6bcb953a44fc677f8674a8318d854952f3a60
uta-s-92,official,4,TBR,200,9,35,35,0,9,624,-2961,165568,-0.017883890606880556,7.7093482554312045,9,0,0,0,0,1,224.2,355.8,5.62,1,fd77fc32ac6f0a2fda94f1c3214a9bc26e9e3fc2b24e5672ec10afe567392346
uta-s-92,official,4,TBR_B16,200,9,35,35,0,9,624,-2961,165568,-0.017883890606880556,7.7093482554312045,9,0,0,0,0,1,221.77,324.19,5.56,1,fd77fc32ac6f0a2fda94f1c3214a9bc26e9e3fc2b24e5672ec10afe567392346
uta-s-92,official,4,RECOMPUTE,200,11,35,35,0,303,12056,2564,165568,0.015486084267491302,7.976112103827706,0,0,0,0,11,74,28332.15,48601.46,4.86,1,729685fb814b762713c5c5c725e0477358469ce6b55053ccbb9472d613dbbffc
uta-s-92,official,4,ONE_BLOCKER,200,9,35,35,0,9,624,-2961,165568,-0.017883890606880556,7.7093482554312045,9,0,0,0,0,1,225.03,312.13,5.16,1,fd77fc32ac6f0a2fda94f1c3214a9bc26e9e3fc2b24e5672ec10afe567392346
uta-s-92,official,4,TBR_NOPROX,200,9,35,35,0,9,624,-686,165568,-0.004143312717433321,7.816326530612245,9,0,0,0,0,1,57.95,70.22,5.12,1,ceaf30a0cc07143e525093e7e7d948d1a9eaf997ef149c64765514113d14b023
uta-s-92,official,4,TBR_NOT2,200,9,35,35,0,9,624,-2961,165568,-0.017883890606880556,7.7093482554312045,9,0,0,0,0,1,230.08,304.21,4.77,1,fd77fc32ac6f0a2fda94f1c3214a9bc26e9e3fc2b24e5672ec10afe567392346
uta-s-92,official,4,TBR_B2,200,9,35,35,0,9,624,-2961,165568,-0.017883890606880556,7.7093482554312045,9,0,0,0,0,1,226.54,348.52,5.06,1,fd77fc32ac6f0a2fda94f1c3214a9bc26e9e3fc2b24e5672ec10afe567392346
uta-s-92,official,4,SINGLE,200,9,35,35,0,9,624,-2961,165568,-0.017883890606880556,7.7093482554312045,9,0,0,0,0,1,222.71,341.56,5.14,1,fd77fc32ac6f0a2fda94f1c3214a9bc26e9e3fc2b24e5672ec10afe567392346
uta-s-92,official,4,TBR_B4,200,9,35,35,0,9,624,-2961,165568,-0.017883890606880556,7.7093482554312045,9,0,0,0,0,1,232.59,350.27,5.19,1,fd77fc32ac6f0a2fda94f1c3214a9bc26e9e3fc2b24e5672ec10afe567392346
uta-s-92,official,4,TBR_B32,200,9,35,35,0,9,624,-2961,165568,-0.017883890606880556,7.7093482554312045,9,0,0,0,0,1,232.52,309.33,5.53,1,fd77fc32ac6f0a2fda94f1c3214a9bc26e9e3fc2b24e5672ec10afe567392346
uta-s-92,tight,5,TBR_NOPROX,200,7,31,32,1,7,750,-2064,162021,-0.012739089377302943,7.577212451800997,6,0,0,1,0,1,60.4,1978.6,5.31,1,4eff5a1dc20c52d0c02b17c0d76ee14368e0cb759ae3224cb429ffd2e64e3b9b
uta-s-92,tight,5,TBR_NOT2,200,7,31,32,1,7,750,-2479,162021,-0.015300485739502904,7.557697733471269,6,0,0,1,0,1,204.16,2039.91,4.76,1,c8118fbb318f4ad401ca7382c3640f4187aeeb0ce464ae9b77bd6657f47f3114
uta-s-92,tight,5,TBR_B32,200,7,31,32,1,7,750,-2479,162021,-0.015300485739502904,7.557697733471269,6,0,0,1,0,1,213.13,12518.08,5.62,1,c8118fbb318f4ad401ca7382c3640f4187aeeb0ce464ae9b77bd6657f47f3114
uta-s-92,tight,5,TBR,200,7,31,32,1,7,750,-2479,162021,-0.015300485739502904,7.557697733471269,6,0,0,1,0,1,214.22,2365.32,5.27,1,c8118fbb318f4ad401ca7382c3640f4187aeeb0ce464ae9b77bd6657f47f3114
uta-s-92,tight,5,TBR_B2,200,7,31,32,1,7,750,-2479,162021,-0.015300485739502904,7.557697733471269,6,0,0,1,0,1,201.71,381.89,5.0,1,c8118fbb318f4ad401ca7382c3640f4187aeeb0ce464ae9b77bd6657f47f3114
uta-s-92,tight,5,RECOMPUTE,200,6,31,31,0,842,46928,4547,162021,0.028064263274513796,7.88761403178783,0,0,0,0,6,337,31802.53,34256.37,4.6,1,95b466a8fe6c27a47d8ff35bd6461ca073f6897461d6f1c3dde2bf5c9e8fe166
uta-s-92,tight,5,ONE_BLOCKER,200,7,31,32,1,7,750,-2479,162021,-0.015300485739502904,7.557697733471269,6,0,0,1,0,1,205.91,732.18,5.87,1,c8118fbb318f4ad401ca7382c3640f4187aeeb0ce464ae9b77bd6657f47f3114
uta-s-92,tight,5,SINGLE,200,7,31,32,1,7,750,-2479,162021,-0.015300485739502904,7.557697733471269,6,0,0,1,0,1,269.32,342.85,6.86,1,c8118fbb318f4ad401ca7382c3640f4187aeeb0ce464ae9b77bd6657f47f3114
uta-s-92,tight,5,TBR_B4,200,7,31,32,1,7,750,-2479,162021,-0.015300485739502904,7.557697733471269,6,0,0,1,0,1,298.93,1392.25,6.69,1,c8118fbb318f4ad401ca7382c3640f4187aeeb0ce464ae9b77bd6657f47f3114
uta-s-92,tight,5,TBR_B16,200,7,31,32,1,7,750,-2479,162021,-0.015300485739502904,7.557697733471269,6,0,0,1,0,1,202.68,7510.32,5.36,1,c8118fbb318f4ad401ca7382c3640f4187aeeb0ce464ae9b77bd6657f47f3114
uta-s-92,official,5,TBR_NOPROX,200,7,35,35,0,7,687,-1686,162021,-0.010406058473901532,7.5949873036772315,7,0,0,0,0,1,74.38,86.89,5.86,1,a83f268396c90b9f2c0fd25461da460c6fc7695c85ef96129be311ed749a3d8b
uta-s-92,official,5,TBR_NOT2,200,7,35,35,0,7,687,-3005,162021,-0.018546978478098518,7.532963415781059,7,0,0,0,0,1,328.75,657.51,5.38,1,475c8776577e59c07e941930dcde0a4555f1f58611cdf9b8645f4d32915ab776
uta-s-92,official,5,TBR_B32,200,7,35,35,0,7,687,-3005,162021,-0.018546978478098518,7.532963415781059,7,0,0,0,0,1,309.09,378.76,5.21,1,475c8776577e59c07e941930dcde0a4555f1f58611cdf9b8645f4d32915ab776
uta-s-92,official,5,TBR,200,7,35,35,0,7,687,-3005,162021,-0.018546978478098518,7.532963415781059,7,0,0,0,0,1,303.38,379.85,4.95,1,475c8776577e59c07e941930dcde0a4555f1f58611cdf9b8645f4d32915ab776
uta-s-92,official,5,TBR_B2,200,7,35,35,0,7,687,-3005,162021,-0.018546978478098518,7.532963415781059,7,0,0,0,0,1,312.96,383.9,5.09,1,475c8776577e59c07e941930dcde0a4555f1f58611cdf9b8645f4d32915ab776
uta-s-92,official,5,RECOMPUTE,200,6,35,35,0,842,46928,4547,162021,0.028064263274513796,7.88761403178783,0,0,0,0,6,337,32245.75,64326.68,4.55,1,b60c7c1d03dc74c216ce8a254c1c226b6e1e5c65b5604afa25c6e98b84c521ec
uta-s-92,official,5,ONE_BLOCKER,200,7,35,35,0,7,687,-3005,162021,-0.018546978478098518,7.532963415781059,7,0,0,0,0,1,306.2,369.72,4.87,1,475c8776577e59c07e941930dcde0a4555f1f58611cdf9b8645f4d32915ab776
uta-s-92,official,5,SINGLE,200,7,35,35,0,7,687,-3005,162021,-0.018546978478098518,7.532963415781059,7,0,0,0,0,1,291.03,364.01,4.85,1,475c8776577e59c07e941930dcde0a4555f1f58611cdf9b8645f4d32915ab776
uta-s-92,official,5,TBR_B4,200,7,35,35,0,7,687,-3005,162021,-0.018546978478098518,7.532963415781059,7,0,0,0,0,1,290.01,415.09,5.45,1,475c8776577e59c07e941930dcde0a4555f1f58611cdf9b8645f4d32915ab776
uta-s-92,official,5,TBR_B16,200,7,35,35,0,7,687,-3005,162021,-0.018546978478098518,7.532963415781059,7,0,0,0,0,1,329.74,378.53,5.08,1,475c8776577e59c07e941930dcde0a4555f1f58611cdf9b8645f4d32915ab776
uta-s-92,tight,6,TBR_B32,200,12,31,32,1,13,1099,-3434,169729,-0.020232252590894898,7.882488479262673,10,1,0,1,0,2,172.63,9072.64,7.95,1,bad73e4955e04486c993e63755ccd2b1c280b7bb3786f0865adce40824ea9e20
uta-s-92,tight,6,TBR_B4,200,12,31,32,1,13,1099,-3434,169729,-0.020232252590894898,7.882488479262673,10,1,0,1,0,2,181.15,1015.39,7.23,1,bad73e4955e04486c993e63755ccd2b1c280b7bb3786f0865adce40824ea9e20
uta-s-92,tight,6,TBR_B16,200,12,31,32,1,13,1099,-3434,169729,-0.020232252590894898,7.882488479262673,10,1,0,1,0,2,176.26,5060.01,7.36,1,bad73e4955e04486c993e63755ccd2b1c280b7bb3786f0865adce40824ea9e20
uta-s-92,tight,6,SINGLE,200,12,31,33,2,12,1006,-3796,169729,-0.022365064308397506,7.865466002069031,10,0,0,2,0,1,135.79,224.94,5.66,1,74c0872a68f912a53d89cd9cd6199f4c0f3e64fd23e474696cde77ac495b1335
uta-s-92,tight,6,TBR_B2,200,12,31,32,1,13,1099,-3434,169729,-0.020232252590894898,7.882488479262673,10,1,0,1,0,2,153.64,477.35,6.38,1,bad73e4955e04486c993e63755ccd2b1c280b7bb3786f0865adce40824ea9e20
uta-s-92,tight,6,TBR_NOPROX,200,12,31,32,1,12,1050,-2062,169729,-0.012148778346658496,7.947004608294931,11,0,0,1,0,1,58.4,1307.99,6.52,1,8defb2dc74f8d4a28f80ee3ae0c79fc0ea1cb438e3590c9778f9b5e778bd6ed7
uta-s-92,tight,6,TBR_NOT2,200,12,31,33,2,12,1006,-3796,169729,-0.022365064308397506,7.865466002069031,10,0,0,2,0,1,147.89,2604.27,5.4,1,74c0872a68f912a53d89cd9cd6199f4c0f3e64fd23e474696cde77ac495b1335
uta-s-92,tight,6,ONE_BLOCKER,200,12,31,32,1,13,1099,-3434,169729,-0.020232252590894898,7.882488479262673,10,1,0,1,0,2,154.44,505.58,5.39,1,bad73e4955e04486c993e63755ccd2b1c280b7bb3786f0865adce40824ea9e20
uta-s-92,tight,6,TBR,200,12,31,32,1,13,1099,-3434,169729,-0.020232252590894898,7.882488479262673,10,1,0,1,0,2,158.05,1710.53,5.79,1,bad73e4955e04486c993e63755ccd2b1c280b7bb3786f0865adce40824ea9e20
uta-s-92,tight,6,RECOMPUTE,200,6,31,31,0,933,57549,-2747,169729,-0.016184623723700723,7.9098561083419545,0,0,0,0,6,386,44064.14,67408.99,5.88,1,fe7ae63129bb21f046af934322d87768e95b0fc417ddc49776ca4d5b873be0ba
uta-s-92,official,6,TBR_B32,200,12,35,35,0,12,982,-5051,169729,-0.02975920437874494,7.806404589485564,12,0,0,0,0,1,275.44,330.73,5.95,1,a22947b8d8ebbd83c1a39df3284a847b6e19db0737bb98ad7c3ceeaa5c294410
uta-s-92,official,6,TBR_B4,200,12,35,35,0,12,982,-5051,169729,-0.02975920437874494,7.806404589485564,12,0,0,0,0,1,268.44,335.37,5.53,1,a22947b8d8ebbd83c1a39df3284a847b6e19db0737bb98ad7c3ceeaa5c294410
uta-s-92,official,6,TBR_B16,200,12,35,35,0,12,982,-5051,169729,-0.02975920437874494,7.806404589485564,12,0,0,0,0,1,266.14,360.73,5.5,1,a22947b8d8ebbd83c1a39df3284a847b6e19db0737bb98ad7c3ceeaa5c294410
uta-s-92,official,6,SINGLE,200,12,35,35,0,12,982,-5051,169729,-0.02975920437874494,7.806404589485564,12,0,0,0,0,1,307.13,347.28,5.25,1,a22947b8d8ebbd83c1a39df3284a847b6e19db0737bb98ad7c3ceeaa5c294410
uta-s-92,official,6,TBR_B2,200,12,35,35,0,12,982,-5051,169729,-0.02975920437874494,7.806404589485564,12,0,0,0,0,1,312.81,530.2,5.77,1,a22947b8d8ebbd83c1a39df3284a847b6e19db0737bb98ad7c3ceeaa5c294410
uta-s-92,official,6,TBR_NOPROX,200,12,35,35,0,12,982,-3702,169729,-0.021811240271255944,7.869886203329258,12,0,0,0,0,1,56.47,70.93,5.12,1,c870242e8a1847d7072a27d3139febcf596a9245d9ab32c483ea256220f7b7fe
uta-s-92,official,6,TBR_NOT2,200,12,35,35,0,12,982,-5051,169729,-0.02975920437874494,7.806404589485564,12,0,0,0,0,1,261.6,334.52,5.21,1,a22947b8d8ebbd83c1a39df3284a847b6e19db0737bb98ad7c3ceeaa5c294410
uta-s-92,official,6,ONE_BLOCKER,200,12,35,35,0,12,982,-5051,169729,-0.02975920437874494,7.806404589485564,12,0,0,0,0,1,291.46,343.94,5.07,1,a22947b8d8ebbd83c1a39df3284a847b6e19db0737bb98ad7c3ceeaa5c294410
uta-s-92,official,6,TBR,200,12,35,35,0,12,982,-5051,169729,-0.02975920437874494,7.806404589485564,12,0,0,0,0,1,254.07,422.48,5.63,1,a22947b8d8ebbd83c1a39df3284a847b6e19db0737bb98ad7c3ceeaa5c294410
uta-s-92,official,6,RECOMPUTE,200,6,35,35,0,933,57549,-2747,169729,-0.016184623723700723,7.9098561083419545,0,0,0,0,6,386,31506.68,62307.71,4.84,1,a756dff48998af4f979c61ea077fd96559c66aa4d34c5a32259f943a1f4f9dcc
uta-s-92,tight,7,TBR,200,5,31,31,0,5,124,-728,169102,-0.004305093966954856,7.97620615066303,5,0,0,0,0,1,78.3,139.96,4.98,1,b09fffd1fe6c7768dcb7570b67d213e2da5e2bc3e5acd2660f04f8a43c2d6d0e
uta-s-92,tight,7,TBR_B2,200,5,31,31,0,5,124,-728,169102,-0.004305093966954856,7.97620615066303,5,0,0,0,0,1,92.22,143.9,5.35,1,b09fffd1fe6c7768dcb7570b67d213e2da5e2bc3e5acd2660f04f8a43c2d6d0e
uta-s-92,tight,7,TBR_NOT2,200,5,31,31,0,5,124,-728,169102,-0.004305093966954856,7.97620615066303,5,0,0,0,0,1,102.65,183.88,5.3,1,b09fffd1fe6c7768dcb7570b67d213e2da5e2bc3e5acd2660f04f8a43c2d6d0e
uta-s-92,tight,7,RECOMPUTE,200,7,31,31,0,613,28215,-943,169102,-0.005576515948953886,7.968494310166463,0,0,0,0,7,207,32590.49,35257.16,5.03,1,14a9fee77eb1b83e1822cbc95ebf180dc70f66c9d08ed68ab479c2e877b03232
uta-s-92,tight,7,TBR_B4,200,5,31,31,0,5,124,-728,169102,-0.004305093966954856,7.97620615066303,5,0,0,0,0,1,90.24,144.75,5.64,1,b09fffd1fe6c7768dcb7570b67d213e2da5e2bc3e5acd2660f04f8a43c2d6d0e
uta-s-92,tight,7,SINGLE,200,5,31,31,0,5,124,-728,169102,-0.004305093966954856,7.97620615066303,5,0,0,0,0,1,88.8,158.64,5.14,1,b09fffd1fe6c7768dcb7570b67d213e2da5e2bc3e5acd2660f04f8a43c2d6d0e
uta-s-92,tight,7,TBR_B16,200,5,31,31,0,5,124,-728,169102,-0.004305093966954856,7.97620615066303,5,0,0,0,0,1,77.32,138.64,5.18,1,b09fffd1fe6c7768dcb7570b67d213e2da5e2bc3e5acd2660f04f8a43c2d6d0e
uta-s-92,tight,7,ONE_BLOCKER,200,5,31,31,0,5,124,-728,169102,-0.004305093966954856,7.97620615066303,5,0,0,0,0,1,80.96,199.4,5.15,1,b09fffd1fe6c7768dcb7570b67d213e2da5e2bc3e5acd2660f04f8a43c2d6d0e
uta-s-92,tight,7,TBR_B32,200,5,31,31,0,5,124,-728,169102,-0.004305093966954856,7.97620615066303,5,0,0,0,0,1,79.09,140.77,5.04,1,b09fffd1fe6c7768dcb7570b67d213e2da5e2bc3e5acd2660f04f8a43c2d6d0e
uta-s-92,tight,7,TBR_NOPROX,200,5,31,31,0,5,124,-75,169102,-0.00044351929604617333,8.006912442396313,5,0,0,0,0,1,47.38,57.7,4.96,1,1bda4eec27345a3823d29e3f286213a63af1cdf3fe987893ae2242a762ab5dc8
uta-s-92,official,7,TBR,200,5,35,35,0,5,124,-748,169102,-0.004423365779233835,7.97526568230979,5,0,0,0,0,1,178.24,195.34,5.58,1,bb7f3405d97db65ddd200958288a2acc19204879e0b4e2468110fe9f376b1fa2
uta-s-92,official,7,TBR_B2,200,5,35,35,0,5,124,-748,169102,-0.004423365779233835,7.97526568230979,5,0,0,0,0,1,178.1,198.08,5.17,1,bb7f3405d97db65ddd200958288a2acc19204879e0b4e2468110fe9f376b1fa2
uta-s-92,official,7,TBR_NOT2,200,5,35,35,0,5,124,-748,169102,-0.004423365779233835,7.97526568230979,5,0,0,0,0,1,171.94,197.61,4.98,1,bb7f3405d97db65ddd200958288a2acc19204879e0b4e2468110fe9f376b1fa2
uta-s-92,official,7,RECOMPUTE,200,7,35,35,0,613,28215,-943,169102,-0.005576515948953886,7.968494310166463,0,0,0,0,7,207,30102.65,61165.5,4.89,1,d7e8c0107cedaab47df60115dafbd583c9e4a1a158e4d53d92f402bb7e93e049
uta-s-92,official,7,TBR_B4,200,5,35,35,0,5,124,-748,169102,-0.004423365779233835,7.97526568230979,5,0,0,0,0,1,183.37,203.2,5.0,1,bb7f3405d97db65ddd200958288a2acc19204879e0b4e2468110fe9f376b1fa2
uta-s-92,official,7,SINGLE,200,5,35,35,0,5,124,-748,169102,-0.004423365779233835,7.97526568230979,5,0,0,0,0,1,188.73,210.51,4.89,1,bb7f3405d97db65ddd200958288a2acc19204879e0b4e2468110fe9f376b1fa2
uta-s-92,official,7,TBR_B16,200,5,35,35,0,5,124,-748,169102,-0.004423365779233835,7.97526568230979,5,0,0,0,0,1,166.99,197.3,4.99,1,bb7f3405d97db65ddd200958288a2acc19204879e0b4e2468110fe9f376b1fa2
uta-s-92,official,7,ONE_BLOCKER,200,5,35,35,0,5,124,-748,169102,-0.004423365779233835,7.97526568230979,5,0,0,0,0,1,166.23,196.13,5.09,1,bb7f3405d97db65ddd200958288a2acc19204879e0b4e2468110fe9f376b1fa2
uta-s-92,official,7,TBR_B32,200,5,35,35,0,5,124,-748,169102,-0.004423365779233835,7.97526568230979,5,0,0,0,0,1,160.37,202.27,5.06,1,bb7f3405d97db65ddd200958288a2acc19204879e0b4e2468110fe9f376b1fa2
uta-s-92,official,7,TBR_NOPROX,200,5,35,35,0,5,124,-75,169102,-0.00044351929604617333,8.006912442396313,5,0,0,0,0,1,89.76,122.46,8.21,1,0930198e6b1f0a622f70e957f45d4008dc59503c03178ee24fcad0c179827d20
uta-s-92,tight,8,SINGLE,200,8,31,33,2,8,650,-2778,167373,-0.016597659120646698,7.792156493933979,6,0,0,2,0,1,111.92,202.57,5.54,1,5b27d83426635576abd777cb4f4058df1195577f3a7ee9d1d0f6fe3d07c697af
uta-s-92,tight,8,RECOMPUTE,200,7,31,31,0,779,50118,-1228,167373,-0.007336906191560168,7.864666603968776,0,0,0,0,7,378,33624.02,59391.06,4.91,1,e139d85452af3f941009e2d48f9cb29a573ea12df65d043041e3c271a3ffab3f
uta-s-92,tight,8,TBR_NOPROX,200,8,31,32,1,11,965,-1569,167373,-0.009374271835959205,7.849760180569924,6,0,1,1,0,4,51.67,2083.01,5.16,1,636ed15703e6147af9c1bbbcdfd40aec27a980c1a27389bbc3491db0d7d4e259
uta-s-92,tight,8,TBR,200,8,31,32,1,11,965,-2480,167373,-0.01481720468653845,7.8061694723972535,6,0,1,1,0,4,125.28,2458.67,5.06,1,4f61c495c1d76fcbce9fa50116b1052c162961694d78ef16ac029bffba389672
uta-s-92,tight,8,TBR_NOT2,200,8,31,32,1,11,965,-2480,167373,-0.01481720468653845,7.8061694723972535,6,0,1,1,0,4,120.88,1966.72,5.08,1,4f61c495c1d76fcbce9fa50116b1052c162961694d78ef16ac029bffba389672
uta-s-92,tight,8,TBR_B2,200,8,31,33,2,8,650,-2778,167373,-0.016597659120646698,7.792156493933979,6,0,0,2,0,1,133.11,567.06,5.0,1,5b27d83426635576abd777cb4f4058df1195577f3a7ee9d1d0f6fe3d07c697af
uta-s-92,tight,8,TBR_B32,200,8,31,32,1,11,965,-2480,167373,-0.01481720468653845,7.8061694723972535,6,0,1,1,0,4,135.48,15505.21,6.44,1,4f61c495c1d76fcbce9fa50116b1052c162961694d78ef16ac029bffba389672
uta-s-92,tight,8,TBR_B16,200,8,31,32,1,11,965,-2480,167373,-0.01481720468653845,7.8061694723972535,6,0,1,1,0,4,133.06,4839.28,5.18,1,4f61c495c1d76fcbce9fa50116b1052c162961694d78ef16ac029bffba389672
uta-s-92,tight,8,TBR_B4,200,8,31,32,1,11,965,-2480,167373,-0.01481720468653845,7.8061694723972535,6,0,1,1,0,4,134.57,1620.17,5.17,1,4f61c495c1d76fcbce9fa50116b1052c162961694d78ef16ac029bffba389672
uta-s-92,tight,8,ONE_BLOCKER,200,8,31,33,2,8,650,-2778,167373,-0.016597659120646698,7.792156493933979,6,0,0,2,0,1,145.62,515.55,5.01,1,5b27d83426635576abd777cb4f4058df1195577f3a7ee9d1d0f6fe3d07c697af
uta-s-92,official,8,SINGLE,200,8,35,35,0,8,650,-3487,167373,-0.020833706750790153,7.758816890811624,8,0,0,0,0,1,304.73,421.48,5.49,1,7d98c8656418808aa8a479de1d975d2b814db19de46eb4b07fc19877b7e7dcc8
uta-s-92,official,8,RECOMPUTE,200,7,35,35,0,779,50118,-1228,167373,-0.007336906191560168,7.864666603968776,0,0,0,0,7,378,30107.42,34955.06,4.83,1,44d8f925c11692ab04daf431e0029f9898641c581022e57232283f213dfa17aa
uta-s-92,official,8,TBR_NOPROX,200,8,35,35,0,8,650,-1834,167373,-0.010957561852867547,7.837298974889495,8,0,0,0,0,1,57.83,77.48,5.22,1,a378dde6f4f3385435e1214ece9461a374158eee45e146cab279e3cf45cefd4c
uta-s-92,official,8,TBR,200,8,35,35,0,8,650,-3487,167373,-0.020833706750790153,7.758816890811624,8,0,0,0,0,1,339.2,418.66,5.31,1,7d98c8656418808aa8a479de1d975d2b814db19de46eb4b07fc19877b7e7dcc8
uta-s-92,official,8,TBR_NOT2,200,8,35,35,0,8,650,-3487,167373,-0.020833706750790153,7.758816890811624,8,0,0,0,0,1,315.6,421.51,5.63,1,7d98c8656418808aa8a479de1d975d2b814db19de46eb4b07fc19877b7e7dcc8
uta-s-92,official,8,TBR_B2,200,8,35,35,0,8,650,-3487,167373,-0.020833706750790153,7.758816890811624,8,0,0,0,0,1,326.36,418.86,5.67,1,7d98c8656418808aa8a479de1d975d2b814db19de46eb4b07fc19877b7e7dcc8
uta-s-92,official,8,TBR_B32,200,8,35,35,0,8,650,-3487,167373,-0.020833706750790153,7.758816890811624,8,0,0,0,0,1,324.06,433.49,5.33,1,7d98c8656418808aa8a479de1d975d2b814db19de46eb4b07fc19877b7e7dcc8
uta-s-92,official,8,TBR_B16,200,8,35,35,0,8,650,-3487,167373,-0.020833706750790153,7.758816890811624,8,0,0,0,0,1,381.83,580.41,6.78,1,7d98c8656418808aa8a479de1d975d2b814db19de46eb4b07fc19877b7e7dcc8
uta-s-92,official,8,TBR_B4,200,8,35,35,0,8,650,-3487,167373,-0.020833706750790153,7.758816890811624,8,0,0,0,0,1,301.74,422.03,5.14,1,7d98c8656418808aa8a479de1d975d2b814db19de46eb4b07fc19877b7e7dcc8
uta-s-92,official,8,ONE_BLOCKER,200,8,35,35,0,8,650,-3487,167373,-0.020833706750790153,7.758816890811624,8,0,0,0,0,1,308.75,441.45,4.87,1,7d98c8656418808aa8a479de1d975d2b814db19de46eb4b07fc19877b7e7dcc8
uta-s-92,tight,9,TBR_B4,200,6,31,31,0,7,380,-1211,169382,-0.007149520019836818,7.965860998777391,5,1,0,0,0,2,177.63,412.71,5.17,1,d17cca13e0e53b2230f56c173887aa51cdf553f8de86a6047166bfce08d5b788
uta-s-92,tight,9,ONE_BLOCKER,200,6,31,31,0,7,380,-1211,169382,-0.007149520019836818,7.965860998777391,5,1,0,0,0,2,144.66,418.37,4.83,1,d17cca13e0e53b2230f56c173887aa51cdf553f8de86a6047166bfce08d5b788
uta-s-92,tight,9,SINGLE,200,6,31,32,1,6,334,-1332,169382,-0.007863881640315972,7.959983071569642,5,0,0,1,0,1,116.16,164.94,4.68,1,f9884fc66c06ef1ec64134bbdf10cacf57be29529bf3fe575e3fdcc33b1fa286
uta-s-92,tight,9,TBR_NOPROX,200,6,31,31,0,6,334,-656,169382,-0.0038729026697051634,7.992335182921095,6,0,0,0,0,1,49.51,68.16,4.62,1,474d7549d1e36985dfa887ef0c3134fa4b1b4f70f69627d2afefd3884102223c
uta-s-92,tight,9,TBR_B16,200,6,31,31,0,7,380,-1211,169382,-0.007149520019836818,7.965860998777391,5,1,0,0,0,2,142.71,389.36,4.94,1,d17cca13e0e53b2230f56c173887aa51cdf553f8de86a6047166bfce08d5b788
uta-s-92,tight,9,TBR_B2,200,6,31,31,0,7,380,-1211,169382,-0.007149520019836818,7.965860998777391,5,1,0,0,0,2,163.52,406.72,5.26,1,d17cca13e0e53b2230f56c173887aa51cdf553f8de86a6047166bfce08d5b788
uta-s-92,tight,9,TBR,200,6,31,31,0,7,380,-1211,169382,-0.007149520019836818,7.965860998777391,5,1,0,0,0,2,150.49,426.09,4.69,1,d17cca13e0e53b2230f56c173887aa51cdf553f8de86a6047166bfce08d5b788
uta-s-92,tight,9,TBR_B32,200,6,31,31,0,7,380,-1211,169382,-0.007149520019836818,7.965860998777391,5,1,0,0,0,2,143.48,397.82,4.97,1,d17cca13e0e53b2230f56c173887aa51cdf553f8de86a6047166bfce08d5b788
uta-s-92,tight,9,RECOMPUTE,200,6,31,31,0,511,25393,-3875,169382,-0.022877283300468763,7.842424527414653,0,0,0,0,6,298,34176.34,75767.34,5.47,1,2d9ea5442d1d52000c3c8ba32d03efe0b6f1bc3def70dcbe6c76a3dcd44189d5
uta-s-92,tight,9,TBR_NOT2,200,6,31,32,1,6,334,-1332,169382,-0.007863881640315972,7.959983071569642,5,0,0,1,0,1,147.53,1784.4,5.14,1,f9884fc66c06ef1ec64134bbdf10cacf57be29529bf3fe575e3fdcc33b1fa286
uta-s-92,official,9,TBR_B4,200,6,35,35,0,6,334,-1780,169382,-0.010508790780602425,7.938822533621743,6,0,0,0,0,1,179.01,336.86,5.39,1,71b20b6b8b43dbc84e1c08f25132dea3c277e1e93c912e20c20952fbf6b696f1
uta-s-92,official,9,ONE_BLOCKER,200,6,35,35,0,6,334,-1780,169382,-0.010508790780602425,7.938822533621743,6,0,0,0,0,1,192.49,330.15,4.93,1,71b20b6b8b43dbc84e1c08f25132dea3c277e1e93c912e20c20952fbf6b696f1
uta-s-92,official,9,SINGLE,200,6,35,35,0,6,334,-1780,169382,-0.010508790780602425,7.938822533621743,6,0,0,0,0,1,184.09,356.33,5.11,1,71b20b6b8b43dbc84e1c08f25132dea3c277e1e93c912e20c20952fbf6b696f1
uta-s-92,official,9,TBR_NOPROX,200,6,35,35,0,6,334,-656,169382,-0.0038729026697051634,7.992335182921095,6,0,0,0,0,1,56.55,83.12,4.89,1,995f44815a68cec3ebebbd5d491aa6407ca1d06963a5003468709a9995f4d8aa
uta-s-92,official,9,TBR_B16,200,6,35,35,0,6,334,-1780,169382,-0.010508790780602425,7.938822533621743,6,0,0,0,0,1,187.45,359.6,5.48,1,71b20b6b8b43dbc84e1c08f25132dea3c277e1e93c912e20c20952fbf6b696f1
uta-s-92,official,9,TBR_B2,200,6,35,35,0,6,334,-1780,169382,-0.010508790780602425,7.938822533621743,6,0,0,0,0,1,183.84,355.22,5.21,1,71b20b6b8b43dbc84e1c08f25132dea3c277e1e93c912e20c20952fbf6b696f1
uta-s-92,official,9,TBR,200,6,35,35,0,6,334,-1780,169382,-0.010508790780602425,7.938822533621743,6,0,0,0,0,1,188.1,346.5,4.89,1,71b20b6b8b43dbc84e1c08f25132dea3c277e1e93c912e20c20952fbf6b696f1
uta-s-92,official,9,TBR_B32,200,6,35,35,0,6,334,-1780,169382,-0.010508790780602425,7.938822533621743,6,0,0,0,0,1,205.38,348.76,4.91,1,71b20b6b8b43dbc84e1c08f25132dea3c277e1e93c912e20c20952fbf6b696f1
uta-s-92,official,9,RECOMPUTE,200,6,35,35,0,511,25393,-3875,169382,-0.022877283300468763,7.842424527414653,0,0,0,0,6,298,31798.41,63361.31,4.75,1,f84d563edba00250b6fddb7a37100ef561c638d6a1b4e0d210bd8c3a109bd944
uta-s-92,official,9,TBR_NOT2,200,6,35,35,0,6,334,-1780,169382,-0.010508790780602425,7.938822533621743,6,0,0,0,0,1,194.14,386.8,5.83,1,71b20b6b8b43dbc84e1c08f25132dea3c277e1e93c912e20c20952fbf6b696f1
ute-s-92,tight,0,RECOMPUTE,200,3,10,10,0,40,2044,-3335,159548,-0.02090280041116153,58.871953437613676,0,0,0,0,3,32,1726.0,1764.36,2.71,1,2b9afd08b45c55cfc5063232152971f4bc59bbdc7f14ef392a160fc073ef4083
ute-s-92,tight,0,ONE_BLOCKER,200,2,10,10,0,2,73,-2511,159548,-0.01573821044450573,59.20480174608949,2,0,0,0,0,1,61.19,63.56,3.58,1,75e3f4df472bfb54f99a8ba8eeeb32e41c4be6309edb985fa4bf1314fbfeeaed
ute-s-92,tight,0,SINGLE,200,2,10,10,0,2,73,-2511,159548,-0.01573821044450573,59.20480174608949,2,0,0,0,0,1,57.1,57.61,3.58,1,75e3f4df472bfb54f99a8ba8eeeb32e41c4be6309edb985fa4bf1314fbfeeaed
ute-s-92,tight,0,TBR_B16,200,2,10,10,0,2,73,-2511,159548,-0.01573821044450573,59.20480174608949,2,0,0,0,0,1,58.05,59.58,3.75,1,75e3f4df472bfb54f99a8ba8eeeb32e41c4be6309edb985fa4bf1314fbfeeaed
ute-s-92,tight,0,TBR_B2,200,2,10,10,0,2,73,-2511,159548,-0.01573821044450573,59.20480174608949,2,0,0,0,0,1,59.0,61.86,3.79,1,75e3f4df472bfb54f99a8ba8eeeb32e41c4be6309edb985fa4bf1314fbfeeaed
ute-s-92,tight,0,TBR_B4,200,2,10,10,0,2,73,-2511,159548,-0.01573821044450573,59.20480174608949,2,0,0,0,0,1,59.52,61.42,4.12,1,75e3f4df472bfb54f99a8ba8eeeb32e41c4be6309edb985fa4bf1314fbfeeaed
ute-s-92,tight,0,TBR_NOT2,200,2,10,10,0,2,73,-2511,159548,-0.01573821044450573,59.20480174608949,2,0,0,0,0,1,57.49,58.88,3.71,1,75e3f4df472bfb54f99a8ba8eeeb32e41c4be6309edb985fa4bf1314fbfeeaed
ute-s-92,tight,0,TBR,200,2,10,10,0,2,73,-2511,159548,-0.01573821044450573,59.20480174608949,2,0,0,0,0,1,56.79,57.84,3.71,1,75e3f4df472bfb54f99a8ba8eeeb32e41c4be6309edb985fa4bf1314fbfeeaed
ute-s-92,tight,0,TBR_NOPROX,200,2,10,10,0,2,73,-1165,159548,-0.007301877804798556,59.71335030920335,2,0,0,0,0,1,27.21,30.26,3.62,1,7417351c683555049da7cf0dd8e5c81eb865fde1f056b497153caaf8442d1219
ute-s-92,tight,0,TBR_B32,200,2,10,10,0,2,73,-2511,159548,-0.01573821044450573,59.20480174608949,2,0,0,0,0,1,61.68,64.96,4.1,1,75e3f4df472bfb54f99a8ba8eeeb32e41c4be6309edb985fa4bf1314fbfeeaed
ute-s-92,official,0,RECOMPUTE,200,3,10,10,0,40,2044,-3335,159548,-0.02090280041116153,58.871953437613676,0,0,0,0,3,32,1464.45,2012.84,2.76,1,2b9afd08b45c55cfc5063232152971f4bc59bbdc7f14ef392a160fc073ef4083
ute-s-92,official,0,ONE_BLOCKER,200,2,10,10,0,2,73,-2511,159548,-0.01573821044450573,59.20480174608949,2,0,0,0,0,1,59.12,60.5,3.65,1,75e3f4df472bfb54f99a8ba8eeeb32e41c4be6309edb985fa4bf1314fbfeeaed
ute-s-92,official,0,SINGLE,200,2,10,10,0,2,73,-2511,159548,-0.01573821044450573,59.20480174608949,2,0,0,0,0,1,68.45,70.3,3.6,1,75e3f4df472bfb54f99a8ba8eeeb32e41c4be6309edb985fa4bf1314fbfeeaed
ute-s-92,official,0,TBR_B16,200,2,10,10,0,2,73,-2511,159548,-0.01573821044450573,59.20480174608949,2,0,0,0,0,1,72.83,83.89,3.87,1,75e3f4df472bfb54f99a8ba8eeeb32e41c4be6309edb985fa4bf1314fbfeeaed
ute-s-92,official,0,TBR_B2,200,2,10,10,0,2,73,-2511,159548,-0.01573821044450573,59.20480174608949,2,0,0,0,0,1,57.44,57.86,3.77,1,75e3f4df472bfb54f99a8ba8eeeb32e41c4be6309edb985fa4bf1314fbfeeaed
ute-s-92,official,0,TBR_B4,200,2,10,10,0,2,73,-2511,159548,-0.01573821044450573,59.20480174608949,2,0,0,0,0,1,69.57,82.16,3.82,1,75e3f4df472bfb54f99a8ba8eeeb32e41c4be6309edb985fa4bf1314fbfeeaed
ute-s-92,official,0,TBR_NOT2,200,2,10,10,0,2,73,-2511,159548,-0.01573821044450573,59.20480174608949,2,0,0,0,0,1,78.36,82.56,4.44,1,75e3f4df472bfb54f99a8ba8eeeb32e41c4be6309edb985fa4bf1314fbfeeaed
ute-s-92,official,0,TBR,200,2,10,10,0,2,73,-2511,159548,-0.01573821044450573,59.20480174608949,2,0,0,0,0,1,62.56,68.06,3.68,1,75e3f4df472bfb54f99a8ba8eeeb32e41c4be6309edb985fa4bf1314fbfeeaed
ute-s-92,official,0,TBR_NOPROX,200,2,10,10,0,2,73,-1165,159548,-0.007301877804798556,59.71335030920335,2,0,0,0,0,1,33.01,33.84,3.67,1,7417351c683555049da7cf0dd8e5c81eb865fde1f056b497153caaf8442d1219
ute-s-92,official,0,TBR_B32,200,2,10,10,0,2,73,-2511,159548,-0.01573821044450573,59.20480174608949,2,0,0,0,0,1,80.35,82.72,4.08,1,75e3f4df472bfb54f99a8ba8eeeb32e41c4be6309edb985fa4bf1314fbfeeaed
ute-s-92,tight,1,TBR_B32,200,4,10,10,0,5,216,-3984,154976,-0.02570720627710097,56.83521280465624,3,1,0,0,0,2,75.26,115.9,3.92,1,952f16f2ffe2134156b1477ab91c1092ef18b64f20a2d8b3462cb6b57ba3a4d9
ute-s-92,tight,1,TBR_B4,200,4,10,10,0,5,216,-3984,154976,-0.02570720627710097,56.83521280465624,3,1,0,0,0,2,76.47,114.69,4.0,1,952f16f2ffe2134156b1477ab91c1092ef18b64f20a2d8b3462cb6b57ba3a4d9
ute-s-92,tight,1,ONE_BLOCKER,200,4,10,10,0,5,216,-3984,154976,-0.02570720627710097,56.83521280465624,3,1,0,0,0,2,75.5,128.23,3.96,1,952f16f2ffe2134156b1477ab91c1092ef18b64f20a2d8b3462cb6b57ba3a4d9
ute-s-92,tight,1,TBR,200,4,10,10,0,5,216,-3984,154976,-0.02570720627710097,56.83521280465624,3,1,0,0,0,2,75.95,113.15,3.68,1,952f16f2ffe2134156b1477ab91c1092ef18b64f20a2d8b3462cb6b57ba3a4d9
ute-s-92,tight,1,TBR_B2,200,4,10,10,0,5,216,-3984,154976,-0.02570720627710097,56.83521280465624,3,1,0,0,0,2,74.99,115.6,3.83,1,952f16f2ffe2134156b1477ab91c1092ef18b64f20a2d8b3462cb6b57ba3a4d9
ute-s-92,tight,1,TBR_NOPROX,200,4,10,10,0,5,216,-4119,154976,-0.026578308899442495,56.784285194616224,3,1,0,0,0,2,40.63,65.23,3.88,1,ff71243841b44b8b8ef811259db895bee30a4cc5584d2f62a456ffcc5af6a828
ute-s-92,tight,1,RECOMPUTE,200,3,10,10,0,47,2124,1477,154976,0.009530507949618005,58.871953437613676,0,0,0,0,3,44,1425.36,2455.78,2.74,1,7c1ed722c37f1f7363345d2d608b9f3a709ddcf93ad2ec918d7ea00a50322077
ute-s-92,tight,1,TBR_B16,200,4,10,10,0,5,216,-3984,154976,-0.02570720627710097,56.83521280465624,3,1,0,0,0,2,99.4,118.45,4.32,1,952f16f2ffe2134156b1477ab91c1092ef18b64f20a2d8b3462cb6b57ba3a4d9
ute-s-92,tight,1,SINGLE,200,4,10,11,1,4,178,-3850,154976,-0.02484255626677679,56.87486358675882,3,0,0,1,0,1,56.7,78.83,3.58,1,aedb394fa2bbf251d8b87a331c60372c220771393a3880d538d2a7883a5e0f63
ute-s-92,tight,1,TBR_NOT2,200,4,10,11,1,4,178,-3850,154976,-0.02484255626677679,56.87486358675882,3,0,0,1,0,1,73.79,196.2,3.63,1,aedb394fa2bbf251d8b87a331c60372c220771393a3880d538d2a7883a5e0f63
ute-s-92,official,1,TBR_B32,200,4,10,10,0,5,216,-3984,154976,-0.02570720627710097,56.83521280465624,3,1,0,0,0,2,84.91,114.7,3.84,1,952f16f2ffe2134156b1477ab91c1092ef18b64f20a2d8b3462cb6b57ba3a4d9
ute-s-92,official,1,TBR_B4,200,4,10,10,0,5,216,-3984,154976,-0.02570720627710097,56.83521280465624,3,1,0,0,0,2,93.66,176.75,4.11,1,952f16f2ffe2134156b1477ab91c1092ef18b64f20a2d8b3462cb6b57ba3a4d9
ute-s-92,official,1,ONE_BLOCKER,200,4,10,10,0,5,216,-3984,154976,-0.02570720627710097,56.83521280465624,3,1,0,0,0,2,71.7,112.4,3.64,1,952f16f2ffe2134156b1477ab91c1092ef18b64f20a2d8b3462cb6b57ba3a4d9
ute-s-92,official,1,TBR,200,4,10,10,0,5,216,-3984,154976,-0.02570720627710097,56.83521280465624,3,1,0,0,0,2,80.17,115.45,3.6,1,952f16f2ffe2134156b1477ab91c1092ef18b64f20a2d8b3462cb6b57ba3a4d9
ute-s-92,official,1,TBR_B2,200,4,10,10,0,5,216,-3984,154976,-0.02570720627710097,56.83521280465624,3,1,0,0,0,2,74.68,114.89,3.87,1,952f16f2ffe2134156b1477ab91c1092ef18b64f20a2d8b3462cb6b57ba3a4d9
ute-s-92,official,1,TBR_NOPROX,200,4,10,10,0,5,216,-4119,154976,-0.026578308899442495,56.784285194616224,3,1,0,0,0,2,37.22,79.43,3.85,1,ff71243841b44b8b8ef811259db895bee30a4cc5584d2f62a456ffcc5af6a828
ute-s-92,official,1,RECOMPUTE,200,3,10,10,0,47,2124,1477,154976,0.009530507949618005,58.871953437613676,0,0,0,0,3,44,1554.86,1570.65,2.82,1,7c1ed722c37f1f7363345d2d608b9f3a709ddcf93ad2ec918d7ea00a50322077
ute-s-92,official,1,TBR_B16,200,4,10,10,0,5,216,-3984,154976,-0.02570720627710097,56.83521280465624,3,1,0,0,0,2,91.0,126.24,4.33,1,952f16f2ffe2134156b1477ab91c1092ef18b64f20a2d8b3462cb6b57ba3a4d9
ute-s-92,official,1,SINGLE,200,4,10,11,1,4,178,-3850,154976,-0.02484255626677679,56.87486358675882,3,0,0,1,0,1,53.82,79.07,3.67,1,aedb394fa2bbf251d8b87a331c60372c220771393a3880d538d2a7883a5e0f63
ute-s-92,official,1,TBR_NOT2,200,4,10,11,1,4,178,-3850,154976,-0.02484255626677679,56.87486358675882,3,0,0,1,0,1,72.6,189.55,3.83,1,aedb394fa2bbf251d8b87a331c60372c220771393a3880d538d2a7883a5e0f63
ute-s-92,tight,2,TBR_B16,200,2,10,10,0,2,14,-298,161043,-0.0018504374608023944,60.492178974172425,2,0,0,0,0,1,55.76,65.5,3.88,1,5e1ac27e6e98a35093969e1c883fff43c14829db9bd6c1d976551b70ba754fff
ute-s-92,tight,2,TBR_B4,200,2,10,10,0,2,14,-298,161043,-0.0018504374608023944,60.492178974172425,2,0,0,0,0,1,57.25,67.78,3.68,1,5e1ac27e6e98a35093969e1c883fff43c14829db9bd6c1d976551b70ba754fff
ute-s-92,tight,2,TBR_B32,200,2,10,10,0,2,14,-298,161043,-0.0018504374608023944,60.492178974172425,2,0,0,0,0,1,72.71,76.81,4.12,1,5e1ac27e6e98a35093969e1c883fff43c14829db9bd6c1d976551b70ba754fff
ute-s-92,tight,2,TBR_NOT2,200,2,10,10,0,2,14,-298,161043,-0.0018504374608023944,60.492178974172425,2,0,0,0,0,1,65.62,65.64,3.7,1,5e1ac27e6e98a35093969e1c883fff43c14829db9bd6c1d976551b70ba754fff
ute-s-92,tight,2,ONE_BLOCKER,200,2,10,10,0,2,14,-298,161043,-0.0018504374608023944,60.492178974172425,2,0,0,0,0,1,69.68,85.27,3.85,1,5e1ac27e6e98a35093969e1c883fff43c14829db9bd6c1d976551b70ba754fff
ute-s-92,tight,2,TBR,200,2,10,10,0,2,14,-298,161043,-0.0018504374608023944,60.492178974172425,2,0,0,0,0,1,57.92,68.59,3.59,1,5e1ac27e6e98a35093969e1c883fff43c14829db9bd6c1d976551b70ba754fff
ute-s-92,tight,2,TBR_NOPROX,200,2,10,10,0,2,14,-141,161043,-0.0008755425569568376,60.549290651145874,2,0,0,0,0,1,29.53,32.54,3.62,1,4d1dfaa5225f233ff4c2fd67e77d29bee2635a0f272dd3dc545ed70cb8eec494
ute-s-92,tight,2,SINGLE,200,2,10,10,0,2,14,-298,161043,-0.0018504374608023944,60.492178974172425,2,0,0,0,0,1,65.75,76.23,4.04,1,5e1ac27e6e98a35093969e1c883fff43c14829db9bd6c1d976551b70ba754fff
ute-s-92,tight,2,RECOMPUTE,200,2,10,10,0,51,2838,-4726,161043,-0.02934619946225542,58.871953437613676,0,0,0,0,2,50,1731.04,1928.98,2.68,1,1eebec49dc29c501ca3096b7297dd4e0827e906d001acb319b7016d009dc3c76
ute-s-92,tight,2,TBR_B2,200,2,10,10,0,2,14,-298,161043,-0.0018504374608023944,60.492178974172425,2,0,0,0,0,1,71.4,90.31,3.92,1,5e1ac27e6e98a35093969e1c883fff43c14829db9bd6c1d976551b70ba754fff
ute-s-92,official,2,TBR_B16,200,2,10,10,0,2,14,-298,161043,-0.0018504374608023944,60.492178974172425,2,0,0,0,0,1,118.07,164.86,5.1,1,5e1ac27e6e98a35093969e1c883fff43c14829db9bd6c1d976551b70ba754fff
ute-s-92,official,2,TBR_B4,200,2,10,10,0,2,14,-298,161043,-0.0018504374608023944,60.492178974172425,2,0,0,0,0,1,73.43,77.72,4.27,1,5e1ac27e6e98a35093969e1c883fff43c14829db9bd6c1d976551b70ba754fff
ute-s-92,official,2,TBR_B32,200,2,10,10,0,2,14,-298,161043,-0.0018504374608023944,60.492178974172425,2,0,0,0,0,1,62.58,72.47,3.92,1,5e1ac27e6e98a35093969e1c883fff43c14829db9bd6c1d976551b70ba754fff
ute-s-92,official,2,TBR_NOT2,200,2,10,10,0,2,14,-298,161043,-0.0018504374608023944,60.492178974172425,2,0,0,0,0,1,80.49,93.49,4.51,1,5e1ac27e6e98a35093969e1c883fff43c14829db9bd6c1d976551b70ba754fff
ute-s-92,official,2,ONE_BLOCKER,200,2,10,10,0,2,14,-298,161043,-0.0018504374608023944,60.492178974172425,2,0,0,0,0,1,61.2,73.38,3.56,1,5e1ac27e6e98a35093969e1c883fff43c14829db9bd6c1d976551b70ba754fff
ute-s-92,official,2,TBR,200,2,10,10,0,2,14,-298,161043,-0.0018504374608023944,60.492178974172425,2,0,0,0,0,1,72.25,95.49,3.63,1,5e1ac27e6e98a35093969e1c883fff43c14829db9bd6c1d976551b70ba754fff
ute-s-92,official,2,TBR_NOPROX,200,2,10,10,0,2,14,-141,161043,-0.0008755425569568376,60.549290651145874,2,0,0,0,0,1,28.3,31.01,3.58,1,4d1dfaa5225f233ff4c2fd67e77d29bee2635a0f272dd3dc545ed70cb8eec494
ute-s-92,official,2,SINGLE,200,2,10,10,0,2,14,-298,161043,-0.0018504374608023944,60.492178974172425,2,0,0,0,0,1,56.5,65.45,3.5,1,5e1ac27e6e98a35093969e1c883fff43c14829db9bd6c1d976551b70ba754fff
ute-s-92,official,2,RECOMPUTE,200,2,10,10,0,51,2838,-4726,161043,-0.02934619946225542,58.871953437613676,0,0,0,0,2,50,1521.14,1679.04,2.6,1,1eebec49dc29c501ca3096b7297dd4e0827e906d001acb319b7016d009dc3c76
ute-s-92,official,2,TBR_B2,200,2,10,10,0,2,14,-298,161043,-0.0018504374608023944,60.492178974172425,2,0,0,0,0,1,54.9,64.19,3.74,1,5e1ac27e6e98a35093969e1c883fff43c14829db9bd6c1d976551b70ba754fff
ute-s-92,tight,3,TBR_B16,200,5,10,10,0,5,172,-1114,150156,-0.007418950957670689,56.21971626045835,5,0,0,0,0,1,62.14,75.21,3.84,1,faf47ddd7d44cc79cc0c083461e401995003136b2f3021cc413f2a46d3744382
ute-s-92,tight,3,TBR_NOPROX,200,5,10,10,0,5,172,-466,150156,-0.003103439090013053,56.4572571844307,5,0,0,0,0,1,26.23,36.92,4.17,1,5b70b013a5f96d980e8bdac52d3d5edcf77d92963aa432e3d70b1ed536b7d6c7
ute-s-92,tight,3,TBR_B4,200,5,10,10,0,5,172,-1114,150156,-0.007418950957670689,56.21971626045835,5,0,0,0,0,1,65.92,86.06,3.8,1,faf47ddd7d44cc79cc0c083461e401995003136b2f3021cc413f2a46d3744382
ute-s-92,tight,3,ONE_BLOCKER,200,5,10,10,0,5,172,-1114,150156,-0.007418950957670689,56.21971626045835,5,0,0,0,0,1,79.71,113.5,3.91,1,faf47ddd7d44cc79cc0c083461e401995003136b2f3021cc413f2a46d3744382
ute-s-92,tight,3,TBR_NOT2,200,5,10,10,0,5,172,-1114,150156,-0.007418950957670689,56.21971626045835,5,0,0,0,0,1,62.47,89.44,3.67,1,faf47ddd7d44cc79cc0c083461e401995003136b2f3021cc413f2a46d3744382
ute-s-92,tight,3,TBR_B32,200,5,10,10,0,5,172,-1114,150156,-0.007418950957670689,56.21971626045835,5,0,0,0,0,1,61.74,72.86,3.88,1,faf47ddd7d44cc79cc0c083461e401995003136b2f3021cc413f2a46d3744382
ute-s-92,tight,3,SINGLE,200,5,10,10,0,5,172,-1114,150156,-0.007418950957670689,56.21971626045835,5,0,0,0,0,1,60.18,73.18,3.69,1,faf47ddd7d44cc79cc0c083461e401995003136b2f3021cc413f2a46d3744382
ute-s-92,tight,3,TBR_B2,200,5,10,10,0,5,172,-1114,150156,-0.007418950957670689,56.21971626045835,5,0,0,0,0,1,63.86,74.08,3.88,1,faf47ddd7d44cc79cc0c083461e401995003136b2f3021cc413f2a46d3744382
ute-s-92,tight,3,TBR,200,5,10,10,0,5,172,-1114,150156,-0.007418950957670689,56.21971626045835,5,0,0,0,0,1,59.58,70.7,3.62,1,faf47ddd7d44cc79cc0c083461e401995003136b2f3021cc413f2a46d3744382
ute-s-92,tight,3,RECOMPUTE,200,3,10,10,0,90,4346,6022,150156,0.040104957510855375,58.871953437613676,0,0,0,0,3,57,1370.79,1696.45,2.55,1,e3e97bd0d312c0fefc46c9e343b26ded476478be18f5971f193929e642d27bff
ute-s-92,official,3,TBR_B16,200,5,10,10,0,5,172,-1114,150156,-0.007418950957670689,56.21971626045835,5,0,0,0,0,1,62.19,71.79,3.79,1,faf47ddd7d44cc79cc0c083461e401995003136b2f3021cc413f2a46d3744382
ute-s-92,official,3,TBR_NOPROX,200,5,10,10,0,5,172,-466,150156,-0.003103439090013053,56.4572571844307,5,0,0,0,0,1,23.99,28.8,3.72,1,5b70b013a5f96d980e8bdac52d3d5edcf77d92963aa432e3d70b1ed536b7d6c7
ute-s-92,official,3,TBR_B4,200,5,10,10,0,5,172,-1114,150156,-0.007418950957670689,56.21971626045835,5,0,0,0,0,1,60.32,74.18,3.79,1,faf47ddd7d44cc79cc0c083461e401995003136b2f3021cc413f2a46d3744382
ute-s-92,official,3,ONE_BLOCKER,200,5,10,10,0,5,172,-1114,150156,-0.007418950957670689,56.21971626045835,5,0,0,0,0,1,69.88,84.69,3.53,1,faf47ddd7d44cc79cc0c083461e401995003136b2f3021cc413f2a46d3744382
ute-s-92,official,3,TBR_NOT2,200,5,10,10,0,5,172,-1114,150156,-0.007418950957670689,56.21971626045835,5,0,0,0,0,1,61.78,70.08,3.67,1,faf47ddd7d44cc79cc0c083461e401995003136b2f3021cc413f2a46d3744382
ute-s-92,official,3,TBR_B32,200,5,10,10,0,5,172,-1114,150156,-0.007418950957670689,56.21971626045835,5,0,0,0,0,1,61.72,75.77,3.83,1,faf47ddd7d44cc79cc0c083461e401995003136b2f3021cc413f2a46d3744382
ute-s-92,official,3,SINGLE,200,5,10,10,0,5,172,-1114,150156,-0.007418950957670689,56.21971626045835,5,0,0,0,0,1,59.98,85.15,3.55,1,faf47ddd7d44cc79cc0c083461e401995003136b2f3021cc413f2a46d3744382
ute-s-92,official,3,TBR_B2,200,5,10,10,0,5,172,-1114,150156,-0.007418950957670689,56.21971626045835,5,0,0,0,0,1,58.78,73.44,3.81,1,faf47ddd7d44cc79cc0c083461e401995003136b2f3021cc413f2a46d3744382
ute-s-92,official,3,TBR,200,5,10,10,0,5,172,-1114,150156,-0.007418950957670689,56.21971626045835,5,0,0,0,0,1,62.61,75.33,3.63,1,faf47ddd7d44cc79cc0c083461e401995003136b2f3021cc413f2a46d3744382
ute-s-92,official,3,RECOMPUTE,200,3,10,10,0,90,4346,6022,150156,0.040104957510855375,58.871953437613676,0,0,0,0,3,57,1390.82,1753.09,2.62,1,e3e97bd0d312c0fefc46c9e343b26ded476478be18f5971f193929e642d27bff
ute-s-92,tight,4,TBR,200,2,10,10,0,2,23,-316,157456,-0.002006909866883447,59.24518006547836,2,0,0,0,0,1,53.11,53.26,3.6,1,17abd56aa69cd3883d46cd6731a5d5a5d3dcf4f757ba8e3e0eb598a3ac142d23
ute-s-92,tight,4,TBR_B16,200,2,10,10,0,2,23,-316,157456,-0.002006909866883447,59.24518006547836,2,0,0,0,0,1,53.79,54.88,3.73,1,17abd56aa69cd3883d46cd6731a5d5a5d3dcf4f757ba8e3e0eb598a3ac142d23
ute-s-92,tight,4,RECOMPUTE,200,2,10,10,0,31,1423,202,157456,0.0012828980794634692,59.3903237540924,0,0,0,0,2,29,1491.64,1579.04,2.5,1,04ecfc681c6fe400c191d98476f3cf25d169efc1dcdc24c020276970b5b8c0d0
ute-s-92,tight,4,ONE_BLOCKER,200,2,10,10,0,2,23,-316,157456,-0.002006909866883447,59.24518006547836,2,0,0,0,0,1,53.65,55.02,3.6,1,17abd56aa69cd3883d46cd6731a5d5a5d3dcf4f757ba8e3e0eb598a3ac142d23
ute-s-92,tight,4,TBR_NOPROX,200,2,10,10,0,2,23,-77,157456,-0.000489025505538055,59.33503092033467,2,0,0,0,0,1,28.91,32.16,3.53,1,c9093644ba6f8bacbb5e69fa5a515fedd0d57cacb1683e33b486f3bd61645054
ute-s-92,tight,4,TBR_NOT2,200,2,10,10,0,2,23,-316,157456,-0.002006909866883447,59.24518006547836,2,0,0,0,0,1,52.6,54.97,3.63,1,17abd56aa69cd3883d46cd6731a5d5a5d3dcf4f757ba8e3e0eb598a3ac142d23
ute-s-92,tight,4,TBR_B2,200,2,10,10,0,2,23,-316,157456,-0.002006909866883447,59.24518006547836,2,0,0,0,0,1,54.14,54.25,3.9,1,17abd56aa69cd3883d46cd6731a5d5a5d3dcf4f757ba8e3e0eb598a3ac142d23
ute-s-92,tight,4,SINGLE,200,2,10,10,0,2,23,-316,157456,-0.002006909866883447,59.24518006547836,2,0,0,0,0,1,52.89,55.62,3.52,1,17abd56aa69cd3883d46cd6731a5d5a5d3dcf4f757ba8e3e0eb598a3ac142d23
ute-s-92,tight,4,TBR_B4,200,2,10,10,0,2,23,-316,157456,-0.002006909866883447,59.24518006547836,2,0,0,0,0,1,52.84,53.04,3.82,1,17abd56aa69cd3883d46cd6731a5d5a5d3dcf4f757ba8e3e0eb598a3ac142d23
ute-s-92,tight,4,TBR_B32,200,2,10,10,0,2,23,-316,157456,-0.002006909866883447,59.24518006547836,2,0,0,0,0,1,54.79,54.96,3.77,1,17abd56aa69cd3883d46cd6731a5d5a5d3dcf4f757ba8e3e0eb598a3ac142d23
ute-s-92,official,4,TBR,200,2,10,10,0,2,23,-316,157456,-0.002006909866883447,59.24518006547836,2,0,0,0,0,1,54.74,55.14,3.61,1,17abd56aa69cd3883d46cd6731a5d5a5d3dcf4f757ba8e3e0eb598a3ac142d23
ute-s-92,official,4,TBR_B16,200,2,10,10,0,2,23,-316,157456,-0.002006909866883447,59.24518006547836,2,0,0,0,0,1,53.21,53.56,3.83,1,17abd56aa69cd3883d46cd6731a5d5a5d3dcf4f757ba8e3e0eb598a3ac142d23
ute-s-92,official,4,RECOMPUTE,200,2,10,10,0,31,1423,202,157456,0.0012828980794634692,59.3903237540924,0,0,0,0,2,29,1483.04,1608.43,2.54,1,04ecfc681c6fe400c191d98476f3cf25d169efc1dcdc24c020276970b5b8c0d0
ute-s-92,official,4,ONE_BLOCKER,200,2,10,10,0,2,23,-316,157456,-0.002006909866883447,59.24518006547836,2,0,0,0,0,1,52.92,54.34,3.51,1,17abd56aa69cd3883d46cd6731a5d5a5d3dcf4f757ba8e3e0eb598a3ac142d23
ute-s-92,official,4,TBR_NOPROX,200,2,10,10,0,2,23,-77,157456,-0.000489025505538055,59.33503092033467,2,0,0,0,0,1,27.89,31.09,3.56,1,c9093644ba6f8bacbb5e69fa5a515fedd0d57cacb1683e33b486f3bd61645054
ute-s-92,official,4,TBR_NOT2,200,2,10,10,0,2,23,-316,157456,-0.002006909866883447,59.24518006547836,2,0,0,0,0,1,55.93,60.51,3.52,1,17abd56aa69cd3883d46cd6731a5d5a5d3dcf4f757ba8e3e0eb598a3ac142d23
ute-s-92,official,4,TBR_B2,200,2,10,10,0,2,23,-316,157456,-0.002006909866883447,59.24518006547836,2,0,0,0,0,1,62.25,71.98,3.76,1,17abd56aa69cd3883d46cd6731a5d5a5d3dcf4f757ba8e3e0eb598a3ac142d23
ute-s-92,official,4,SINGLE,200,2,10,10,0,2,23,-316,157456,-0.002006909866883447,59.24518006547836,2,0,0,0,0,1,53.49,54.59,3.5,1,17abd56aa69cd3883d46cd6731a5d5a5d3dcf4f757ba8e3e0eb598a3ac142d23
ute-s-92,official,4,TBR_B4,200,2,10,10,0,2,23,-316,157456,-0.002006909866883447,59.24518006547836,2,0,0,0,0,1,52.14,53.35,3.74,1,17abd56aa69cd3883d46cd6731a5d5a5d3dcf4f757ba8e3e0eb598a3ac142d23
ute-s-92,official,4,TBR_B32,200,2,10,10,0,2,23,-316,157456,-0.002006909866883447,59.24518006547836,2,0,0,0,0,1,52.12,52.31,3.76,1,17abd56aa69cd3883d46cd6731a5d5a5d3dcf4f757ba8e3e0eb598a3ac142d23
ute-s-92,tight,5,TBR_NOPROX,200,1,11,11,0,1,55,-980,151495,-0.006468860358427671,56.56384139687159,1,0,0,0,0,1,42.39,42.39,3.84,1,02c2c84cf5b7c19ef36c53c8198f18076fb688b1d5cd7d80ff6097bc2ce1eed3
ute-s-92,tight,5,TBR_NOT2,200,1,11,11,0,1,55,-1413,151495,-0.009327040496386019,56.39578028373954,1,0,0,0,0,1,76.11,76.11,3.62,1,89777f2a9e8b5da5090bfa2017ef9e2795467306b86da5cf0289f228fa707a58
ute-s-92,tight,5,TBR_B32,200,1,11,11,0,1,55,-1413,151495,-0.009327040496386019,56.39578028373954,1,0,0,0,0,1,77.18,77.18,3.81,1,89777f2a9e8b5da5090bfa2017ef9e2795467306b86da5cf0289f228fa707a58
ute-s-92,tight,5,TBR,200,1,11,11,0,1,55,-1413,151495,-0.009327040496386019,56.39578028373954,1,0,0,0,0,1,66.55,66.55,3.7,1,89777f2a9e8b5da5090bfa2017ef9e2795467306b86da5cf0289f228fa707a58
ute-s-92,tight,5,TBR_B2,200,1,11,11,0,1,55,-1413,151495,-0.009327040496386019,56.39578028373954,1,0,0,0,0,1,68.09,68.09,3.8,1,89777f2a9e8b5da5090bfa2017ef9e2795467306b86da5cf0289f228fa707a58
ute-s-92,tight,5,RECOMPUTE,200,1,11,11,0,69,3267,4592,151495,0.03031123139377537,58.62640960349218,0,0,0,0,1,69,1773.98,1773.98,2.6,1,f657bdc7a218beac6ae9ad07328d894c0126e51b5f89ef37366a43264329a771
ute-s-92,tight,5,ONE_BLOCKER,200,1,11,11,0,1,55,-1413,151495,-0.009327040496386019,56.39578028373954,1,0,0,0,0,1,67.96,67.96,3.63,1,89777f2a9e8b5da5090bfa2017ef9e2795467306b86da5cf0289f228fa707a58
ute-s-92,tight,5,SINGLE,200,1,11,11,0,1,55,-1413,151495,-0.009327040496386019,56.39578028373954,1,0,0,0,0,1,75.61,75.61,3.54,1,89777f2a9e8b5da5090bfa2017ef9e2795467306b86da5cf0289f228fa707a58
ute-s-92,tight,5,TBR_B4,200,1,11,11,0,1,55,-1413,151495,-0.009327040496386019,56.39578028373954,1,0,0,0,0,1,73.86,73.86,3.75,1,89777f2a9e8b5da5090bfa2017ef9e2795467306b86da5cf0289f228fa707a58
ute-s-92,tight,5,TBR_B16,200,1,11,11,0,1,55,-1413,151495,-0.009327040496386019,56.39578028373954,1,0,0,0,0,1,67.14,67.14,3.77,1,89777f2a9e8b5da5090bfa2017ef9e2795467306b86da5cf0289f228fa707a58
ute-s-92,official,5,TBR_NOPROX,200,1,11,11,0,1,55,-980,151495,-0.006468860358427671,56.56384139687159,1,0,0,0,0,1,36.2,36.2,3.62,1,02c2c84cf5b7c19ef36c53c8198f18076fb688b1d5cd7d80ff6097bc2ce1eed3
ute-s-92,official,5,TBR_NOT2,200,1,11,11,0,1,55,-1413,151495,-0.009327040496386019,56.39578028373954,1,0,0,0,0,1,68.01,68.01,3.65,1,89777f2a9e8b5da5090bfa2017ef9e2795467306b86da5cf0289f228fa707a58
ute-s-92,official,5,TBR_B32,200,1,11,11,0,1,55,-1413,151495,-0.009327040496386019,56.39578028373954,1,0,0,0,0,1,69.81,69.81,3.77,1,89777f2a9e8b5da5090bfa2017ef9e2795467306b86da5cf0289f228fa707a58
ute-s-92,official,5,TBR,200,1,11,11,0,1,55,-1413,151495,-0.009327040496386019,56.39578028373954,1,0,0,0,0,1,68.28,68.28,3.59,1,89777f2a9e8b5da5090bfa2017ef9e2795467306b86da5cf0289f228fa707a58
ute-s-92,official,5,TBR_B2,200,1,11,11,0,1,55,-1413,151495,-0.009327040496386019,56.39578028373954,1,0,0,0,0,1,68.35,68.35,3.74,1,89777f2a9e8b5da5090bfa2017ef9e2795467306b86da5cf0289f228fa707a58
ute-s-92,official,5,RECOMPUTE,200,1,11,11,0,69,3267,4592,151495,0.03031123139377537,58.62640960349218,0,0,0,0,1,69,2403.6,2403.6,2.59,1,f657bdc7a218beac6ae9ad07328d894c0126e51b5f89ef37366a43264329a771
ute-s-92,official,5,ONE_BLOCKER,200,1,11,11,0,1,55,-1413,151495,-0.009327040496386019,56.39578028373954,1,0,0,0,0,1,69.57,69.57,3.64,1,89777f2a9e8b5da5090bfa2017ef9e2795467306b86da5cf0289f228fa707a58
ute-s-92,official,5,SINGLE,200,1,11,11,0,1,55,-1413,151495,-0.009327040496386019,56.39578028373954,1,0,0,0,0,1,69.02,69.02,3.58,1,89777f2a9e8b5da5090bfa2017ef9e2795467306b86da5cf0289f228fa707a58
ute-s-92,official,5,TBR_B4,200,1,11,11,0,1,55,-1413,151495,-0.009327040496386019,56.39578028373954,1,0,0,0,0,1,70.36,70.36,3.71,1,89777f2a9e8b5da5090bfa2017ef9e2795467306b86da5cf0289f228fa707a58
ute-s-92,official,5,TBR_B16,200,1,11,11,0,1,55,-1413,151495,-0.009327040496386019,56.39578028373954,1,0,0,0,0,1,69.03,69.03,3.81,1,89777f2a9e8b5da5090bfa2017ef9e2795467306b86da5cf0289f228fa707a58
ute-s-92,tight,6,TBR_B32,200,8,10,10,0,8,505,-13393,163280,-0.08202474277315042,56.559839941797016,8,0,0,0,0,1,59.56,88.18,3.96,1,585f2e350a617a1358a33eb1099e19b65deed6c6a0b91a6e65cf687e79fb2ac1
ute-s-92,tight,6,TBR_B4,200,8,10,10,0,8,505,-13393,163280,-0.08202474277315042,56.559839941797016,8,0,0,0,0,1,53.85,76.3,3.93,1,585f2e350a617a1358a33eb1099e19b65deed6c6a0b91a6e65cf687e79fb2ac1
ute-s-92,tight,6,TBR_B16,200,8,10,10,0,8,505,-13393,163280,-0.08202474277315042,56.559839941797016,8,0,0,0,0,1,52.75,77.09,3.85,1,585f2e350a617a1358a33eb1099e19b65deed6c6a0b91a6e65cf687e79fb2ac1
ute-s-92,tight,6,SINGLE,200,8,10,10,0,8,505,-13393,163280,-0.08202474277315042,56.559839941797016,8,0,0,0,0,1,55.62,97.07,3.7,1,585f2e350a617a1358a33eb1099e19b65deed6c6a0b91a6e65cf687e79fb2ac1
ute-s-92,tight,6,TBR_B2,200,8,10,10,0,8,505,-13393,163280,-0.08202474277315042,56.559839941797016,8,0,0,0,0,1,58.67,80.95,3.9,1,585f2e350a617a1358a33eb1099e19b65deed6c6a0b91a6e65cf687e79fb2ac1
ute-s-92,tight,6,TBR_NOPROX,200,8,10,10,0,8,505,-8489,163280,-0.051990445859872614,58.38013823208439,8,0,0,0,0,1,24.29,31.66,3.71,1,51b5e0b4e9687e2be28f0fe287b8c4d6026c8941df32acad583c45e56d04206c
ute-s-92,tight,6,TBR_NOT2,200,8,10,10,0,8,505,-13393,163280,-0.08202474277315042,56.559839941797016,8,0,0,0,0,1,51.94,84.72,3.7,1,585f2e350a617a1358a33eb1099e19b65deed6c6a0b91a6e65cf687e79fb2ac1
ute-s-92,tight,6,ONE_BLOCKER,200,8,10,10,0,8,505,-13393,163280,-0.08202474277315042,56.559839941797016,8,0,0,0,0,1,57.33,86.0,3.76,1,585f2e350a617a1358a33eb1099e19b65deed6c6a0b91a6e65cf687e79fb2ac1
ute-s-92,tight,6,TBR,200,8,10,10,0,8,505,-13393,163280,-0.08202474277315042,56.559839941797016,8,0,0,0,0,1,57.54,84.11,3.58,1,585f2e350a617a1358a33eb1099e19b65deed6c6a0b91a6e65cf687e79fb2ac1
ute-s-92,tight,6,RECOMPUTE,200,8,10,11,1,193,10760,-7293,163280,-0.0446656050955414,58.824663514005096,0,0,0,0,8,80,1325.99,1597.9,2.84,1,456bb61109d1d25c06b1cf3106e0fe6af8bcaf81113e98ea6af4f27332932826
ute-s-92,official,6,TBR_B32,200,8,10,10,0,8,505,-13393,163280,-0.08202474277315042,56.559839941797016,8,0,0,0,0,1,55.53,82.6,3.99,1,585f2e350a617a1358a33eb1099e19b65deed6c6a0b91a6e65cf687e79fb2ac1
ute-s-92,official,6,TBR_B4,200,8,10,10,0,8,505,-13393,163280,-0.08202474277315042,56.559839941797016,8,0,0,0,0,1,52.59,80.8,3.85,1,585f2e350a617a1358a33eb1099e19b65deed6c6a0b91a6e65cf687e79fb2ac1
ute-s-92,official,6,TBR_B16,200,8,10,10,0,8,505,-13393,163280,-0.08202474277315042,56.559839941797016,8,0,0,0,0,1,55.84,83.47,3.91,1,585f2e350a617a1358a33eb1099e19b65deed6c6a0b91a6e65cf687e79fb2ac1
ute-s-92,official,6,SINGLE,200,8,10,10,0,8,505,-13393,163280,-0.08202474277315042,56.559839941797016,8,0,0,0,0,1,54.03,78.47,3.68,1,585f2e350a617a1358a33eb1099e19b65deed6c6a0b91a6e65cf687e79fb2ac1
ute-s-92,official,6,TBR_B2,200,8,10,10,0,8,505,-13393,163280,-0.08202474277315042,56.559839941797016,8,0,0,0,0,1,58.2,81.91,3.88,1,585f2e350a617a1358a33eb1099e19b65deed6c6a0b91a6e65cf687e79fb2ac1
ute-s-92,official,6,TBR_NOPROX,200,8,10,10,0,8,505,-8489,163280,-0.051990445859872614,58.38013823208439,8,0,0,0,0,1,24.34,29.25,3.63,1,51b5e0b4e9687e2be28f0fe287b8c4d6026c8941df32acad583c45e56d04206c
ute-s-92,official,6,TBR_NOT2,200,8,10,10,0,8,505,-13393,163280,-0.08202474277315042,56.559839941797016,8,0,0,0,0,1,63.1,101.35,3.71,1,585f2e350a617a1358a33eb1099e19b65deed6c6a0b91a6e65cf687e79fb2ac1
ute-s-92,official,6,ONE_BLOCKER,200,8,10,10,0,8,505,-13393,163280,-0.08202474277315042,56.559839941797016,8,0,0,0,0,1,55.52,81.89,3.65,1,585f2e350a617a1358a33eb1099e19b65deed6c6a0b91a6e65cf687e79fb2ac1
ute-s-92,official,6,TBR,200,8,10,10,0,8,505,-13393,163280,-0.08202474277315042,56.559839941797016,8,0,0,0,0,1,52.51,76.05,3.7,1,585f2e350a617a1358a33eb1099e19b65deed6c6a0b91a6e65cf687e79fb2ac1
ute-s-92,official,6,RECOMPUTE,200,8,10,11,1,193,10760,-7293,163280,-0.0446656050955414,58.824663514005096,0,0,0,0,8,80,1364.02,1579.47,2.64,1,456bb61109d1d25c06b1cf3106e0fe6af8bcaf81113e98ea6af4f27332932826
ute-s-92,tight,7,TBR,200,3,10,10,0,3,226,-3537,157711,-0.022427097665983983,58.03455802109858,3,0,0,0,0,1,55.44,65.01,3.58,1,f6001fa3a57d12779196961a30d4011057dfddc32585445546b34686898d4b3b
ute-s-92,tight,7,TBR_B2,200,3,10,10,0,3,226,-3537,157711,-0.022427097665983983,58.03455802109858,3,0,0,0,0,1,42.6,51.4,3.78,1,f6001fa3a57d12779196961a30d4011057dfddc32585445546b34686898d4b3b
ute-s-92,tight,7,TBR_NOT2,200,3,10,10,0,3,226,-3537,157711,-0.022427097665983983,58.03455802109858,3,0,0,0,0,1,42.66,50.44,3.74,1,f6001fa3a57d12779196961a30d4011057dfddc32585445546b34686898d4b3b
ute-s-92,tight,7,RECOMPUTE,200,2,10,10,0,64,4011,1400,157711,0.00887699653163064,59.846853401236814,0,0,0,0,2,61,1545.84,1692.59,2.55,1,ef33d05453751ef6fbdb5d0d0d63b4aa8945f01559b1892079ff5df739317404
ute-s-92,tight,7,TBR_B4,200,3,10,10,0,3,226,-3537,157711,-0.022427097665983983,58.03455802109858,3,0,0,0,0,1,47.21,51.25,3.79,1,f6001fa3a57d12779196961a30d4011057dfddc32585445546b34686898d4b3b
ute-s-92,tight,7,SINGLE,200,3,10,10,0,3,226,-3537,157711,-0.022427097665983983,58.03455802109858,3,0,0,0,0,1,44.41,54.51,3.59,1,f6001fa3a57d12779196961a30d4011057dfddc32585445546b34686898d4b3b
ute-s-92,tight,7,TBR_B16,200,3,10,10,0,3,226,-3537,157711,-0.022427097665983983,58.03455802109858,3,0,0,0,0,1,44.77,54.51,3.71,1,f6001fa3a57d12779196961a30d4011057dfddc32585445546b34686898d4b3b
ute-s-92,tight,7,ONE_BLOCKER,200,3,10,10,0,3,226,-3537,157711,-0.022427097665983983,58.03455802109858,3,0,0,0,0,1,43.32,50.57,3.54,1,f6001fa3a57d12779196961a30d4011057dfddc32585445546b34686898d4b3b
ute-s-92,tight,7,TBR_B32,200,3,10,10,0,3,226,-3537,157711,-0.022427097665983983,58.03455802109858,3,0,0,0,0,1,47.69,51.44,3.66,1,f6001fa3a57d12779196961a30d4011057dfddc32585445546b34686898d4b3b
ute-s-92,tight,7,TBR_NOPROX,200,2,10,10,0,2,113,-1631,157711,-0.010341700959349697,58.76500545652965,2,0,0,0,0,1,27.93,31.5,3.55,1,0265ee459d93865fb91aa1579ff662513236046e6ee0347e0dfe2b0c8612b57f
ute-s-92,official,7,TBR,200,3,10,10,0,3,226,-3537,157711,-0.022427097665983983,58.03455802109858,3,0,0,0,0,1,42.77,51.92,3.56,1,f6001fa3a57d12779196961a30d4011057dfddc32585445546b34686898d4b3b
ute-s-92,official,7,TBR_B2,200,3,10,10,0,3,226,-3537,157711,-0.022427097665983983,58.03455802109858,3,0,0,0,0,1,53.52,63.41,3.62,1,f6001fa3a57d12779196961a30d4011057dfddc32585445546b34686898d4b3b
ute-s-92,official,7,TBR_NOT2,200,3,10,10,0,3,226,-3537,157711,-0.022427097665983983,58.03455802109858,3,0,0,0,0,1,44.6,58.4,3.61,1,f6001fa3a57d12779196961a30d4011057dfddc32585445546b34686898d4b3b
ute-s-92,official,7,RECOMPUTE,200,2,10,10,0,64,4011,1400,157711,0.00887699653163064,59.846853401236814,0,0,0,0,2,61,1481.99,1684.91,2.53,1,ef33d05453751ef6fbdb5d0d0d63b4aa8945f01559b1892079ff5df739317404
ute-s-92,official,7,TBR_B4,200,3,10,10,0,3,226,-3537,157711,-0.022427097665983983,58.03455802109858,3,0,0,0,0,1,45.46,53.22,3.73,1,f6001fa3a57d12779196961a30d4011057dfddc32585445546b34686898d4b3b
ute-s-92,official,7,SINGLE,200,3,10,10,0,3,226,-3537,157711,-0.022427097665983983,58.03455802109858,3,0,0,0,0,1,49.12,64.88,3.56,1,f6001fa3a57d12779196961a30d4011057dfddc32585445546b34686898d4b3b
ute-s-92,official,7,TBR_B16,200,3,10,10,0,3,226,-3537,157711,-0.022427097665983983,58.03455802109858,3,0,0,0,0,1,45.66,53.82,3.63,1,f6001fa3a57d12779196961a30d4011057dfddc32585445546b34686898d4b3b
ute-s-92,official,7,ONE_BLOCKER,200,3,10,10,0,3,226,-3537,157711,-0.022427097665983983,58.03455802109858,3,0,0,0,0,1,44.16,51.9,3.6,1,f6001fa3a57d12779196961a30d4011057dfddc32585445546b34686898d4b3b
ute-s-92,official,7,TBR_B32,200,3,10,10,0,3,226,-3537,157711,-0.022427097665983983,58.03455802109858,3,0,0,0,0,1,44.41,51.73,3.79,1,f6001fa3a57d12779196961a30d4011057dfddc32585445546b34686898d4b3b
ute-s-92,official,7,TBR_NOPROX,200,2,10,10,0,2,113,-1631,157711,-0.010341700959349697,58.76500545652965,2,0,0,0,0,1,27.65,29.62,3.59,1,0265ee459d93865fb91aa1579ff662513236046e6ee0347e0dfe2b0c8612b57f
ute-s-92,tight,8,SINGLE,200,4,10,11,1,4,145,-3091,157068,-0.01967937453841648,58.05383775918516,3,0,0,1,0,1,59.5,78.81,3.59,1,68eeeebaafb97129df7d0cdd5a474a014320fc318bfa053d9df5aae8249a1161
ute-s-92,tight,8,RECOMPUTE,200,5,10,11,1,135,6584,-1508,157068,-0.009600937173708203,58.58457620953074,0,0,0,0,5,60,1471.68,1542.28,2.6,1,e824c732276e99e043467822cfd2db08e324b03f1d05db35b9f0352c27d17dd0
ute-s-92,tight,8,TBR_NOPROX,200,4,10,10,0,5,184,-1874,157068,-0.011931138105788575,58.51473263004729,3,1,0,0,0,2,27.69,60.45,3.62,1,f4f9c9d3a5796ecbf882ec1a552c3344d01335d92d3713ee8bf80353d12bc0a1
ute-s-92,tight,8,TBR,200,4,10,10,0,5,184,-2603,157068,-0.016572439962309317,58.23863222990178,3,1,0,0,0,2,58.88,112.63,3.59,1,559171396790a3f12a7e95bc2b3029b00bf8636f17faded51f0edc25280ce886
ute-s-92,tight,8,TBR_NOT2,200,4,10,11,1,4,145,-3091,157068,-0.01967937453841648,58.05383775918516,3,0,0,1,0,1,77.01,211.0,3.59,1,68eeeebaafb97129df7d0cdd5a474a014320fc318bfa053d9df5aae8249a1161
ute-s-92,tight,8,TBR_B2,200,4,10,10,0,5,184,-2603,157068,-0.016572439962309317,58.23863222990178,3,1,0,0,0,2,60.49,113.61,3.77,1,559171396790a3f12a7e95bc2b3029b00bf8636f17faded51f0edc25280ce886
ute-s-92,tight,8,TBR_B32,200,4,10,10,0,5,184,-2603,157068,-0.016572439962309317,58.23863222990178,3,1,0,0,0,2,73.7,112.81,3.73,1,559171396790a3f12a7e95bc2b3029b00bf8636f17faded51f0edc25280ce886
ute-s-92,tight,8,TBR_B16,200,4,10,10,0,5,184,-2603,157068,-0.016572439962309317,58.23863222990178,3,1,0,0,0,2,84.76,120.66,3.81,1,559171396790a3f12a7e95bc2b3029b00bf8636f17faded51f0edc25280ce886
ute-s-92,tight,8,TBR_B4,200,4,10,10,0,5,184,-2603,157068,-0.016572439962309317,58.23863222990178,3,1,0,0,0,2,60.59,112.7,3.83,1,559171396790a3f12a7e95bc2b3029b00bf8636f17faded51f0edc25280ce886
ute-s-92,tight,8,ONE_BLOCKER,200,4,10,10,0,5,184,-2603,157068,-0.016572439962309317,58.23863222990178,3,1,0,0,0,2,60.26,110.32,3.7,1,559171396790a3f12a7e95bc2b3029b00bf8636f17faded51f0edc25280ce886
ute-s-92,official,8,SINGLE,200,4,10,11,1,4,145,-3091,157068,-0.01967937453841648,58.05383775918516,3,0,0,1,0,1,58.85,79.12,3.59,1,68eeeebaafb97129df7d0cdd5a474a014320fc318bfa053d9df5aae8249a1161
ute-s-92,official,8,RECOMPUTE,200,5,10,11,1,135,6584,-1508,157068,-0.009600937173708203,58.58457620953074,0,0,0,0,5,60,1585.72,2951.05,2.67,1,e824c732276e99e043467822cfd2db08e324b03f1d05db35b9f0352c27d17dd0
ute-s-92,official,8,TBR_NOPROX,200,4,10,10,0,5,184,-1874,157068,-0.011931138105788575,58.51473263004729,3,1,0,0,0,2,29.08,60.31,3.63,1,f4f9c9d3a5796ecbf882ec1a552c3344d01335d92d3713ee8bf80353d12bc0a1
ute-s-92,official,8,TBR,200,4,10,10,0,5,184,-2603,157068,-0.016572439962309317,58.23863222990178,3,1,0,0,0,2,59.97,112.16,3.69,1,559171396790a3f12a7e95bc2b3029b00bf8636f17faded51f0edc25280ce886
ute-s-92,official,8,TBR_NOT2,200,4,10,11,1,4,145,-3091,157068,-0.01967937453841648,58.05383775918516,3,0,0,1,0,1,77.01,234.38,3.7,1,68eeeebaafb97129df7d0cdd5a474a014320fc318bfa053d9df5aae8249a1161
ute-s-92,official,8,TBR_B2,200,4,10,10,0,5,184,-2603,157068,-0.016572439962309317,58.23863222990178,3,1,0,0,0,2,59.75,150.5,3.88,1,559171396790a3f12a7e95bc2b3029b00bf8636f17faded51f0edc25280ce886
ute-s-92,official,8,TBR_B32,200,4,10,10,0,5,184,-2603,157068,-0.016572439962309317,58.23863222990178,3,1,0,0,0,2,70.38,119.52,4.02,1,559171396790a3f12a7e95bc2b3029b00bf8636f17faded51f0edc25280ce886
ute-s-92,official,8,TBR_B16,200,4,10,10,0,5,184,-2603,157068,-0.016572439962309317,58.23863222990178,3,1,0,0,0,2,64.12,112.31,3.87,1,559171396790a3f12a7e95bc2b3029b00bf8636f17faded51f0edc25280ce886
ute-s-92,official,8,TBR_B4,200,4,10,10,0,5,184,-2603,157068,-0.016572439962309317,58.23863222990178,3,1,0,0,0,2,77.42,171.93,4.17,1,559171396790a3f12a7e95bc2b3029b00bf8636f17faded51f0edc25280ce886
ute-s-92,official,8,ONE_BLOCKER,200,4,10,10,0,5,184,-2603,157068,-0.016572439962309317,58.23863222990178,3,1,0,0,0,2,58.22,162.88,4.04,1,559171396790a3f12a7e95bc2b3029b00bf8636f17faded51f0edc25280ce886
ute-s-92,tight,9,TBR_B4,200,4,11,11,0,4,247,-3020,152884,-0.019753538630595747,56.44343397599127,4,0,0,0,0,1,61.51,131.18,4.03,1,4d502167899adb554e8910e6812bef3df7f9611aee9fd75d9d242998ccf28755
ute-s-92,tight,9,ONE_BLOCKER,200,4,11,11,0,4,247,-3020,152884,-0.019753538630595747,56.44343397599127,4,0,0,0,0,1,68.16,71.32,3.93,1,4d502167899adb554e8910e6812bef3df7f9611aee9fd75d9d242998ccf28755
ute-s-92,tight,9,SINGLE,200,4,11,11,0,4,247,-3020,152884,-0.019753538630595747,56.44343397599127,4,0,0,0,0,1,60.0,86.67,3.71,1,4d502167899adb554e8910e6812bef3df7f9611aee9fd75d9d242998ccf28755
ute-s-92,tight,9,TBR_NOPROX,200,4,11,11,0,4,247,-2015,152884,-0.013179927265116036,56.81265914878138,4,0,0,0,0,1,28.23,35.97,3.73,1,9e8bd068f2cd95b980d11398606f07fe6633ae1003e7aa7bd1e27468296af6a5
ute-s-92,tight,9,TBR_B16,200,4,11,11,0,4,247,-3020,152884,-0.019753538630595747,56.44343397599127,4,0,0,0,0,1,79.37,96.16,3.96,1,4d502167899adb554e8910e6812bef3df7f9611aee9fd75d9d242998ccf28755
ute-s-92,tight,9,TBR_B2,200,4,11,11,0,4,247,-3020,152884,-0.019753538630595747,56.44343397599127,4,0,0,0,0,1,69.33,168.61,4.01,1,4d502167899adb554e8910e6812bef3df7f9611aee9fd75d9d242998ccf28755
ute-s-92,tight,9,TBR,200,4,11,11,0,4,247,-3020,152884,-0.019753538630595747,56.44343397599127,4,0,0,0,0,1,57.17,80.02,3.75,1,4d502167899adb554e8910e6812bef3df7f9611aee9fd75d9d242998ccf28755
ute-s-92,tight,9,TBR_B32,200,4,11,11,0,4,247,-3020,152884,-0.019753538630595747,56.44343397599127,4,0,0,0,0,1,69.01,73.65,4.03,1,4d502167899adb554e8910e6812bef3df7f9611aee9fd75d9d242998ccf28755
ute-s-92,tight,9,RECOMPUTE,200,6,11,11,0,120,5506,3461,152884,0.02263807854320923,58.824663514005096,0,0,0,0,6,52,1633.16,1972.85,2.72,1,26632a817a516b81163a6bb3203541c0f06dfd86304a5274653e53b34afc2505
ute-s-92,tight,9,TBR_NOT2,200,4,11,11,0,4,247,-3020,152884,-0.019753538630595747,56.44343397599127,4,0,0,0,0,1,72.81,112.68,3.98,1,4d502167899adb554e8910e6812bef3df7f9611aee9fd75d9d242998ccf28755
ute-s-92,official,9,TBR_B4,200,4,11,11,0,4,247,-3020,152884,-0.019753538630595747,56.44343397599127,4,0,0,0,0,1,69.3,77.46,3.88,1,4d502167899adb554e8910e6812bef3df7f9611aee9fd75d9d242998ccf28755
ute-s-92,official,9,ONE_BLOCKER,200,4,11,11,0,4,247,-3020,152884,-0.019753538630595747,56.44343397599127,4,0,0,0,0,1,59.99,249.14,3.87,1,4d502167899adb554e8910e6812bef3df7f9611aee9fd75d9d242998ccf28755
ute-s-92,official,9,SINGLE,200,4,11,11,0,4,247,-3020,152884,-0.019753538630595747,56.44343397599127,4,0,0,0,0,1,57.3,68.56,3.63,1,4d502167899adb554e8910e6812bef3df7f9611aee9fd75d9d242998ccf28755
ute-s-92,official,9,TBR_NOPROX,200,4,11,11,0,4,247,-2015,152884,-0.013179927265116036,56.81265914878138,4,0,0,0,0,1,25.08,34.04,3.62,1,9e8bd068f2cd95b980d11398606f07fe6633ae1003e7aa7bd1e27468296af6a5
ute-s-92,official,9,TBR_B16,200,4,11,11,0,4,247,-3020,152884,-0.019753538630595747,56.44343397599127,4,0,0,0,0,1,58.95,67.39,3.76,1,4d502167899adb554e8910e6812bef3df7f9611aee9fd75d9d242998ccf28755
ute-s-92,official,9,TBR_B2,200,4,11,11,0,4,247,-3020,152884,-0.019753538630595747,56.44343397599127,4,0,0,0,0,1,57.4,68.49,3.71,1,4d502167899adb554e8910e6812bef3df7f9611aee9fd75d9d242998ccf28755
ute-s-92,official,9,TBR,200,4,11,11,0,4,247,-3020,152884,-0.019753538630595747,56.44343397599127,4,0,0,0,0,1,58.85,68.2,3.59,1,4d502167899adb554e8910e6812bef3df7f9611aee9fd75d9d242998ccf28755
ute-s-92,official,9,TBR_B32,200,4,11,11,0,4,247,-3020,152884,-0.019753538630595747,56.44343397599127,4,0,0,0,0,1,58.74,65.9,3.84,1,4d502167899adb554e8910e6812bef3df7f9611aee9fd75d9d242998ccf28755
ute-s-92,official,9,RECOMPUTE,200,6,11,11,0,120,5506,3461,152884,0.02263807854320923,58.824663514005096,0,0,0,0,6,52,1437.48,1860.05,2.54,1,26632a817a516b81163a6bb3203541c0f06dfd86304a5274653e53b34afc2505
ute-s-92,official,9,TBR_NOT2,200,4,11,11,0,4,247,-3020,152884,-0.019753538630595747,56.44343397599127,4,0,0,0,0,1,58.92,95.68,3.59,1,4d502167899adb554e8910e6812bef3df7f9611aee9fd75d9d242998ccf28755
yor-f-83,tight,0,RECOMPUTE,200,2,20,20,0,90,2495,-611,55836,-0.010942760942760943,62.674814027630184,0,0,0,0,2,49,4786.25,5075.48,3.49,1,c473ee19d10da37ee586b5f88bc10d7b26c5636d2b9dcea296d9953980141107
yor-f-83,tight,0,ONE_BLOCKER,200,5,20,20,0,6,120,-867,55836,-0.015527616591446379,62.34537725823592,4,1,0,0,0,2,66.42,335.76,4.4,1,25b143408edc79b4d573c8387b28b29ae09c140a827ffda71f1bfbe9176162ab
yor-f-83,tight,0,SINGLE,200,5,20,21,1,5,104,-965,55836,-0.01728275664445877,62.24017003188098,4,0,0,1,0,1,61.18,107.34,4.37,1,b1eb58d8b1b872dcfea9ff61430142fd54d4967d2f7320d1a82eae0559f8f685
yor-f-83,tight,0,TBR_B16,200,5,20,20,0,6,120,-867,55836,-0.015527616591446379,62.34537725823592,4,1,0,0,0,2,64.61,256.21,4.49,1,25b143408edc79b4d573c8387b28b29ae09c140a827ffda71f1bfbe9176162ab
yor-f-83,tight,0,TBR_B2,200,5,20,20,0,6,120,-867,55836,-0.015527616591446379,62.34537725823592,4,1,0,0,0,2,63.89,276.85,4.47,1,25b143408edc79b4d573c8387b28b29ae09c140a827ffda71f1bfbe9176162ab
yor-f-83,tight,0,TBR_B4,200,5,20,20,0,6,120,-867,55836,-0.015527616591446379,62.34537725823592,4,1,0,0,0,2,64.29,260.25,4.55,1,25b143408edc79b4d573c8387b28b29ae09c140a827ffda71f1bfbe9176162ab
yor-f-83,tight,0,TBR_NOT2,200,5,20,21,1,5,104,-965,55836,-0.01728275664445877,62.24017003188098,4,0,0,1,0,1,77.05,844.83,4.41,1,b1eb58d8b1b872dcfea9ff61430142fd54d4967d2f7320d1a82eae0559f8f685
yor-f-83,tight,0,TBR,200,5,20,20,0,6,120,-867,55836,-0.015527616591446379,62.34537725823592,4,1,0,0,0,2,61.63,253.88,4.36,1,25b143408edc79b4d573c8387b28b29ae09c140a827ffda71f1bfbe9176162ab
yor-f-83,tight,0,TBR_NOPROX,200,5,20,20,0,6,120,-659,55836,-0.011802421376889463,62.57917109458023,4,1,0,0,0,2,30.51,78.68,4.38,1,494c9672b2c83f792d80cba1f8ae9ab7a32972d9f7c538e09b49c0e55f2117cb
yor-f-83,tight,0,TBR_B32,200,5,20,20,0,6,120,-867,55836,-0.015527616591446379,62.34537725823592,4,1,0,0,0,2,66.46,260.6,4.49,1,25b143408edc79b4d573c8387b28b29ae09c140a827ffda71f1bfbe9176162ab
yor-f-83,official,0,RECOMPUTE,200,2,21,21,0,90,2495,-611,55836,-0.010942760942760943,62.674814027630184,0,0,0,0,2,49,4354.86,4359.55,3.39,1,ae8ce943bc61369f9aa5ef3ab6c5471289143a50820ab5a79bb191233c376798
yor-f-83,official,0,ONE_BLOCKER,200,5,21,21,0,5,104,-1035,55836,-0.018536428110896196,62.15940488841658,5,0,0,0,0,1,120.43,556.99,4.42,1,89ec4035185a1ad90362d171c9abb9f554b10e8a0f0065b107b9f9c99ca8aff5
yor-f-83,official,0,SINGLE,200,5,21,21,0,5,104,-1035,55836,-0.018536428110896196,62.15940488841658,5,0,0,0,0,1,122.6,135.77,4.32,1,89ec4035185a1ad90362d171c9abb9f554b10e8a0f0065b107b9f9c99ca8aff5
yor-f-83,official,0,TBR_B16,200,5,21,21,0,5,104,-1035,55836,-0.018536428110896196,62.15940488841658,5,0,0,0,0,1,119.52,152.67,4.49,1,89ec4035185a1ad90362d171c9abb9f554b10e8a0f0065b107b9f9c99ca8aff5
yor-f-83,official,0,TBR_B2,200,5,21,21,0,5,104,-1035,55836,-0.018536428110896196,62.15940488841658,5,0,0,0,0,1,113.6,132.37,4.58,1,89ec4035185a1ad90362d171c9abb9f554b10e8a0f0065b107b9f9c99ca8aff5
yor-f-83,official,0,TBR_B4,200,5,21,21,0,5,104,-1035,55836,-0.018536428110896196,62.15940488841658,5,0,0,0,0,1,124.85,141.29,4.47,1,89ec4035185a1ad90362d171c9abb9f554b10e8a0f0065b107b9f9c99ca8aff5
yor-f-83,official,0,TBR_NOT2,200,5,21,21,0,5,104,-1035,55836,-0.018536428110896196,62.15940488841658,5,0,0,0,0,1,117.32,149.36,4.29,1,89ec4035185a1ad90362d171c9abb9f554b10e8a0f0065b107b9f9c99ca8aff5
yor-f-83,official,0,TBR,200,5,21,21,0,5,104,-1035,55836,-0.018536428110896196,62.15940488841658,5,0,0,0,0,1,120.62,502.28,4.35,1,89ec4035185a1ad90362d171c9abb9f554b10e8a0f0065b107b9f9c99ca8aff5
yor-f-83,official,0,TBR_NOPROX,200,5,21,21,0,5,104,-772,55836,-0.013826205315567018,62.46333687566419,5,0,0,0,0,1,33.22,39.95,4.29,1,802a0058d7cf8cc4ffc82b628ac0823819591d09ad0e916f5b05452ea3a6417a
yor-f-83,official,0,TBR_B32,200,5,21,21,0,5,104,-1035,55836,-0.018536428110896196,62.15940488841658,5,0,0,0,0,1,121.38,148.66,4.5,1,89ec4035185a1ad90362d171c9abb9f554b10e8a0f0065b107b9f9c99ca8aff5
yor-f-83,tight,1,TBR_B32,200,8,21,21,0,10,182,-2039,54683,-0.03728763966863559,59.75876726886291,6,2,0,0,0,2,105.04,258.96,4.71,1,ffeb7f92755af23b98bfea9a03240b3257f999fa35b20af71ecfc5758480653e
yor-f-83,tight,1,TBR_B4,200,8,21,21,0,10,182,-2039,54683,-0.03728763966863559,59.75876726886291,6,2,0,0,0,2,105.52,262.0,4.62,1,ffeb7f92755af23b98bfea9a03240b3257f999fa35b20af71ecfc5758480653e
yor-f-83,tight,1,ONE_BLOCKER,200,8,21,21,0,10,182,-2039,54683,-0.03728763966863559,59.75876726886291,6,2,0,0,0,2,104.67,261.71,4.47,1,ffeb7f92755af23b98bfea9a03240b3257f999fa35b20af71ecfc5758480653e
yor-f-83,tight,1,TBR,200,8,21,21,0,10,182,-2039,54683,-0.03728763966863559,59.75876726886291,6,2,0,0,0,2,104.94,263.34,4.45,1,ffeb7f92755af23b98bfea9a03240b3257f999fa35b20af71ecfc5758480653e
yor-f-83,tight,1,TBR_B2,200,8,21,21,0,10,182,-2039,54683,-0.03728763966863559,59.75876726886291,6,2,0,0,0,2,102.19,302.24,4.54,1,ffeb7f92755af23b98bfea9a03240b3257f999fa35b20af71ecfc5758480653e
yor-f-83,tight,1,TBR_NOPROX,200,8,21,21,0,9,169,-1552,54683,-0.028381763985150778,60.311370882040386,7,1,0,0,0,2,33.4,62.98,4.51,1,4b2dd77953b76324a3802678beb045453e80ca88829e4ea830a51d738cf1f795
yor-f-83,tight,1,RECOMPUTE,200,10,21,22,1,592,16330,-5691,54683,-0.10407256368524039,55.792773645058446,0,0,0,0,10,119,4695.14,5445.87,3.77,1,6ac71b9ab92fef2c3a23e740962ef7ce14a907fc93b8b3f425251ad7b34f2dca
yor-f-83,tight,1,TBR_B16,200,8,21,21,0,10,182,-2039,54683,-0.03728763966863559,59.75876726886291,6,2,0,0,0,2,99.8,257.07,4.5,1,ffeb7f92755af23b98bfea9a03240b3257f999fa35b20af71ecfc5758480653e
yor-f-83,tight,1,SINGLE,200,8,21,23,2,8,155,-2434,54683,-0.04451109119836146,59.32731137088204,6,0,0,2,0,1,62.08,157.31,4.48,1,09ddf00f56851751121784a81ff9e2e153056ad851b1b4b6520c20b25d8d0e9b
yor-f-83,tight,1,TBR_NOT2,200,8,21,22,1,9,168,-2091,54683,-0.038238575059890645,59.70775770456961,6,0,1,1,0,2,105.39,993.41,4.47,1,6e0848e0ff8f696fde69c32d6ba8cfc2bc412cc57bdda65c97cde04c7c7b092a
yor-f-83,official,1,TBR_B32,200,8,21,21,0,10,182,-2039,54683,-0.03728763966863559,59.75876726886291,6,2,0,0,0,2,108.07,277.01,4.71,1,ffeb7f92755af23b98bfea9a03240b3257f999fa35b20af71ecfc5758480653e
yor-f-83,official,1,TBR_B4,200,8,21,21,0,10,182,-2039,54683,-0.03728763966863559,59.75876726886291,6,2,0,0,0,2,102.03,255.84,4.45,1,ffeb7f92755af23b98bfea9a03240b3257f999fa35b20af71ecfc5758480653e
yor-f-83,official,1,ONE_BLOCKER,200,8,21,21,0,10,182,-2039,54683,-0.03728763966863559,59.75876726886291,6,2,0,0,0,2,100.82,247.24,4.33,1,ffeb7f92755af23b98bfea9a03240b3257f999fa35b20af71ecfc5758480653e
yor-f-83,official,1,TBR,200,8,21,21,0,10,182,-2039,54683,-0.03728763966863559,59.75876726886291,6,2,0,0,0,2,112.02,268.36,4.33,1,ffeb7f92755af23b98bfea9a03240b3257f999fa35b20af71ecfc5758480653e
yor-f-83,official,1,TBR_B2,200,8,21,21,0,10,182,-2039,54683,-0.03728763966863559,59.75876726886291,6,2,0,0,0,2,100.54,252.17,4.56,1,ffeb7f92755af23b98bfea9a03240b3257f999fa35b20af71ecfc5758480653e
yor-f-83,official,1,TBR_NOPROX,200,8,21,21,0,9,169,-1552,54683,-0.028381763985150778,60.311370882040386,7,1,0,0,0,2,31.15,60.74,4.33,1,4b2dd77953b76324a3802678beb045453e80ca88829e4ea830a51d738cf1f795
yor-f-83,official,1,RECOMPUTE,200,10,21,22,1,592,16330,-5691,54683,-0.10407256368524039,55.792773645058446,0,0,0,0,10,119,4578.33,5270.15,3.66,1,6ac71b9ab92fef2c3a23e740962ef7ce14a907fc93b8b3f425251ad7b34f2dca
yor-f-83,official,1,TBR_B16,200,8,21,21,0,10,182,-2039,54683,-0.03728763966863559,59.75876726886291,6,2,0,0,0,2,115.7,274.84,4.57,1,ffeb7f92755af23b98bfea9a03240b3257f999fa35b20af71ecfc5758480653e
yor-f-83,official,1,SINGLE,200,8,21,23,2,8,155,-2434,54683,-0.04451109119836146,59.32731137088204,6,0,0,2,0,1,62.69,149.6,4.42,1,09ddf00f56851751121784a81ff9e2e153056ad851b1b4b6520c20b25d8d0e9b
yor-f-83,official,1,TBR_NOT2,200,8,21,22,1,9,168,-2091,54683,-0.038238575059890645,59.70775770456961,6,0,1,1,0,2,114.66,1038.7,4.46,1,6e0848e0ff8f696fde69c32d6ba8cfc2bc412cc57bdda65c97cde04c7c7b092a
yor-f-83,tight,2,TBR_B16,200,6,19,21,2,6,177,-2701,55871,-0.0483435055753432,60.5249734325186,4,0,0,2,0,1,107.7,3513.13,4.53,1,aeabc1a79917244609a19b5510c19ec87a8ea374db9482f4dc55bb8058700afe
yor-f-83,tight,2,TBR_B4,200,6,19,21,2,6,177,-2701,55871,-0.0483435055753432,60.5249734325186,4,0,0,2,0,1,101.79,619.33,4.47,1,aeabc1a79917244609a19b5510c19ec87a8ea374db9482f4dc55bb8058700afe
yor-f-83,tight,2,TBR_B32,200,6,19,21,2,6,177,-2701,55871,-0.0483435055753432,60.5249734325186,4,0,0,2,0,1,113.73,4744.21,4.38,1,aeabc1a79917244609a19b5510c19ec87a8ea374db9482f4dc55bb8058700afe
yor-f-83,tight,2,TBR_NOT2,200,6,19,21,2,6,177,-2701,55871,-0.0483435055753432,60.5249734325186,4,0,0,2,0,1,102.37,1108.71,4.21,1,aeabc1a79917244609a19b5510c19ec87a8ea374db9482f4dc55bb8058700afe
yor-f-83,tight,2,ONE_BLOCKER,200,6,19,21,2,6,177,-2701,55871,-0.0483435055753432,60.5249734325186,4,0,0,2,0,1,101.26,199.0,4.27,1,aeabc1a79917244609a19b5510c19ec87a8ea374db9482f4dc55bb8058700afe
yor-f-83,tight,2,TBR,200,6,19,21,2,6,177,-2701,55871,-0.0483435055753432,60.5249734325186,4,0,0,2,0,1,103.79,1280.4,4.21,1,aeabc1a79917244609a19b5510c19ec87a8ea374db9482f4dc55bb8058700afe
yor-f-83,tight,2,TBR_NOPROX,200,6,19,21,2,6,177,-2464,55871,-0.044101591165363066,60.76408076514346,4,0,0,2,0,1,38.21,1161.24,4.29,1,6ae69b2be0e2b1e25af158d2a36420bc3e2968f1fa550ba0a4faab48fefe4a7b
yor-f-83,tight,2,SINGLE,200,6,19,21,2,6,177,-2701,55871,-0.0483435055753432,60.5249734325186,4,0,0,2,0,1,67.12,122.47,4.33,1,aeabc1a79917244609a19b5510c19ec87a8ea374db9482f4dc55bb8058700afe
yor-f-83,tight,2,RECOMPUTE,200,8,19,21,2,436,13221,-4126,55871,-0.07384868715433766,58.910733262486715,0,0,0,0,8,114,4365.7,5117.97,3.73,1,73673d81e18d6a9aebe41772faa5e5b784c836aa3998434bc29dda677fee46f3
yor-f-83,tight,2,TBR_B2,200,6,19,21,2,6,177,-2701,55871,-0.0483435055753432,60.5249734325186,4,0,0,2,0,1,103.53,194.6,4.54,1,aeabc1a79917244609a19b5510c19ec87a8ea374db9482f4dc55bb8058700afe
yor-f-83,official,2,TBR_B16,200,6,21,21,0,6,177,-3175,55871,-0.056827334395303464,60.024442082890545,6,0,0,0,0,1,135.89,204.26,4.79,1,2ad83b81b3b951ea8dd96d67838115994d171adea42cc4c5fa55c2878f57feda
yor-f-83,official,2,TBR_B4,200,6,21,21,0,6,177,-3175,55871,-0.056827334395303464,60.024442082890545,6,0,0,0,0,1,139.0,213.27,4.53,1,2ad83b81b3b951ea8dd96d67838115994d171adea42cc4c5fa55c2878f57feda
yor-f-83,official,2,TBR_B32,200,6,21,21,0,6,177,-3175,55871,-0.056827334395303464,60.024442082890545,6,0,0,0,0,1,136.54,169.66,4.75,1,2ad83b81b3b951ea8dd96d67838115994d171adea42cc4c5fa55c2878f57feda
yor-f-83,official,2,TBR_NOT2,200,6,21,21,0,6,177,-3175,55871,-0.056827334395303464,60.024442082890545,6,0,0,0,0,1,152.3,172.58,4.32,1,2ad83b81b3b951ea8dd96d67838115994d171adea42cc4c5fa55c2878f57feda
yor-f-83,official,2,ONE_BLOCKER,200,6,21,21,0,6,177,-3175,55871,-0.056827334395303464,60.024442082890545,6,0,0,0,0,1,141.74,166.23,4.77,1,2ad83b81b3b951ea8dd96d67838115994d171adea42cc4c5fa55c2878f57feda
yor-f-83,official,2,TBR,200,6,21,21,0,6,177,-3175,55871,-0.056827334395303464,60.024442082890545,6,0,0,0,0,1,135.57,168.62,4.4,1,2ad83b81b3b951ea8dd96d67838115994d171adea42cc4c5fa55c2878f57feda
yor-f-83,official,2,TBR_NOPROX,200,6,21,21,0,6,177,-2464,55871,-0.044101591165363066,60.76408076514346,6,0,0,0,0,1,36.02,43.9,4.33,1,45ee1e3c6ae605eb6d9c001ae2bd5b5df55527f1e926f42765c5a2084ee381a8
yor-f-83,official,2,SINGLE,200,6,21,21,0,6,177,-3175,55871,-0.056827334395303464,60.024442082890545,6,0,0,0,0,1,137.46,184.29,4.28,1,2ad83b81b3b951ea8dd96d67838115994d171adea42cc4c5fa55c2878f57feda
yor-f-83,official,2,RECOMPUTE,200,8,21,21,0,436,13221,-4126,55871,-0.07384868715433766,58.910733262486715,0,0,0,0,8,114,4320.28,4903.85,3.6,1,95e9ab33ca1af08fc3ca9ca2ff795710eeeaa47e119a08e4e20d55f8bf86bd0b
yor-f-83,official,2,TBR_B2,200,6,21,21,0,6,177,-3175,55871,-0.056827334395303464,60.024442082890545,6,0,0,0,0,1,137.9,169.43,4.61,1,2ad83b81b3b951ea8dd96d67838115994d171adea42cc4c5fa55c2878f57feda
yor-f-83,tight,3,TBR_B16,200,7,20,21,1,8,248,-2380,58281,-0.0408366362965632,63.12008501594049,5,1,0,1,0,2,135.27,2333.29,4.62,1,413391976aca679e4dfd90f4130b2fd3dbf666bd208186a0988670f99b8a2863
yor-f-83,tight,3,TBR_NOPROX,200,7,20,21,1,7,180,-1394,58281,-0.02391860125941559,64.24017003188098,6,0,0,1,0,1,37.63,744.4,4.42,1,f607a4aaf27e2fa19c5283a3d6bd0296231d8ad8e287d48f7a631bbbb9427826
yor-f-83,tight,3,TBR_B4,200,7,20,21,1,8,248,-2380,58281,-0.0408366362965632,63.12008501594049,5,1,0,1,0,2,137.88,516.32,4.67,1,413391976aca679e4dfd90f4130b2fd3dbf666bd208186a0988670f99b8a2863
yor-f-83,tight,3,ONE_BLOCKER,200,7,20,21,1,8,248,-2380,58281,-0.0408366362965632,63.12008501594049,5,1,0,1,0,2,160.58,223.19,4.57,1,413391976aca679e4dfd90f4130b2fd3dbf666bd208186a0988670f99b8a2863
yor-f-83,tight,3,TBR_NOT2,200,7,20,21,1,10,307,-3139,58281,-0.05385974846004701,62.210414452709884,5,0,1,1,0,4,136.09,1070.31,4.43,1,bcb572e263f32b9c5584edae69e0924857a429f6f12383e8dc1f8fe11c9b78a3
yor-f-83,tight,3,TBR_B32,200,7,20,21,1,8,248,-2380,58281,-0.0408366362965632,63.12008501594049,5,1,0,1,0,2,134.07,3402.62,4.58,1,413391976aca679e4dfd90f4130b2fd3dbf666bd208186a0988670f99b8a2863
yor-f-83,tight,3,SINGLE,200,7,20,21,1,7,180,-1748,58281,-0.029992621952265746,63.806588735387884,6,0,0,1,0,1,103.76,158.97,4.34,1,edb7d697fdac2dcf3dbb6a5e2239168b5ef34633d3068a070c285bdb5a2dd6ff
yor-f-83,tight,3,TBR_B2,200,7,20,21,1,8,248,-2380,58281,-0.0408366362965632,63.12008501594049,5,1,0,1,0,2,131.1,227.63,4.51,1,413391976aca679e4dfd90f4130b2fd3dbf666bd208186a0988670f99b8a2863
yor-f-83,tight,3,TBR,200,7,20,21,1,8,248,-2380,58281,-0.0408366362965632,63.12008501594049,5,1,0,1,0,2,137.68,879.49,4.49,1,413391976aca679e4dfd90f4130b2fd3dbf666bd208186a0988670f99b8a2863
yor-f-83,tight,3,RECOMPUTE,200,18,20,22,2,937,28200,-11610,58281,-0.1992072888248314,53.09989373007439,0,0,0,0,18,128,4103.6,4978.02,3.87,1,a1ca81e287e7d20c8fc74edd5b247d0b44220013d203dfb8f48f241906d50fda
yor-f-83,official,3,TBR_B16,200,7,21,21,0,8,194,-1592,58281,-0.02731593486728093,63.964930924548355,6,1,0,0,0,2,135.79,297.8,4.51,1,f7c35c7354aac567ac4cfbe6927e502a64f75d1d6132359453c88b46b5542035
yor-f-83,official,3,TBR_NOPROX,200,7,21,21,0,7,180,-1394,58281,-0.02391860125941559,64.24017003188098,7,0,0,0,0,1,39.62,95.58,4.42,1,e9644a1fe630691c1d559c1d13a014f787a92dc0fbec2f464e92d50ba26ed4c1
yor-f-83,official,3,TBR_B4,200,7,21,21,0,8,194,-1592,58281,-0.02731593486728093,63.964930924548355,6,1,0,0,0,2,133.58,274.09,4.49,1,f7c35c7354aac567ac4cfbe6927e502a64f75d1d6132359453c88b46b5542035
yor-f-83,official,3,ONE_BLOCKER,200,7,21,21,0,8,194,-1592,58281,-0.02731593486728093,63.964930924548355,6,1,0,0,0,2,131.99,265.25,4.37,1,f7c35c7354aac567ac4cfbe6927e502a64f75d1d6132359453c88b46b5542035
yor-f-83,official,3,TBR_NOT2,200,7,21,22,1,7,180,-1832,58281,-0.0314339149980268,63.70988310308183,6,0,0,1,0,1,136.7,891.92,4.22,1,ccd8add0ffd9c54621122d4022576f08b2338213b1e81b6cc558bda8d9a4aabb
yor-f-83,official,3,TBR_B32,200,7,21,21,0,8,194,-1592,58281,-0.02731593486728093,63.964930924548355,6,1,0,0,0,2,143.64,285.95,4.49,1,f7c35c7354aac567ac4cfbe6927e502a64f75d1d6132359453c88b46b5542035
yor-f-83,official,3,SINGLE,200,7,21,22,1,7,180,-1832,58281,-0.0314339149980268,63.70988310308183,6,0,0,1,0,1,117.22,141.54,4.31,1,ccd8add0ffd9c54621122d4022576f08b2338213b1e81b6cc558bda8d9a4aabb
yor-f-83,official,3,TBR_B2,200,7,21,21,0,8,194,-1592,58281,-0.02731593486728093,63.964930924548355,6,1,0,0,0,2,146.3,269.32,4.55,1,f7c35c7354aac567ac4cfbe6927e502a64f75d1d6132359453c88b46b5542035
yor-f-83,official,3,TBR,200,7,21,21,0,8,194,-1592,58281,-0.02731593486728093,63.964930924548355,6,1,0,0,0,2,135.76,275.59,4.29,1,f7c35c7354aac567ac4cfbe6927e502a64f75d1d6132359453c88b46b5542035
yor-f-83,official,3,RECOMPUTE,200,18,21,22,1,937,28200,-11610,58281,-0.1992072888248314,53.09989373007439,0,0,0,0,18,128,4121.65,4927.67,4.13,1,1de503fe4365f4570af9af399e1aa158d15de830556cb5e6034cda6494f3588d
yor-f-83,tight,4,TBR,200,11,20,21,1,12,306,-4806,57601,-0.08343605145743997,60.00318809776833,9,1,0,1,0,2,109.89,743.55,4.52,1,e19ec473dc78c0cf3b7224e4f02a5f500192a4c7bc0db01c3d3868f887e1131b
yor-f-83,tight,4,TBR_B16,200,11,20,21,1,12,306,-4806,57601,-0.08343605145743997,60.00318809776833,9,1,0,1,0,2,112.03,1869.64,4.62,1,e19ec473dc78c0cf3b7224e4f02a5f500192a4c7bc0db01c3d3868f887e1131b
yor-f-83,tight,4,RECOMPUTE,200,10,20,22,2,604,18266,-12955,57601,-0.22490928976927485,51.212539851222104,0,0,0,0,10,122,4447.17,5054.79,3.83,1,cb5e7328be035fe001af4d87b70f0652819a555f475a37df558f2969582d2efb
yor-f-83,tight,4,ONE_BLOCKER,200,11,20,21,1,12,306,-4806,57601,-0.08343605145743997,60.00318809776833,9,1,0,1,0,2,110.82,234.19,4.5,1,e19ec473dc78c0cf3b7224e4f02a5f500192a4c7bc0db01c3d3868f887e1131b
yor-f-83,tight,4,TBR_NOPROX,200,11,20,21,1,12,306,-4257,57601,-0.07390496692765751,60.60361317747078,9,1,0,1,0,2,33.04,629.31,4.57,1,a4c654e2c2d3189dc635c967cdccb10b12d49130c5677765fe804a2076420fa9
yor-f-83,tight,4,TBR_NOT2,200,11,20,22,2,12,278,-3749,57601,-0.06508567559590979,61.12646121147715,8,0,1,2,0,2,116.44,980.83,4.44,1,83ac8bd83dc9187d59ef5a70101c7d5cc7ffb51e1046ce7fe7367ef4606da121
yor-f-83,tight,4,TBR_B2,200,11,20,21,1,12,306,-4806,57601,-0.08343605145743997,60.00318809776833,9,1,0,1,0,2,114.77,254.14,4.69,1,e19ec473dc78c0cf3b7224e4f02a5f500192a4c7bc0db01c3d3868f887e1131b
yor-f-83,tight,4,SINGLE,200,11,20,22,2,11,253,-4138,57601,-0.0718390305723859,60.71200850159405,9,0,0,2,0,1,59.14,121.89,4.5,1,275c8ab6b0ede27917f07acd82e933b55f90118b6ed5ee9f8b113749f9a4ff22
yor-f-83,tight,4,TBR_B4,200,11,20,21,1,12,306,-4806,57601,-0.08343605145743997,60.00318809776833,9,1,0,1,0,2,110.93,449.04,4.64,1,e19ec473dc78c0cf3b7224e4f02a5f500192a4c7bc0db01c3d3868f887e1131b
yor-f-83,tight,4,TBR_B32,200,11,20,21,1,12,306,-4806,57601,-0.08343605145743997,60.00318809776833,9,1,0,1,0,2,110.9,2440.98,4.66,1,e19ec473dc78c0cf3b7224e4f02a5f500192a4c7bc0db01c3d3868f887e1131b
yor-f-83,official,4,TBR,200,11,21,21,0,12,269,-3979,57601,-0.06907866182878769,60.89479277364506,10,1,0,0,0,2,99.94,244.15,4.52,1,956510bd3844e242df1cdc7474437f72532612295bb7be30495339a812be7a70
yor-f-83,official,4,TBR_B16,200,11,21,21,0,12,269,-3979,57601,-0.06907866182878769,60.89479277364506,10,1,0,0,0,2,102.62,241.13,4.67,1,956510bd3844e242df1cdc7474437f72532612295bb7be30495339a812be7a70
yor-f-83,official,4,RECOMPUTE,200,10,21,22,1,604,18266,-12955,57601,-0.22490928976927485,51.212539851222104,0,0,0,0,10,122,4478.85,5126.53,4.0,1,4604809b6380da1491e246ecbdbe5c0c83427e3636c50818dcd3167f2bcda7ca
yor-f-83,official,4,ONE_BLOCKER,200,11,21,21,0,12,269,-3979,57601,-0.06907866182878769,60.89479277364506,10,1,0,0,0,2,109.56,248.15,4.44,1,956510bd3844e242df1cdc7474437f72532612295bb7be30495339a812be7a70
yor-f-83,official,4,TBR_NOPROX,200,11,21,21,0,11,253,-3725,57601,-0.06466901616291384,61.18278427205101,11,0,0,0,0,1,33.09,51.65,4.47,1,f8ecf785491cf6a28b30399d4de398a90fca7818aa45aa51e3871433743868a9
yor-f-83,official,4,TBR_NOT2,200,11,21,21,0,12,278,-3599,57601,-0.06248155413968508,61.28161530286929,10,0,1,0,0,2,107.21,551.65,4.54,1,051222f06b2c6c7ff7cc3fc4a3784bcf200517734a408e6938d38cc334133471
yor-f-83,official,4,TBR_B2,200,11,21,21,0,12,269,-3979,57601,-0.06907866182878769,60.89479277364506,10,1,0,0,0,2,102.32,261.28,4.85,1,956510bd3844e242df1cdc7474437f72532612295bb7be30495339a812be7a70
yor-f-83,official,4,SINGLE,200,11,21,22,1,11,253,-4241,57601,-0.07362719397232687,60.59936238044634,10,0,0,1,0,1,60.53,169.58,4.52,1,312af3ad4b8ca43c72e6f8f660bbd6478cf82ac7d623c03d921b8b114f4f3a8e
yor-f-83,official,4,TBR_B4,200,11,21,21,0,12,269,-3979,57601,-0.06907866182878769,60.89479277364506,10,1,0,0,0,2,108.23,242.95,4.74,1,956510bd3844e242df1cdc7474437f72532612295bb7be30495339a812be7a70
yor-f-83,official,4,TBR_B32,200,11,21,21,0,12,269,-3979,57601,-0.06907866182878769,60.89479277364506,10,1,0,0,0,2,103.61,317.25,4.71,1,956510bd3844e242df1cdc7474437f72532612295bb7be30495339a812be7a70
yor-f-83,tight,5,TBR_NOPROX,200,12,20,21,1,14,300,-1889,55063,-0.03430615840037775,60.23591923485654,9,2,0,1,0,2,34.3,593.34,4.42,1,c740b202ce12dbefdf1b258f4814fc467060e33a1b80947ce122c5c712e6bfbf
yor-f-83,tight,5,TBR_NOT2,200,11,20,22,2,11,260,-2915,55063,-0.05293936036903184,59.00106269925611,9,0,0,2,0,1,103.64,1127.15,4.37,1,4ec2294f25cc1a10c88a4456c49a9f3f578029aefc4c315425268cb514ac3ab5
yor-f-83,tight,5,TBR_B32,200,11,20,21,1,13,304,-2639,55063,-0.0479269200733705,59.35281615302869,8,2,0,1,0,2,103.83,2296.52,4.62,1,90316d2207086565dc3d92c675444e8e79e9fa244798bd3454980d6181c46436
yor-f-83,tight,5,TBR,200,11,20,21,1,13,304,-2639,55063,-0.0479269200733705,59.35281615302869,8,2,0,1,0,2,97.68,785.3,4.49,1,90316d2207086565dc3d92c675444e8e79e9fa244798bd3454980d6181c46436
yor-f-83,tight,5,TBR_B2,200,11,20,21,1,13,304,-2639,55063,-0.0479269200733705,59.35281615302869,8,2,0,1,0,2,98.18,250.64,4.61,1,90316d2207086565dc3d92c675444e8e79e9fa244798bd3454980d6181c46436
yor-f-83,tight,5,RECOMPUTE,200,14,20,22,2,781,22547,-5391,55063,-0.09790603490547191,56.683315621679064,0,0,0,0,14,123,4431.31,4936.98,4.06,1,72a37cde51f25769b983aba529593536d11f19238f6edfe169b86cc1b6c9ba2b
yor-f-83,tight,5,ONE_BLOCKER,200,11,20,21,1,13,304,-2639,55063,-0.0479269200733705,59.35281615302869,8,2,0,1,0,2,96.72,249.66,4.48,1,90316d2207086565dc3d92c675444e8e79e9fa244798bd3454980d6181c46436
yor-f-83,tight,5,SINGLE,200,11,20,22,2,11,260,-2915,55063,-0.05293936036903184,59.00106269925611,9,0,0,2,0,1,71.19,125.18,4.41,1,4ec2294f25cc1a10c88a4456c49a9f3f578029aefc4c315425268cb514ac3ab5
yor-f-83,tight,5,TBR_B4,200,11,20,21,1,13,304,-2639,55063,-0.0479269200733705,59.35281615302869,8,2,0,1,0,2,102.17,448.14,4.77,1,90316d2207086565dc3d92c675444e8e79e9fa244798bd3454980d6181c46436
yor-f-83,tight,5,TBR_B16,200,11,20,21,1,13,304,-2639,55063,-0.0479269200733705,59.35281615302869,8,2,0,1,0,2,102.85,2004.99,4.74,1,90316d2207086565dc3d92c675444e8e79e9fa244798bd3454980d6181c46436
yor-f-83,official,5,TBR_NOPROX,200,12,21,21,0,13,232,-1229,55063,-0.022319888128144127,60.974495217853345,11,1,0,0,0,2,32.73,73.6,4.38,1,915badc76deb86b03d854c810fc48c3e960eeeaeb8fa689a9053c9b3852e29ee
yor-f-83,official,5,TBR_NOT2,200,11,21,22,1,11,204,-2006,55063,-0.03643099722136462,60.05738575982997,10,0,0,1,0,1,133.73,683.8,4.37,1,a511030cad3e359e6203ddf8d4c68453a3ac4be18a3aa3fd9f003c1bd07efd04
yor-f-83,official,5,TBR_B32,200,11,21,21,0,13,240,-1519,55063,-0.027586582641701322,60.6461211477152,9,2,0,0,0,2,119.29,267.97,4.67,1,1b7864bf90df193cefe33415df21b30653be861483dffc8c6bb0f299e0158117
yor-f-83,official,5,TBR,200,11,21,21,0,13,240,-1519,55063,-0.027586582641701322,60.6461211477152,9,2,0,0,0,2,116.5,252.62,4.42,1,1b7864bf90df193cefe33415df21b30653be861483dffc8c6bb0f299e0158117
yor-f-83,official,5,TBR_B2,200,11,21,21,0,13,240,-1519,55063,-0.027586582641701322,60.6461211477152,9,2,0,0,0,2,115.09,261.42,4.69,1,1b7864bf90df193cefe33415df21b30653be861483dffc8c6bb0f299e0158117
yor-f-83,official,5,RECOMPUTE,200,14,21,22,1,781,22547,-5391,55063,-0.09790603490547191,56.683315621679064,0,0,0,0,14,123,4671.16,13319.38,4.16,1,4c97b6b46e46906a837e2918ca2db69fd471f1167e633ccd5ed5b02e7aee65ef
yor-f-83,official,5,ONE_BLOCKER,200,11,21,21,0,13,240,-1519,55063,-0.027586582641701322,60.6461211477152,9,2,0,0,0,2,119.86,288.8,4.58,1,1b7864bf90df193cefe33415df21b30653be861483dffc8c6bb0f299e0158117
yor-f-83,official,5,SINGLE,200,11,21,22,1,11,204,-2006,55063,-0.03643099722136462,60.05738575982997,10,0,0,1,0,1,108.05,130.26,4.5,1,a511030cad3e359e6203ddf8d4c68453a3ac4be18a3aa3fd9f003c1bd07efd04
yor-f-83,official,5,TBR_B4,200,11,21,21,0,13,240,-1519,55063,-0.027586582641701322,60.6461211477152,9,2,0,0,0,2,115.76,249.35,4.72,1,1b7864bf90df193cefe33415df21b30653be861483dffc8c6bb0f299e0158117
yor-f-83,official,5,TBR_B16,200,11,21,21,0,13,240,-1519,55063,-0.027586582641701322,60.6461211477152,9,2,0,0,0,2,118.88,274.22,4.57,1,1b7864bf90df193cefe33415df21b30653be861483dffc8c6bb0f299e0158117
yor-f-83,tight,6,TBR_B32,200,13,21,22,1,14,424,-3847,57263,-0.06718125141889178,60.34218916046759,11,1,0,1,0,2,88.96,2178.38,4.67,1,6069c2b51ff3afcb254d6e6054edc44c35d4db39c3e41716deba19e4ab098e3b
yor-f-83,tight,6,TBR_B4,200,13,21,22,1,14,424,-3847,57263,-0.06718125141889178,60.34218916046759,11,1,0,1,0,2,83.99,441.92,4.58,1,6069c2b51ff3afcb254d6e6054edc44c35d4db39c3e41716deba19e4ab098e3b
yor-f-83,tight,6,TBR_B16,200,13,21,22,1,14,424,-3847,57263,-0.06718125141889178,60.34218916046759,11,1,0,1,0,2,86.65,1726.46,4.72,1,6069c2b51ff3afcb254d6e6054edc44c35d4db39c3e41716deba19e4ab098e3b
yor-f-83,tight,6,SINGLE,200,13,21,23,2,13,393,-3920,57263,-0.0684560711104902,60.264612114771516,11,0,0,2,0,1,67.09,136.43,4.51,1,33160188be201312d995f30582001967ce65fbb11e17c78e2593b6d06b26244e
yor-f-83,tight,6,TBR_B2,200,13,21,22,1,14,424,-3847,57263,-0.06718125141889178,60.34218916046759,11,1,0,1,0,2,103.19,251.31,4.58,1,6069c2b51ff3afcb254d6e6054edc44c35d4db39c3e41716deba19e4ab098e3b
yor-f-83,tight,6,TBR_NOPROX,200,13,21,22,1,18,438,-2791,57263,-0.048740024099331154,61.47290116896918,7,5,0,1,0,2,44.54,475.8,4.45,1,cb7c2cde986d64e80b5232c21e27a3bdba91afe66c80239eda2e6fab74ade358
yor-f-83,tight,6,TBR_NOT2,200,13,21,22,1,15,447,-4045,57263,-0.0706389815413094,60.11583421891605,11,0,1,1,0,3,83.34,1080.16,4.41,1,2243055308a99ea134857be6074b5d9065c472e8ea8de2d0dec6301596c3ab6a
yor-f-83,tight,6,ONE_BLOCKER,200,13,21,22,1,14,424,-3847,57263,-0.06718125141889178,60.34218916046759,11,1,0,1,0,2,98.46,228.39,4.5,1,6069c2b51ff3afcb254d6e6054edc44c35d4db39c3e41716deba19e4ab098e3b
yor-f-83,tight,6,TBR,200,13,21,22,1,14,424,-3847,57263,-0.06718125141889178,60.34218916046759,11,1,0,1,0,2,81.64,580.81,4.53,1,6069c2b51ff3afcb254d6e6054edc44c35d4db39c3e41716deba19e4ab098e3b
yor-f-83,tight,6,RECOMPUTE,200,16,21,23,2,887,24801,-10479,57263,-0.1829977472364354,53.443145589798085,0,0,0,0,16,124,4364.74,4884.22,4.19,1,eb3df6d72eddf078bdee1ae0453776f8f2b8a053aa5009f772adb3d32b45d5ff
yor-f-83,official,6,TBR_B32,200,13,21,22,1,14,424,-3847,57263,-0.06718125141889178,60.34218916046759,11,1,0,1,0,2,101.69,2149.24,4.64,1,6069c2b51ff3afcb254d6e6054edc44c35d4db39c3e41716deba19e4ab098e3b
yor-f-83,official,6,TBR_B4,200,13,21,22,1,14,424,-3847,57263,-0.06718125141889178,60.34218916046759,11,1,0,1,0,2,118.76,429.59,4.64,1,6069c2b51ff3afcb254d6e6054edc44c35d4db39c3e41716deba19e4ab098e3b
yor-f-83,official,6,TBR_B16,200,13,21,22,1,14,424,-3847,57263,-0.06718125141889178,60.34218916046759,11,1,0,1,0,2,81.09,1710.67,4.5,1,6069c2b51ff3afcb254d6e6054edc44c35d4db39c3e41716deba19e4ab098e3b
yor-f-83,official,6,SINGLE,200,13,21,23,2,13,393,-3920,57263,-0.0684560711104902,60.264612114771516,11,0,0,2,0,1,73.14,139.17,4.52,1,33160188be201312d995f30582001967ce65fbb11e17c78e2593b6d06b26244e
yor-f-83,official,6,TBR_B2,200,13,21,22,1,14,424,-3847,57263,-0.06718125141889178,60.34218916046759,11,1,0,1,0,2,85.25,224.42,4.74,1,6069c2b51ff3afcb254d6e6054edc44c35d4db39c3e41716deba19e4ab098e3b
yor-f-83,official,6,TBR_NOPROX,200,13,21,22,1,18,438,-2791,57263,-0.048740024099331154,61.47290116896918,7,5,0,1,0,2,46.8,483.69,4.47,1,cb7c2cde986d64e80b5232c21e27a3bdba91afe66c80239eda2e6fab74ade358
yor-f-83,official,6,TBR_NOT2,200,13,21,22,1,15,447,-4045,57263,-0.0706389815413094,60.11583421891605,11,0,1,1,0,3,84.95,1102.76,4.51,1,2243055308a99ea134857be6074b5d9065c472e8ea8de2d0dec6301596c3ab6a
yor-f-83,official,6,ONE_BLOCKER,200,13,21,22,1,14,424,-3847,57263,-0.06718125141889178,60.34218916046759,11,1,0,1,0,2,82.92,226.75,4.46,1,6069c2b51ff3afcb254d6e6054edc44c35d4db39c3e41716deba19e4ab098e3b
yor-f-83,official,6,TBR,200,13,21,22,1,14,424,-3847,57263,-0.06718125141889178,60.34218916046759,11,1,0,1,0,2,81.22,615.61,4.56,1,6069c2b51ff3afcb254d6e6054edc44c35d4db39c3e41716deba19e4ab098e3b
yor-f-83,official,6,RECOMPUTE,200,16,21,23,2,887,24801,-10479,57263,-0.1829977472364354,53.443145589798085,0,0,0,0,16,124,4415.87,4964.33,4.17,1,eb3df6d72eddf078bdee1ae0453776f8f2b8a053aa5009f772adb3d32b45d5ff
yor-f-83,tight,7,TBR,200,7,20,21,1,7,162,-2475,61557,-0.0402066377503777,67.4952178533475,6,0,0,1,0,1,121.39,860.04,4.6,1,8ff2a9f07a8ea7e13b17e6f36c78cb618ab199bc1e6f235cffef42aab5c0a1cf
yor-f-83,tight,7,TBR_B2,200,7,20,21,1,7,162,-2475,61557,-0.0402066377503777,67.4952178533475,6,0,0,1,0,1,122.57,183.74,4.59,1,8ff2a9f07a8ea7e13b17e6f36c78cb618ab199bc1e6f235cffef42aab5c0a1cf
yor-f-83,tight,7,TBR_NOT2,200,7,20,21,1,7,162,-2475,61557,-0.0402066377503777,67.4952178533475,6,0,0,1,0,1,119.96,773.36,4.38,1,8ff2a9f07a8ea7e13b17e6f36c78cb618ab199bc1e6f235cffef42aab5c0a1cf
yor-f-83,tight,7,RECOMPUTE,200,10,20,21,1,534,14944,-7803,61557,-0.1267605633802817,61.28586609989373,0,0,0,0,10,109,4340.23,5110.25,3.79,1,6290b435d1945edb79c3ac9c6cefe7e74b4674c02187a5e571c169aad310bfd0
yor-f-83,tight,7,TBR_B4,200,7,20,21,1,7,162,-2475,61557,-0.0402066377503777,67.4952178533475,6,0,0,1,0,1,121.3,448.74,4.5,1,8ff2a9f07a8ea7e13b17e6f36c78cb618ab199bc1e6f235cffef42aab5c0a1cf
yor-f-83,tight,7,SINGLE,200,7,20,21,1,7,162,-2475,61557,-0.0402066377503777,67.4952178533475,6,0,0,1,0,1,95.51,143.33,4.29,1,8ff2a9f07a8ea7e13b17e6f36c78cb618ab199bc1e6f235cffef42aab5c0a1cf
yor-f-83,tight,7,TBR_B16,200,7,20,21,1,7,162,-2475,61557,-0.0402066377503777,67.4952178533475,6,0,0,1,0,1,120.25,2006.93,4.62,1,8ff2a9f07a8ea7e13b17e6f36c78cb618ab199bc1e6f235cffef42aab5c0a1cf
yor-f-83,tight,7,ONE_BLOCKER,200,7,20,21,1,7,162,-2475,61557,-0.0402066377503777,67.4952178533475,6,0,0,1,0,1,120.35,154.15,4.37,1,8ff2a9f07a8ea7e13b17e6f36c78cb618ab199bc1e6f235cffef42aab5c0a1cf
yor-f-83,tight,7,TBR_B32,200,7,20,21,1,7,162,-2475,61557,-0.0402066377503777,67.4952178533475,6,0,0,1,0,1,118.59,3298.69,4.67,1,8ff2a9f07a8ea7e13b17e6f36c78cb618ab199bc1e6f235cffef42aab5c0a1cf
yor-f-83,tight,7,TBR_NOPROX,200,7,20,21,1,8,180,-2175,61557,-0.035333105901847066,67.83103081827842,5,1,0,1,0,2,39.3,802.74,4.5,1,eb309ac5d4ef085b790b9c4ad30d730107debce1f9123eb63327753f4f2d71df
yor-f-83,official,7,TBR,200,7,21,21,0,7,162,-2475,61557,-0.0402066377503777,67.4952178533475,7,0,0,0,0,1,116.96,130.1,4.8,1,67555133057dc4b21876318cf55f824af7f3799e723fc0a5aebbd90597125f99
yor-f-83,official,7,TBR_B2,200,7,21,21,0,7,162,-2475,61557,-0.0402066377503777,67.4952178533475,7,0,0,0,0,1,114.05,143.49,4.91,1,67555133057dc4b21876318cf55f824af7f3799e723fc0a5aebbd90597125f99
yor-f-83,official,7,TBR_NOT2,200,7,21,21,0,7,162,-2475,61557,-0.0402066377503777,67.4952178533475,7,0,0,0,0,1,117.63,138.56,4.54,1,67555133057dc4b21876318cf55f824af7f3799e723fc0a5aebbd90597125f99
yor-f-83,official,7,RECOMPUTE,200,10,21,21,0,534,14944,-7803,61557,-0.1267605633802817,61.28586609989373,0,0,0,0,10,109,4424.49,5082.85,3.94,1,d41dccf5c714d8cda957d5b8bd1fd2d58c4a46350970ecf036055551185788de
yor-f-83,official,7,TBR_B4,200,7,21,21,0,7,162,-2475,61557,-0.0402066377503777,67.4952178533475,7,0,0,0,0,1,120.49,179.03,4.81,1,67555133057dc4b21876318cf55f824af7f3799e723fc0a5aebbd90597125f99
yor-f-83,official,7,SINGLE,200,7,21,21,0,7,162,-2475,61557,-0.0402066377503777,67.4952178533475,7,0,0,0,0,1,115.52,129.05,4.39,1,67555133057dc4b21876318cf55f824af7f3799e723fc0a5aebbd90597125f99
yor-f-83,official,7,TBR_B16,200,7,21,21,0,7,162,-2475,61557,-0.0402066377503777,67.4952178533475,7,0,0,0,0,1,112.71,127.64,4.59,1,67555133057dc4b21876318cf55f824af7f3799e723fc0a5aebbd90597125f99
yor-f-83,official,7,ONE_BLOCKER,200,7,21,21,0,7,162,-2475,61557,-0.0402066377503777,67.4952178533475,7,0,0,0,0,1,119.77,130.63,4.41,1,67555133057dc4b21876318cf55f824af7f3799e723fc0a5aebbd90597125f99
yor-f-83,official,7,TBR_B32,200,7,21,21,0,7,162,-2475,61557,-0.0402066377503777,67.4952178533475,7,0,0,0,0,1,113.37,126.25,4.62,1,67555133057dc4b21876318cf55f824af7f3799e723fc0a5aebbd90597125f99
yor-f-83,official,7,TBR_NOPROX,200,7,21,21,0,8,180,-2175,61557,-0.035333105901847066,67.83103081827842,6,1,0,0,0,2,37.25,93.75,4.45,1,dc231a8e15fe46f189dd8799d9b82daa2f34c93ff0fa815b5115d6802ed77c8b
yor-f-83,tight,8,SINGLE,200,9,21,22,1,9,247,-3712,55756,-0.06657579453332377,59.506907545164715,8,0,0,1,0,1,94.0,135.13,4.42,1,47986e601bc4ee2611fe554f13aa6291656becf3b56177a671db320a43913a06
yor-f-83,tight,8,RECOMPUTE,200,9,21,22,1,531,15304,-7939,55756,-0.1423882631465672,54.33156216790648,0,0,0,0,9,107,4343.69,4917.05,3.73,1,cf3316d77161d47e18def4de868576b4c7413ec241ac05261a27ce6f2b2658b0
yor-f-83,tight,8,TBR_NOPROX,200,9,21,21,0,10,263,-3266,55756,-0.05857665542721859,59.98724760892667,8,1,0,0,0,2,34.83,68.45,4.4,1,d46d18eb37d49b7205c63fc7bff0ca8ad65e1c767dc5b64bc87b8f8efcbfd692
yor-f-83,tight,8,TBR,200,9,21,21,0,11,277,-3535,55756,-0.0634012482961475,59.686503719447394,7,2,0,0,0,2,115.39,235.22,4.38,1,593ae1246b1271acd36728aecb5de0798f0bd0ea0765d95b3757994f90e1576d
yor-f-83,tight,8,TBR_NOT2,200,9,21,22,1,9,247,-3712,55756,-0.06657579453332377,59.506907545164715,8,0,0,1,0,1,102.4,651.82,4.39,1,47986e601bc4ee2611fe554f13aa6291656becf3b56177a671db320a43913a06
yor-f-83,tight,8,TBR_B2,200,9,21,21,0,11,277,-3535,55756,-0.0634012482961475,59.686503719447394,7,2,0,0,0,2,152.59,244.94,4.51,1,593ae1246b1271acd36728aecb5de0798f0bd0ea0765d95b3757994f90e1576d
yor-f-83,tight,8,TBR_B32,200,9,21,21,0,11,277,-3535,55756,-0.0634012482961475,59.686503719447394,7,2,0,0,0,2,134.72,247.95,4.5,1,593ae1246b1271acd36728aecb5de0798f0bd0ea0765d95b3757994f90e1576d
yor-f-83,tight,8,TBR_B16,200,9,21,21,0,11,277,-3535,55756,-0.0634012482961475,59.686503719447394,7,2,0,0,0,2,116.76,225.61,4.58,1,593ae1246b1271acd36728aecb5de0798f0bd0ea0765d95b3757994f90e1576d
yor-f-83,tight,8,TBR_B4,200,9,21,21,0,11,277,-3535,55756,-0.0634012482961475,59.686503719447394,7,2,0,0,0,2,124.68,226.34,4.58,1,593ae1246b1271acd36728aecb5de0798f0bd0ea0765d95b3757994f90e1576d
yor-f-83,tight,8,ONE_BLOCKER,200,9,21,21,0,11,277,-3535,55756,-0.0634012482961475,59.686503719447394,7,2,0,0,0,2,127.15,225.65,4.3,1,593ae1246b1271acd36728aecb5de0798f0bd0ea0765d95b3757994f90e1576d
yor-f-83,official,8,SINGLE,200,9,21,22,1,9,247,-3712,55756,-0.06657579453332377,59.506907545164715,8,0,0,1,0,1,99.01,155.27,4.45,1,47986e601bc4ee2611fe554f13aa6291656becf3b56177a671db320a43913a06
yor-f-83,official,8,RECOMPUTE,200,9,21,22,1,531,15304,-7939,55756,-0.1423882631465672,54.33156216790648,0,0,0,0,9,107,4379.31,5025.03,3.76,1,cf3316d77161d47e18def4de868576b4c7413ec241ac05261a27ce6f2b2658b0
yor-f-83,official,8,TBR_NOPROX,200,9,21,21,0,10,263,-3266,55756,-0.05857665542721859,59.98724760892667,8,1,0,0,0,2,37.13,67.56,4.13,1,d46d18eb37d49b7205c63fc7bff0ca8ad65e1c767dc5b64bc87b8f8efcbfd692
yor-f-83,official,8,TBR,200,9,21,21,0,11,277,-3535,55756,-0.0634012482961475,59.686503719447394,7,2,0,0,0,2,129.86,248.38,4.15,1,593ae1246b1271acd36728aecb5de0798f0bd0ea0765d95b3757994f90e1576d
yor-f-83,official,8,TBR_NOT2,200,9,21,22,1,9,247,-3712,55756,-0.06657579453332377,59.506907545164715,8,0,0,1,0,1,95.8,682.69,4.22,1,47986e601bc4ee2611fe554f13aa6291656becf3b56177a671db320a43913a06
yor-f-83,official,8,TBR_B2,200,9,21,21,0,11,277,-3535,55756,-0.0634012482961475,59.686503719447394,7,2,0,0,0,2,129.8,228.14,4.57,1,593ae1246b1271acd36728aecb5de0798f0bd0ea0765d95b3757994f90e1576d
yor-f-83,official,8,TBR_B32,200,9,21,21,0,11,277,-3535,55756,-0.0634012482961475,59.686503719447394,7,2,0,0,0,2,125.94,217.19,4.31,1,593ae1246b1271acd36728aecb5de0798f0bd0ea0765d95b3757994f90e1576d
yor-f-83,official,8,TBR_B16,200,9,21,21,0,11,277,-3535,55756,-0.0634012482961475,59.686503719447394,7,2,0,0,0,2,136.24,241.13,4.58,1,593ae1246b1271acd36728aecb5de0798f0bd0ea0765d95b3757994f90e1576d
yor-f-83,official,8,TBR_B4,200,9,21,21,0,11,277,-3535,55756,-0.0634012482961475,59.686503719447394,7,2,0,0,0,2,140.33,238.21,4.5,1,593ae1246b1271acd36728aecb5de0798f0bd0ea0765d95b3757994f90e1576d
yor-f-83,official,8,ONE_BLOCKER,200,9,21,21,0,11,277,-3535,55756,-0.0634012482961475,59.686503719447394,7,2,0,0,0,2,117.55,230.19,4.48,1,593ae1246b1271acd36728aecb5de0798f0bd0ea0765d95b3757994f90e1576d
yor-f-83,tight,9,TBR_B4,200,10,21,21,0,16,388,-1526,54721,-0.027886917271248698,60.624867162592984,7,1,2,0,0,4,120.01,695.39,4.69,1,a3b4a4aa9306571a6f8d402c1170d6ceab35d8c9d0d9246f456b8880846dc501
yor-f-83,tight,9,ONE_BLOCKER,200,10,21,22,1,10,248,-2020,54721,-0.036914530070722394,60.05844845908608,9,0,0,1,0,1,103.99,156.46,4.62,1,bee23dff230237407a7d5999e96b23725ae875d11e8e546ea8018dabb149ca13
yor-f-83,tight,9,SINGLE,200,10,21,22,1,10,248,-2020,54721,-0.036914530070722394,60.05844845908608,9,0,0,1,0,1,81.75,131.43,4.43,1,bee23dff230237407a7d5999e96b23725ae875d11e8e546ea8018dabb149ca13
yor-f-83,tight,9,TBR_NOPROX,200,11,21,21,0,17,401,-1329,54721,-0.024286836863361416,60.8586609989373,9,0,2,0,0,4,31.09,846.51,4.46,1,e34b9dabe3459ff8e90fe865d0c4e5d4b84bd102544b4138505b13015d5126af
yor-f-83,tight,9,TBR_B16,200,10,21,21,0,16,388,-1526,54721,-0.027886917271248698,60.624867162592984,7,1,2,0,0,4,113.16,1935.27,4.76,1,a3b4a4aa9306571a6f8d402c1170d6ceab35d8c9d0d9246f456b8880846dc501
yor-f-83,tight,9,TBR_B2,200,10,21,22,1,10,248,-2020,54721,-0.036914530070722394,60.05844845908608,9,0,0,1,0,1,107.67,183.28,4.96,1,bee23dff230237407a7d5999e96b23725ae875d11e8e546ea8018dabb149ca13
yor-f-83,tight,9,TBR,200,10,21,21,0,16,388,-1526,54721,-0.027886917271248698,60.624867162592984,7,1,2,0,0,4,113.17,996.45,4.74,1,a3b4a4aa9306571a6f8d402c1170d6ceab35d8c9d0d9246f456b8880846dc501
yor-f-83,tight,9,TBR_B32,200,10,21,21,0,16,388,-1526,54721,-0.027886917271248698,60.624867162592984,7,1,2,0,0,4,113.69,2323.56,4.63,1,a3b4a4aa9306571a6f8d402c1170d6ceab35d8c9d0d9246f456b8880846dc501
yor-f-83,tight,9,RECOMPUTE,200,21,21,22,1,1249,36294,-13403,54721,-0.24493338937519415,47.563230605738575,0,0,0,0,21,121,4529.35,5027.31,4.33,1,27bd13a8e5ee547f1cf123815eac5d10eeeaa2abaa276a6ffbab73c90d057324
yor-f-83,tight,9,TBR_NOT2,200,8,21,21,0,15,373,-1434,54721,-0.0262056614462455,60.731137088204036,6,0,2,0,0,6,110.84,923.69,4.46,1,4703c41334afb252a129eeace4631c83e0c745f9a30c9b7ca2f82d0642cc851e
yor-f-83,official,9,TBR_B4,200,10,21,21,0,16,388,-1526,54721,-0.027886917271248698,60.624867162592984,7,1,2,0,0,4,125.3,716.62,4.63,1,a3b4a4aa9306571a6f8d402c1170d6ceab35d8c9d0d9246f456b8880846dc501
yor-f-83,official,9,ONE_BLOCKER,200,10,21,22,1,10,248,-2020,54721,-0.036914530070722394,60.05844845908608,9,0,0,1,0,1,100.43,163.93,4.44,1,bee23dff230237407a7d5999e96b23725ae875d11e8e546ea8018dabb149ca13
yor-f-83,official,9,SINGLE,200,10,21,22,1,10,248,-2020,54721,-0.036914530070722394,60.05844845908608,9,0,0,1,0,1,89.96,116.35,4.53,1,bee23dff230237407a7d5999e96b23725ae875d11e8e546ea8018dabb149ca13
yor-f-83,official,9,TBR_NOPROX,200,11,21,21,0,17,401,-1329,54721,-0.024286836863361416,60.8586609989373,9,0,2,0,0,4,32.33,901.16,4.58,1,e34b9dabe3459ff8e90fe865d0c4e5d4b84bd102544b4138505b13015d5126af
yor-f-83,official,9,TBR_B16,200,10,21,21,0,16,388,-1526,54721,-0.027886917271248698,60.624867162592984,7,1,2,0,0,4,111.6,1798.12,4.75,1,a3b4a4aa9306571a6f8d402c1170d6ceab35d8c9d0d9246f456b8880846dc501
yor-f-83,official,9,TBR_B2,200,10,21,22,1,10,248,-2020,54721,-0.036914530070722394,60.05844845908608,9,0,0,1,0,1,99.78,166.13,4.64,1,bee23dff230237407a7d5999e96b23725ae875d11e8e546ea8018dabb149ca13
yor-f-83,official,9,TBR,200,10,21,21,0,16,388,-1526,54721,-0.027886917271248698,60.624867162592984,7,1,2,0,0,4,117.59,1023.68,4.45,1,a3b4a4aa9306571a6f8d402c1170d6ceab35d8c9d0d9246f456b8880846dc501
yor-f-83,official,9,TBR_B32,200,10,21,21,0,16,388,-1526,54721,-0.027886917271248698,60.624867162592984,7,1,2,0,0,4,112.38,2321.18,4.76,1,a3b4a4aa9306571a6f8d402c1170d6ceab35d8c9d0d9246f456b8880846dc501
yor-f-83,official,9,RECOMPUTE,200,21,21,22,1,1249,36294,-13403,54721,-0.24493338937519415,47.563230605738575,0,0,0,0,21,121,4389.74,4973.16,4.25,1,27bd13a8e5ee547f1cf123815eac5d10eeeaa2abaa276a6ffbab73c90d057324
yor-f-83,official,9,TBR_NOT2,200,8,21,21,0,15,373,-1434,54721,-0.0262056614462455,60.731137088204036,6,0,2,0,0,6,110.2,887.16,4.39,1,4703c41334afb252a129eeace4631c83e0c745f9a30c9b7ca2f82d0642cc851e
