instance,condition,seed,method,T,clash_events,k0,k_final,periods_added,total_D,total_W,cum_dP_raw,P0_raw,rel_repair_dP,P_final,n_single,n_double,n_kempe,n_search,n_new,search_exhausted,n_recompute,max_D,lat_clash_median_us,lat_clash_p95_us,lat_all_median_us,valid,hash
car-f-92,tight,10,ONE_BLOCKER,200,6,29,29,0,6,293,-2292,183732,-0.012474691398341063,9.921765568163309,6,0,0,0,0,0,0,1,150.22,221.61,5.38,1,b233adab406ce43426060f535ef66127f8eb46a7243ab65ee186aabb3569c7fd
car-f-92,tight,10,TBRPLUS_N20000,200,6,29,29,0,6,293,-2292,183732,-0.012474691398341063,9.921765568163309,6,0,0,0,0,0,0,1,130.8,233.63,5.48,1,b233adab406ce43426060f535ef66127f8eb46a7243ab65ee186aabb3569c7fd
car-f-92,tight,10,TBR,200,6,29,29,0,6,293,-2292,183732,-0.012474691398341063,9.921765568163309,6,0,0,0,0,0,0,1,132.63,182.27,5.23,1,b233adab406ce43426060f535ef66127f8eb46a7243ab65ee186aabb3569c7fd
car-f-92,tight,10,TBRPLUS,200,6,29,29,0,6,293,-2292,183732,-0.012474691398341063,9.921765568163309,6,0,0,0,0,0,0,1,132.39,197.22,4.71,1,b233adab406ce43426060f535ef66127f8eb46a7243ab65ee186aabb3569c7fd
car-f-92,tight,10,SINGLE,200,6,29,29,0,6,293,-2292,183732,-0.012474691398341063,9.921765568163309,6,0,0,0,0,0,0,1,147.83,188.44,4.79,1,b233adab406ce43426060f535ef66127f8eb46a7243ab65ee186aabb3569c7fd
car-f-92,tight,10,RECOMPUTE,200,7,29,29,0,842,52526,-4846,183732,-0.02637537282563734,9.779249687822357,0,0,0,0,0,0,7,287,26290.2,46911.05,4.06,1,86647f750ef9c5a7c3a461b31a6f9b8a2b4a4f1ef2e81f73e1987511f7819437
car-f-92,official,10,ONE_BLOCKER,200,6,32,32,0,6,293,-2580,183732,-0.014042191888184966,9.90612954014876,6,0,0,0,0,0,0,1,197.01,326.78,5.45,1,bf5ada88c3528791c7351834f0e73186b126f892e27de0ed2fe760400bdfdb8c
car-f-92,official,10,TBRPLUS_N20000,200,6,32,32,0,6,293,-2580,183732,-0.014042191888184966,9.90612954014876,6,0,0,0,0,0,0,1,193.94,316.46,5.22,1,bf5ada88c3528791c7351834f0e73186b126f892e27de0ed2fe760400bdfdb8c
car-f-92,official,10,TBR,200,6,32,32,0,6,293,-2580,183732,-0.014042191888184966,9.90612954014876,6,0,0,0,0,0,0,1,177.35,289.44,4.89,1,bf5ada88c3528791c7351834f0e73186b126f892e27de0ed2fe760400bdfdb8c
car-f-92,official,10,TBRPLUS,200,6,32,32,0,6,293,-2580,183732,-0.014042191888184966,9.90612954014876,6,0,0,0,0,0,0,1,217.92,299.84,4.96,1,bf5ada88c3528791c7351834f0e73186b126f892e27de0ed2fe760400bdfdb8c
car-f-92,official,10,SINGLE,200,6,32,32,0,6,293,-2580,183732,-0.014042191888184966,9.90612954014876,6,0,0,0,0,0,0,1,192.53,326.18,4.93,1,bf5ada88c3528791c7351834f0e73186b126f892e27de0ed2fe760400bdfdb8c
car-f-92,official,10,RECOMPUTE,200,7,32,32,0,842,52526,-4846,183732,-0.02637537282563734,9.779249687822357,0,0,0,0,0,0,7,287,23836.1,26920.92,4.29,1,ee63f8d92e6bc2993686c84a152b9e04d076fb3f7f1cf70268a507eba5d44381
car-f-92,tight,11,TBRPLUS,200,4,30,30,0,4,401,-7421,195318,-0.03799445007628585,10.284977468917965,4,0,0,0,0,0,0,1,149.8,818.71,5.68,1,fc45374dda48377b20cd91ff7970ee2bb28d2a5bcfe26093cc6373a7adf13a3a
car-f-92,tight,11,TBRPLUS_N20000,200,4,30,30,0,4,401,-7421,195318,-0.03799445007628585,10.284977468917965,4,0,0,0,0,0,0,1,118.4,369.79,5.04,1,fc45374dda48377b20cd91ff7970ee2bb28d2a5bcfe26093cc6373a7adf13a3a
car-f-92,tight,11,ONE_BLOCKER,200,4,30,30,0,4,401,-7421,195318,-0.03799445007628585,10.284977468917965,4,0,0,0,0,0,0,1,121.02,584.89,4.98,1,fc45374dda48377b20cd91ff7970ee2bb28d2a5bcfe26093cc6373a7adf13a3a
car-f-92,tight,11,SINGLE,200,4,30,30,0,4,401,-7421,195318,-0.03799445007628585,10.284977468917965,4,0,0,0,0,0,0,1,120.82,603.12,4.91,1,fc45374dda48377b20cd91ff7970ee2bb28d2a5bcfe26093cc6373a7adf13a3a
car-f-92,tight,11,RECOMPUTE,200,4,30,30,0,574,38522,-21895,195318,-0.11209924328530908,9.494055051848635,0,0,0,0,0,0,4,302,24426.29,26472.4,4.07,1,63f97281625763e41c34042e341c774267c24aa3bf96df91b6ddafa70f39aaa0
car-f-92,tight,11,TBR,200,4,30,30,0,4,401,-7421,195318,-0.03799445007628585,10.284977468917965,4,0,0,0,0,0,0,1,132.05,635.35,4.97,1,fc45374dda48377b20cd91ff7970ee2bb28d2a5bcfe26093cc6373a7adf13a3a
car-f-92,official,11,TBRPLUS,200,4,32,32,0,4,401,-7513,195318,-0.038465476812172966,10.279982626635539,4,0,0,0,0,0,0,1,174.68,367.79,5.3,1,513dc50c9462db1d26054dd4464c14b2b5ff0b5b497b4118bf21d78ef3013907
car-f-92,official,11,TBRPLUS_N20000,200,4,32,32,0,4,401,-7513,195318,-0.038465476812172966,10.279982626635539,4,0,0,0,0,0,0,1,164.95,613.88,4.7,1,513dc50c9462db1d26054dd4464c14b2b5ff0b5b497b4118bf21d78ef3013907
car-f-92,official,11,ONE_BLOCKER,200,4,32,32,0,4,401,-7513,195318,-0.038465476812172966,10.279982626635539,4,0,0,0,0,0,0,1,171.44,611.2,4.93,1,513dc50c9462db1d26054dd4464c14b2b5ff0b5b497b4118bf21d78ef3013907
car-f-92,official,11,SINGLE,200,4,32,32,0,4,401,-7513,195318,-0.038465476812172966,10.279982626635539,4,0,0,0,0,0,0,1,174.06,605.28,4.79,1,513dc50c9462db1d26054dd4464c14b2b5ff0b5b497b4118bf21d78ef3013907
car-f-92,official,11,RECOMPUTE,200,4,32,32,0,574,38522,-21895,195318,-0.11209924328530908,9.494055051848635,0,0,0,0,0,0,4,302,24388.59,26694.59,3.8,1,6fd5b271718b5fd7b4f960ac6edd1d228d75847c84acc8df1deae415f0202e68
car-f-92,official,11,TBR,200,4,32,32,0,4,401,-7513,195318,-0.038465476812172966,10.279982626635539,4,0,0,0,0,0,0,1,172.58,337.44,5.09,1,513dc50c9462db1d26054dd4464c14b2b5ff0b5b497b4118bf21d78ef3013907
car-f-92,tight,12,TBR,200,5,30,30,0,5,356,-2254,185521,-0.01214956797343697,10.027688799609098,5,0,0,0,0,0,0,1,131.7,375.93,6.47,1,d34b594b27fa32df0772f8014f7706f20f4a398f47c5badbc1a42454ea5866ab
car-f-92,tight,12,SINGLE,200,5,30,30,0,5,356,-2254,185521,-0.01214956797343697,10.027688799609098,5,0,0,0,0,0,0,1,101.92,280.2,4.97,1,d34b594b27fa32df0772f8014f7706f20f4a398f47c5badbc1a42454ea5866ab
car-f-92,tight,12,RECOMPUTE,200,5,30,30,0,566,31627,-1339,185521,-0.00721751176416686,10.07725718008578,0,0,0,0,0,0,5,251,27017.69,47560.02,4.2,1,5df3846e9e08a8696ab8dd87870f9b39f3ab92c335ac44e2d45fb8cae4c8f2b9
car-f-92,tight,12,TBRPLUS,200,5,30,30,0,5,356,-2254,185521,-0.01214956797343697,10.027688799609098,5,0,0,0,0,0,0,1,105.79,288.98,4.9,1,d34b594b27fa32df0772f8014f7706f20f4a398f47c5badbc1a42454ea5866ab
car-f-92,tight,12,TBRPLUS_N20000,200,5,30,30,0,5,356,-2254,185521,-0.01214956797343697,10.027688799609098,5,0,0,0,0,0,0,1,104.79,285.65,5.04,1,d34b594b27fa32df0772f8014f7706f20f4a398f47c5badbc1a42454ea5866ab
car-f-92,tight,12,ONE_BLOCKER,200,5,30,30,0,5,356,-2254,185521,-0.01214956797343697,10.027688799609098,5,0,0,0,0,0,0,1,109.11,291.52,5.23,1,d34b594b27fa32df0772f8014f7706f20f4a398f47c5badbc1a42454ea5866ab
car-f-92,official,12,TBR,200,5,32,32,0,5,356,-2463,185521,-0.013276125074789378,10.016341820945762,5,0,0,0,0,0,0,1,266.73,343.98,5.22,1,3e9ae010868b7b2b9eaa575146cc32f0f1b6d9d739288b9a4828aa1696a6cfa0
car-f-92,official,12,SINGLE,200,5,32,32,0,5,356,-2463,185521,-0.013276125074789378,10.016341820945762,5,0,0,0,0,0,0,1,253.59,342.79,5.03,1,3e9ae010868b7b2b9eaa575146cc32f0f1b6d9d739288b9a4828aa1696a6cfa0
car-f-92,official,12,RECOMPUTE,200,5,32,32,0,566,31627,-1339,185521,-0.00721751176416686,10.07725718008578,0,0,0,0,0,0,5,251,22920.01,27052.41,4.03,1,14c74e0aea0c3fcfebf26bf2cb208d2066fe06be1792124998cba0182363184d
car-f-92,official,12,TBRPLUS,200,5,32,32,0,5,356,-2463,185521,-0.013276125074789378,10.016341820945762,5,0,0,0,0,0,0,1,276.49,341.31,4.75,1,3e9ae010868b7b2b9eaa575146cc32f0f1b6d9d739288b9a4828aa1696a6cfa0
car-f-92,official,12,TBRPLUS_N20000,200,5,32,32,0,5,356,-2463,185521,-0.013276125074789378,10.016341820945762,5,0,0,0,0,0,0,1,265.74,329.79,4.54,1,3e9ae010868b7b2b9eaa575146cc32f0f1b6d9d739288b9a4828aa1696a6cfa0
car-f-92,official,12,ONE_BLOCKER,200,5,32,32,0,5,356,-2463,185521,-0.013276125074789378,10.016341820945762,5,0,0,0,0,0,0,1,258.48,351.85,4.83,1,3e9ae010868b7b2b9eaa575146cc32f0f1b6d9d739288b9a4828aa1696a6cfa0
car-f-92,tight,13,RECOMPUTE,200,3,29,29,0,478,33490,-16668,186881,-0.08919044739700666,9.307671426244639,0,0,0,0,0,0,3,303,24724.33,26810.24,3.85,1,7442ccdd8bb4ce9f05392b4ed81d9d8123270fe2aa82e51944bc54490723ac5c
car-f-92,tight,13,TBR,200,4,29,30,1,4,379,-1652,186881,-0.00883984995799466,10.12052771594549,3,0,0,0,1,0,0,1,235.75,1835.8,4.88,1,f9e77ea78b3ceb70860ccc10916ac314548a61f7a18002aa24d8a8477a93c285
car-f-92,tight,13,TBRPLUS_N20000,200,4,29,29,0,6,669,-2284,186881,-0.012221681176791649,10.086161029371844,3,0,0,1,0,0,0,3,250.03,21099.28,4.78,1,cfe441990eabdf413e3761f4ba85b7c84f23603f0bd02d904b0bd893f5f9946e
car-f-92,tight,13,TBRPLUS,200,4,29,29,0,6,669,-2284,186881,-0.012221681176791649,10.086161029371844,3,0,0,1,0,0,0,3,253.87,21309.72,5.1,1,cfe441990eabdf413e3761f4ba85b7c84f23603f0bd02d904b0bd893f5f9946e
car-f-92,tight,13,ONE_BLOCKER,200,4,29,30,1,4,379,-1652,186881,-0.00883984995799466,10.12052771594549,3,0,0,0,1,0,0,1,234.02,315.09,5.3,1,f9e77ea78b3ceb70860ccc10916ac314548a61f7a18002aa24d8a8477a93c285
car-f-92,tight,13,SINGLE,200,4,29,30,1,4,379,-1652,186881,-0.00883984995799466,10.12052771594549,3,0,0,0,1,0,0,1,157.59,305.82,4.95,1,f9e77ea78b3ceb70860ccc10916ac314548a61f7a18002aa24d8a8477a93c285
car-f-92,official,13,RECOMPUTE,200,3,32,32,0,478,33490,-16668,186881,-0.08919044739700666,9.307671426244639,0,0,0,0,0,0,3,303,26055.03,26669.69,3.88,1,ead115defae0ded15190845f410290ea34ce34e4da38449643235565194ab3ef
car-f-92,official,13,TBR,200,4,32,32,0,4,379,-2265,186881,-0.012120012200277181,10.087246864650632,4,0,0,0,0,0,0,1,270.24,390.53,4.67,1,10da34c7078218f9eadae2311211adc73a4e0197f1742bed178a6e5d544299c0
car-f-92,official,13,TBRPLUS_N20000,200,4,32,32,0,4,379,-2265,186881,-0.012120012200277181,10.087246864650632,4,0,0,0,0,0,0,1,259.26,392.16,4.5,1,10da34c7078218f9eadae2311211adc73a4e0197f1742bed178a6e5d544299c0
car-f-92,official,13,TBRPLUS,200,4,32,32,0,4,379,-2265,186881,-0.012120012200277181,10.087246864650632,4,0,0,0,0,0,0,1,266.33,361.96,4.69,1,10da34c7078218f9eadae2311211adc73a4e0197f1742bed178a6e5d544299c0
car-f-92,official,13,ONE_BLOCKER,200,4,32,32,0,4,379,-2265,186881,-0.012120012200277181,10.087246864650632,4,0,0,0,0,0,0,1,265.12,373.68,4.57,1,10da34c7078218f9eadae2311211adc73a4e0197f1742bed178a6e5d544299c0
car-f-92,official,13,SINGLE,200,4,32,32,0,4,379,-2265,186881,-0.012120012200277181,10.087246864650632,4,0,0,0,0,0,0,1,293.12,379.55,4.78,1,10da34c7078218f9eadae2311211adc73a4e0197f1742bed178a6e5d544299c0
car-f-92,tight,14,TBRPLUS_N20000,200,4,29,29,0,8,747,-1980,193584,-0.010228118026283164,10.47418426624681,1,2,0,1,0,0,0,3,469.96,12888.33,4.9,1,0e7bc71194564d637d2a94fd1c9d80484aab9e251326da2e6975a722348cd26b
car-f-92,tight,14,RECOMPUTE,200,5,29,29,0,1088,80518,-21680,193584,-0.11199272667162576,9.401921928443455,0,0,0,0,0,0,5,328,25423.18,26809.33,4.24,1,0eef8fc1335297137eca606a458a1ce9db1545563c4717cf4e0f55923db7036a
car-f-92,tight,14,TBRPLUS,200,4,29,29,0,8,747,-1980,193584,-0.010228118026283164,10.47418426624681,1,2,0,1,0,0,0,3,461.41,13091.31,4.88,1,0e7bc71194564d637d2a94fd1c9d80484aab9e251326da2e6975a722348cd26b
car-f-92,tight,14,SINGLE,200,4,29,31,2,4,345,-2211,193584,-0.011421398462682867,10.460828492317715,2,0,0,0,2,0,0,1,87.13,117.52,4.83,1,f8cd748d7976aa7eb1f3e8a3901c6a307653b7ff3fff8b7c9af77039f3069eb8
car-f-92,tight,14,TBR,200,4,29,30,1,5,455,-2286,193584,-0.011808827175799654,10.456756610022259,2,1,0,0,1,0,0,2,355.54,2140.89,4.73,1,2f406982db3a821c7cd8cd042705f6cb7bbb5a8276c7e92e04f095e120d5c81b
car-f-92,tight,14,ONE_BLOCKER,200,4,29,30,1,5,455,-2286,193584,-0.011808827175799654,10.456756610022259,2,1,0,0,1,0,0,2,233.77,610.98,4.66,1,2f406982db3a821c7cd8cd042705f6cb7bbb5a8276c7e92e04f095e120d5c81b
car-f-92,official,14,TBRPLUS_N20000,200,4,32,32,0,4,345,-2600,193584,-0.013430862054715265,10.439708996145285,4,0,0,0,0,0,0,1,240.78,352.45,4.97,1,0dab7c343f2037dc0396d0e4fbc58f740974d44c0bb30ebda698ee16c543100c
car-f-92,official,14,RECOMPUTE,200,5,32,32,0,1088,80518,-21680,193584,-0.11199272667162576,9.401921928443455,0,0,0,0,0,0,5,328,26144.69,27579.08,4.02,1,f8f80dfb44e72777a350dee4c2d5332dce40c839aa783f5a59f206c0197f758f
car-f-92,official,14,TBRPLUS,200,4,32,32,0,4,345,-2600,193584,-0.013430862054715265,10.439708996145285,4,0,0,0,0,0,0,1,239.89,342.64,4.71,1,0dab7c343f2037dc0396d0e4fbc58f740974d44c0bb30ebda698ee16c543100c
car-f-92,official,14,SINGLE,200,4,32,32,0,4,345,-2600,193584,-0.013430862054715265,10.439708996145285,4,0,0,0,0,0,0,1,232.46,325.06,4.67,1,0dab7c343f2037dc0396d0e4fbc58f740974d44c0bb30ebda698ee16c543100c
car-f-92,official,14,TBR,200,4,32,32,0,4,345,-2600,193584,-0.013430862054715265,10.439708996145285,4,0,0,0,0,0,0,1,251.01,345.92,4.8,1,0dab7c343f2037dc0396d0e4fbc58f740974d44c0bb30ebda698ee16c543100c
car-f-92,official,14,ONE_BLOCKER,200,4,32,32,0,4,345,-2600,193584,-0.013430862054715265,10.439708996145285,4,0,0,0,0,0,0,1,250.01,340.55,5.31,1,0dab7c343f2037dc0396d0e4fbc58f740974d44c0bb30ebda698ee16c543100c
car-f-92,tight,15,SINGLE,200,7,29,31,2,7,486,-3226,179666,-0.01795553972370955,9.652206960204136,5,0,0,0,2,0,0,1,87.39,160.56,4.94,1,2242972153be49add5a7529f4119ed19deeba2155c4e975247bc30a80efbe9dd
car-f-92,tight,15,TBRPLUS,200,8,29,30,1,10,693,-3829,179666,-0.021311767390602563,9.61979477713231,5,2,0,0,1,1,0,2,140.28,29274.18,5.21,1,8437f870ec05742a993766ab760117e847ac3ab49c4601366960a0c6a866931a
car-f-92,tight,15,RECOMPUTE,200,7,29,29,0,677,42272,938,179666,0.005220798592944686,9.872577230034203,0,0,0,0,0,0,7,296,24935.03,43003.51,4.2,1,62c98ab691331368b3363cef34bc0c2ee164ab7e1d00573c4172ae7d8035d3bb
car-f-92,tight,15,ONE_BLOCKER,200,8,29,30,1,10,693,-3829,179666,-0.021311767390602563,9.61979477713231,5,2,0,0,1,0,0,2,138.33,633.22,4.97,1,8437f870ec05742a993766ab760117e847ac3ab49c4601366960a0c6a866931a
car-f-92,tight,15,TBRPLUS_N20000,200,8,29,29,0,14,1085,-3666,179666,-0.020404528402702793,9.627775666431402,5,2,0,1,0,0,0,5,141.32,58091.57,5.42,1,11948a8c3dcd054f2aa53df4321598196c537067c0ba2606b55115a6afde0bb8
car-f-92,tight,15,TBR,200,8,29,30,1,10,693,-3829,179666,-0.021311767390602563,9.61979477713231,5,2,0,0,1,0,0,2,160.58,1756.03,5.64,1,8437f870ec05742a993766ab760117e847ac3ab49c4601366960a0c6a866931a
car-f-92,official,15,SINGLE,200,7,32,32,0,7,486,-3473,179666,-0.019330312913962575,9.638688310983223,7,0,0,0,0,0,0,1,263.7,434.37,5.2,1,6604e5fa261b8805f89e76097916c119a6782171829f2fa9337478ca883feecf
car-f-92,official,15,TBRPLUS,200,7,32,32,0,7,486,-3473,179666,-0.019330312913962575,9.638688310983223,7,0,0,0,0,0,0,1,265.99,381.21,5.04,1,6604e5fa261b8805f89e76097916c119a6782171829f2fa9337478ca883feecf
car-f-92,official,15,RECOMPUTE,200,7,32,32,0,677,42272,938,179666,0.005220798592944686,9.872577230034203,0,0,0,0,0,0,7,296,24390.18,27021.86,4.17,1,e11a83f2bf2bfa776c60687dee5ff574c68cc443381f2c707700697b6948a5f0
car-f-92,official,15,ONE_BLOCKER,200,7,32,32,0,7,486,-3473,179666,-0.019330312913962575,9.638688310983223,7,0,0,0,0,0,0,1,259.67,383.12,5.03,1,6604e5fa261b8805f89e76097916c119a6782171829f2fa9337478ca883feecf
car-f-92,official,15,TBRPLUS_N20000,200,7,32,32,0,7,486,-3473,179666,-0.019330312913962575,9.638688310983223,7,0,0,0,0,0,0,1,259.73,404.93,4.97,1,6604e5fa261b8805f89e76097916c119a6782171829f2fa9337478ca883feecf
car-f-92,official,15,TBR,200,7,32,32,0,7,486,-3473,179666,-0.019330312913962575,9.638688310983223,7,0,0,0,0,0,0,1,295.96,402.82,5.47,1,6604e5fa261b8805f89e76097916c119a6782171829f2fa9337478ca883feecf
car-f-92,tight,16,TBR,200,4,29,29,0,4,224,-634,188960,-0.0033552074513124473,10.307834301536458,4,0,0,0,0,0,0,1,135.08,231.04,5.18,1,e126894744eab2bd8b751ad0587f8f3a1bb1ab7e72dc0b05c5e9f35d5316422e
car-f-92,tight,16,TBRPLUS_N20000,200,4,29,29,0,4,224,-634,188960,-0.0033552074513124473,10.307834301536458,4,0,0,0,0,0,0,1,142.19,223.42,5.04,1,e126894744eab2bd8b751ad0587f8f3a1bb1ab7e72dc0b05c5e9f35d5316422e
car-f-92,tight,16,RECOMPUTE,200,2,29,29,0,345,20715,363,188960,0.0019210414902624893,10.358488517291926,0,0,0,0,0,0,2,247,26012.62,26474.83,4.0,1,24c4221b0adab5f26564db6b40b0228399d05fd1725321692b079d41005be038
car-f-92,tight,16,TBRPLUS,200,4,29,29,0,4,224,-634,188960,-0.0033552074513124473,10.307834301536458,4,0,0,0,0,0,0,1,132.68,218.33,5.0,1,e126894744eab2bd8b751ad0587f8f3a1bb1ab7e72dc0b05c5e9f35d5316422e
car-f-92,tight,16,SINGLE,200,4,29,29,0,4,224,-634,188960,-0.0033552074513124473,10.307834301536458,4,0,0,0,0,0,0,1,137.3,236.22,5.06,1,e126894744eab2bd8b751ad0587f8f3a1bb1ab7e72dc0b05c5e9f35d5316422e
car-f-92,tight,16,ONE_BLOCKER,200,4,29,29,0,4,224,-634,188960,-0.0033552074513124473,10.307834301536458,4,0,0,0,0,0,0,1,150.34,226.6,4.85,1,e126894744eab2bd8b751ad0587f8f3a1bb1ab7e72dc0b05c5e9f35d5316422e
car-f-92,official,16,TBR,200,4,32,32,0,4,224,-884,188960,-0.004678238780694327,10.294261360551605,4,0,0,0,0,0,0,1,231.49,399.95,4.96,1,ba03d00453c403b5895b2d383c446c38b326b70aea9ac8485e7a976f2402eeec
car-f-92,official,16,TBRPLUS_N20000,200,4,32,32,0,4,224,-884,188960,-0.004678238780694327,10.294261360551605,4,0,0,0,0,0,0,1,221.94,399.23,4.64,1,ba03d00453c403b5895b2d383c446c38b326b70aea9ac8485e7a976f2402eeec
car-f-92,official,16,RECOMPUTE,200,2,32,32,0,345,20715,363,188960,0.0019210414902624893,10.358488517291926,0,0,0,0,0,0,2,247,37142.28,48303.99,3.79,1,2bbe23d0367947c75588e27246ad5408c2b3411ce8fdbd10791841cedce789e7
car-f-92,official,16,TBRPLUS,200,4,32,32,0,4,224,-884,188960,-0.004678238780694327,10.294261360551605,4,0,0,0,0,0,0,1,231.84,395.39,4.72,1,ba03d00453c403b5895b2d383c446c38b326b70aea9ac8485e7a976f2402eeec
car-f-92,official,16,SINGLE,200,4,32,32,0,4,224,-884,188960,-0.004678238780694327,10.294261360551605,4,0,0,0,0,0,0,1,232.47,406.39,4.69,1,ba03d00453c403b5895b2d383c446c38b326b70aea9ac8485e7a976f2402eeec
car-f-92,official,16,ONE_BLOCKER,200,4,32,32,0,4,224,-884,188960,-0.004678238780694327,10.294261360551605,4,0,0,0,0,0,0,1,229.06,402.5,4.76,1,ba03d00453c403b5895b2d383c446c38b326b70aea9ac8485e7a976f2402eeec
car-f-92,tight,17,TBRPLUS,200,6,29,29,0,6,625,-2433,181329,-0.013417600052942442,9.79461425701721,6,0,0,0,0,0,0,1,131.89,146.78,5.25,1,9f03be49e3f30e814d8fd6a1c9d6022d72594a6559e2137eee7ed2c27a4da457
car-f-92,tight,17,SINGLE,200,6,29,29,0,6,625,-2433,181329,-0.013417600052942442,9.79461425701721,6,0,0,0,0,0,0,1,139.83,155.97,5.07,1,9f03be49e3f30e814d8fd6a1c9d6022d72594a6559e2137eee7ed2c27a4da457
car-f-92,tight,17,TBR,200,6,29,29,0,6,625,-2433,181329,-0.013417600052942442,9.79461425701721,6,0,0,0,0,0,0,1,129.12,151.52,5.02,1,9f03be49e3f30e814d8fd6a1c9d6022d72594a6559e2137eee7ed2c27a4da457
car-f-92,tight,17,ONE_BLOCKER,200,6,29,29,0,6,625,-2433,181329,-0.013417600052942442,9.79461425701721,6,0,0,0,0,0,0,1,123.6,149.2,4.9,1,9f03be49e3f30e814d8fd6a1c9d6022d72594a6559e2137eee7ed2c27a4da457
car-f-92,tight,17,TBRPLUS_N20000,200,6,29,29,0,6,625,-2433,181329,-0.013417600052942442,9.79461425701721,6,0,0,0,0,0,0,1,134.14,153.62,4.71,1,9f03be49e3f30e814d8fd6a1c9d6022d72594a6559e2137eee7ed2c27a4da457
car-f-92,tight,17,RECOMPUTE,200,4,29,29,0,772,52134,7485,181329,0.041278559965587415,10.336066018784951,0,0,0,0,0,0,4,302,25035.65,26523.73,3.77,1,b27d7452a94dea5c3ac5e46c3246c65c366aa156386574b01b6f628fb1c88602
car-f-92,official,17,TBRPLUS,200,6,32,32,0,6,539,-2703,181329,-0.014906606224045795,9.7790325207666,6,0,0,0,0,0,0,1,240.61,301.67,5.12,1,1ba9e697a3ef00e36f04d39462aaac152a98a4fd65200ae05135754b0f01ca7a
car-f-92,official,17,SINGLE,200,6,32,32,0,6,539,-2703,181329,-0.014906606224045795,9.7790325207666,6,0,0,0,0,0,0,1,256.0,309.92,4.94,1,1ba9e697a3ef00e36f04d39462aaac152a98a4fd65200ae05135754b0f01ca7a
car-f-92,official,17,TBR,200,6,32,32,0,6,539,-2703,181329,-0.014906606224045795,9.7790325207666,6,0,0,0,0,0,0,1,241.28,304.72,5.05,1,1ba9e697a3ef00e36f04d39462aaac152a98a4fd65200ae05135754b0f01ca7a
car-f-92,official,17,ONE_BLOCKER,200,6,32,32,0,6,539,-2703,181329,-0.014906606224045795,9.7790325207666,6,0,0,0,0,0,0,1,242.92,300.9,4.91,1,1ba9e697a3ef00e36f04d39462aaac152a98a4fd65200ae05135754b0f01ca7a
car-f-92,official,17,TBRPLUS_N20000,200,6,32,32,0,6,539,-2703,181329,-0.014906606224045795,9.7790325207666,6,0,0,0,0,0,0,1,250.47,316.44,4.8,1,1ba9e697a3ef00e36f04d39462aaac152a98a4fd65200ae05135754b0f01ca7a
car-f-92,official,17,RECOMPUTE,200,4,32,32,0,772,52134,7485,181329,0.041278559965587415,10.336066018784951,0,0,0,0,0,0,4,302,26841.07,46218.97,4.0,1,a2f45aedb4ab076b711a11906db91db3b543390dd31e264d1fe13a1d93cada35
car-f-92,tight,18,SINGLE,200,5,29,29,0,5,589,-5212,196427,-0.026534030454061816,10.466366252239535,5,0,0,0,0,0,0,1,142.46,203.94,4.89,1,ec82f5324ee116148479447b9a47bff6cbe8f2f603cf49a3c7873619416d916b
car-f-92,tight,18,TBRPLUS,200,5,29,29,0,5,589,-5212,196427,-0.026534030454061816,10.466366252239535,5,0,0,0,0,0,0,1,161.97,411.16,4.7,1,ec82f5324ee116148479447b9a47bff6cbe8f2f603cf49a3c7873619416d916b
car-f-92,tight,18,ONE_BLOCKER,200,5,29,29,0,5,589,-5212,196427,-0.026534030454061816,10.466366252239535,5,0,0,0,0,0,0,1,154.67,396.11,4.83,1,ec82f5324ee116148479447b9a47bff6cbe8f2f603cf49a3c7873619416d916b
car-f-92,tight,18,TBRPLUS_N20000,200,5,29,29,0,5,589,-5212,196427,-0.026534030454061816,10.466366252239535,5,0,0,0,0,0,0,1,139.07,182.45,5.08,1,ec82f5324ee116148479447b9a47bff6cbe8f2f603cf49a3c7873619416d916b
car-f-92,tight,18,TBR,200,5,29,29,0,5,589,-5212,196427,-0.026534030454061816,10.466366252239535,5,0,0,0,0,0,0,1,152.14,404.93,4.88,1,ec82f5324ee116148479447b9a47bff6cbe8f2f603cf49a3c7873619416d916b
car-f-92,tight,18,RECOMPUTE,200,6,29,29,0,357,23227,-17671,196427,-0.08996217424284848,9.7900537488463,0,0,0,0,0,0,6,282,23028.84,25433.95,3.71,1,ff68b3c1040af14cac1c821bac16571beee70b8642b39aff0f12471831a4f8cf
car-f-92,official,18,SINGLE,200,5,32,32,0,5,324,-4773,196427,-0.02429910348373696,10.491991964818936,5,0,0,0,0,0,0,1,205.68,341.53,5.12,1,26596f583190b3fd64541bb2d2a574d29d1adc7d808d9ff301a02cb899e9b0ac
car-f-92,official,18,TBRPLUS,200,5,32,32,0,5,324,-4773,196427,-0.02429910348373696,10.491991964818936,5,0,0,0,0,0,0,1,202.78,332.16,5.25,1,26596f583190b3fd64541bb2d2a574d29d1adc7d808d9ff301a02cb899e9b0ac
car-f-92,official,18,ONE_BLOCKER,200,5,32,32,0,5,324,-4773,196427,-0.02429910348373696,10.491991964818936,5,0,0,0,0,0,0,1,280.87,441.91,4.87,1,26596f583190b3fd64541bb2d2a574d29d1adc7d808d9ff301a02cb899e9b0ac
car-f-92,official,18,TBRPLUS_N20000,200,5,32,32,0,5,324,-4773,196427,-0.02429910348373696,10.491991964818936,5,0,0,0,0,0,0,1,276.26,440.73,4.81,1,26596f583190b3fd64541bb2d2a574d29d1adc7d808d9ff301a02cb899e9b0ac
car-f-92,official,18,TBR,200,5,32,32,0,5,324,-4773,196427,-0.02429910348373696,10.491991964818936,5,0,0,0,0,0,0,1,258.24,417.54,4.62,1,26596f583190b3fd64541bb2d2a574d29d1adc7d808d9ff301a02cb899e9b0ac
car-f-92,official,18,RECOMPUTE,200,6,32,32,0,357,23227,-17671,196427,-0.08996217424284848,9.7900537488463,0,0,0,0,0,0,6,282,23212.73,26001.11,3.73,1,85081ab1fd76b1c54f4b56389e70896dff903fc4ae66fe5c78e4e98bb35b03cb
car-f-92,tight,19,TBR,200,7,30,31,1,7,638,-3628,180555,-0.020093600288000887,9.674575166947173,6,0,0,0,1,0,0,1,163.69,2122.17,4.99,1,99183194c9228646f6f767016fcc46553a7c3feb8717cb94c24065bd140fd7c0
car-f-92,tight,19,RECOMPUTE,200,4,30,30,0,656,44235,2959,180555,0.016388358118024977,10.03583256420001,0,0,0,0,0,0,4,293,25351.15,26247.73,3.96,1,b4062e538618bce03a8bc8c6ac26f0243d70cbf6ecb5a3dd0d45fc84b2ccf302
car-f-92,tight,19,SINGLE,200,7,30,31,1,7,638,-3628,180555,-0.020093600288000887,9.674575166947173,6,0,0,0,1,0,0,1,117.56,280.01,5.21,1,99183194c9228646f6f767016fcc46553a7c3feb8717cb94c24065bd140fd7c0
car-f-92,tight,19,TBRPLUS,200,7,30,30,0,11,1034,-3790,180555,-0.020990833817950208,9.666214235300504,5,0,0,2,0,0,0,3,163.23,17515.21,5.01,1,6dd52ad2df62cc8e239b4a57000f90191f77edb4834474c3694da170d2d3c8ff
car-f-92,tight,19,TBRPLUS_N20000,200,7,30,30,0,11,1034,-3790,180555,-0.020990833817950208,9.666214235300504,5,0,0,2,0,0,0,3,189.42,16918.68,5.2,1,6dd52ad2df62cc8e239b4a57000f90191f77edb4834474c3694da170d2d3c8ff
car-f-92,tight,19,ONE_BLOCKER,200,7,30,31,1,7,638,-3628,180555,-0.020093600288000887,9.674575166947173,6,0,0,0,1,0,0,1,162.35,491.41,5.27,1,99183194c9228646f6f767016fcc46553a7c3feb8717cb94c24065bd140fd7c0
car-f-92,official,19,TBR,200,7,32,32,0,7,638,-3858,180555,-0.021367450361385727,9.661925185949292,7,0,0,0,0,0,0,1,303.09,392.99,4.9,1,c4130e9e944007f2e0db5545824c77ad722cbf9b15c7a1b13941441477295180
car-f-92,official,19,RECOMPUTE,200,4,32,32,0,656,44235,2959,180555,0.016388358118024977,10.03583256420001,0,0,0,0,0,0,4,293,26162.13,47407.07,4.16,1,28cb8605b1adc31d586bb08dbd5ffddd3c3ce8316266c3f8142b497a525f09aa
car-f-92,official,19,SINGLE,200,7,32,32,0,7,638,-3858,180555,-0.021367450361385727,9.661925185949292,7,0,0,0,0,0,0,1,311.92,402.78,5.0,1,c4130e9e944007f2e0db5545824c77ad722cbf9b15c7a1b13941441477295180
car-f-92,official,19,TBRPLUS,200,7,32,32,0,7,638,-3858,180555,-0.021367450361385727,9.661925185949292,7,0,0,0,0,0,0,1,295.85,405.26,4.52,1,c4130e9e944007f2e0db5545824c77ad722cbf9b15c7a1b13941441477295180
car-f-92,official,19,TBRPLUS_N20000,200,7,32,32,0,7,638,-3858,180555,-0.021367450361385727,9.661925185949292,7,0,0,0,0,0,0,1,304.1,425.2,4.77,1,c4130e9e944007f2e0db5545824c77ad722cbf9b15c7a1b13941441477295180
car-f-92,official,19,ONE_BLOCKER,200,7,32,32,0,7,638,-3858,180555,-0.021367450361385727,9.661925185949292,7,0,0,0,0,0,0,1,315.66,413.86,4.89,1,c4130e9e944007f2e0db5545824c77ad722cbf9b15c7a1b13941441477295180
car-s-91,tight,10,ONE_BLOCKER,200,10,30,31,1,10,538,-4413,203487,-0.021686889088737855,11.869778434268833,9,0,0,0,1,0,0,1,143.34,485.51,5.36,1,8c44836669a63f5ca904fe763725ec9e51dc2815b4e2aaf85c3b7d5718f248b3
car-s-91,tight,10,TBRPLUS_N20000,200,10,30,30,0,13,742,-4418,203487,-0.021711460682992033,11.869719350073856,9,0,0,1,0,0,0,4,123.77,12941.29,5.24,1,ad976cc37f2cda22ef6638175014665ab85d593bb16b356ea76153f4550c89d9
car-s-91,tight,10,TBR,200,10,30,31,1,10,538,-4413,203487,-0.021686889088737855,11.869778434268833,9,0,0,0,1,0,0,1,151.17,1438.23,5.42,1,8c44836669a63f5ca904fe763725ec9e51dc2815b4e2aaf85c3b7d5718f248b3
car-s-91,tight,10,TBRPLUS,200,10,30,30,0,13,742,-4418,203487,-0.021711460682992033,11.869719350073856,9,0,0,1,0,0,0,4,113.76,12412.57,5.19,1,ad976cc37f2cda22ef6638175014665ab85d593bb16b356ea76153f4550c89d9
car-s-91,tight,10,SINGLE,200,10,30,31,1,10,538,-4413,203487,-0.021686889088737855,11.869778434268833,9,0,0,0,1,0,0,1,120.22,270.0,5.79,1,8c44836669a63f5ca904fe763725ec9e51dc2815b4e2aaf85c3b7d5718f248b3
car-s-91,tight,10,RECOMPUTE,200,7,30,31,1,1078,62706,-3054,203487,-0.015008329770452166,11.953205317577549,0,0,0,0,0,0,7,436,39609.38,57291.87,4.72,1,23ab8bd729a982feda2b6507e56d14f71615d080412d9ed85a0c331185125b1d
car-s-91,official,10,ONE_BLOCKER,200,10,35,35,0,10,538,-5189,203487,-0.025500400516986342,11.82387001477105,10,0,0,0,0,0,0,1,227.49,427.56,5.88,1,5effc2594224c6fe02772aa60942970056aa8c6d2de5a22615abb824a54dd45d
car-s-91,official,10,TBRPLUS_N20000,200,10,35,35,0,10,538,-5189,203487,-0.025500400516986342,11.82387001477105,10,0,0,0,0,0,0,1,223.14,445.77,5.21,1,5effc2594224c6fe02772aa60942970056aa8c6d2de5a22615abb824a54dd45d
car-s-91,official,10,TBR,200,10,35,35,0,10,538,-5189,203487,-0.025500400516986342,11.82387001477105,10,0,0,0,0,0,0,1,240.68,438.77,5.3,1,5effc2594224c6fe02772aa60942970056aa8c6d2de5a22615abb824a54dd45d
car-s-91,official,10,TBRPLUS,200,10,35,35,0,10,538,-5189,203487,-0.025500400516986342,11.82387001477105,10,0,0,0,0,0,0,1,231.51,441.16,5.17,1,5effc2594224c6fe02772aa60942970056aa8c6d2de5a22615abb824a54dd45d
car-s-91,official,10,SINGLE,200,10,35,35,0,10,538,-5189,203487,-0.025500400516986342,11.82387001477105,10,0,0,0,0,0,0,1,219.94,415.02,5.0,1,5effc2594224c6fe02772aa60942970056aa8c6d2de5a22615abb824a54dd45d
car-s-91,official,10,RECOMPUTE,200,7,35,35,0,1078,62706,-3054,203487,-0.015008329770452166,11.953205317577549,0,0,0,0,0,0,7,436,39297.11,59522.36,4.91,1,efab4f05136ce9d0188cf46a19160c6a70e408351ff22542b44c96b3029b44e1
car-s-91,tight,11,TBRPLUS,200,11,30,30,0,14,762,-3306,213581,-0.015478904958774423,12.519645494830133,9,1,0,1,0,0,0,3,129.77,4522.84,5.53,1,dd98d544045d7d867961867a40801966de1c2076bc8c1a939354463e66b9ae6b
car-s-91,tight,11,TBRPLUS_N20000,200,11,30,30,0,14,762,-3306,213581,-0.015478904958774423,12.519645494830133,9,1,0,1,0,0,0,3,131.98,4534.19,5.63,1,dd98d544045d7d867961867a40801966de1c2076bc8c1a939354463e66b9ae6b
car-s-91,tight,11,ONE_BLOCKER,200,11,30,31,1,12,613,-3220,213581,-0.015076247419011991,12.524726735598227,9,1,0,0,1,0,0,2,141.44,523.99,5.56,1,d0b3d85b697c180614675405a354fe8ee5fb32502a2a0e1af2d23392f4aad2f3
car-s-91,tight,11,SINGLE,200,11,30,31,1,11,550,-3470,213581,-0.016246763522972548,12.510014771048745,10,0,0,0,1,0,0,1,159.12,217.57,5.33,1,f27260428e9d20d2ca357d04c41c53162bf665ebd2aa4217c1936321a824637d
car-s-91,tight,11,RECOMPUTE,200,12,30,31,1,1503,76655,-7852,213581,-0.036763569793193215,12.242304283604136,0,0,0,0,0,0,12,426,37545.48,52026.82,5.23,1,07ec88649392c9a305234fa9292248e9753777bff8095c4f0e1893871c3f7f36
car-s-91,tight,11,TBR,200,11,30,31,1,12,613,-3220,213581,-0.015076247419011991,12.524726735598227,9,1,0,0,1,0,0,2,147.82,1408.68,5.54,1,d0b3d85b697c180614675405a354fe8ee5fb32502a2a0e1af2d23392f4aad2f3
car-s-91,official,11,TBRPLUS,200,11,35,35,0,11,550,-4239,213581,-0.019847271058755226,12.464579025110783,11,0,0,0,0,0,0,1,218.63,342.0,5.21,1,2ab717105ab21ad349f301aeb8146c399ceeb66172a188f407e43c2bdf57f482
car-s-91,official,11,TBRPLUS_N20000,200,11,35,35,0,11,550,-4239,213581,-0.019847271058755226,12.464579025110783,11,0,0,0,0,0,0,1,217.35,343.73,5.11,1,2ab717105ab21ad349f301aeb8146c399ceeb66172a188f407e43c2bdf57f482
car-s-91,official,11,ONE_BLOCKER,200,11,35,35,0,11,550,-4239,213581,-0.019847271058755226,12.464579025110783,11,0,0,0,0,0,0,1,213.0,314.19,5.07,1,2ab717105ab21ad349f301aeb8146c399ceeb66172a188f407e43c2bdf57f482
car-s-91,official,11,SINGLE,200,11,35,35,0,11,550,-4239,213581,-0.019847271058755226,12.464579025110783,11,0,0,0,0,0,0,1,206.64,334.2,5.12,1,2ab717105ab21ad349f301aeb8146c399ceeb66172a188f407e43c2bdf57f482
car-s-91,official,11,RECOMPUTE,200,12,35,35,0,1503,76655,-7852,213581,-0.036763569793193215,12.242304283604136,0,0,0,0,0,0,12,426,38674.59,54156.08,5.4,1,c3e82dc44d004a3345c8777cd9cd1095f58010c639d2323b21142a7bfee896ba
car-s-91,official,11,TBR,200,11,35,35,0,11,550,-4239,213581,-0.019847271058755226,12.464579025110783,11,0,0,0,0,0,0,1,214.57,351.08,5.67,1,2ab717105ab21ad349f301aeb8146c399ceeb66172a188f407e43c2bdf57f482
car-s-91,tight,12,TBR,200,6,32,32,0,6,539,-1624,213926,-0.007591410113777662,12.631846381093057,6,0,0,0,0,0,0,1,174.62,210.72,5.56,1,8ecd649c9598e8fa64eda8fffcda78ea8768682d9ffcb74167e64cf578649b86
car-s-91,tight,12,SINGLE,200,6,32,32,0,6,539,-1624,213926,-0.007591410113777662,12.631846381093057,6,0,0,0,0,0,0,1,165.49,226.55,5.19,1,8ecd649c9598e8fa64eda8fffcda78ea8768682d9ffcb74167e64cf578649b86
car-s-91,tight,12,RECOMPUTE,200,5,32,32,0,1446,87597,-15554,213926,-0.07270738479661192,11.804963072378138,0,0,0,0,0,0,5,465,42636.72,43567.07,4.87,1,5a594321d7e3eb40f63a3e7c338ca5d5ba7f2992b47fd5b765ba3d5160bbae01
car-s-91,tight,12,TBRPLUS,200,6,32,32,0,6,539,-1624,213926,-0.007591410113777662,12.631846381093057,6,0,0,0,0,0,0,1,168.06,230.62,5.2,1,8ecd649c9598e8fa64eda8fffcda78ea8768682d9ffcb74167e64cf578649b86
car-s-91,tight,12,TBRPLUS_N20000,200,6,32,32,0,6,539,-1624,213926,-0.007591410113777662,12.631846381093057,6,0,0,0,0,0,0,1,197.09,224.3,5.75,1,8ecd649c9598e8fa64eda8fffcda78ea8768682d9ffcb74167e64cf578649b86
car-s-91,tight,12,ONE_BLOCKER,200,6,32,32,0,6,539,-1624,213926,-0.007591410113777662,12.631846381093057,6,0,0,0,0,0,0,1,202.1,225.18,5.89,1,8ecd649c9598e8fa64eda8fffcda78ea8768682d9ffcb74167e64cf578649b86
car-s-91,official,12,TBR,200,6,35,35,0,6,481,-2549,213926,-0.011915335209371465,12.577370753323486,6,0,0,0,0,0,0,1,290.89,308.0,5.51,1,b67ae6293ca4eb3993eb51c11dc784be664513e29435d7b4ae41353a34bab93f
car-s-91,official,12,SINGLE,200,6,35,35,0,6,481,-2549,213926,-0.011915335209371465,12.577370753323486,6,0,0,0,0,0,0,1,301.04,352.11,5.25,1,b67ae6293ca4eb3993eb51c11dc784be664513e29435d7b4ae41353a34bab93f
car-s-91,official,12,RECOMPUTE,200,5,35,35,0,1446,87597,-15554,213926,-0.07270738479661192,11.804963072378138,0,0,0,0,0,0,5,465,43320.89,44235.54,4.56,1,d0591d81bece857023371c5ded65d6e1da5eb55199ce2dd5cf64f74ee46bc6c2
car-s-91,official,12,TBRPLUS,200,6,35,35,0,6,481,-2549,213926,-0.011915335209371465,12.577370753323486,6,0,0,0,0,0,0,1,293.68,312.77,5.67,1,b67ae6293ca4eb3993eb51c11dc784be664513e29435d7b4ae41353a34bab93f
car-s-91,official,12,TBRPLUS_N20000,200,6,35,35,0,6,481,-2549,213926,-0.011915335209371465,12.577370753323486,6,0,0,0,0,0,0,1,277.75,316.03,5.17,1,b67ae6293ca4eb3993eb51c11dc784be664513e29435d7b4ae41353a34bab93f
car-s-91,official,12,ONE_BLOCKER,200,6,35,35,0,6,481,-2549,213926,-0.011915335209371465,12.577370753323486,6,0,0,0,0,0,0,1,276.4,312.99,4.94,1,b67ae6293ca4eb3993eb51c11dc784be664513e29435d7b4ae41353a34bab93f
car-s-91,tight,13,RECOMPUTE,200,8,31,31,0,908,50545,-4332,207699,-0.0208571057154825,12.103456425406204,0,0,0,0,0,0,8,490,38329.51,57746.89,5.13,1,8577684e01451b589ecd2f9142d6f2c6c0ed0f0d04cda99bb4f7ff3c49a9792c
car-s-91,tight,13,TBR,200,12,31,32,1,12,1093,-7787,207699,-0.03749175489530523,11.904756277695716,11,0,0,0,1,0,0,1,200.1,1470.13,5.84,1,3ec274764466431f8a9a14b80d380ba7ba2b8fc495c7455323ba1715aea1b863
car-s-91,tight,13,TBRPLUS_N20000,200,11,31,31,0,15,1306,-7350,207699,-0.035387748616989005,11.931048744460856,10,0,0,1,0,0,0,5,185.97,84516.94,5.5,1,4e6c2608de98c83d5e3483e6c0b2b1537800737c46cd32aaa9feecb694d70279
car-s-91,tight,13,TBRPLUS,200,12,31,32,1,12,1093,-7787,207699,-0.03749175489530523,11.904756277695716,11,0,0,0,1,1,0,1,204.01,22891.74,5.97,1,3ec274764466431f8a9a14b80d380ba7ba2b8fc495c7455323ba1715aea1b863
car-s-91,tight,13,ONE_BLOCKER,200,12,31,32,1,12,1093,-7787,207699,-0.03749175489530523,11.904756277695716,11,0,0,0,1,0,0,1,202.69,495.14,5.89,1,3ec274764466431f8a9a14b80d380ba7ba2b8fc495c7455323ba1715aea1b863
car-s-91,tight,13,SINGLE,200,12,31,32,1,12,1093,-7787,207699,-0.03749175489530523,11.904756277695716,11,0,0,0,1,0,0,1,195.71,307.68,6.06,1,3ec274764466431f8a9a14b80d380ba7ba2b8fc495c7455323ba1715aea1b863
car-s-91,official,13,RECOMPUTE,200,8,35,35,0,908,50545,-4332,207699,-0.0208571057154825,12.103456425406204,0,0,0,0,0,0,8,490,37923.87,56187.12,4.94,1,443abac765140f3b26af7e93e6aefc5de6f8f6ffab11c96b80dd7473306b9ff0
car-s-91,official,13,TBR,200,12,35,35,0,12,1093,-8629,207699,-0.04154569834231267,11.854948301329394,12,0,0,0,0,0,0,1,261.5,498.47,5.53,1,ef8c51018d0887b1eeb6d8a7075a8895ad1c6cd286a5a065a174d07a1a410b5e
car-s-91,official,13,TBRPLUS_N20000,200,12,35,35,0,12,1093,-8629,207699,-0.04154569834231267,11.854948301329394,12,0,0,0,0,0,0,1,285.08,486.52,5.26,1,ef8c51018d0887b1eeb6d8a7075a8895ad1c6cd286a5a065a174d07a1a410b5e
car-s-91,official,13,TBRPLUS,200,12,35,35,0,12,1093,-8629,207699,-0.04154569834231267,11.854948301329394,12,0,0,0,0,0,0,1,267.02,484.95,5.4,1,ef8c51018d0887b1eeb6d8a7075a8895ad1c6cd286a5a065a174d07a1a410b5e
car-s-91,official,13,ONE_BLOCKER,200,12,35,35,0,12,1093,-8629,207699,-0.04154569834231267,11.854948301329394,12,0,0,0,0,0,0,1,259.88,500.52,5.36,1,ef8c51018d0887b1eeb6d8a7075a8895ad1c6cd286a5a065a174d07a1a410b5e
car-s-91,official,13,SINGLE,200,12,35,35,0,12,1093,-8629,207699,-0.04154569834231267,11.854948301329394,12,0,0,0,0,0,0,1,277.19,496.15,5.28,1,ef8c51018d0887b1eeb6d8a7075a8895ad1c6cd286a5a065a174d07a1a410b5e
car-s-91,tight,14,TBRPLUS_N20000,200,5,31,31,0,5,291,-3033,203552,-0.01490036943876749,11.936779911373707,5,0,0,0,0,0,0,1,113.89,243.54,5.17,1,204b2b7de87639a9b4b7ba9d38811470cfd18c3c7439a1a06e87b93a25c15b5b
car-s-91,tight,14,RECOMPUTE,200,5,31,31,0,550,26122,3496,203552,0.017174972488602423,12.322067946824225,0,0,0,0,0,0,5,323,37731.97,40750.54,4.49,1,20b95c11262e2755b298dfbf4235806da39bea522e79ce6483231414bdd89a45
car-s-91,tight,14,TBRPLUS,200,5,31,31,0,5,291,-3033,203552,-0.01490036943876749,11.936779911373707,5,0,0,0,0,0,0,1,97.72,259.37,5.61,1,204b2b7de87639a9b4b7ba9d38811470cfd18c3c7439a1a06e87b93a25c15b5b
car-s-91,tight,14,SINGLE,200,5,31,31,0,5,291,-3033,203552,-0.01490036943876749,11.936779911373707,5,0,0,0,0,0,0,1,100.78,268.4,5.17,1,204b2b7de87639a9b4b7ba9d38811470cfd18c3c7439a1a06e87b93a25c15b5b
car-s-91,tight,14,TBR,200,5,31,31,0,5,291,-3033,203552,-0.01490036943876749,11.936779911373707,5,0,0,0,0,0,0,1,98.79,265.14,5.24,1,204b2b7de87639a9b4b7ba9d38811470cfd18c3c7439a1a06e87b93a25c15b5b
car-s-91,tight,14,ONE_BLOCKER,200,5,31,31,0,5,291,-3033,203552,-0.01490036943876749,11.936779911373707,5,0,0,0,0,0,0,1,107.27,244.18,5.09,1,204b2b7de87639a9b4b7ba9d38811470cfd18c3c7439a1a06e87b93a25c15b5b
car-s-91,official,14,TBRPLUS_N20000,200,5,35,35,0,5,291,-3253,203552,-0.01598117434365666,11.923663220088626,5,0,0,0,0,0,0,1,314.37,352.17,5.33,1,383df3c25da64b92c23503946d786893b27e17a3515439b266a443a6c9ec2e7f
car-s-91,official,14,RECOMPUTE,200,5,35,35,0,550,26122,3496,203552,0.017174972488602423,12.322067946824225,0,0,0,0,0,0,5,323,39894.45,60135.61,4.87,1,af7dbd00054092bc209216bd8aa165c715d4772d050c8ecd1a7334b9a8f94946
car-s-91,official,14,TBRPLUS,200,5,35,35,0,5,291,-3253,203552,-0.01598117434365666,11.923663220088626,5,0,0,0,0,0,0,1,289.71,348.52,5.16,1,383df3c25da64b92c23503946d786893b27e17a3515439b266a443a6c9ec2e7f
car-s-91,official,14,SINGLE,200,5,35,35,0,5,291,-3253,203552,-0.01598117434365666,11.923663220088626,5,0,0,0,0,0,0,1,298.31,348.15,5.12,1,383df3c25da64b92c23503946d786893b27e17a3515439b266a443a6c9ec2e7f
car-s-91,official,14,TBR,200,5,35,35,0,5,291,-3253,203552,-0.01598117434365666,11.923663220088626,5,0,0,0,0,0,0,1,361.3,502.38,5.88,1,383df3c25da64b92c23503946d786893b27e17a3515439b266a443a6c9ec2e7f
car-s-91,official,14,ONE_BLOCKER,200,5,35,35,0,5,291,-3253,203552,-0.01598117434365666,11.923663220088626,5,0,0,0,0,0,0,1,306.47,336.59,4.92,1,383df3c25da64b92c23503946d786893b27e17a3515439b266a443a6c9ec2e7f
car-s-91,tight,15,SINGLE,200,7,28,29,1,7,731,-3078,221269,-0.013910669818185105,12.991610044313147,6,0,0,0,1,0,0,1,146.12,172.18,5.54,1,0c19e7085d8c2dadd5e76c9b774674837915a3c3e5acb8ad731a76880278d357
car-s-91,tight,15,TBRPLUS,200,7,28,29,1,7,731,-3078,221269,-0.013910669818185105,12.991610044313147,6,0,0,0,1,1,0,1,134.29,55705.32,6.28,1,0c19e7085d8c2dadd5e76c9b774674837915a3c3e5acb8ad731a76880278d357
car-s-91,tight,15,RECOMPUTE,200,10,28,31,3,2647,166987,-32594,221269,-0.14730486421505046,11.24466765140325,0,0,0,0,0,0,10,520,42547.94,55887.02,5.57,1,2c15526f9b0ccb35bb4c4ba04dc22ce3343a1ef5db3b9c94773983889be95eeb
car-s-91,tight,15,ONE_BLOCKER,200,7,28,29,1,7,731,-3078,221269,-0.013910669818185105,12.991610044313147,6,0,0,0,1,0,0,1,138.29,498.96,5.88,1,0c19e7085d8c2dadd5e76c9b774674837915a3c3e5acb8ad731a76880278d357
car-s-91,tight,15,TBRPLUS_N20000,200,7,28,29,1,7,731,-3078,221269,-0.013910669818185105,12.991610044313147,6,0,0,0,1,0,0,1,129.84,203453.02,6.07,1,0c19e7085d8c2dadd5e76c9b774674837915a3c3e5acb8ad731a76880278d357
car-s-91,tight,15,TBR,200,7,28,29,1,7,731,-3078,221269,-0.013910669818185105,12.991610044313147,6,0,0,0,1,0,0,1,137.27,1576.64,6.14,1,0c19e7085d8c2dadd5e76c9b774674837915a3c3e5acb8ad731a76880278d357
car-s-91,official,15,SINGLE,200,7,35,35,0,7,708,-4151,221269,-0.018759970895154767,12.92821270310192,7,0,0,0,0,0,0,1,311.21,433.02,5.54,1,ec547b9c5b0b16f1037ce92be47fa9200408d8c7627b7267c805f57bd96dd604
car-s-91,official,15,TBRPLUS,200,7,35,35,0,7,708,-4151,221269,-0.018759970895154767,12.92821270310192,7,0,0,0,0,0,0,1,309.19,436.74,5.17,1,ec547b9c5b0b16f1037ce92be47fa9200408d8c7627b7267c805f57bd96dd604
car-s-91,official,15,RECOMPUTE,200,10,35,35,0,2647,166987,-32594,221269,-0.14730486421505046,11.24466765140325,0,0,0,0,0,0,10,520,40696.21,61174.35,5.29,1,d0fb830392c3c921db14d82faeef6b714c5f72926e642f8b9ec8938f3052b3c2
car-s-91,official,15,ONE_BLOCKER,200,7,35,35,0,7,708,-4151,221269,-0.018759970895154767,12.92821270310192,7,0,0,0,0,0,0,1,303.14,439.64,5.36,1,ec547b9c5b0b16f1037ce92be47fa9200408d8c7627b7267c805f57bd96dd604
car-s-91,official,15,TBRPLUS_N20000,200,7,35,35,0,7,708,-4151,221269,-0.018759970895154767,12.92821270310192,7,0,0,0,0,0,0,1,311.28,463.56,5.12,1,ec547b9c5b0b16f1037ce92be47fa9200408d8c7627b7267c805f57bd96dd604
car-s-91,official,15,TBR,200,7,35,35,0,7,708,-4151,221269,-0.018759970895154767,12.92821270310192,7,0,0,0,0,0,0,1,304.82,443.52,5.21,1,ec547b9c5b0b16f1037ce92be47fa9200408d8c7627b7267c805f57bd96dd604
car-s-91,tight,16,TBR,200,6,31,31,0,6,208,-1495,218567,-0.006840007869440492,12.919763663220088,6,0,0,0,0,0,0,1,160.09,263.75,5.33,1,7380979e22a61db0ae4b755c895adde6731bc33ab880417bd564f7d3dc08529c
car-s-91,tight,16,TBRPLUS_N20000,200,6,31,31,0,6,208,-1495,218567,-0.006840007869440492,12.919763663220088,6,0,0,0,0,0,0,1,162.41,261.96,4.97,1,7380979e22a61db0ae4b755c895adde6731bc33ab880417bd564f7d3dc08529c
car-s-91,tight,16,RECOMPUTE,200,5,31,31,0,1118,69809,-24115,218567,-0.1103323008505401,11.578729689807977,0,0,0,0,0,0,5,484,39405.05,45254.76,4.58,1,ad8e70282899b831a596e210f0d0bb01369919da5811dfa6d9441c0d48fee37e
car-s-91,tight,16,TBRPLUS,200,6,31,31,0,6,208,-1495,218567,-0.006840007869440492,12.919763663220088,6,0,0,0,0,0,0,1,151.9,267.17,5.56,1,7380979e22a61db0ae4b755c895adde6731bc33ab880417bd564f7d3dc08529c
car-s-91,tight,16,SINGLE,200,6,31,31,0,6,208,-1495,218567,-0.006840007869440492,12.919763663220088,6,0,0,0,0,0,0,1,152.94,269.01,5.09,1,7380979e22a61db0ae4b755c895adde6731bc33ab880417bd564f7d3dc08529c
car-s-91,tight,16,ONE_BLOCKER,200,6,31,31,0,6,208,-1495,218567,-0.006840007869440492,12.919763663220088,6,0,0,0,0,0,0,1,160.5,259.68,5.25,1,7380979e22a61db0ae4b755c895adde6731bc33ab880417bd564f7d3dc08529c
car-s-91,official,16,TBR,200,6,35,35,0,6,208,-1744,218567,-0.00797924663833058,12.905051698670606,6,0,0,0,0,0,0,1,266.44,313.45,5.44,1,2e4e29eefd4b10960d89c61fc130ac61225f93239b7695930983daaa009671be
car-s-91,official,16,TBRPLUS_N20000,200,6,35,35,0,6,208,-1744,218567,-0.00797924663833058,12.905051698670606,6,0,0,0,0,0,0,1,272.61,332.06,5.22,1,2e4e29eefd4b10960d89c61fc130ac61225f93239b7695930983daaa009671be
car-s-91,official,16,RECOMPUTE,200,5,35,35,0,1118,69809,-24115,218567,-0.1103323008505401,11.578729689807977,0,0,0,0,0,0,5,484,43827.96,64555.37,4.87,1,8b6cf0db71101b5f4e04cccaefd1cd657e17968d6139b56e970dd7dd145aba15
car-s-91,official,16,TBRPLUS,200,6,35,35,0,6,208,-1744,218567,-0.00797924663833058,12.905051698670606,6,0,0,0,0,0,0,1,266.72,318.18,5.18,1,2e4e29eefd4b10960d89c61fc130ac61225f93239b7695930983daaa009671be
car-s-91,official,16,SINGLE,200,6,35,35,0,6,208,-1744,218567,-0.00797924663833058,12.905051698670606,6,0,0,0,0,0,0,1,260.47,349.04,5.25,1,2e4e29eefd4b10960d89c61fc130ac61225f93239b7695930983daaa009671be
car-s-91,official,16,ONE_BLOCKER,200,6,35,35,0,6,208,-1744,218567,-0.00797924663833058,12.905051698670606,6,0,0,0,0,0,0,1,269.56,379.64,5.87,1,2e4e29eefd4b10960d89c61fc130ac61225f93239b7695930983daaa009671be
car-s-91,tight,17,TBRPLUS,200,8,30,31,1,9,557,-4445,208070,-0.021363002835584177,12.131048744460857,6,1,0,0,1,1,0,2,127.2,30914.31,5.43,1,1cab4df4aa2c4cb13979f12dcbdf0cccd3c569b6c479d28511818bcfcf630520
car-s-91,tight,17,SINGLE,200,8,30,31,1,8,527,-4694,208070,-0.022559715480367185,12.116336779911373,7,0,0,0,1,0,0,1,115.99,277.94,5.56,1,ebdf58860d7c7efc322a54e4c4a4ba2d1768306a4885c3f8d93a0dff108ff93f
car-s-91,tight,17,TBR,200,8,30,31,1,9,557,-4445,208070,-0.021363002835584177,12.131048744460857,6,1,0,0,1,0,0,2,128.12,1744.63,5.13,1,1cab4df4aa2c4cb13979f12dcbdf0cccd3c569b6c479d28511818bcfcf630520
car-s-91,tight,17,ONE_BLOCKER,200,8,30,31,1,9,557,-4445,208070,-0.021363002835584177,12.131048744460857,6,1,0,0,1,0,0,2,129.73,422.89,4.99,1,1cab4df4aa2c4cb13979f12dcbdf0cccd3c569b6c479d28511818bcfcf630520
car-s-91,tight,17,TBRPLUS_N20000,200,8,30,31,1,9,557,-4445,208070,-0.021363002835584177,12.131048744460857,6,1,0,0,1,1,0,2,123.53,325249.89,5.14,1,1cab4df4aa2c4cb13979f12dcbdf0cccd3c569b6c479d28511818bcfcf630520
car-s-91,tight,17,RECOMPUTE,200,7,30,31,1,1381,79954,-2921,208070,-0.014038544720526746,12.213648449039882,0,0,0,0,0,0,7,475,41413.07,58989.95,5.25,1,66bf8f6b54404db4e24bd82c0c314122e213d50f33676a3a51282fabc142a6be
car-s-91,official,17,TBRPLUS,200,8,35,35,0,8,527,-6286,208070,-0.030210986687172585,12.022038404726736,8,0,0,0,0,0,0,1,259.72,458.11,5.27,1,908f3ac37784c24d475eab0f13d170ac5f0316f7375b9d8e757ee8615e5a0e7b
car-s-91,official,17,SINGLE,200,8,35,35,0,8,527,-6286,208070,-0.030210986687172585,12.022038404726736,8,0,0,0,0,0,0,1,255.57,432.11,5.26,1,908f3ac37784c24d475eab0f13d170ac5f0316f7375b9d8e757ee8615e5a0e7b
car-s-91,official,17,TBR,200,8,35,35,0,8,527,-6286,208070,-0.030210986687172585,12.022038404726736,8,0,0,0,0,0,0,1,269.42,434.69,5.6,1,908f3ac37784c24d475eab0f13d170ac5f0316f7375b9d8e757ee8615e5a0e7b
car-s-91,official,17,ONE_BLOCKER,200,8,35,35,0,8,527,-6286,208070,-0.030210986687172585,12.022038404726736,8,0,0,0,0,0,0,1,366.56,722.63,7.14,1,908f3ac37784c24d475eab0f13d170ac5f0316f7375b9d8e757ee8615e5a0e7b
car-s-91,official,17,TBRPLUS_N20000,200,8,35,35,0,8,527,-6286,208070,-0.030210986687172585,12.022038404726736,8,0,0,0,0,0,0,1,254.31,420.65,5.21,1,908f3ac37784c24d475eab0f13d170ac5f0316f7375b9d8e757ee8615e5a0e7b
car-s-91,official,17,RECOMPUTE,200,7,35,35,0,1381,79954,-2921,208070,-0.014038544720526746,12.213648449039882,0,0,0,0,0,0,7,475,41022.52,57669.25,5.02,1,205bd9c0d748bde9d5fab1a70b0934f2187198f261bb3f76005ea2a32d9bc06e
car-s-91,tight,18,SINGLE,200,7,30,31,1,7,719,-4658,208429,-0.02234813773515202,12.138966026587887,6,0,0,0,1,0,0,1,117.15,224.14,5.53,1,597be01a55c93eb86ca8537613dab5e190aa7824d65732fbb22ad7a0f8998f63
car-s-91,tight,18,TBRPLUS,200,7,30,31,1,10,939,-4906,208429,-0.023537991354370073,12.124313146233382,5,0,0,1,1,1,0,4,145.31,72266.31,5.92,1,fafe1af379f1809ef1d15ec9251dcee1816763e2928c2c55bed77efd07e2b0f5
car-s-91,tight,18,ONE_BLOCKER,200,7,30,31,1,7,719,-4658,208429,-0.02234813773515202,12.138966026587887,6,0,0,0,1,0,0,1,131.93,383.12,5.84,1,597be01a55c93eb86ca8537613dab5e190aa7824d65732fbb22ad7a0f8998f63
car-s-91,tight,18,TBRPLUS_N20000,200,7,30,31,1,10,939,-4906,208429,-0.023537991354370073,12.124313146233382,5,0,0,1,1,1,0,4,151.63,390645.98,6.22,1,fafe1af379f1809ef1d15ec9251dcee1816763e2928c2c55bed77efd07e2b0f5
car-s-91,tight,18,TBR,200,7,30,31,1,7,719,-4658,208429,-0.02234813773515202,12.138966026587887,6,0,0,0,1,0,0,1,143.02,1644.53,5.49,1,597be01a55c93eb86ca8537613dab5e190aa7824d65732fbb22ad7a0f8998f63
car-s-91,tight,18,RECOMPUTE,200,7,30,31,1,1428,82449,-14422,208429,-0.06919382619501126,11.558522895125554,0,0,0,0,0,0,7,485,37916.46,44406.81,5.06,1,279d0b1eaf9b535ad057ad30f2c96e73aac73b60afb129fc3459362e02f77c8b
car-s-91,official,18,SINGLE,200,7,35,35,0,7,694,-5093,208429,-0.0244351793656353,12.114623338257017,7,0,0,0,0,0,0,1,327.34,444.23,5.71,1,4e73479a297e6c049f56014c90203865efb424f5c3f12c78246c5e1eb899cfce
car-s-91,official,18,TBRPLUS,200,7,35,35,0,7,694,-5093,208429,-0.0244351793656353,12.114623338257017,7,0,0,0,0,0,0,1,327.06,463.37,5.25,1,4e73479a297e6c049f56014c90203865efb424f5c3f12c78246c5e1eb899cfce
car-s-91,official,18,ONE_BLOCKER,200,7,35,35,0,7,694,-5093,208429,-0.0244351793656353,12.114623338257017,7,0,0,0,0,0,0,1,334.14,448.71,5.55,1,4e73479a297e6c049f56014c90203865efb424f5c3f12c78246c5e1eb899cfce
car-s-91,official,18,TBRPLUS_N20000,200,7,35,35,0,7,694,-5093,208429,-0.0244351793656353,12.114623338257017,7,0,0,0,0,0,0,1,325.47,442.82,5.17,1,4e73479a297e6c049f56014c90203865efb424f5c3f12c78246c5e1eb899cfce
car-s-91,official,18,TBR,200,7,35,35,0,7,694,-5093,208429,-0.0244351793656353,12.114623338257017,7,0,0,0,0,0,0,1,329.28,454.61,5.11,1,4e73479a297e6c049f56014c90203865efb424f5c3f12c78246c5e1eb899cfce
car-s-91,official,18,RECOMPUTE,200,7,35,35,0,1428,82449,-14422,208429,-0.06919382619501126,11.558522895125554,0,0,0,0,0,0,7,485,41237.42,58711.27,5.08,1,64c010ac484274acfc8d50a64de19e45d8a843b4b27afff829f39212b07d932e
car-s-91,tight,19,TBR,200,11,32,34,2,11,1339,-10634,209954,-0.05064918982253255,11.859379615952733,9,0,0,0,2,0,0,1,227.65,2770.96,5.69,1,04c6c3ba5aab5f789243f5b70de72fa6d983cca3afe84d1691ca0f8a70ce9059
car-s-91,tight,19,RECOMPUTE,200,12,32,32,0,2900,172757,-14339,209954,-0.0682959124379626,11.649807976366322,0,0,0,0,0,0,12,463,40572.26,56221.17,5.33,1,0f6b8f34a1b23f13f0eb6f7bedc82332df509a9fcf2691b20762650a5096c227
car-s-91,tight,19,SINGLE,200,11,32,34,2,11,1339,-10634,209954,-0.05064918982253255,11.859379615952733,9,0,0,0,2,0,0,1,185.42,287.36,5.81,1,04c6c3ba5aab5f789243f5b70de72fa6d983cca3afe84d1691ca0f8a70ce9059
car-s-91,tight,19,TBRPLUS,200,11,32,32,0,16,2008,-9536,209954,-0.04541947283690713,11.92330871491876,8,1,0,2,0,0,0,3,258.21,19114.08,6.02,1,f307d8323ad8c2860c373b4d367d9feb4d6d986fdaf3fdbfe916ece561248c0f
car-s-91,tight,19,TBRPLUS_N20000,200,11,32,32,0,16,2008,-9536,209954,-0.04541947283690713,11.92330871491876,8,1,0,2,0,0,0,3,263.93,19137.76,6.01,1,f307d8323ad8c2860c373b4d367d9feb4d6d986fdaf3fdbfe916ece561248c0f
car-s-91,tight,19,ONE_BLOCKER,200,11,32,34,2,11,1339,-10634,209954,-0.05064918982253255,11.859379615952733,9,0,0,0,2,0,0,1,225.15,414.43,5.93,1,04c6c3ba5aab5f789243f5b70de72fa6d983cca3afe84d1691ca0f8a70ce9059
car-s-91,official,19,TBR,200,11,35,35,0,11,1159,-7591,209954,-0.03615553883231565,12.041654357459379,11,0,0,0,0,0,0,1,287.47,455.91,6.12,1,5d1f0732edfc32a962d4ff2bb188919b8ea24d9275cca684da6d4ebe0e7b2806
car-s-91,official,19,RECOMPUTE,200,12,35,35,0,2900,172757,-14339,209954,-0.0682959124379626,11.649807976366322,0,0,0,0,0,0,12,463,41542.53,67595.36,5.43,1,4952af108818d7054887aa288c1aa64186f579f1d8b2d615a2fde48d828ae0e5
car-s-91,official,19,SINGLE,200,11,35,35,0,11,1159,-7591,209954,-0.03615553883231565,12.041654357459379,11,0,0,0,0,0,0,1,286.43,478.74,5.61,1,5d1f0732edfc32a962d4ff2bb188919b8ea24d9275cca684da6d4ebe0e7b2806
car-s-91,official,19,TBRPLUS,200,11,35,35,0,11,1159,-7591,209954,-0.03615553883231565,12.041654357459379,11,0,0,0,0,0,0,1,308.67,525.1,5.32,1,5d1f0732edfc32a962d4ff2bb188919b8ea24d9275cca684da6d4ebe0e7b2806
car-s-91,official,19,TBRPLUS_N20000,200,11,35,35,0,11,1159,-7591,209954,-0.03615553883231565,12.041654357459379,11,0,0,0,0,0,0,1,300.75,498.28,5.79,1,5d1f0732edfc32a962d4ff2bb188919b8ea24d9275cca684da6d4ebe0e7b2806
car-s-91,official,19,ONE_BLOCKER,200,11,35,35,0,11,1159,-7591,209954,-0.03615553883231565,12.041654357459379,11,0,0,0,0,0,0,1,297.97,470.59,5.5,1,5d1f0732edfc32a962d4ff2bb188919b8ea24d9275cca684da6d4ebe0e7b2806
ear-f-83,tight,10,ONE_BLOCKER,200,10,22,24,2,11,401,-3964,74450,-0.053243787777031565,65.91733333333333,7,1,0,0,2,0,0,2,81.17,255.61,5.15,1,dcefe54b0ae21f4cf23baa05d0e3053f78158807a46002c0cd71737ede078099
ear-f-83,tight,10,TBRPLUS_N20000,200,10,22,23,1,16,568,-3642,74450,-0.04891873740765614,66.21244444444444,6,1,0,2,1,1,0,4,88.55,170886.85,5.36,1,e9e12ea49bbee4efbc6b9ab7276eab9d51c586dfe862ecaedbd0193e4f8878f6
ear-f-83,tight,10,TBR,200,10,22,24,2,11,401,-3964,74450,-0.053243787777031565,65.91733333333333,7,1,0,0,2,0,0,2,95.85,1334.15,5.13,1,dcefe54b0ae21f4cf23baa05d0e3053f78158807a46002c0cd71737ede078099
ear-f-83,tight,10,TBRPLUS,200,10,22,23,1,17,524,-2913,74450,-0.039126930826057754,66.83733333333333,6,1,0,2,1,3,0,4,99.94,28648.31,5.44,1,7ef8d9fae22b410e2f5cefd4cbb57ca1d59860e8de7e0a6efe86f0665a5529f0
ear-f-83,tight,10,SINGLE,200,9,22,24,2,9,340,-4876,74450,-0.0654936198791135,65.10666666666667,7,0,0,0,2,0,0,1,64.34,116.72,5.03,1,d78aecd56b1572d758207a6bf459cf7c574d4a141a4cb37ae0e759767db14215
ear-f-83,tight,10,RECOMPUTE,200,8,22,24,2,323,10397,-4273,74450,-0.05739422431161854,65.4871111111111,0,0,0,0,0,0,8,95,5123.94,6097.6,4.04,1,5214b16647b4f2059d5d519674142fdc05313838c2a4d16b12d700889dd8a258
ear-f-83,official,10,ONE_BLOCKER,200,9,24,25,1,9,380,-5615,74450,-0.07541974479516454,64.45066666666666,8,0,0,0,1,0,0,1,124.12,226.23,5.12,1,2e7b92103dde49a1471f2f7e133c4abc2539fef5ca75545d0c0f0593b2bc98e9
ear-f-83,official,10,TBRPLUS_N20000,200,9,24,24,0,11,409,-5194,74450,-0.06976494291470786,64.82488888888889,8,0,0,1,0,0,0,3,141.13,4818.14,5.0,1,bfcf83310296e720b4bddc547012cd699026dbf37e54e233660cd4c27053b664
ear-f-83,official,10,TBR,200,9,24,25,1,9,380,-5615,74450,-0.07541974479516454,64.45066666666666,8,0,0,0,1,0,0,1,125.46,1280.43,5.09,1,2e7b92103dde49a1471f2f7e133c4abc2539fef5ca75545d0c0f0593b2bc98e9
ear-f-83,official,10,TBRPLUS,200,9,24,24,0,11,409,-5194,74450,-0.06976494291470786,64.82488888888889,8,0,0,1,0,0,0,3,120.75,4812.07,4.93,1,bfcf83310296e720b4bddc547012cd699026dbf37e54e233660cd4c27053b664
ear-f-83,official,10,SINGLE,200,9,24,25,1,9,380,-5615,74450,-0.07541974479516454,64.45066666666666,8,0,0,0,1,0,0,1,120.48,178.22,5.28,1,2e7b92103dde49a1471f2f7e133c4abc2539fef5ca75545d0c0f0593b2bc98e9
ear-f-83,official,10,RECOMPUTE,200,8,24,24,0,323,10397,-4273,74450,-0.05739422431161854,65.4871111111111,0,0,0,0,0,0,8,95,4944.13,5344.54,4.06,1,e9ce07118d5b0990b807d0fffe3b582607849e4791446982187fe7a5711feb3f
ear-f-83,tight,11,TBRPLUS,200,10,23,24,1,10,211,-2272,75146,-0.030234476884997207,68.05777777777777,9,0,0,0,1,1,0,1,53.98,14972.63,5.25,1,9844711441cc07662aff219ed8a3b0d3d4ba63cce2ddc6778de1ea65c6114b06
ear-f-83,tight,11,TBRPLUS_N20000,200,10,23,23,0,14,334,-1982,75146,-0.026375322705134006,68.32977777777778,9,0,0,1,0,0,0,5,56.26,107260.02,5.75,1,3c8fb411a739b79a1f394f947ad3d9c4cfde5cbf10ea0ee5c6e588a37c7c590c
ear-f-83,tight,11,ONE_BLOCKER,200,10,23,24,1,10,211,-2272,75146,-0.030234476884997207,68.05777777777777,9,0,0,0,1,0,0,1,64.8,166.67,5.5,1,9844711441cc07662aff219ed8a3b0d3d4ba63cce2ddc6778de1ea65c6114b06
ear-f-83,tight,11,SINGLE,200,10,23,24,1,10,211,-2272,75146,-0.030234476884997207,68.05777777777777,9,0,0,0,1,0,0,1,64.25,128.1,5.14,1,9844711441cc07662aff219ed8a3b0d3d4ba63cce2ddc6778de1ea65c6114b06
ear-f-83,tight,11,RECOMPUTE,200,10,23,24,1,316,9963,-3925,75146,-0.05223165571021744,66.51377777777778,0,0,0,0,0,0,10,106,4998.99,6022.36,4.12,1,89f8fe0839d8c8ce08646a5afde8b8a31447ee5d771e0346587dc2647dc1d694
ear-f-83,tight,11,TBR,200,10,23,24,1,10,211,-2272,75146,-0.030234476884997207,68.05777777777777,9,0,0,0,1,0,0,1,52.8,918.81,5.08,1,9844711441cc07662aff219ed8a3b0d3d4ba63cce2ddc6778de1ea65c6114b06
ear-f-83,official,11,TBRPLUS,200,10,24,24,0,12,236,-1861,75146,-0.024765123892156602,68.44533333333334,9,0,0,1,0,0,0,3,133.6,8291.7,5.1,1,fcbb7e04d405d789b029ba03a53f7e2c39924b6d6383c938786e1b607602283e
ear-f-83,official,11,TBRPLUS_N20000,200,10,24,24,0,12,236,-1861,75146,-0.024765123892156602,68.44533333333334,9,0,0,1,0,0,0,3,115.88,8249.51,5.11,1,fcbb7e04d405d789b029ba03a53f7e2c39924b6d6383c938786e1b607602283e
ear-f-83,official,11,ONE_BLOCKER,200,10,24,25,1,10,161,-2064,75146,-0.02746653181806084,68.26488888888889,9,0,0,0,1,0,0,1,117.35,185.56,4.99,1,cbe2d5089374e543d59abaca5554fdb9b5851e246a717d13894dd54eb397fc9a
ear-f-83,official,11,SINGLE,200,10,24,25,1,10,161,-2064,75146,-0.02746653181806084,68.26488888888889,9,0,0,0,1,0,0,1,80.85,165.0,4.94,1,cbe2d5089374e543d59abaca5554fdb9b5851e246a717d13894dd54eb397fc9a
ear-f-83,official,11,RECOMPUTE,200,10,24,24,0,316,9963,-3925,75146,-0.05223165571021744,66.51377777777778,0,0,0,0,0,0,10,106,5004.28,5336.13,4.25,1,5f891614ef7158b9058694b708636699b3d77fe306ac32359d4e5f9aa93798b5
ear-f-83,official,11,TBR,200,10,24,25,1,10,161,-2064,75146,-0.02746653181806084,68.26488888888889,9,0,0,0,1,0,0,1,115.95,931.56,5.01,1,cbe2d5089374e543d59abaca5554fdb9b5851e246a717d13894dd54eb397fc9a
ear-f-83,tight,12,TBR,200,9,23,25,2,9,321,-4082,73434,-0.05558733011956315,64.69955555555556,7,0,0,0,2,0,0,1,87.33,1692.84,4.88,1,052337171c9b21473d96b8bcc7caa96425e49363784440ead85e66aac92a867c
ear-f-83,tight,12,SINGLE,200,9,23,25,2,9,321,-4082,73434,-0.05558733011956315,64.69955555555556,7,0,0,0,2,0,0,1,91.1,123.7,4.83,1,052337171c9b21473d96b8bcc7caa96425e49363784440ead85e66aac92a867c
ear-f-83,tight,12,RECOMPUTE,200,11,23,24,1,496,16117,-4505,73434,-0.06134760465179617,64.57777777777778,0,0,0,0,0,0,11,92,5119.64,5570.35,4.18,1,294302ae1790acb26dda6a17a4418cdeb99f44788fd16419dcfdfbd61ee8b315
ear-f-83,tight,12,TBRPLUS,200,8,23,23,0,13,553,-3880,73434,-0.05283656072119182,64.83911111111111,6,0,0,2,0,1,0,4,95.01,20610.0,5.12,1,f447144988ec96d9235352d299422d5016b7f9724b0925f968847a81ef188473
ear-f-83,tight,12,TBRPLUS_N20000,200,8,23,23,0,13,553,-3880,73434,-0.05283656072119182,64.83911111111111,6,0,0,2,0,0,0,4,96.09,23607.34,5.42,1,f447144988ec96d9235352d299422d5016b7f9724b0925f968847a81ef188473
ear-f-83,tight,12,ONE_BLOCKER,200,9,23,25,2,9,321,-4082,73434,-0.05558733011956315,64.69955555555556,7,0,0,0,2,0,0,1,94.0,233.91,4.9,1,052337171c9b21473d96b8bcc7caa96425e49363784440ead85e66aac92a867c
ear-f-83,official,12,TBR,200,8,24,25,1,9,330,-3089,73434,-0.04206498352261895,65.512,6,1,0,0,1,0,0,2,98.41,1296.72,4.79,1,8f933f25a5d2ce96a64920dedf42ceb8235b781fe4adfc91095b318c69489385
ear-f-83,official,12,SINGLE,200,8,24,25,1,8,273,-3560,73434,-0.04847890622872239,65.19288888888889,7,0,0,0,1,0,0,1,81.56,169.07,4.8,1,2193c2390171102c6dbf7271dd2eda5b8915b4ac167a8dc7d96474894c416319
ear-f-83,official,12,RECOMPUTE,200,11,24,24,0,496,16117,-4505,73434,-0.06134760465179617,64.57777777777778,0,0,0,0,0,0,11,92,5034.63,5898.66,4.58,1,006913c5a60179fde48f7bcc98d57253f9b60e77f4ccf20ad451826bedeab093
ear-f-83,official,12,TBRPLUS,200,8,24,24,0,11,384,-3199,73434,-0.04356292725440532,65.41688888888889,6,1,0,1,0,0,0,3,128.45,7999.17,5.16,1,8b38119316b7c70ec447c46b7b8d3a6e820580d74ef4a168def7fb37f9cab155
ear-f-83,official,12,TBRPLUS_N20000,200,8,24,24,0,11,384,-3199,73434,-0.04356292725440532,65.41688888888889,6,1,0,1,0,0,0,3,106.23,8112.39,5.06,1,8b38119316b7c70ec447c46b7b8d3a6e820580d74ef4a168def7fb37f9cab155
ear-f-83,official,12,ONE_BLOCKER,200,8,24,25,1,9,330,-3089,73434,-0.04206498352261895,65.512,6,1,0,0,1,0,0,2,128.85,319.59,5.7,1,8f933f25a5d2ce96a64920dedf42ceb8235b781fe4adfc91095b318c69489385
ear-f-83,tight,13,RECOMPUTE,200,9,22,24,2,240,7774,-7194,75998,-0.09466038579962631,64.2791111111111,0,0,0,0,0,0,9,63,4871.54,5340.81,4.05,1,80b7b3c3b4c3e8b1f21c6dd52cfcc0674ba5aaddbfa641694291a8f2e58e2c2b
ear-f-83,tight,13,TBR,200,7,22,24,2,8,257,-2494,75998,-0.032816653069817625,68.38933333333334,4,1,0,0,2,0,0,2,117.38,1732.21,4.94,1,e0d1fb3ac8350c0ddfb58f69a0687a71a24e1f68c44aaefb9cfa442a5a2e7833
ear-f-83,tight,13,TBRPLUS_N20000,200,7,22,23,1,13,667,-3450,75998,-0.04539593147188084,67.53422222222223,3,1,0,2,1,1,0,4,359.53,198810.49,5.04,1,8f6e231f9f7a323ff5e8d33bed71c9c9786eefe55967db81d3c6e4d8cf074351
ear-f-83,tight,13,TBRPLUS,200,7,22,23,1,10,491,-2932,75998,-0.03857996263059554,68.008,4,1,0,1,1,1,0,3,117.26,22615.48,5.29,1,a31d19d910580bc21e8bc9f05766689e55309b96de918e0e54294b8b7d0cc375
ear-f-83,tight,13,ONE_BLOCKER,200,7,22,24,2,8,257,-2494,75998,-0.032816653069817625,68.38933333333334,4,1,0,0,2,0,0,2,104.68,332.07,5.06,1,e0d1fb3ac8350c0ddfb58f69a0687a71a24e1f68c44aaefb9cfa442a5a2e7833
ear-f-83,tight,13,SINGLE,200,7,22,24,2,7,201,-2500,75998,-0.03289560251585568,68.38133333333333,5,0,0,0,2,0,0,1,73.48,143.22,5.46,1,93ec94543189f5e63038a713bb833b14df5adb308bfd191907bcd3063aa5e32c
ear-f-83,official,13,RECOMPUTE,200,9,24,24,0,240,7774,-7194,75998,-0.09466038579962631,64.2791111111111,0,0,0,0,0,0,9,63,4780.4,5271.31,4.04,1,2777f19446f68b180ed83b3f856fe36a73c23609d307bf5876638ab5ddd474f2
ear-f-83,official,13,TBR,200,7,24,24,0,7,170,-2411,75998,-0.031724519066291215,68.47555555555556,7,0,0,0,0,0,0,1,121.0,182.17,4.67,1,619caef233f61af6a7a4f1d31d29217ab7379c04725179d65acc501a503a6206
ear-f-83,official,13,TBRPLUS_N20000,200,7,24,24,0,7,170,-2411,75998,-0.031724519066291215,68.47555555555556,7,0,0,0,0,0,0,1,116.45,185.75,4.84,1,619caef233f61af6a7a4f1d31d29217ab7379c04725179d65acc501a503a6206
ear-f-83,official,13,TBRPLUS,200,7,24,24,0,7,170,-2411,75998,-0.031724519066291215,68.47555555555556,7,0,0,0,0,0,0,1,112.31,183.85,4.7,1,619caef233f61af6a7a4f1d31d29217ab7379c04725179d65acc501a503a6206
ear-f-83,official,13,ONE_BLOCKER,200,7,24,24,0,7,170,-2411,75998,-0.031724519066291215,68.47555555555556,7,0,0,0,0,0,0,1,110.78,194.13,4.85,1,619caef233f61af6a7a4f1d31d29217ab7379c04725179d65acc501a503a6206
ear-f-83,official,13,SINGLE,200,7,24,24,0,7,170,-2411,75998,-0.031724519066291215,68.47555555555556,7,0,0,0,0,0,0,1,114.3,184.32,4.72,1,619caef233f61af6a7a4f1d31d29217ab7379c04725179d65acc501a503a6206
ear-f-83,tight,14,TBRPLUS_N20000,200,8,23,23,0,8,237,-3354,74321,-0.045128563932132236,66.17511111111111,8,0,0,0,0,0,0,1,86.04,138.47,4.77,1,0bebbd9f9ddf3bcb5dddde3ddf8420c02744dac0dfb38f132ff45ac7cac89a0d
ear-f-83,tight,14,RECOMPUTE,200,8,23,24,1,201,6678,-8765,74321,-0.11793436579163359,61.345777777777776,0,0,0,0,0,0,8,108,4706.88,5913.67,4.03,1,d1e96bf5feea0832dacbc1602dff66b6fa205259d30a4946f4712ba4e58e148b
ear-f-83,tight,14,TBRPLUS,200,8,23,23,0,8,237,-3354,74321,-0.045128563932132236,66.17511111111111,8,0,0,0,0,0,0,1,101.24,137.08,4.71,1,0bebbd9f9ddf3bcb5dddde3ddf8420c02744dac0dfb38f132ff45ac7cac89a0d
ear-f-83,tight,14,SINGLE,200,8,23,23,0,8,237,-3354,74321,-0.045128563932132236,66.17511111111111,8,0,0,0,0,0,0,1,86.6,125.8,4.78,1,0bebbd9f9ddf3bcb5dddde3ddf8420c02744dac0dfb38f132ff45ac7cac89a0d
ear-f-83,tight,14,TBR,200,8,23,23,0,8,237,-3354,74321,-0.045128563932132236,66.17511111111111,8,0,0,0,0,0,0,1,95.0,127.79,4.88,1,0bebbd9f9ddf3bcb5dddde3ddf8420c02744dac0dfb38f132ff45ac7cac89a0d
ear-f-83,tight,14,ONE_BLOCKER,200,8,23,23,0,8,237,-3354,74321,-0.045128563932132236,66.17511111111111,8,0,0,0,0,0,0,1,87.87,135.87,4.96,1,0bebbd9f9ddf3bcb5dddde3ddf8420c02744dac0dfb38f132ff45ac7cac89a0d
ear-f-83,official,14,TBRPLUS_N20000,200,8,24,24,0,8,237,-3663,74321,-0.04928620443750757,65.88622222222222,8,0,0,0,0,0,0,1,116.28,165.43,4.83,1,35dfac008b7f0a24ada76525612a645e6cf67f40410ff8c9ec4ccc1d53e0835c
ear-f-83,official,14,RECOMPUTE,200,8,24,24,0,201,6678,-8765,74321,-0.11793436579163359,61.345777777777776,0,0,0,0,0,0,8,108,4760.88,15125.71,4.01,1,0a031d2675507db28242947e69673c6025aa23bad7cc0cf353cd0056b34935df
ear-f-83,official,14,TBRPLUS,200,8,24,24,0,8,237,-3663,74321,-0.04928620443750757,65.88622222222222,8,0,0,0,0,0,0,1,110.41,163.42,4.82,1,35dfac008b7f0a24ada76525612a645e6cf67f40410ff8c9ec4ccc1d53e0835c
ear-f-83,official,14,SINGLE,200,8,24,24,0,8,237,-3663,74321,-0.04928620443750757,65.88622222222222,8,0,0,0,0,0,0,1,110.18,158.44,4.79,1,35dfac008b7f0a24ada76525612a645e6cf67f40410ff8c9ec4ccc1d53e0835c
ear-f-83,official,14,TBR,200,8,24,24,0,8,237,-3663,74321,-0.04928620443750757,65.88622222222222,8,0,0,0,0,0,0,1,113.55,163.6,4.96,1,35dfac008b7f0a24ada76525612a645e6cf67f40410ff8c9ec4ccc1d53e0835c
ear-f-83,official,14,ONE_BLOCKER,200,8,24,24,0,8,237,-3663,74321,-0.04928620443750757,65.88622222222222,8,0,0,0,0,0,0,1,105.94,183.58,4.74,1,35dfac008b7f0a24ada76525612a645e6cf67f40410ff8c9ec4ccc1d53e0835c
ear-f-83,tight,15,SINGLE,200,8,23,26,3,8,245,-4214,73097,-0.05764942473699331,64.30222222222223,5,0,0,0,3,0,0,1,60.77,155.46,4.93,1,2f139deabffd0c6764a890ffbadab2b3ad424960657e041330e060896cf0b54c
ear-f-83,tight,15,TBRPLUS,200,10,23,23,0,14,368,-3133,73097,-0.042860856122686294,65.27288888888889,7,2,0,1,0,0,0,3,83.95,6085.49,4.96,1,1e6f381a21eb43beba0e04123047d0786bd611a4e3b1f2ccbd6c9128b8ca4723
ear-f-83,tight,15,RECOMPUTE,200,6,23,23,0,181,5816,-301,73097,-0.004117816052642379,67.95466666666667,0,0,0,0,0,0,6,55,4875.23,5538.4,3.98,1,331f161195a16fd13a65821b46b75a42d698fb6ea696aea59c25a6da204c81d2
ear-f-83,tight,15,ONE_BLOCKER,200,10,23,24,1,12,334,-3775,73097,-0.05164370630805642,64.69422222222222,7,2,0,0,1,0,0,2,91.39,415.13,4.92,1,3afa0608037616ed86ab289fbc6493d1805a1945396ec8569248066957ff4d35
ear-f-83,tight,15,TBRPLUS_N20000,200,10,23,23,0,14,368,-3133,73097,-0.042860856122686294,65.27288888888889,7,2,0,1,0,0,0,3,98.28,6167.38,4.95,1,1e6f381a21eb43beba0e04123047d0786bd611a4e3b1f2ccbd6c9128b8ca4723
ear-f-83,tight,15,TBR,200,10,23,24,1,12,334,-3775,73097,-0.05164370630805642,64.69422222222222,7,2,0,0,1,0,0,2,83.6,1539.54,5.01,1,3afa0608037616ed86ab289fbc6493d1805a1945396ec8569248066957ff4d35
ear-f-83,official,15,SINGLE,200,9,24,26,2,9,264,-4748,73097,-0.06495478610613295,63.82044444444445,7,0,0,0,2,0,0,1,115.34,186.13,4.96,1,1da54032cddf181c2a9b156e376edb6cbb7b8906d1f64e36306defdb91188c92
ear-f-83,official,15,TBRPLUS,200,9,24,24,0,12,335,-4116,73097,-0.05630874044078416,64.40977777777778,6,3,0,0,0,0,0,2,157.66,452.49,4.83,1,93280c9b1be4868dff1017e79ee4451aa23e0dd5fae854a072ff19889bad5ce2
ear-f-83,official,15,RECOMPUTE,200,6,24,24,0,181,5816,-301,73097,-0.004117816052642379,67.95466666666667,0,0,0,0,0,0,6,55,4857.97,5581.62,3.9,1,6275a9f2d96a913d1ec1d355b5cacf955101c362ffa168cc73e2ae89bf41dbd7
ear-f-83,official,15,ONE_BLOCKER,200,9,24,24,0,12,335,-4116,73097,-0.05630874044078416,64.40977777777778,6,3,0,0,0,0,0,2,167.09,432.75,4.99,1,93280c9b1be4868dff1017e79ee4451aa23e0dd5fae854a072ff19889bad5ce2
ear-f-83,official,15,TBRPLUS_N20000,200,9,24,24,0,12,335,-4116,73097,-0.05630874044078416,64.40977777777778,6,3,0,0,0,0,0,2,181.51,453.06,4.82,1,93280c9b1be4868dff1017e79ee4451aa23e0dd5fae854a072ff19889bad5ce2
ear-f-83,official,15,TBR,200,9,24,24,0,12,335,-4116,73097,-0.05630874044078416,64.40977777777778,6,3,0,0,0,0,0,2,173.43,431.16,4.97,1,93280c9b1be4868dff1017e79ee4451aa23e0dd5fae854a072ff19889bad5ce2
ear-f-83,tight,16,TBR,200,10,23,23,0,11,564,-11504,80509,-0.1428908569228285,64.3591111111111,9,1,0,0,0,0,0,2,72.85,286.75,4.85,1,69c13c58040a8dfaa96ac16c32478060dcb6bd2eec96bf2dc311ea76e7c1b3f6
ear-f-83,tight,16,TBRPLUS_N20000,200,10,23,23,0,11,564,-11504,80509,-0.1428908569228285,64.3591111111111,9,1,0,0,0,0,0,2,72.05,310.44,4.83,1,69c13c58040a8dfaa96ac16c32478060dcb6bd2eec96bf2dc311ea76e7c1b3f6
ear-f-83,tight,16,RECOMPUTE,200,6,23,23,0,209,6476,-8890,80509,-0.11042243724304115,67.08,0,0,0,0,0,0,6,76,4676.68,6376.12,3.82,1,51e36eee62ec5b223b09895b427e3a4f0c7f91f54b669ba3acf3cda99458481c
ear-f-83,tight,16,TBRPLUS,200,10,23,23,0,11,564,-11504,80509,-0.1428908569228285,64.3591111111111,9,1,0,0,0,0,0,2,70.07,300.12,4.84,1,69c13c58040a8dfaa96ac16c32478060dcb6bd2eec96bf2dc311ea76e7c1b3f6
ear-f-83,tight,16,SINGLE,200,10,23,24,1,10,530,-11611,80509,-0.14421990088064687,64.2568888888889,9,0,0,0,1,0,0,1,77.39,138.67,4.92,1,9e1cecbb21969dec327cb06d7566a50e4ca5a97e511f161ab98f84c48939384b
ear-f-83,tight,16,ONE_BLOCKER,200,10,23,23,0,11,564,-11504,80509,-0.1428908569228285,64.3591111111111,9,1,0,0,0,0,0,2,77.91,303.04,4.99,1,69c13c58040a8dfaa96ac16c32478060dcb6bd2eec96bf2dc311ea76e7c1b3f6
ear-f-83,official,16,TBR,200,10,24,24,0,10,498,-11836,80509,-0.147014619483536,64.07377777777778,10,0,0,0,0,0,0,1,89.05,169.97,5.0,1,f3357eca090ab03bc09c6601eba79f951e332b166d21c1df5ad8030a44336a5c
ear-f-83,official,16,TBRPLUS_N20000,200,10,24,24,0,10,498,-11836,80509,-0.147014619483536,64.07377777777778,10,0,0,0,0,0,0,1,76.7,177.66,4.72,1,f3357eca090ab03bc09c6601eba79f951e332b166d21c1df5ad8030a44336a5c
ear-f-83,official,16,RECOMPUTE,200,6,24,24,0,209,6476,-8890,80509,-0.11042243724304115,67.08,0,0,0,0,0,0,6,76,4702.4,5199.13,3.77,1,89e9645b0c368e0694f6cc707a47fcb5ffa693013c963ad8ef0f9ebaa6753c87
ear-f-83,official,16,TBRPLUS,200,10,24,24,0,10,498,-11836,80509,-0.147014619483536,64.07377777777778,10,0,0,0,0,0,0,1,77.37,201.77,4.88,1,f3357eca090ab03bc09c6601eba79f951e332b166d21c1df5ad8030a44336a5c
ear-f-83,official,16,SINGLE,200,10,24,24,0,10,498,-11836,80509,-0.147014619483536,64.07377777777778,10,0,0,0,0,0,0,1,82.57,170.05,4.89,1,f3357eca090ab03bc09c6601eba79f951e332b166d21c1df5ad8030a44336a5c
ear-f-83,official,16,ONE_BLOCKER,200,10,24,24,0,10,498,-11836,80509,-0.147014619483536,64.07377777777778,10,0,0,0,0,0,0,1,90.1,167.87,4.84,1,f3357eca090ab03bc09c6601eba79f951e332b166d21c1df5ad8030a44336a5c
ear-f-83,tight,17,TBRPLUS,200,6,22,23,1,9,302,-3251,78620,-0.04135080132281862,70.45866666666667,4,0,0,1,1,1,0,4,98.89,24909.1,5.14,1,b159c9966d194048c7b0eb888e127cc96112e5175f9807a6ff2a0f28257b8cd0
ear-f-83,tight,17,SINGLE,200,6,22,24,2,6,195,-3362,78620,-0.042762655812770285,70.34933333333333,4,0,0,0,2,0,0,1,72.69,120.34,4.88,1,3ef6f8e83be69d80509d04776c4c5a67102c82952c9e8668c89e092fbaf982e7
ear-f-83,tight,17,TBR,200,6,22,24,2,6,195,-3362,78620,-0.042762655812770285,70.34933333333333,4,0,0,0,2,0,0,1,108.13,1373.71,4.85,1,3ef6f8e83be69d80509d04776c4c5a67102c82952c9e8668c89e092fbaf982e7
ear-f-83,tight,17,ONE_BLOCKER,200,6,22,24,2,6,195,-3362,78620,-0.042762655812770285,70.34933333333333,4,0,0,0,2,0,0,1,93.69,247.18,4.81,1,3ef6f8e83be69d80509d04776c4c5a67102c82952c9e8668c89e092fbaf982e7
ear-f-83,tight,17,TBRPLUS_N20000,200,6,22,23,1,9,302,-3251,78620,-0.04135080132281862,70.45866666666667,4,0,0,1,1,1,0,4,111.39,204112.89,5.69,1,b159c9966d194048c7b0eb888e127cc96112e5175f9807a6ff2a0f28257b8cd0
ear-f-83,tight,17,RECOMPUTE,200,14,22,24,2,528,16460,-6709,78620,-0.08533452047824981,67.27733333333333,0,0,0,0,0,0,14,96,4708.4,5673.19,4.63,1,7effd8b28c640971c339a829abb4b7f8b10c160924dc98a30074f781a7a05844
ear-f-83,official,17,TBRPLUS,200,6,24,24,0,9,468,-4223,78620,-0.05371406766726024,69.65066666666667,5,0,0,1,0,1,0,4,162.6,21431.55,5.13,1,b28a9743f9fc2d20592dad192b31a56eba8dfc486f6d0a588e81e0f4b8ded698
ear-f-83,official,17,SINGLE,200,6,24,25,1,6,149,-2587,78620,-0.032905113202747395,71.07466666666667,5,0,0,0,1,0,0,1,129.16,193.73,4.99,1,72255dd215cd8b11c388fd6c3082bf14cc7f37b53bb4a0a3efde3b0e24769a13
ear-f-83,official,17,TBR,200,6,24,25,1,6,149,-2587,78620,-0.032905113202747395,71.07466666666667,5,0,0,0,1,0,0,1,168.47,1136.36,4.8,1,72255dd215cd8b11c388fd6c3082bf14cc7f37b53bb4a0a3efde3b0e24769a13
ear-f-83,official,17,ONE_BLOCKER,200,6,24,25,1,6,149,-2587,78620,-0.032905113202747395,71.07466666666667,5,0,0,0,1,0,0,1,160.24,232.19,4.67,1,72255dd215cd8b11c388fd6c3082bf14cc7f37b53bb4a0a3efde3b0e24769a13
ear-f-83,official,17,TBRPLUS_N20000,200,6,24,24,0,9,215,-2625,78620,-0.033388450775883996,71.03822222222222,5,0,0,1,0,0,0,4,170.68,32126.92,5.08,1,b545f5d4c70c06f15b67e01193e368373866374e37ba5d712b83125a9412c12e
ear-f-83,official,17,RECOMPUTE,200,14,24,24,0,528,16460,-6709,78620,-0.08533452047824981,67.27733333333333,0,0,0,0,0,0,14,96,4752.03,5435.35,4.63,1,904c373052dec7f25040cbd0006537a953bc9be32edf87edcc0e835895fc5d0c
ear-f-83,tight,18,SINGLE,200,8,23,24,1,8,199,-2956,72711,-0.04065409635405922,65.03733333333334,7,0,0,0,1,0,0,1,97.3,188.13,4.89,1,f51a1cf495571a71c2910c96d3b151dfc48fefa199251eaa87649d252a5da6d1
ear-f-83,tight,18,TBRPLUS,200,8,23,23,0,11,532,-3292,72711,-0.045275130310406954,64.71022222222223,6,1,0,1,0,0,0,3,143.4,8168.45,4.76,1,bb157190452e8ccb663d56508a42517f52ffcddee0e48c79a87f35320f80412b
ear-f-83,tight,18,ONE_BLOCKER,200,8,23,24,1,8,199,-2956,72711,-0.04065409635405922,65.03733333333334,7,0,0,0,1,0,0,1,100.8,199.63,4.88,1,f51a1cf495571a71c2910c96d3b151dfc48fefa199251eaa87649d252a5da6d1
ear-f-83,tight,18,TBRPLUS_N20000,200,8,23,23,0,11,532,-3292,72711,-0.045275130310406954,64.71022222222223,6,1,0,1,0,0,0,3,135.58,8125.68,4.72,1,bb157190452e8ccb663d56508a42517f52ffcddee0e48c79a87f35320f80412b
ear-f-83,tight,18,TBR,200,8,23,24,1,8,199,-2956,72711,-0.04065409635405922,65.03733333333334,7,0,0,0,1,0,0,1,107.99,1322.95,4.87,1,f51a1cf495571a71c2910c96d3b151dfc48fefa199251eaa87649d252a5da6d1
ear-f-83,tight,18,RECOMPUTE,200,7,23,24,1,216,6826,-3743,72711,-0.0514777681506237,64.4871111111111,0,0,0,0,0,0,7,85,4597.46,5196.24,3.96,1,e8a0eb39ba53c541cff6d8eca36c610c9fb34a5bc1c5bf8193e1396b11e50f15
ear-f-83,official,18,SINGLE,200,8,24,24,0,8,199,-3147,72711,-0.04328093410900689,64.85688888888889,8,0,0,0,0,0,0,1,102.28,177.68,5.16,1,2ce2c7035e76e3e361bd1414254b3a33143bbe59db7d498d8c8f1349522d8369
ear-f-83,official,18,TBRPLUS,200,8,24,24,0,8,199,-3147,72711,-0.04328093410900689,64.85688888888889,8,0,0,0,0,0,0,1,100.69,173.64,4.91,1,2ce2c7035e76e3e361bd1414254b3a33143bbe59db7d498d8c8f1349522d8369
ear-f-83,official,18,ONE_BLOCKER,200,8,24,24,0,8,199,-3147,72711,-0.04328093410900689,64.85688888888889,8,0,0,0,0,0,0,1,100.06,175.78,4.86,1,2ce2c7035e76e3e361bd1414254b3a33143bbe59db7d498d8c8f1349522d8369
ear-f-83,official,18,TBRPLUS_N20000,200,8,24,24,0,8,199,-3147,72711,-0.04328093410900689,64.85688888888889,8,0,0,0,0,0,0,1,119.61,194.88,4.77,1,2ce2c7035e76e3e361bd1414254b3a33143bbe59db7d498d8c8f1349522d8369
ear-f-83,official,18,TBR,200,8,24,24,0,8,199,-3147,72711,-0.04328093410900689,64.85688888888889,8,0,0,0,0,0,0,1,107.79,175.59,4.75,1,2ce2c7035e76e3e361bd1414254b3a33143bbe59db7d498d8c8f1349522d8369
ear-f-83,official,18,RECOMPUTE,200,7,24,24,0,216,6826,-3743,72711,-0.0514777681506237,64.4871111111111,0,0,0,0,0,0,7,85,4483.0,5071.56,3.92,1,3d731ba189cdd1095d4b9d8dffc727e0a96adbec17368bf24f637f51d38f2f67
ear-f-83,tight,19,TBR,200,10,22,23,1,11,369,-4752,79177,-0.06001742930396454,69.31555555555556,8,1,0,0,1,0,0,2,84.99,810.87,5.17,1,3bb0d5721d90723e9315884597ed55f8c86189b6f69b76d8fa98d00ca9a7dd18
ear-f-83,tight,19,RECOMPUTE,200,11,22,24,2,512,17463,-12164,79177,-0.15363047349609105,62.768,0,0,0,0,0,0,11,83,5024.22,6515.87,4.21,1,da333939456962e5341b8eca351abfcbda9fbbe88f189567ee5729068949cd45
ear-f-83,tight,19,SINGLE,200,10,22,24,2,10,328,-5070,79177,-0.06403374717405307,69.02577777777778,8,0,0,0,2,0,0,1,52.92,145.33,4.94,1,c97aa46b3fca5c79151c17eff98ced3539aec6269e88b82fcc74881254cd9023
ear-f-83,tight,19,TBRPLUS,200,10,22,23,1,11,369,-4752,79177,-0.06001742930396454,69.31555555555556,8,1,0,0,1,1,0,2,98.14,16996.56,4.99,1,3bb0d5721d90723e9315884597ed55f8c86189b6f69b76d8fa98d00ca9a7dd18
ear-f-83,tight,19,TBRPLUS_N20000,200,10,22,23,1,11,369,-4752,79177,-0.06001742930396454,69.31555555555556,8,1,0,0,1,1,0,2,114.49,148466.79,5.44,1,3bb0d5721d90723e9315884597ed55f8c86189b6f69b76d8fa98d00ca9a7dd18
ear-f-83,tight,19,ONE_BLOCKER,200,10,22,23,1,11,369,-4752,79177,-0.06001742930396454,69.31555555555556,8,1,0,0,1,0,0,2,86.86,260.26,5.16,1,3bb0d5721d90723e9315884597ed55f8c86189b6f69b76d8fa98d00ca9a7dd18
ear-f-83,official,19,TBR,200,10,24,24,0,10,328,-4691,79177,-0.05924700354901045,69.33511111111112,10,0,0,0,0,0,0,1,148.3,201.56,4.94,1,d124ec1a70845b78ee592ab781e572688a3032ddd31066828542c33366c6413d
ear-f-83,official,19,RECOMPUTE,200,11,24,24,0,512,17463,-12164,79177,-0.15363047349609105,62.768,0,0,0,0,0,0,11,83,4658.44,5576.25,4.06,1,a774f3048311b304004db5b271fb689594f25ec0818ce94266cc53c4af17254f
ear-f-83,official,19,SINGLE,200,10,24,24,0,10,328,-4691,79177,-0.05924700354901045,69.33511111111112,10,0,0,0,0,0,0,1,141.09,202.33,4.88,1,d124ec1a70845b78ee592ab781e572688a3032ddd31066828542c33366c6413d
ear-f-83,official,19,TBRPLUS,200,10,24,24,0,10,328,-4691,79177,-0.05924700354901045,69.33511111111112,10,0,0,0,0,0,0,1,140.95,194.26,4.88,1,d124ec1a70845b78ee592ab781e572688a3032ddd31066828542c33366c6413d
ear-f-83,official,19,TBRPLUS_N20000,200,10,24,24,0,10,328,-4691,79177,-0.05924700354901045,69.33511111111112,10,0,0,0,0,0,0,1,136.0,188.41,4.82,1,d124ec1a70845b78ee592ab781e572688a3032ddd31066828542c33366c6413d
ear-f-83,official,19,ONE_BLOCKER,200,10,24,24,0,10,328,-4691,79177,-0.05924700354901045,69.33511111111112,10,0,0,0,0,0,0,1,134.25,191.18,4.87,1,d124ec1a70845b78ee592ab781e572688a3032ddd31066828542c33366c6413d
hec-s-92,tight,10,ONE_BLOCKER,200,3,18,19,1,3,174,-173,68383,-0.002529868534577307,25.158342189160468,2,0,0,0,1,0,0,1,70.43,164.11,3.7,1,eea63adfaa48e921f39f15647b4a18a3aaed5c408ad459444f88a4e7be176f29
hec-s-92,tight,10,TBRPLUS_N20000,200,3,18,18,0,8,771,-3661,68383,-0.05353669771726891,23.907545164718385,0,2,0,1,0,0,0,4,222.6,35895.5,3.79,1,cf837110f123373a91014aa2bcfc8b64814039da48ec9dc294f521adcf38f556
hec-s-92,tight,10,TBR,200,3,18,19,1,3,174,-173,68383,-0.002529868534577307,25.158342189160468,2,0,0,0,1,0,0,1,52.26,968.73,3.67,1,eea63adfaa48e921f39f15647b4a18a3aaed5c408ad459444f88a4e7be176f29
hec-s-92,tight,10,TBRPLUS,200,2,18,18,0,6,966,-14792,68383,-0.21631107146513023,19.912150194828197,0,1,0,1,0,1,0,4,9500.44,17838.35,3.73,1,2f037319835e15a798d76399732b74305b5d37c3bd68c5d880686ce82b692957
hec-s-92,tight,10,SINGLE,200,3,18,19,1,3,174,-173,68383,-0.002529868534577307,25.158342189160468,2,0,0,0,1,0,0,1,52.76,53.31,3.59,1,eea63adfaa48e921f39f15647b4a18a3aaed5c408ad459444f88a4e7be176f29
hec-s-92,tight,10,RECOMPUTE,200,2,18,19,1,9,520,-712,68383,-0.010411944489127415,24.956429330499468,0,0,0,0,0,0,2,7,1101.67,1252.39,2.42,1,7749b6b01ca0b38f0f766a6090cbfb8a1b10b7c1516e8e578451199efd3151a3
hec-s-92,official,10,ONE_BLOCKER,200,3,18,19,1,3,174,-173,68383,-0.002529868534577307,25.158342189160468,2,0,0,0,1,0,0,1,106.81,146.11,3.78,1,eea63adfaa48e921f39f15647b4a18a3aaed5c408ad459444f88a4e7be176f29
hec-s-92,official,10,TBRPLUS_N20000,200,3,18,18,0,8,771,-3661,68383,-0.05353669771726891,23.907545164718385,0,2,0,1,0,0,0,4,202.78,35391.46,3.76,1,cf837110f123373a91014aa2bcfc8b64814039da48ec9dc294f521adcf38f556
hec-s-92,official,10,TBR,200,3,18,19,1,3,174,-173,68383,-0.002529868534577307,25.158342189160468,2,0,0,0,1,0,0,1,71.37,950.13,3.73,1,eea63adfaa48e921f39f15647b4a18a3aaed5c408ad459444f88a4e7be176f29
hec-s-92,official,10,TBRPLUS,200,2,18,18,0,6,966,-14792,68383,-0.21631107146513023,19.912150194828197,0,1,0,1,0,1,0,4,8992.37,16891.19,3.61,1,2f037319835e15a798d76399732b74305b5d37c3bd68c5d880686ce82b692957
hec-s-92,official,10,SINGLE,200,3,18,19,1,3,174,-173,68383,-0.002529868534577307,25.158342189160468,2,0,0,0,1,0,0,1,52.09,53.24,3.71,1,eea63adfaa48e921f39f15647b4a18a3aaed5c408ad459444f88a4e7be176f29
hec-s-92,official,10,RECOMPUTE,200,2,18,19,1,9,520,-712,68383,-0.010411944489127415,24.956429330499468,0,0,0,0,0,0,2,7,1081.73,1208.7,2.53,1,7749b6b01ca0b38f0f766a6090cbfb8a1b10b7c1516e8e578451199efd3151a3
hec-s-92,tight,11,TBRPLUS,200,5,19,19,0,5,392,-5112,80166,-0.06376768205972606,27.708466170740348,5,0,0,0,0,0,0,1,74.79,108.7,3.63,1,a1842beafc0cf8c9d9202566192923295022e905c1ffee07110cbdbc9ac9f721
hec-s-92,tight,11,TBRPLUS_N20000,200,5,19,19,0,5,392,-5112,80166,-0.06376768205972606,27.708466170740348,5,0,0,0,0,0,0,1,75.83,128.17,3.64,1,a1842beafc0cf8c9d9202566192923295022e905c1ffee07110cbdbc9ac9f721
hec-s-92,tight,11,ONE_BLOCKER,200,5,19,19,0,5,392,-5112,80166,-0.06376768205972606,27.708466170740348,5,0,0,0,0,0,0,1,76.51,104.71,3.58,1,a1842beafc0cf8c9d9202566192923295022e905c1ffee07110cbdbc9ac9f721
hec-s-92,tight,11,SINGLE,200,5,19,19,0,5,392,-5112,80166,-0.06376768205972606,27.708466170740348,5,0,0,0,0,0,0,1,76.71,108.42,3.58,1,a1842beafc0cf8c9d9202566192923295022e905c1ffee07110cbdbc9ac9f721
hec-s-92,tight,11,RECOMPUTE,200,5,19,19,0,23,3731,-13986,80166,-0.1744629892972083,24.42791356712717,0,0,0,0,0,0,5,13,958.95,996.41,2.45,1,9bf4eb40cfb1f0cb37d5e0aaa7485dad91896706882adac21c68b71541557c89
hec-s-92,tight,11,TBR,200,5,19,19,0,5,392,-5112,80166,-0.06376768205972606,27.708466170740348,5,0,0,0,0,0,0,1,78.71,107.84,3.53,1,a1842beafc0cf8c9d9202566192923295022e905c1ffee07110cbdbc9ac9f721
hec-s-92,official,11,TBRPLUS,200,5,19,19,0,5,392,-5112,80166,-0.06376768205972606,27.708466170740348,5,0,0,0,0,0,0,1,75.45,123.67,3.59,1,a1842beafc0cf8c9d9202566192923295022e905c1ffee07110cbdbc9ac9f721
hec-s-92,official,11,TBRPLUS_N20000,200,5,19,19,0,5,392,-5112,80166,-0.06376768205972606,27.708466170740348,5,0,0,0,0,0,0,1,79.54,108.56,3.59,1,a1842beafc0cf8c9d9202566192923295022e905c1ffee07110cbdbc9ac9f721
hec-s-92,official,11,ONE_BLOCKER,200,5,19,19,0,5,392,-5112,80166,-0.06376768205972606,27.708466170740348,5,0,0,0,0,0,0,1,77.18,108.64,3.59,1,a1842beafc0cf8c9d9202566192923295022e905c1ffee07110cbdbc9ac9f721
hec-s-92,official,11,SINGLE,200,5,19,19,0,5,392,-5112,80166,-0.06376768205972606,27.708466170740348,5,0,0,0,0,0,0,1,83.15,135.93,3.69,1,a1842beafc0cf8c9d9202566192923295022e905c1ffee07110cbdbc9ac9f721
hec-s-92,official,11,RECOMPUTE,200,5,19,19,0,23,3731,-13986,80166,-0.1744629892972083,24.42791356712717,0,0,0,0,0,0,5,13,981.1,1102.51,2.49,1,9bf4eb40cfb1f0cb37d5e0aaa7485dad91896706882adac21c68b71541557c89
hec-s-92,official,11,TBR,200,5,19,19,0,5,392,-5112,80166,-0.06376768205972606,27.708466170740348,5,0,0,0,0,0,0,1,77.47,109.25,3.84,1,a1842beafc0cf8c9d9202566192923295022e905c1ffee07110cbdbc9ac9f721
hec-s-92,tight,12,TBR,200,4,19,19,0,5,281,-1138,68663,-0.016573700537407338,24.8955012398158,3,1,0,0,0,0,0,2,103.55,178.17,3.96,1,dacd6ff74243d111ff23c51b4f822a76c7696e8890c3462879a6a89ff20e7d80
hec-s-92,tight,12,SINGLE,200,4,19,20,1,4,213,-1843,68663,-0.026841239095291496,24.647892313142048,3,0,0,0,1,0,0,1,93.88,108.12,3.66,1,0183356e5cabdcb96562140e60b1eaf9981b41767c55bdac4b2fca41bca7a568
hec-s-92,tight,12,RECOMPUTE,200,4,19,19,0,22,901,-579,68663,-0.008432489113496353,25.10024796315976,0,0,0,0,0,0,4,15,999.99,1034.18,2.52,1,57ae81e36130e81054afc8c6d91351ca4383d0c0a999789fd369c26fa456e1dd
hec-s-92,tight,12,TBRPLUS,200,4,19,19,0,5,281,-1138,68663,-0.016573700537407338,24.8955012398158,3,1,0,0,0,0,0,2,106.71,176.07,3.68,1,dacd6ff74243d111ff23c51b4f822a76c7696e8890c3462879a6a89ff20e7d80
hec-s-92,tight,12,TBRPLUS_N20000,200,4,19,19,0,5,281,-1138,68663,-0.016573700537407338,24.8955012398158,3,1,0,0,0,0,0,2,117.64,187.77,3.78,1,dacd6ff74243d111ff23c51b4f822a76c7696e8890c3462879a6a89ff20e7d80
hec-s-92,tight,12,ONE_BLOCKER,200,4,19,19,0,5,281,-1138,68663,-0.016573700537407338,24.8955012398158,3,1,0,0,0,0,0,2,102.87,169.32,3.71,1,dacd6ff74243d111ff23c51b4f822a76c7696e8890c3462879a6a89ff20e7d80
hec-s-92,official,12,TBR,200,4,19,19,0,5,281,-1138,68663,-0.016573700537407338,24.8955012398158,3,1,0,0,0,0,0,2,99.49,216.0,3.71,1,dacd6ff74243d111ff23c51b4f822a76c7696e8890c3462879a6a89ff20e7d80
hec-s-92,official,12,SINGLE,200,4,19,20,1,4,213,-1843,68663,-0.026841239095291496,24.647892313142048,3,0,0,0,1,0,0,1,98.49,124.81,3.71,1,0183356e5cabdcb96562140e60b1eaf9981b41767c55bdac4b2fca41bca7a568
hec-s-92,official,12,RECOMPUTE,200,4,19,19,0,22,901,-579,68663,-0.008432489113496353,25.10024796315976,0,0,0,0,0,0,4,15,1026.29,1063.22,2.44,1,57ae81e36130e81054afc8c6d91351ca4383d0c0a999789fd369c26fa456e1dd
hec-s-92,official,12,TBRPLUS,200,4,19,19,0,5,281,-1138,68663,-0.016573700537407338,24.8955012398158,3,1,0,0,0,0,0,2,104.59,195.74,3.61,1,dacd6ff74243d111ff23c51b4f822a76c7696e8890c3462879a6a89ff20e7d80
hec-s-92,official,12,TBRPLUS_N20000,200,4,19,19,0,5,281,-1138,68663,-0.016573700537407338,24.8955012398158,3,1,0,0,0,0,0,2,123.58,175.41,3.58,1,dacd6ff74243d111ff23c51b4f822a76c7696e8890c3462879a6a89ff20e7d80
hec-s-92,official,12,ONE_BLOCKER,200,4,19,19,0,5,281,-1138,68663,-0.016573700537407338,24.8955012398158,3,1,0,0,0,0,0,2,105.23,173.59,3.71,1,dacd6ff74243d111ff23c51b4f822a76c7696e8890c3462879a6a89ff20e7d80
hec-s-92,tight,13,RECOMPUTE,200,3,19,19,0,61,5572,-3635,64551,-0.05631206332977026,22.495572086432873,0,0,0,0,0,0,3,27,1257.46,2179.25,2.47,1,565b27c6828b632a8e6c8229a74fa8ec9eda7edec32d2ed16e26dd8ee462980c
hec-s-92,tight,13,TBR,200,2,19,19,0,4,530,-5249,64551,-0.08131554894579479,21.846262840949343,1,0,1,0,0,0,0,3,324.14,508.05,3.63,1,8bda7374fad9559e2f4c053ff64ed99e69e43e40d11c8fe154574eb30d5f2a63
hec-s-92,tight,13,TBRPLUS_N20000,200,2,19,19,0,4,530,-5249,64551,-0.08131554894579479,21.846262840949343,1,0,1,0,0,0,0,3,4080.37,7647.65,3.62,1,8bda7374fad9559e2f4c053ff64ed99e69e43e40d11c8fe154574eb30d5f2a63
hec-s-92,tight,13,TBRPLUS,200,2,19,19,0,4,530,-5249,64551,-0.08131554894579479,21.846262840949343,1,0,1,0,0,0,0,3,4162.57,7800.25,3.57,1,8bda7374fad9559e2f4c053ff64ed99e69e43e40d11c8fe154574eb30d5f2a63
hec-s-92,tight,13,ONE_BLOCKER,200,2,19,20,1,2,395,-4431,64551,-0.06864339824324953,22.14098476797733,1,0,0,0,1,0,0,1,136.12,148.95,3.75,1,c5337dad697b2c38a09da067d9ddd2c6803ebd851e594656c2383bef94b2f73c
hec-s-92,tight,13,SINGLE,200,2,19,20,1,2,395,-4431,64551,-0.06864339824324953,22.14098476797733,1,0,0,0,1,0,0,1,87.11,136.44,3.59,1,c5337dad697b2c38a09da067d9ddd2c6803ebd851e594656c2383bef94b2f73c
hec-s-92,official,13,RECOMPUTE,200,3,19,19,0,61,5572,-3635,64551,-0.05631206332977026,22.495572086432873,0,0,0,0,0,0,3,27,1205.63,1261.15,2.49,1,565b27c6828b632a8e6c8229a74fa8ec9eda7edec32d2ed16e26dd8ee462980c
hec-s-92,official,13,TBR,200,2,19,19,0,4,530,-5249,64551,-0.08131554894579479,21.846262840949343,1,0,1,0,0,0,0,3,323.15,509.57,3.7,1,8bda7374fad9559e2f4c053ff64ed99e69e43e40d11c8fe154574eb30d5f2a63
hec-s-92,official,13,TBRPLUS_N20000,200,2,19,19,0,4,530,-5249,64551,-0.08131554894579479,21.846262840949343,1,0,1,0,0,0,0,3,4095.36,7677.01,3.65,1,8bda7374fad9559e2f4c053ff64ed99e69e43e40d11c8fe154574eb30d5f2a63
hec-s-92,official,13,TBRPLUS,200,2,19,19,0,4,530,-5249,64551,-0.08131554894579479,21.846262840949343,1,0,1,0,0,0,0,3,4132.36,7744.97,3.62,1,8bda7374fad9559e2f4c053ff64ed99e69e43e40d11c8fe154574eb30d5f2a63
hec-s-92,official,13,ONE_BLOCKER,200,2,19,20,1,2,395,-4431,64551,-0.06864339824324953,22.14098476797733,1,0,0,0,1,0,0,1,135.4,147.38,3.62,1,c5337dad697b2c38a09da067d9ddd2c6803ebd851e594656c2383bef94b2f73c
hec-s-92,official,13,SINGLE,200,2,19,20,1,2,395,-4431,64551,-0.06864339824324953,22.14098476797733,1,0,0,0,1,0,0,1,74.0,112.26,3.7,1,c5337dad697b2c38a09da067d9ddd2c6803ebd851e594656c2383bef94b2f73c
hec-s-92,tight,14,TBRPLUS_N20000,200,2,18,18,0,5,233,-399,67547,-0.0059069980902186625,24.71448813319164,1,0,0,1,0,0,0,4,10825.06,20507.55,3.67,1,f7b97c883a0b2a7816a25da9f0d5783701704a13233cd775f81d184fcb0f1afc
hec-s-92,tight,14,RECOMPUTE,200,1,18,19,1,10,486,-387,67547,-0.005729344012317349,24.702444208289055,0,0,0,0,0,0,1,10,1129.7,1129.7,2.44,1,2690c3352afe38863003cb82bffb54df477c0014b9f2eacaf39ce81fd2b1ad8f
hec-s-92,tight,14,TBRPLUS,200,2,18,19,1,2,78,-431,67547,-0.006380742297955498,24.677647892313143,1,0,0,0,1,1,0,1,8414.71,15919.6,3.62,1,1fa18c25434e314a70aa741bb11b61bd93be26598fa2291867406426b2002d09
hec-s-92,tight,14,SINGLE,200,2,18,19,1,2,78,-431,67547,-0.006380742297955498,24.677647892313143,1,0,0,0,1,0,0,1,60.19,72.47,3.58,1,1fa18c25434e314a70aa741bb11b61bd93be26598fa2291867406426b2002d09
hec-s-92,tight,14,TBR,200,2,18,19,1,2,78,-431,67547,-0.006380742297955498,24.677647892313143,1,0,0,0,1,0,0,1,521.34,929.0,3.6,1,1fa18c25434e314a70aa741bb11b61bd93be26598fa2291867406426b2002d09
hec-s-92,tight,14,ONE_BLOCKER,200,2,18,19,1,2,78,-431,67547,-0.006380742297955498,24.677647892313143,1,0,0,0,1,0,0,1,121.84,163.09,3.54,1,1fa18c25434e314a70aa741bb11b61bd93be26598fa2291867406426b2002d09
hec-s-92,official,14,TBRPLUS_N20000,200,2,18,18,0,5,233,-399,67547,-0.0059069980902186625,24.71448813319164,1,0,0,1,0,0,0,4,10876.25,20602.24,3.65,1,f7b97c883a0b2a7816a25da9f0d5783701704a13233cd775f81d184fcb0f1afc
hec-s-92,official,14,RECOMPUTE,200,1,18,19,1,10,486,-387,67547,-0.005729344012317349,24.702444208289055,0,0,0,0,0,0,1,10,1200.5,1200.5,2.39,1,2690c3352afe38863003cb82bffb54df477c0014b9f2eacaf39ce81fd2b1ad8f
hec-s-92,official,14,TBRPLUS,200,2,18,19,1,2,78,-431,67547,-0.006380742297955498,24.677647892313143,1,0,0,0,1,1,0,1,8436.48,15958.81,3.65,1,1fa18c25434e314a70aa741bb11b61bd93be26598fa2291867406426b2002d09
hec-s-92,official,14,SINGLE,200,2,18,19,1,2,78,-431,67547,-0.006380742297955498,24.677647892313143,1,0,0,0,1,0,0,1,52.38,70.35,3.6,1,1fa18c25434e314a70aa741bb11b61bd93be26598fa2291867406426b2002d09
hec-s-92,official,14,TBR,200,2,18,19,1,2,78,-431,67547,-0.006380742297955498,24.677647892313143,1,0,0,0,1,0,0,1,535.32,946.53,3.65,1,1fa18c25434e314a70aa741bb11b61bd93be26598fa2291867406426b2002d09
hec-s-92,official,14,ONE_BLOCKER,200,2,18,19,1,2,78,-431,67547,-0.006380742297955498,24.677647892313143,1,0,0,0,1,0,0,1,129.68,164.42,3.6,1,1fa18c25434e314a70aa741bb11b61bd93be26598fa2291867406426b2002d09
hec-s-92,tight,15,SINGLE,200,1,19,19,0,1,115,-943,68769,-0.013712573979554742,24.955012398157987,1,0,0,0,0,0,0,1,110.34,110.34,3.79,1,0c84094662cf82ce95cf7303fec88630f7748dfe66281575ac0411c729c332b1
hec-s-92,tight,15,TBRPLUS,200,1,19,19,0,1,115,-943,68769,-0.013712573979554742,24.955012398157987,1,0,0,0,0,0,0,1,109.09,109.09,3.57,1,0c84094662cf82ce95cf7303fec88630f7748dfe66281575ac0411c729c332b1
hec-s-92,tight,15,RECOMPUTE,200,1,19,19,0,4,453,-1501,68769,-0.021826695167880876,24.77399929153383,0,0,0,0,0,0,1,4,1139.1,1139.1,2.5,1,98bb0b0c14a433bb04f7c39e398333607451011c99da36c3c2a8d7a50418642e
hec-s-92,tight,15,ONE_BLOCKER,200,1,19,19,0,1,115,-943,68769,-0.013712573979554742,24.955012398157987,1,0,0,0,0,0,0,1,113.96,113.96,3.65,1,0c84094662cf82ce95cf7303fec88630f7748dfe66281575ac0411c729c332b1
hec-s-92,tight,15,TBRPLUS_N20000,200,1,19,19,0,1,115,-943,68769,-0.013712573979554742,24.955012398157987,1,0,0,0,0,0,0,1,127.33,127.33,3.55,1,0c84094662cf82ce95cf7303fec88630f7748dfe66281575ac0411c729c332b1
hec-s-92,tight,15,TBR,200,1,19,19,0,1,115,-943,68769,-0.013712573979554742,24.955012398157987,1,0,0,0,0,0,0,1,127.1,127.1,3.66,1,0c84094662cf82ce95cf7303fec88630f7748dfe66281575ac0411c729c332b1
hec-s-92,official,15,SINGLE,200,1,19,19,0,1,115,-943,68769,-0.013712573979554742,24.955012398157987,1,0,0,0,0,0,0,1,114.83,114.83,3.66,1,0c84094662cf82ce95cf7303fec88630f7748dfe66281575ac0411c729c332b1
hec-s-92,official,15,TBRPLUS,200,1,19,19,0,1,115,-943,68769,-0.013712573979554742,24.955012398157987,1,0,0,0,0,0,0,1,117.53,117.53,3.59,1,0c84094662cf82ce95cf7303fec88630f7748dfe66281575ac0411c729c332b1
hec-s-92,official,15,RECOMPUTE,200,1,19,19,0,4,453,-1501,68769,-0.021826695167880876,24.77399929153383,0,0,0,0,0,0,1,4,1245.36,1245.36,2.47,1,98bb0b0c14a433bb04f7c39e398333607451011c99da36c3c2a8d7a50418642e
hec-s-92,official,15,ONE_BLOCKER,200,1,19,19,0,1,115,-943,68769,-0.013712573979554742,24.955012398157987,1,0,0,0,0,0,0,1,111.19,111.19,3.67,1,0c84094662cf82ce95cf7303fec88630f7748dfe66281575ac0411c729c332b1
hec-s-92,official,15,TBRPLUS_N20000,200,1,19,19,0,1,115,-943,68769,-0.013712573979554742,24.955012398157987,1,0,0,0,0,0,0,1,108.68,108.68,3.63,1,0c84094662cf82ce95cf7303fec88630f7748dfe66281575ac0411c729c332b1
hec-s-92,official,15,TBR,200,1,19,19,0,1,115,-943,68769,-0.013712573979554742,24.955012398157987,1,0,0,0,0,0,0,1,110.14,110.14,3.77,1,0c84094662cf82ce95cf7303fec88630f7748dfe66281575ac0411c729c332b1
hec-s-92,tight,16,TBR,200,2,19,19,0,3,150,-484,57521,-0.008414318248987326,21.04215373715905,1,1,0,0,0,0,0,2,198.29,282.23,3.65,1,7b5aa2709d76ab8c995a785ba892cf23ac271bf59236952b5dcf1e93b4ce1251
hec-s-92,tight,16,TBRPLUS_N20000,200,2,19,19,0,3,150,-484,57521,-0.008414318248987326,21.04215373715905,1,1,0,0,0,0,0,2,188.91,269.25,3.71,1,7b5aa2709d76ab8c995a785ba892cf23ac271bf59236952b5dcf1e93b4ce1251
hec-s-92,tight,16,RECOMPUTE,200,2,19,19,0,37,5650,7241,57521,0.12588445958867198,23.797732908253632,0,0,0,0,0,0,2,27,1188.85,1227.12,2.54,1,8cf8e14fe2982093fb2b1b5a3e57206ae38a37fc630ae3d92139b471b016e16b
hec-s-92,tight,16,TBRPLUS,200,2,19,19,0,3,150,-484,57521,-0.008414318248987326,21.04215373715905,1,1,0,0,0,0,0,2,185.97,263.05,3.6,1,7b5aa2709d76ab8c995a785ba892cf23ac271bf59236952b5dcf1e93b4ce1251
hec-s-92,tight,16,SINGLE,200,2,19,20,1,2,103,-174,57521,-0.003024982180421064,21.150194828196952,1,0,0,0,1,0,0,1,72.36,107.79,3.71,1,bfbb312337b810b47316b7a5b32e27e9e3632901b30c6d2213679074145f5152
hec-s-92,tight,16,ONE_BLOCKER,200,2,19,19,0,3,150,-484,57521,-0.008414318248987326,21.04215373715905,1,1,0,0,0,0,0,2,193.38,276.02,3.65,1,7b5aa2709d76ab8c995a785ba892cf23ac271bf59236952b5dcf1e93b4ce1251
hec-s-92,official,16,TBR,200,2,19,19,0,3,150,-484,57521,-0.008414318248987326,21.04215373715905,1,1,0,0,0,0,0,2,208.35,287.33,3.71,1,7b5aa2709d76ab8c995a785ba892cf23ac271bf59236952b5dcf1e93b4ce1251
hec-s-92,official,16,TBRPLUS_N20000,200,2,19,19,0,3,150,-484,57521,-0.008414318248987326,21.04215373715905,1,1,0,0,0,0,0,2,189.04,267.42,3.67,1,7b5aa2709d76ab8c995a785ba892cf23ac271bf59236952b5dcf1e93b4ce1251
hec-s-92,official,16,RECOMPUTE,200,2,19,19,0,37,5650,7241,57521,0.12588445958867198,23.797732908253632,0,0,0,0,0,0,2,27,1191.35,1224.48,2.49,1,8cf8e14fe2982093fb2b1b5a3e57206ae38a37fc630ae3d92139b471b016e16b
hec-s-92,official,16,TBRPLUS,200,2,19,19,0,3,150,-484,57521,-0.008414318248987326,21.04215373715905,1,1,0,0,0,0,0,2,220.27,309.93,3.59,1,7b5aa2709d76ab8c995a785ba892cf23ac271bf59236952b5dcf1e93b4ce1251
hec-s-92,official,16,SINGLE,200,2,19,20,1,2,103,-174,57521,-0.003024982180421064,21.150194828196952,1,0,0,0,1,0,0,1,69.67,103.16,3.67,1,bfbb312337b810b47316b7a5b32e27e9e3632901b30c6d2213679074145f5152
hec-s-92,official,16,ONE_BLOCKER,200,2,19,19,0,3,150,-484,57521,-0.008414318248987326,21.04215373715905,1,1,0,0,0,0,0,2,192.19,272.81,3.69,1,7b5aa2709d76ab8c995a785ba892cf23ac271bf59236952b5dcf1e93b4ce1251
hec-s-92,tight,17,TBRPLUS,200,1,19,19,0,3,114,-384,60912,-0.006304176516942475,22.358129649309245,0,0,0,1,0,0,0,3,10181.63,10181.63,3.68,1,0c8cbbbd9cb574d0019155c7a83e3d03239aa611c3b7faa61e10f40d3252922a
hec-s-92,tight,17,SINGLE,200,1,19,20,1,1,42,-74,60912,-0.0012148673496191226,22.46723343960326,0,0,0,0,1,0,0,1,141.36,141.36,3.62,1,6b643009eab873ece58ef2950a6f0986ac1b80f4a6a8ad672100eba405461a04
hec-s-92,tight,17,TBR,200,1,19,20,1,1,42,-74,60912,-0.0012148673496191226,22.46723343960326,0,0,0,0,1,0,0,1,1247.55,1247.55,3.8,1,6b643009eab873ece58ef2950a6f0986ac1b80f4a6a8ad672100eba405461a04
hec-s-92,tight,17,ONE_BLOCKER,200,1,19,20,1,1,42,-74,60912,-0.0012148673496191226,22.46723343960326,0,0,0,0,1,0,0,1,290.8,290.8,3.62,1,6b643009eab873ece58ef2950a6f0986ac1b80f4a6a8ad672100eba405461a04
hec-s-92,tight,17,TBRPLUS_N20000,200,1,19,19,0,3,114,-384,60912,-0.006304176516942475,22.358129649309245,0,0,0,1,0,0,0,3,10307.57,10307.57,3.67,1,0c8cbbbd9cb574d0019155c7a83e3d03239aa611c3b7faa61e10f40d3252922a
hec-s-92,tight,17,RECOMPUTE,200,1,19,19,0,15,807,-939,60912,-0.015415681639085894,22.154799858306767,0,0,0,0,0,0,1,15,1267.88,1267.88,2.49,1,dfe419ba19324e3ccd016d21f13ffd47f2e580cd7002d4f96e9078d46847a4e0
hec-s-92,official,17,TBRPLUS,200,1,19,19,0,3,114,-384,60912,-0.006304176516942475,22.358129649309245,0,0,0,1,0,0,0,3,10211.58,10211.58,3.67,1,0c8cbbbd9cb574d0019155c7a83e3d03239aa611c3b7faa61e10f40d3252922a
hec-s-92,official,17,SINGLE,200,1,19,20,1,1,42,-74,60912,-0.0012148673496191226,22.46723343960326,0,0,0,0,1,0,0,1,163.46,163.46,3.65,1,6b643009eab873ece58ef2950a6f0986ac1b80f4a6a8ad672100eba405461a04
hec-s-92,official,17,TBR,200,1,19,20,1,1,42,-74,60912,-0.0012148673496191226,22.46723343960326,0,0,0,0,1,0,0,1,1297.88,1297.88,3.74,1,6b643009eab873ece58ef2950a6f0986ac1b80f4a6a8ad672100eba405461a04
hec-s-92,official,17,ONE_BLOCKER,200,1,19,20,1,1,42,-74,60912,-0.0012148673496191226,22.46723343960326,0,0,0,0,1,0,0,1,295.23,295.23,3.67,1,6b643009eab873ece58ef2950a6f0986ac1b80f4a6a8ad672100eba405461a04
hec-s-92,official,17,TBRPLUS_N20000,200,1,19,19,0,3,114,-384,60912,-0.006304176516942475,22.358129649309245,0,0,0,1,0,0,0,3,10336.28,10336.28,3.66,1,0c8cbbbd9cb574d0019155c7a83e3d03239aa611c3b7faa61e10f40d3252922a
hec-s-92,official,17,RECOMPUTE,200,1,19,19,0,15,807,-939,60912,-0.015415681639085894,22.154799858306767,0,0,0,0,0,0,1,15,1141.41,1141.41,2.51,1,dfe419ba19324e3ccd016d21f13ffd47f2e580cd7002d4f96e9078d46847a4e0
hec-s-92,tight,18,SINGLE,200,5,18,20,2,5,866,-10436,70567,-0.14788782292006178,22.298972724052426,3,0,0,0,2,0,0,1,77.21,103.22,3.7,1,0e37984e687c8d8294251ae33eefbeac47346fbd0a47aaaffec471bd80d33389
hec-s-92,tight,18,TBRPLUS,200,5,18,18,0,10,1304,-9340,70567,-0.13235648390890925,22.707049238398866,2,2,0,1,0,1,0,4,189.68,14452.85,3.81,1,d7bb7132c2bd1a6053906ccf35f4e044593b040fb43c117fa55af6fbce4818b0
hec-s-92,tight,18,ONE_BLOCKER,200,5,18,19,1,7,1040,-9785,70567,-0.1386625476497513,22.54941551540914,2,2,0,0,1,0,0,2,131.28,186.32,3.7,1,9fb51fa72d37ab3deca3126c1f77b19e72da6d6174eb84d40b38b1684846aea7
hec-s-92,tight,18,TBRPLUS_N20000,200,5,18,18,0,10,1304,-9340,70567,-0.13235648390890925,22.707049238398866,2,2,0,1,0,0,0,4,168.8,22558.92,3.73,1,d7bb7132c2bd1a6053906ccf35f4e044593b040fb43c117fa55af6fbce4818b0
hec-s-92,tight,18,TBR,200,5,18,19,1,7,1040,-9785,70567,-0.1386625476497513,22.54941551540914,2,2,0,0,1,0,0,2,177.45,1037.11,3.81,1,9fb51fa72d37ab3deca3126c1f77b19e72da6d6174eb84d40b38b1684846aea7
hec-s-92,tight,18,RECOMPUTE,200,5,18,19,1,28,2955,-6804,70567,-0.09641900605098701,23.618490967056324,0,0,0,0,0,0,5,14,1011.37,1071.45,2.46,1,f146a2ae7cde006bfe8ac2c5dce991d1457b1980a33c0afbc4e62411aba95699
hec-s-92,official,18,SINGLE,200,5,18,20,2,5,866,-10436,70567,-0.14788782292006178,22.298972724052426,3,0,0,0,2,0,0,1,53.06,88.52,3.73,1,0e37984e687c8d8294251ae33eefbeac47346fbd0a47aaaffec471bd80d33389
hec-s-92,official,18,TBRPLUS,200,5,18,18,0,10,1304,-9340,70567,-0.13235648390890925,22.707049238398866,2,2,0,1,0,1,0,4,169.5,14482.58,3.7,1,d7bb7132c2bd1a6053906ccf35f4e044593b040fb43c117fa55af6fbce4818b0
hec-s-92,official,18,ONE_BLOCKER,200,5,18,19,1,7,1040,-9785,70567,-0.1386625476497513,22.54941551540914,2,2,0,0,1,0,0,2,138.07,186.42,3.74,1,9fb51fa72d37ab3deca3126c1f77b19e72da6d6174eb84d40b38b1684846aea7
hec-s-92,official,18,TBRPLUS_N20000,200,5,18,18,0,10,1304,-9340,70567,-0.13235648390890925,22.707049238398866,2,2,0,1,0,0,0,4,196.03,22343.32,3.66,1,d7bb7132c2bd1a6053906ccf35f4e044593b040fb43c117fa55af6fbce4818b0
hec-s-92,official,18,TBR,200,5,18,19,1,7,1040,-9785,70567,-0.1386625476497513,22.54941551540914,2,2,0,0,1,0,0,2,171.15,1070.29,3.75,1,9fb51fa72d37ab3deca3126c1f77b19e72da6d6174eb84d40b38b1684846aea7
hec-s-92,official,18,RECOMPUTE,200,5,18,19,1,28,2955,-6804,70567,-0.09641900605098701,23.618490967056324,0,0,0,0,0,0,5,14,999.97,1081.15,2.57,1,f146a2ae7cde006bfe8ac2c5dce991d1457b1980a33c0afbc4e62411aba95699
hec-s-92,tight,19,TBR,200,2,19,19,0,2,257,-2136,60549,-0.03527721349650696,21.523202267091747,2,0,0,0,0,0,0,1,58.32,63.92,3.73,1,222fe76181bf2a85fd9af7cd6829b6b07af72a1d13f849c00d47b67cae4f9779
hec-s-92,tight,19,RECOMPUTE,200,2,19,19,0,5,766,-688,60549,-0.01136269798014831,22.04109103790294,0,0,0,0,0,0,2,3,955.3,990.03,2.45,1,066fe146bbe290621d4e8e6952c97f1e1053ff9b30cd1671b989062762d03659
hec-s-92,tight,19,SINGLE,200,2,19,19,0,2,257,-2136,60549,-0.03527721349650696,21.523202267091747,2,0,0,0,0,0,0,1,56.66,61.19,3.73,1,222fe76181bf2a85fd9af7cd6829b6b07af72a1d13f849c00d47b67cae4f9779
hec-s-92,tight,19,TBRPLUS,200,2,19,19,0,2,257,-2136,60549,-0.03527721349650696,21.523202267091747,2,0,0,0,0,0,0,1,75.55,88.0,3.66,1,222fe76181bf2a85fd9af7cd6829b6b07af72a1d13f849c00d47b67cae4f9779
hec-s-92,tight,19,TBRPLUS_N20000,200,2,19,19,0,2,257,-2136,60549,-0.03527721349650696,21.523202267091747,2,0,0,0,0,0,0,1,56.99,62.5,3.58,1,222fe76181bf2a85fd9af7cd6829b6b07af72a1d13f849c00d47b67cae4f9779
hec-s-92,tight,19,ONE_BLOCKER,200,2,19,19,0,2,257,-2136,60549,-0.03527721349650696,21.523202267091747,2,0,0,0,0,0,0,1,58.64,60.36,3.65,1,222fe76181bf2a85fd9af7cd6829b6b07af72a1d13f849c00d47b67cae4f9779
hec-s-92,official,19,TBR,200,2,19,19,0,2,257,-2136,60549,-0.03527721349650696,21.523202267091747,2,0,0,0,0,0,0,1,58.05,62.69,3.69,1,222fe76181bf2a85fd9af7cd6829b6b07af72a1d13f849c00d47b67cae4f9779
hec-s-92,official,19,RECOMPUTE,200,2,19,19,0,5,766,-688,60549,-0.01136269798014831,22.04109103790294,0,0,0,0,0,0,2,3,998.2,1086.76,2.52,1,066fe146bbe290621d4e8e6952c97f1e1053ff9b30cd1671b989062762d03659
hec-s-92,official,19,SINGLE,200,2,19,19,0,2,257,-2136,60549,-0.03527721349650696,21.523202267091747,2,0,0,0,0,0,0,1,59.75,62.21,3.66,1,222fe76181bf2a85fd9af7cd6829b6b07af72a1d13f849c00d47b67cae4f9779
hec-s-92,official,19,TBRPLUS,200,2,19,19,0,2,257,-2136,60549,-0.03527721349650696,21.523202267091747,2,0,0,0,0,0,0,1,57.76,62.07,3.58,1,222fe76181bf2a85fd9af7cd6829b6b07af72a1d13f849c00d47b67cae4f9779
hec-s-92,official,19,TBRPLUS_N20000,200,2,19,19,0,2,257,-2136,60549,-0.03527721349650696,21.523202267091747,2,0,0,0,0,0,0,1,57.2,61.25,3.58,1,222fe76181bf2a85fd9af7cd6829b6b07af72a1d13f849c00d47b67cae4f9779
hec-s-92,official,19,ONE_BLOCKER,200,2,19,19,0,2,257,-2136,60549,-0.03527721349650696,21.523202267091747,2,0,0,0,0,0,0,1,56.46,61.18,3.69,1,222fe76181bf2a85fd9af7cd6829b6b07af72a1d13f849c00d47b67cae4f9779
kfu-s-93,tight,10,ONE_BLOCKER,200,5,19,19,0,5,69,-858,246956,-0.0034743031147248904,46.68648345485138,5,0,0,0,0,0,0,1,60.46,115.13,5.02,1,c86dec65353a54ca94dc2d18be59278db39d0e6f7708b61246e6f84da7c4be45
kfu-s-93,tight,10,TBRPLUS_N20000,200,5,19,19,0,5,69,-858,246956,-0.0034743031147248904,46.68648345485138,5,0,0,0,0,0,0,1,64.9,111.69,4.87,1,c86dec65353a54ca94dc2d18be59278db39d0e6f7708b61246e6f84da7c4be45
kfu-s-93,tight,10,TBR,200,5,19,19,0,5,69,-858,246956,-0.0034743031147248904,46.68648345485138,5,0,0,0,0,0,0,1,67.98,106.22,4.87,1,c86dec65353a54ca94dc2d18be59278db39d0e6f7708b61246e6f84da7c4be45
kfu-s-93,tight,10,TBRPLUS,200,5,19,19,0,5,69,-858,246956,-0.0034743031147248904,46.68648345485138,5,0,0,0,0,0,0,1,66.34,120.21,4.67,1,c86dec65353a54ca94dc2d18be59278db39d0e6f7708b61246e6f84da7c4be45
kfu-s-93,tight,10,SINGLE,200,5,19,19,0,5,69,-858,246956,-0.0034743031147248904,46.68648345485138,5,0,0,0,0,0,0,1,59.79,106.56,4.9,1,c86dec65353a54ca94dc2d18be59278db39d0e6f7708b61246e6f84da7c4be45
kfu-s-93,tight,10,RECOMPUTE,200,6,19,19,0,25,298,199,246956,0.0008058115615737217,46.88801645167321,0,0,0,0,0,0,6,17,6030.05,6160.08,3.92,1,a9625a200df9bbd9722bb855947c1eef2207cb05b0322680577a6ae78c3f5832
kfu-s-93,official,10,ONE_BLOCKER,200,5,20,20,0,5,69,-992,246956,-0.00401690989488006,46.66143204337259,5,0,0,0,0,0,0,1,63.63,135.65,5.07,1,64fd399a2f8ba842fe4428020919f54ba09beb06928d5ca7f04e9b0fdc909079
kfu-s-93,official,10,TBRPLUS_N20000,200,5,20,20,0,5,69,-992,246956,-0.00401690989488006,46.66143204337259,5,0,0,0,0,0,0,1,73.67,115.62,4.75,1,64fd399a2f8ba842fe4428020919f54ba09beb06928d5ca7f04e9b0fdc909079
kfu-s-93,official,10,TBR,200,5,20,20,0,5,69,-992,246956,-0.00401690989488006,46.66143204337259,5,0,0,0,0,0,0,1,61.03,107.91,4.8,1,64fd399a2f8ba842fe4428020919f54ba09beb06928d5ca7f04e9b0fdc909079
kfu-s-93,official,10,TBRPLUS,200,5,20,20,0,5,69,-992,246956,-0.00401690989488006,46.66143204337259,5,0,0,0,0,0,0,1,73.19,114.12,4.72,1,64fd399a2f8ba842fe4428020919f54ba09beb06928d5ca7f04e9b0fdc909079
kfu-s-93,official,10,SINGLE,200,5,20,20,0,5,69,-992,246956,-0.00401690989488006,46.66143204337259,5,0,0,0,0,0,0,1,65.81,108.62,4.84,1,64fd399a2f8ba842fe4428020919f54ba09beb06928d5ca7f04e9b0fdc909079
kfu-s-93,official,10,RECOMPUTE,200,6,20,20,0,25,298,199,246956,0.0008058115615737217,46.88801645167321,0,0,0,0,0,0,6,17,6128.09,7798.82,4.02,1,010ffd20aa204105671aff676ea77f0aadaed302d399f0d01044aa825bf7b000
kfu-s-93,tight,11,TBRPLUS,200,9,19,19,0,11,200,-1826,247616,-0.0073743215301111395,46.69713965227145,8,0,0,1,0,0,0,3,66.45,10315.13,5.24,1,8904e4922067ff83822bfa3045a33676129810d702a2d7aeb091b3a0852acca6
kfu-s-93,tight,11,TBRPLUS_N20000,200,9,19,19,0,11,200,-1826,247616,-0.0073743215301111395,46.69713965227145,8,0,0,1,0,0,0,3,67.44,10375.4,5.08,1,8904e4922067ff83822bfa3045a33676129810d702a2d7aeb091b3a0852acca6
kfu-s-93,tight,11,ONE_BLOCKER,200,9,19,20,1,9,160,-2144,247616,-0.008658568105453606,46.63768928771733,8,0,0,0,1,0,0,1,65.07,174.99,5.09,1,8ef3228a0e26e77b2836107d642c329ca5313a6838946863e189350f82d59d7a
kfu-s-93,tight,11,SINGLE,200,9,19,20,1,9,160,-2144,247616,-0.008658568105453606,46.63768928771733,8,0,0,0,1,0,0,1,63.97,138.05,4.99,1,8ef3228a0e26e77b2836107d642c329ca5313a6838946863e189350f82d59d7a
kfu-s-93,tight,11,RECOMPUTE,200,9,19,19,0,112,3484,-468,247616,-0.0018900232618247609,46.94073658627781,0,0,0,0,0,0,9,34,6169.18,7394.38,4.08,1,f76a38f52d58ca07b161c430671bd7c095eec1f83cb3fdd5eadd2108fc690bba
kfu-s-93,tight,11,TBR,200,9,19,20,1,9,160,-2144,247616,-0.008658568105453606,46.63768928771733,8,0,0,0,1,0,0,1,71.31,727.92,5.1,1,8ef3228a0e26e77b2836107d642c329ca5313a6838946863e189350f82d59d7a
kfu-s-93,official,11,TBRPLUS,200,9,20,20,0,9,160,-2152,247616,-0.008690876195399329,46.635445877734156,9,0,0,0,0,0,0,1,63.41,212.38,4.96,1,487d61520d5c3c3238f80f5b659b7eaf1accf400a6e19ce2b578d2de8100c4cd
kfu-s-93,official,11,TBRPLUS_N20000,200,9,20,20,0,9,160,-2152,247616,-0.008690876195399329,46.635445877734156,9,0,0,0,0,0,0,1,65.97,211.43,5.09,1,487d61520d5c3c3238f80f5b659b7eaf1accf400a6e19ce2b578d2de8100c4cd
kfu-s-93,official,11,ONE_BLOCKER,200,9,20,20,0,9,160,-2152,247616,-0.008690876195399329,46.635445877734156,9,0,0,0,0,0,0,1,65.1,208.29,4.8,1,487d61520d5c3c3238f80f5b659b7eaf1accf400a6e19ce2b578d2de8100c4cd
kfu-s-93,official,11,SINGLE,200,9,20,20,0,9,160,-2152,247616,-0.008690876195399329,46.635445877734156,9,0,0,0,0,0,0,1,66.56,220.62,4.89,1,487d61520d5c3c3238f80f5b659b7eaf1accf400a6e19ce2b578d2de8100c4cd
kfu-s-93,official,11,RECOMPUTE,200,9,20,20,0,112,3484,-468,247616,-0.0018900232618247609,46.94073658627781,0,0,0,0,0,0,9,34,6128.79,6881.61,4.08,1,b0ee1106f44e60aedd4c20c72d2d959698099cd299098bf67bf1129833e81ba7
kfu-s-93,official,11,TBR,200,9,20,20,0,9,160,-2152,247616,-0.008690876195399329,46.635445877734156,9,0,0,0,0,0,0,1,66.14,211.28,5.03,1,487d61520d5c3c3238f80f5b659b7eaf1accf400a6e19ce2b578d2de8100c4cd
kfu-s-93,tight,12,TBR,200,8,18,19,1,9,213,-1869,247157,-0.00756199500722213,46.57356515236493,6,1,0,0,1,0,0,2,64.96,754.05,5.18,1,384107901308537681c76a71ce642cc3f57b62c89b3ccb09992d6c45d3ccaf83
kfu-s-93,tight,12,SINGLE,200,8,18,19,1,8,200,-1818,247157,-0.00735564843399135,46.584221349785004,7,0,0,0,1,0,0,1,69.68,125.03,4.91,1,bca870a38b60adad5d17676bed4d54c656610a89485d38c0be1d97d14d41863c
kfu-s-93,tight,12,RECOMPUTE,200,8,18,19,1,96,2892,63,247157,0.0002548987081086111,46.94073658627781,0,0,0,0,0,0,8,40,6169.42,7496.15,4.11,1,1931e8821b5d4043b0d792fce3cec701c940fed6698fc288f249fecc6648982f
kfu-s-93,tight,12,TBRPLUS,200,8,18,19,1,9,213,-1869,247157,-0.00756199500722213,46.57356515236493,6,1,0,0,1,1,0,2,65.77,15245.0,4.92,1,384107901308537681c76a71ce642cc3f57b62c89b3ccb09992d6c45d3ccaf83
kfu-s-93,tight,12,TBRPLUS_N20000,200,8,18,19,1,9,213,-1869,247157,-0.00756199500722213,46.57356515236493,6,1,0,0,1,1,0,2,70.02,180422.11,5.38,1,384107901308537681c76a71ce642cc3f57b62c89b3ccb09992d6c45d3ccaf83
kfu-s-93,tight,12,ONE_BLOCKER,200,8,18,19,1,9,213,-1869,247157,-0.00756199500722213,46.57356515236493,6,1,0,0,1,0,0,2,70.18,338.28,5.25,1,384107901308537681c76a71ce642cc3f57b62c89b3ccb09992d6c45d3ccaf83
kfu-s-93,official,12,TBR,200,8,20,20,0,8,200,-2610,247157,-0.010560089335928176,46.4361562908955,8,0,0,0,0,0,0,1,173.72,288.24,5.12,1,208d37748c663f209c29b20c94ee6ba06daabdd12c833e199861cd4d72082c07
kfu-s-93,official,12,SINGLE,200,8,20,20,0,8,200,-2610,247157,-0.010560089335928176,46.4361562908955,8,0,0,0,0,0,0,1,165.62,270.89,5.04,1,208d37748c663f209c29b20c94ee6ba06daabdd12c833e199861cd4d72082c07
kfu-s-93,official,12,RECOMPUTE,200,8,20,20,0,96,2892,63,247157,0.0002548987081086111,46.94073658627781,0,0,0,0,0,0,8,40,6155.62,6497.15,4.25,1,5b6a3fe27c8ae529bc939c2831940b7929e332f3bf26b15e39574501f0e7bad7
kfu-s-93,official,12,TBRPLUS,200,8,20,20,0,8,200,-2610,247157,-0.010560089335928176,46.4361562908955,8,0,0,0,0,0,0,1,180.63,284.41,4.92,1,208d37748c663f209c29b20c94ee6ba06daabdd12c833e199861cd4d72082c07
kfu-s-93,official,12,TBRPLUS_N20000,200,8,20,20,0,8,200,-2610,247157,-0.010560089335928176,46.4361562908955,8,0,0,0,0,0,0,1,170.14,264.69,4.83,1,208d37748c663f209c29b20c94ee6ba06daabdd12c833e199861cd4d72082c07
kfu-s-93,official,12,ONE_BLOCKER,200,8,20,20,0,8,200,-2610,247157,-0.010560089335928176,46.4361562908955,8,0,0,0,0,0,0,1,186.41,261.64,5.03,1,208d37748c663f209c29b20c94ee6ba06daabdd12c833e199861cd4d72082c07
kfu-s-93,tight,13,RECOMPUTE,200,6,19,19,0,114,3014,-709,247877,-0.002860289579105766,46.94073658627781,0,0,0,0,0,0,6,79,6102.91,8858.77,4.05,1,3f7c6afab1a076c52da352fda81bcf70c897e62aab0592c838d4d4db9fe60d11
kfu-s-93,tight,13,TBR,200,7,19,19,0,7,103,-1655,247877,-0.006676698523864658,46.76836791923724,7,0,0,0,0,0,0,1,61.53,115.65,4.93,1,f68dcbb5e7f880688149b9e542d07d0bbe05fe6c70d80be4657dcfd82603b9e4
kfu-s-93,tight,13,TBRPLUS_N20000,200,7,19,19,0,7,103,-1655,247877,-0.006676698523864658,46.76836791923724,7,0,0,0,0,0,0,1,61.26,124.76,4.78,1,f68dcbb5e7f880688149b9e542d07d0bbe05fe6c70d80be4657dcfd82603b9e4
kfu-s-93,tight,13,TBRPLUS,200,7,19,19,0,7,103,-1655,247877,-0.006676698523864658,46.76836791923724,7,0,0,0,0,0,0,1,63.06,108.99,4.96,1,f68dcbb5e7f880688149b9e542d07d0bbe05fe6c70d80be4657dcfd82603b9e4
kfu-s-93,tight,13,ONE_BLOCKER,200,7,19,19,0,7,103,-1655,247877,-0.006676698523864658,46.76836791923724,7,0,0,0,0,0,0,1,67.43,107.7,4.97,1,f68dcbb5e7f880688149b9e542d07d0bbe05fe6c70d80be4657dcfd82603b9e4
kfu-s-93,tight,13,SINGLE,200,7,19,19,0,7,103,-1655,247877,-0.006676698523864658,46.76836791923724,7,0,0,0,0,0,0,1,63.8,110.35,4.92,1,f68dcbb5e7f880688149b9e542d07d0bbe05fe6c70d80be4657dcfd82603b9e4
kfu-s-93,official,13,RECOMPUTE,200,6,20,20,0,114,3014,-709,247877,-0.002860289579105766,46.94073658627781,0,0,0,0,0,0,6,79,6250.95,6657.28,3.98,1,5c0af06058100a03d06fc91a84a386d670477e33b4283a182b1e900d22a32685
kfu-s-93,official,13,TBR,200,7,20,20,0,7,103,-1717,247877,-0.006926822577326658,46.75677696765751,7,0,0,0,0,0,0,1,86.25,217.75,4.88,1,3d0495b3c1e55a4eae08a63fa5a768ff81df503d81a28c71bddf85975d2bfb7b
kfu-s-93,official,13,TBRPLUS_N20000,200,7,20,20,0,7,103,-1717,247877,-0.006926822577326658,46.75677696765751,7,0,0,0,0,0,0,1,81.45,212.6,4.87,1,3d0495b3c1e55a4eae08a63fa5a768ff81df503d81a28c71bddf85975d2bfb7b
kfu-s-93,official,13,TBRPLUS,200,7,20,20,0,7,103,-1717,247877,-0.006926822577326658,46.75677696765751,7,0,0,0,0,0,0,1,102.69,233.01,4.87,1,3d0495b3c1e55a4eae08a63fa5a768ff81df503d81a28c71bddf85975d2bfb7b
kfu-s-93,official,13,ONE_BLOCKER,200,7,20,20,0,7,103,-1717,247877,-0.006926822577326658,46.75677696765751,7,0,0,0,0,0,0,1,88.52,266.54,5.25,1,3d0495b3c1e55a4eae08a63fa5a768ff81df503d81a28c71bddf85975d2bfb7b
kfu-s-93,official,13,SINGLE,200,7,20,20,0,7,103,-1717,247877,-0.006926822577326658,46.75677696765751,7,0,0,0,0,0,0,1,81.71,210.42,4.88,1,3d0495b3c1e55a4eae08a63fa5a768ff81df503d81a28c71bddf85975d2bfb7b
kfu-s-93,tight,14,TBRPLUS_N20000,200,5,19,19,0,5,82,-854,246567,-0.0034635616282795347,46.68853991400262,5,0,0,0,0,0,0,1,71.5,79.17,4.91,1,d235d21c0accab6fecbb9df4484ce104d810779e05b345da624d635ee188e103
kfu-s-93,tight,14,RECOMPUTE,200,5,19,19,0,81,2295,231,246567,0.000936865030600202,46.89082071415218,0,0,0,0,0,0,5,52,6327.92,6600.89,3.98,1,59e43cffaf4d212843408c4c05df16d72c3bb9f5a20f614809164496185f1e14
kfu-s-93,tight,14,TBRPLUS,200,5,19,19,0,5,82,-854,246567,-0.0034635616282795347,46.68853991400262,5,0,0,0,0,0,0,1,65.44,77.89,4.89,1,d235d21c0accab6fecbb9df4484ce104d810779e05b345da624d635ee188e103
kfu-s-93,tight,14,SINGLE,200,5,19,19,0,5,82,-854,246567,-0.0034635616282795347,46.68853991400262,5,0,0,0,0,0,0,1,63.9,89.71,4.8,1,d235d21c0accab6fecbb9df4484ce104d810779e05b345da624d635ee188e103
kfu-s-93,tight,14,TBR,200,5,19,19,0,5,82,-854,246567,-0.0034635616282795347,46.68853991400262,5,0,0,0,0,0,0,1,67.58,119.11,4.93,1,d235d21c0accab6fecbb9df4484ce104d810779e05b345da624d635ee188e103
kfu-s-93,tight,14,ONE_BLOCKER,200,5,19,19,0,5,82,-854,246567,-0.0034635616282795347,46.68853991400262,5,0,0,0,0,0,0,1,62.97,80.01,5.06,1,d235d21c0accab6fecbb9df4484ce104d810779e05b345da624d635ee188e103
kfu-s-93,official,14,TBRPLUS_N20000,200,5,20,20,0,5,82,-1044,246567,-0.004234143255180133,46.65301925593569,5,0,0,0,0,0,0,1,141.49,260.0,5.13,1,1607a4bb942a68298e92fc4b93d9101faee878e19f8cb537eb2168f12874c060
kfu-s-93,official,14,RECOMPUTE,200,5,20,20,0,81,2295,231,246567,0.000936865030600202,46.89082071415218,0,0,0,0,0,0,5,52,6128.5,6509.67,3.92,1,39898dfb7adec355f7b600665ce14d27158a76672053cac4dd08e32337cb0de5
kfu-s-93,official,14,TBRPLUS,200,5,20,20,0,5,82,-1044,246567,-0.004234143255180133,46.65301925593569,5,0,0,0,0,0,0,1,80.42,240.09,4.79,1,1607a4bb942a68298e92fc4b93d9101faee878e19f8cb537eb2168f12874c060
kfu-s-93,official,14,SINGLE,200,5,20,20,0,5,82,-1044,246567,-0.004234143255180133,46.65301925593569,5,0,0,0,0,0,0,1,80.15,254.17,4.94,1,1607a4bb942a68298e92fc4b93d9101faee878e19f8cb537eb2168f12874c060
kfu-s-93,official,14,TBR,200,5,20,20,0,5,82,-1044,246567,-0.004234143255180133,46.65301925593569,5,0,0,0,0,0,0,1,85.51,226.55,4.88,1,1607a4bb942a68298e92fc4b93d9101faee878e19f8cb537eb2168f12874c060
kfu-s-93,official,14,ONE_BLOCKER,200,5,20,20,0,5,82,-1044,246567,-0.004234143255180133,46.65301925593569,5,0,0,0,0,0,0,1,83.04,243.67,4.92,1,1607a4bb942a68298e92fc4b93d9101faee878e19f8cb537eb2168f12874c060
kfu-s-93,tight,15,SINGLE,200,6,19,19,0,6,70,-1143,252771,-0.004521879487757694,47.729856047859414,6,0,0,0,0,0,0,1,59.82,92.84,5.06,1,5562e2dc7b4dabba1e823614cbfbaf5377d2b7c8cba8b261150776c3f0b47561
kfu-s-93,tight,15,TBRPLUS,200,6,19,19,0,6,70,-1143,252771,-0.004521879487757694,47.729856047859414,6,0,0,0,0,0,0,1,55.98,98.56,4.97,1,5562e2dc7b4dabba1e823614cbfbaf5377d2b7c8cba8b261150776c3f0b47561
kfu-s-93,tight,15,RECOMPUTE,200,6,19,19,0,89,1456,-862,252771,-0.003410201328475181,47.79154982239671,0,0,0,0,0,0,6,60,6143.26,6518.2,4.19,1,8ae58544a01dfeee5c7784ca654bfcede2a881aa1598764852ffdfea75a06361
kfu-s-93,tight,15,ONE_BLOCKER,200,6,19,19,0,6,70,-1143,252771,-0.004521879487757694,47.729856047859414,6,0,0,0,0,0,0,1,55.26,87.83,5.13,1,5562e2dc7b4dabba1e823614cbfbaf5377d2b7c8cba8b261150776c3f0b47561
kfu-s-93,tight,15,TBRPLUS_N20000,200,6,19,19,0,6,70,-1143,252771,-0.004521879487757694,47.729856047859414,6,0,0,0,0,0,0,1,53.98,89.18,4.97,1,5562e2dc7b4dabba1e823614cbfbaf5377d2b7c8cba8b261150776c3f0b47561
kfu-s-93,tight,15,TBR,200,6,19,19,0,6,70,-1143,252771,-0.004521879487757694,47.729856047859414,6,0,0,0,0,0,0,1,59.5,89.61,4.96,1,5562e2dc7b4dabba1e823614cbfbaf5377d2b7c8cba8b261150776c3f0b47561
kfu-s-93,official,15,SINGLE,200,6,20,20,0,6,70,-1166,252771,-0.004612870938517473,47.72555617872499,6,0,0,0,0,0,0,1,133.26,261.43,5.14,1,c4f6de3b6a4e16974ec63033451290dc7c9138179073ce5f962d3dfeee6e7f34
kfu-s-93,official,15,TBRPLUS,200,6,20,20,0,6,70,-1166,252771,-0.004612870938517473,47.72555617872499,6,0,0,0,0,0,0,1,123.22,263.04,4.91,1,c4f6de3b6a4e16974ec63033451290dc7c9138179073ce5f962d3dfeee6e7f34
kfu-s-93,official,15,RECOMPUTE,200,6,20,20,0,89,1456,-862,252771,-0.003410201328475181,47.79154982239671,0,0,0,0,0,0,6,60,6107.31,7860.28,4.04,1,d782c69e731f8902bd7d74db6719ca627e20136189f42151ce3ac64d28677e35
kfu-s-93,official,15,ONE_BLOCKER,200,6,20,20,0,6,70,-1166,252771,-0.004612870938517473,47.72555617872499,6,0,0,0,0,0,0,1,181.43,414.21,6.29,1,c4f6de3b6a4e16974ec63033451290dc7c9138179073ce5f962d3dfeee6e7f34
kfu-s-93,official,15,TBRPLUS_N20000,200,6,20,20,0,6,70,-1166,252771,-0.004612870938517473,47.72555617872499,6,0,0,0,0,0,0,1,128.98,253.05,4.75,1,c4f6de3b6a4e16974ec63033451290dc7c9138179073ce5f962d3dfeee6e7f34
kfu-s-93,official,15,TBR,200,6,20,20,0,6,70,-1166,252771,-0.004612870938517473,47.72555617872499,6,0,0,0,0,0,0,1,122.41,265.51,5.42,1,c4f6de3b6a4e16974ec63033451290dc7c9138179073ce5f962d3dfeee6e7f34
kfu-s-93,tight,16,TBR,200,7,19,19,0,7,83,-1227,247196,-0.004963672551335782,46.72649093288465,7,0,0,0,0,0,0,1,63.19,117.11,5.09,1,daa38608689313cbe76fa287ba4f3a399d69a47a464e958ed829cfd04128f102
kfu-s-93,tight,16,TBRPLUS_N20000,200,7,19,19,0,7,83,-1227,247196,-0.004963672551335782,46.72649093288465,7,0,0,0,0,0,0,1,62.37,114.24,4.85,1,daa38608689313cbe76fa287ba4f3a399d69a47a464e958ed829cfd04128f102
kfu-s-93,tight,16,RECOMPUTE,200,7,19,19,0,50,1275,-108,247196,-0.0004369002734672082,46.94073658627781,0,0,0,0,0,0,7,28,6161.75,6515.79,3.96,1,252cc77d182a80280d73a91ffef8fca4c7ef6b5544c7b57f0d35fbe2a0b029cf
kfu-s-93,tight,16,TBRPLUS,200,7,19,19,0,7,83,-1227,247196,-0.004963672551335782,46.72649093288465,7,0,0,0,0,0,0,1,68.7,111.76,5.1,1,daa38608689313cbe76fa287ba4f3a399d69a47a464e958ed829cfd04128f102
kfu-s-93,tight,16,SINGLE,200,7,19,19,0,7,83,-1227,247196,-0.004963672551335782,46.72649093288465,7,0,0,0,0,0,0,1,60.2,114.31,5.11,1,daa38608689313cbe76fa287ba4f3a399d69a47a464e958ed829cfd04128f102
kfu-s-93,tight,16,ONE_BLOCKER,200,7,19,19,0,7,83,-1227,247196,-0.004963672551335782,46.72649093288465,7,0,0,0,0,0,0,1,61.93,118.31,4.94,1,daa38608689313cbe76fa287ba4f3a399d69a47a464e958ed829cfd04128f102
kfu-s-93,official,16,TBR,200,7,20,20,0,7,83,-1303,247196,-0.005271120891923818,46.71228266965788,7,0,0,0,0,0,0,1,61.47,112.13,5.1,1,115caa5239253aceaa61e1c3f63c1fee2cfca4d148ae0e9e9d7b87933ce7405c
kfu-s-93,official,16,TBRPLUS_N20000,200,7,20,20,0,7,83,-1303,247196,-0.005271120891923818,46.71228266965788,7,0,0,0,0,0,0,1,74.37,130.82,4.71,1,115caa5239253aceaa61e1c3f63c1fee2cfca4d148ae0e9e9d7b87933ce7405c
kfu-s-93,official,16,RECOMPUTE,200,7,20,20,0,50,1275,-108,247196,-0.0004369002734672082,46.94073658627781,0,0,0,0,0,0,7,28,6470.74,12812.28,4.04,1,77e2d0805a089008100d4af47f23c60d6596db79f1d40a5e7ef59368944692ca
kfu-s-93,official,16,TBRPLUS,200,7,20,20,0,7,83,-1303,247196,-0.005271120891923818,46.71228266965788,7,0,0,0,0,0,0,1,67.22,111.09,4.88,1,115caa5239253aceaa61e1c3f63c1fee2cfca4d148ae0e9e9d7b87933ce7405c
kfu-s-93,official,16,SINGLE,200,7,20,20,0,7,83,-1303,247196,-0.005271120891923818,46.71228266965788,7,0,0,0,0,0,0,1,60.83,116.36,4.96,1,115caa5239253aceaa61e1c3f63c1fee2cfca4d148ae0e9e9d7b87933ce7405c
kfu-s-93,official,16,ONE_BLOCKER,200,7,20,20,0,7,83,-1303,247196,-0.005271120891923818,46.71228266965788,7,0,0,0,0,0,0,1,61.37,114.41,4.81,1,115caa5239253aceaa61e1c3f63c1fee2cfca4d148ae0e9e9d7b87933ce7405c
kfu-s-93,tight,17,TBRPLUS,200,5,19,19,0,5,97,-1592,247417,-0.006434481058294297,46.64722378014582,5,0,0,0,0,0,0,1,70.33,140.16,4.79,1,c9155e46c2db27443105b259408fb71b40180a9da8dfdc8329caa7bd7eeacdac
kfu-s-93,tight,17,SINGLE,200,5,19,19,0,5,97,-1592,247417,-0.006434481058294297,46.64722378014582,5,0,0,0,0,0,0,1,65.32,122.13,4.83,1,c9155e46c2db27443105b259408fb71b40180a9da8dfdc8329caa7bd7eeacdac
kfu-s-93,tight,17,TBR,200,5,19,19,0,5,97,-1592,247417,-0.006434481058294297,46.64722378014582,5,0,0,0,0,0,0,1,65.28,142.11,5.02,1,c9155e46c2db27443105b259408fb71b40180a9da8dfdc8329caa7bd7eeacdac
kfu-s-93,tight,17,ONE_BLOCKER,200,5,19,19,0,5,97,-1592,247417,-0.006434481058294297,46.64722378014582,5,0,0,0,0,0,0,1,62.16,122.26,4.88,1,c9155e46c2db27443105b259408fb71b40180a9da8dfdc8329caa7bd7eeacdac
kfu-s-93,tight,17,TBRPLUS_N20000,200,5,19,19,0,5,97,-1592,247417,-0.006434481058294297,46.64722378014582,5,0,0,0,0,0,0,1,65.65,123.51,4.83,1,c9155e46c2db27443105b259408fb71b40180a9da8dfdc8329caa7bd7eeacdac
kfu-s-93,tight,17,RECOMPUTE,200,5,19,19,0,36,808,5,247417,2.0208797293637866e-05,46.94073658627781,0,0,0,0,0,0,5,13,6133.39,6255.02,3.86,1,bee8484e4e97d1321d74038be40fff36dd5d3b7c72ecae19fa818511f2da53d1
kfu-s-93,official,17,TBRPLUS,200,5,20,20,0,5,97,-1738,247417,-0.007024577939268522,46.619928958683865,5,0,0,0,0,0,0,1,67.99,205.12,5.04,1,bfe06dc09c67e53085cc2b3e5f20147e2b68928a6f058373d05412488acdb26a
kfu-s-93,official,17,SINGLE,200,5,20,20,0,5,97,-1738,247417,-0.007024577939268522,46.619928958683865,5,0,0,0,0,0,0,1,77.75,211.83,4.82,1,bfe06dc09c67e53085cc2b3e5f20147e2b68928a6f058373d05412488acdb26a
kfu-s-93,official,17,TBR,200,5,20,20,0,5,97,-1738,247417,-0.007024577939268522,46.619928958683865,5,0,0,0,0,0,0,1,70.44,198.26,4.78,1,bfe06dc09c67e53085cc2b3e5f20147e2b68928a6f058373d05412488acdb26a
kfu-s-93,official,17,ONE_BLOCKER,200,5,20,20,0,5,97,-1738,247417,-0.007024577939268522,46.619928958683865,5,0,0,0,0,0,0,1,67.89,206.4,5.02,1,bfe06dc09c67e53085cc2b3e5f20147e2b68928a6f058373d05412488acdb26a
kfu-s-93,official,17,TBRPLUS_N20000,200,5,20,20,0,5,97,-1738,247417,-0.007024577939268522,46.619928958683865,5,0,0,0,0,0,0,1,68.69,199.69,4.89,1,bfe06dc09c67e53085cc2b3e5f20147e2b68928a6f058373d05412488acdb26a
kfu-s-93,official,17,RECOMPUTE,200,5,20,20,0,36,808,5,247417,2.0208797293637866e-05,46.94073658627781,0,0,0,0,0,0,5,13,6248.81,7889.46,4.05,1,967a1d8100fb5cb660a27019d5ac1e3fa2feb8ea18c01beb094bfc31eb6cc658
kfu-s-93,tight,18,SINGLE,200,8,18,19,1,8,181,-2612,253455,-0.010305576926870648,47.61245092540662,7,0,0,0,1,0,0,1,52.94,72.53,4.88,1,b587d99b55e094cc03182bd77312ae5a0ac3c7c2d39ffabff53c64dffb3cb47d
kfu-s-93,tight,18,TBRPLUS,200,8,18,19,1,8,181,-2612,253455,-0.010305576926870648,47.61245092540662,7,0,0,0,1,1,0,1,55.07,20929.59,5.21,1,b587d99b55e094cc03182bd77312ae5a0ac3c7c2d39ffabff53c64dffb3cb47d
kfu-s-93,tight,18,ONE_BLOCKER,200,8,18,19,1,8,181,-2612,253455,-0.010305576926870648,47.61245092540662,7,0,0,0,1,0,0,1,57.32,236.86,4.98,1,b587d99b55e094cc03182bd77312ae5a0ac3c7c2d39ffabff53c64dffb3cb47d
kfu-s-93,tight,18,TBRPLUS_N20000,200,8,18,19,1,8,181,-2612,253455,-0.010305576926870648,47.61245092540662,7,0,0,0,1,1,0,1,59.03,226942.79,5.39,1,b587d99b55e094cc03182bd77312ae5a0ac3c7c2d39ffabff53c64dffb3cb47d
kfu-s-93,tight,18,TBR,200,8,18,19,1,8,181,-2612,253455,-0.010305576926870648,47.61245092540662,7,0,0,0,1,0,0,1,54.44,715.63,5.17,1,b587d99b55e094cc03182bd77312ae5a0ac3c7c2d39ffabff53c64dffb3cb47d
kfu-s-93,tight,18,RECOMPUTE,200,5,18,19,1,113,2647,-1134,253455,-0.004474167011895603,47.89325107496728,0,0,0,0,0,0,5,58,6106.28,6811.29,3.77,1,61e36a5ca6e9bbf3501e1c397251436469e576ec5d65041a4b070b151ae801c1
kfu-s-93,official,18,SINGLE,200,8,20,20,0,8,181,-2810,253455,-0.01108678069085242,47.575060759020374,8,0,0,0,0,0,0,1,228.19,258.31,4.89,1,50fe60538e0c2c1a0ee4d4ff5514886e0ff0dfa63d92a8d8b6f5d545abee85d4
kfu-s-93,official,18,TBRPLUS,200,8,20,20,0,8,181,-2810,253455,-0.01108678069085242,47.575060759020374,8,0,0,0,0,0,0,1,237.94,254.97,4.69,1,50fe60538e0c2c1a0ee4d4ff5514886e0ff0dfa63d92a8d8b6f5d545abee85d4
kfu-s-93,official,18,ONE_BLOCKER,200,8,20,20,0,8,181,-2810,253455,-0.01108678069085242,47.575060759020374,8,0,0,0,0,0,0,1,229.31,255.84,5.18,1,50fe60538e0c2c1a0ee4d4ff5514886e0ff0dfa63d92a8d8b6f5d545abee85d4
kfu-s-93,official,18,TBRPLUS_N20000,200,8,20,20,0,8,181,-2810,253455,-0.01108678069085242,47.575060759020374,8,0,0,0,0,0,0,1,218.35,241.38,4.9,1,50fe60538e0c2c1a0ee4d4ff5514886e0ff0dfa63d92a8d8b6f5d545abee85d4
kfu-s-93,official,18,TBR,200,8,20,20,0,8,181,-2810,253455,-0.01108678069085242,47.575060759020374,8,0,0,0,0,0,0,1,232.73,247.94,4.79,1,50fe60538e0c2c1a0ee4d4ff5514886e0ff0dfa63d92a8d8b6f5d545abee85d4
kfu-s-93,official,18,RECOMPUTE,200,5,20,20,0,113,2647,-1134,253455,-0.004474167011895603,47.89325107496728,0,0,0,0,0,0,5,58,6380.34,8070.59,3.74,1,85be84a930076dc484743c9ad3976c27af55f5943606ba2743393b89cd12a2aa
kfu-s-93,tight,19,TBR,200,2,19,19,0,2,14,-205,246920,-0.0008302284140612344,46.86296504019443,2,0,0,0,0,0,0,1,133.67,158.98,4.92,1,bddd5041673e5569331d21254e6def0dd39e8f1b07a66dba9a2ba5ba1ccc0b11
kfu-s-93,tight,19,RECOMPUTE,200,2,19,19,0,6,32,211,246920,0.0008545277822776608,46.94073658627781,0,0,0,0,0,0,2,5,6327.92,6512.94,3.77,1,5fd136ac4857e1fb3695f76bd019233c05b336673b0e075effa1f003a68bc584
kfu-s-93,tight,19,SINGLE,200,2,19,19,0,2,14,-205,246920,-0.0008302284140612344,46.86296504019443,2,0,0,0,0,0,0,1,130.94,156.36,4.71,1,bddd5041673e5569331d21254e6def0dd39e8f1b07a66dba9a2ba5ba1ccc0b11
kfu-s-93,tight,19,TBRPLUS,200,2,19,19,0,2,14,-205,246920,-0.0008302284140612344,46.86296504019443,2,0,0,0,0,0,0,1,132.11,157.35,4.55,1,bddd5041673e5569331d21254e6def0dd39e8f1b07a66dba9a2ba5ba1ccc0b11
kfu-s-93,tight,19,TBRPLUS_N20000,200,2,19,19,0,2,14,-205,246920,-0.0008302284140612344,46.86296504019443,2,0,0,0,0,0,0,1,131.2,154.38,4.64,1,bddd5041673e5569331d21254e6def0dd39e8f1b07a66dba9a2ba5ba1ccc0b11
kfu-s-93,tight,19,ONE_BLOCKER,200,2,19,19,0,2,14,-205,246920,-0.0008302284140612344,46.86296504019443,2,0,0,0,0,0,0,1,128.48,152.52,4.85,1,bddd5041673e5569331d21254e6def0dd39e8f1b07a66dba9a2ba5ba1ccc0b11
kfu-s-93,official,19,TBR,200,2,20,20,0,2,14,-210,246920,-0.000850477887574923,46.86203028603477,2,0,0,0,0,0,0,1,138.72,155.02,4.8,1,58d6d747bbb6074bba9172cd36202845f09cb3fa2299fed98c880f9cd52fca50
kfu-s-93,official,19,RECOMPUTE,200,2,20,20,0,6,32,211,246920,0.0008545277822776608,46.94073658627781,0,0,0,0,0,0,2,5,6270.3,6439.37,3.88,1,7bf03d0d9f6aacf6027a11a11f95a603389d1fefc75223764c820d3ff58f461c
kfu-s-93,official,19,SINGLE,200,2,20,20,0,2,14,-210,246920,-0.000850477887574923,46.86203028603477,2,0,0,0,0,0,0,1,141.65,174.51,4.79,1,58d6d747bbb6074bba9172cd36202845f09cb3fa2299fed98c880f9cd52fca50
kfu-s-93,official,19,TBRPLUS,200,2,20,20,0,2,14,-210,246920,-0.000850477887574923,46.86203028603477,2,0,0,0,0,0,0,1,134.02,160.74,4.75,1,58d6d747bbb6074bba9172cd36202845f09cb3fa2299fed98c880f9cd52fca50
kfu-s-93,official,19,TBRPLUS_N20000,200,2,20,20,0,2,14,-210,246920,-0.000850477887574923,46.86203028603477,2,0,0,0,0,0,0,1,132.79,157.41,4.76,1,58d6d747bbb6074bba9172cd36202845f09cb3fa2299fed98c880f9cd52fca50
kfu-s-93,official,19,ONE_BLOCKER,200,2,20,20,0,2,14,-210,246920,-0.000850477887574923,46.86203028603477,2,0,0,0,0,0,0,1,142.86,160.47,4.73,1,58d6d747bbb6074bba9172cd36202845f09cb3fa2299fed98c880f9cd52fca50
lse-f-91,tight,10,ONE_BLOCKER,200,13,17,17,0,13,265,-3002,76539,-0.03922183462025895,27.90498899486427,13,0,0,0,0,0,0,1,77.43,103.71,4.71,1,75c907f2dcbad4eaee882646d78eb296f0a9306f882b89ad8452941d5cf86182
lse-f-91,tight,10,TBRPLUS_N20000,200,13,17,17,0,13,265,-3002,76539,-0.03922183462025895,27.90498899486427,13,0,0,0,0,0,0,1,74.5,110.85,4.54,1,75c907f2dcbad4eaee882646d78eb296f0a9306f882b89ad8452941d5cf86182
lse-f-91,tight,10,TBR,200,13,17,17,0,13,265,-3002,76539,-0.03922183462025895,27.90498899486427,13,0,0,0,0,0,0,1,70.49,109.49,4.62,1,75c907f2dcbad4eaee882646d78eb296f0a9306f882b89ad8452941d5cf86182
lse-f-91,tight,10,TBRPLUS,200,13,17,17,0,13,265,-3002,76539,-0.03922183462025895,27.90498899486427,13,0,0,0,0,0,0,1,77.85,109.99,4.4,1,75c907f2dcbad4eaee882646d78eb296f0a9306f882b89ad8452941d5cf86182
lse-f-91,tight,10,SINGLE,200,13,17,17,0,13,265,-3002,76539,-0.03922183462025895,27.90498899486427,13,0,0,0,0,0,0,1,78.61,111.63,4.58,1,75c907f2dcbad4eaee882646d78eb296f0a9306f882b89ad8452941d5cf86182
lse-f-91,tight,10,RECOMPUTE,200,17,17,19,2,895,18924,-3385,76539,-0.04422581951684762,27.730007336757154,0,0,0,0,0,0,17,199,4736.5,5211.48,3.96,1,66cbe836d5fb16801a53b82765213e83d3287a7a75ac125aa482a6a1b08f75d5
lse-f-91,official,10,ONE_BLOCKER,200,13,18,18,0,13,239,-3238,76539,-0.04230523001345719,27.814013206162876,13,0,0,0,0,0,0,1,80.32,156.01,4.49,1,e42bac8958a5b6aa3a31c954185c4bb4afc66c6289f7ba2a2e767230c6d3e9ea
lse-f-91,official,10,TBRPLUS_N20000,200,13,18,18,0,13,239,-3238,76539,-0.04230523001345719,27.814013206162876,13,0,0,0,0,0,0,1,73.5,155.12,4.38,1,e42bac8958a5b6aa3a31c954185c4bb4afc66c6289f7ba2a2e767230c6d3e9ea
lse-f-91,official,10,TBR,200,13,18,18,0,13,239,-3238,76539,-0.04230523001345719,27.814013206162876,13,0,0,0,0,0,0,1,77.57,156.94,4.52,1,e42bac8958a5b6aa3a31c954185c4bb4afc66c6289f7ba2a2e767230c6d3e9ea
lse-f-91,official,10,TBRPLUS,200,13,18,18,0,13,239,-3238,76539,-0.04230523001345719,27.814013206162876,13,0,0,0,0,0,0,1,76.94,147.66,4.49,1,e42bac8958a5b6aa3a31c954185c4bb4afc66c6289f7ba2a2e767230c6d3e9ea
lse-f-91,official,10,SINGLE,200,13,18,18,0,13,239,-3238,76539,-0.04230523001345719,27.814013206162876,13,0,0,0,0,0,0,1,77.9,143.61,4.62,1,e42bac8958a5b6aa3a31c954185c4bb4afc66c6289f7ba2a2e767230c6d3e9ea
lse-f-91,official,10,RECOMPUTE,200,17,18,19,1,895,18924,-3385,76539,-0.04422581951684762,27.730007336757154,0,0,0,0,0,0,17,199,4690.16,5363.99,4.53,1,6b8d0cdefb34f96a004ae7ad810227a53fe6a0bb417be5f53b35cc4153fda94c
lse-f-91,tight,11,TBRPLUS,200,12,17,17,0,18,570,-2031,76225,-0.026644801574286652,28.217901687454145,10,0,0,2,0,1,0,4,78.43,18834.93,4.79,1,4d422c7e4d9c2429b46147a13e1b9e43aa4427d1ee115fff3e08f9d84cf351f6
lse-f-91,tight,11,TBRPLUS_N20000,200,12,17,17,0,18,570,-2031,76225,-0.026644801574286652,28.217901687454145,10,0,0,2,0,0,0,4,78.7,23235.1,4.91,1,4d422c7e4d9c2429b46147a13e1b9e43aa4427d1ee115fff3e08f9d84cf351f6
lse-f-91,tight,11,ONE_BLOCKER,200,12,17,18,1,12,292,-1765,76225,-0.023155132830436208,28.330887747615552,11,0,0,0,1,0,0,1,79.1,138.17,4.81,1,f470e3c2f5a3e09839e37a301521fab5ea6903f225ef588001484bdf88264865
lse-f-91,tight,11,SINGLE,200,12,17,18,1,12,292,-1765,76225,-0.023155132830436208,28.330887747615552,11,0,0,0,1,0,0,1,60.52,109.83,4.49,1,f470e3c2f5a3e09839e37a301521fab5ea6903f225ef588001484bdf88264865
lse-f-91,tight,11,RECOMPUTE,200,10,17,19,2,522,12447,-537,76225,-0.007044932764840931,28.828319882611886,0,0,0,0,0,0,10,182,4846.19,5511.55,3.52,1,62cf67bb9d4f36975e1083e743b0a954a507766014c25cc32c9a119a3d1a183e
lse-f-91,tight,11,TBR,200,12,17,18,1,12,292,-1765,76225,-0.023155132830436208,28.330887747615552,11,0,0,0,1,0,0,1,72.48,630.48,4.44,1,f470e3c2f5a3e09839e37a301521fab5ea6903f225ef588001484bdf88264865
lse-f-91,official,11,TBRPLUS,200,12,18,18,0,12,340,-3071,76225,-0.040288619219416205,27.827219369038886,12,0,0,0,0,0,0,1,79.7,130.91,4.42,1,682c83e50d92675200e6856d771948f3384b8609c0b1f1c4610212ff3c5cb074
lse-f-91,official,11,TBRPLUS_N20000,200,12,18,18,0,12,340,-3071,76225,-0.040288619219416205,27.827219369038886,12,0,0,0,0,0,0,1,82.74,137.93,4.33,1,682c83e50d92675200e6856d771948f3384b8609c0b1f1c4610212ff3c5cb074
lse-f-91,official,11,ONE_BLOCKER,200,12,18,18,0,12,340,-3071,76225,-0.040288619219416205,27.827219369038886,12,0,0,0,0,0,0,1,80.14,121.22,4.38,1,682c83e50d92675200e6856d771948f3384b8609c0b1f1c4610212ff3c5cb074
lse-f-91,official,11,SINGLE,200,12,18,18,0,12,340,-3071,76225,-0.040288619219416205,27.827219369038886,12,0,0,0,0,0,0,1,81.52,128.2,4.37,1,682c83e50d92675200e6856d771948f3384b8609c0b1f1c4610212ff3c5cb074
lse-f-91,official,11,RECOMPUTE,200,10,18,19,1,522,12447,-537,76225,-0.007044932764840931,28.828319882611886,0,0,0,0,0,0,10,182,4619.0,5531.75,3.54,1,a1f787664955bb1ec02a660d1363bf89d43473989104dda467891568885916f6
lse-f-91,official,11,TBR,200,12,18,18,0,12,340,-3071,76225,-0.040288619219416205,27.827219369038886,12,0,0,0,0,0,0,1,84.4,134.34,4.47,1,682c83e50d92675200e6856d771948f3384b8609c0b1f1c4610212ff3c5cb074
lse-f-91,tight,12,TBR,200,12,19,19,0,12,271,-3647,75542,-0.0482777792486299,27.365737344093912,12,0,0,0,0,0,0,1,75.46,129.23,4.6,1,1f51a239a86e40e55f09292739753593c8cc6da3d73678af1b38225c21c20609
lse-f-91,tight,12,SINGLE,200,12,19,19,0,12,271,-3647,75542,-0.0482777792486299,27.365737344093912,12,0,0,0,0,0,0,1,86.06,131.6,4.37,1,1f51a239a86e40e55f09292739753593c8cc6da3d73678af1b38225c21c20609
lse-f-91,tight,12,RECOMPUTE,200,13,19,19,0,294,4940,1859,75542,0.024608826877763362,29.461482024944974,0,0,0,0,0,0,13,151,4453.93,5098.19,3.61,1,a416d8a84f16191542614e145ccd212010db8b306777d66bf1f84e1d66a31b7e
lse-f-91,tight,12,TBRPLUS,200,12,19,19,0,12,271,-3647,75542,-0.0482777792486299,27.365737344093912,12,0,0,0,0,0,0,1,79.66,132.53,4.49,1,1f51a239a86e40e55f09292739753593c8cc6da3d73678af1b38225c21c20609
lse-f-91,tight,12,TBRPLUS_N20000,200,12,19,19,0,12,271,-3647,75542,-0.0482777792486299,27.365737344093912,12,0,0,0,0,0,0,1,74.49,127.83,4.46,1,1f51a239a86e40e55f09292739753593c8cc6da3d73678af1b38225c21c20609
lse-f-91,tight,12,ONE_BLOCKER,200,12,19,19,0,12,271,-3647,75542,-0.0482777792486299,27.365737344093912,12,0,0,0,0,0,0,1,74.08,133.9,4.42,1,1f51a239a86e40e55f09292739753593c8cc6da3d73678af1b38225c21c20609
lse-f-91,official,12,TBR,200,12,19,19,0,12,271,-3647,75542,-0.0482777792486299,27.365737344093912,12,0,0,0,0,0,0,1,75.39,128.39,4.52,1,1f51a239a86e40e55f09292739753593c8cc6da3d73678af1b38225c21c20609
lse-f-91,official,12,SINGLE,200,12,19,19,0,12,271,-3647,75542,-0.0482777792486299,27.365737344093912,12,0,0,0,0,0,0,1,74.58,130.92,4.49,1,1f51a239a86e40e55f09292739753593c8cc6da3d73678af1b38225c21c20609
lse-f-91,official,12,RECOMPUTE,200,13,19,19,0,294,4940,1859,75542,0.024608826877763362,29.461482024944974,0,0,0,0,0,0,13,151,4488.8,5024.5,3.76,1,a416d8a84f16191542614e145ccd212010db8b306777d66bf1f84e1d66a31b7e
lse-f-91,official,12,TBRPLUS,200,12,19,19,0,12,271,-3647,75542,-0.0482777792486299,27.365737344093912,12,0,0,0,0,0,0,1,80.36,135.16,4.46,1,1f51a239a86e40e55f09292739753593c8cc6da3d73678af1b38225c21c20609
lse-f-91,official,12,TBRPLUS_N20000,200,12,19,19,0,12,271,-3647,75542,-0.0482777792486299,27.365737344093912,12,0,0,0,0,0,0,1,77.79,132.12,4.59,1,1f51a239a86e40e55f09292739753593c8cc6da3d73678af1b38225c21c20609
lse-f-91,official,12,ONE_BLOCKER,200,12,19,19,0,12,271,-3647,75542,-0.0482777792486299,27.365737344093912,12,0,0,0,0,0,0,1,84.43,127.84,4.49,1,1f51a239a86e40e55f09292739753593c8cc6da3d73678af1b38225c21c20609
lse-f-91,tight,13,RECOMPUTE,200,9,19,19,0,547,11759,-2000,79431,-0.025179086250959954,29.47028613352898,0,0,0,0,0,0,9,142,5006.79,5920.63,3.58,1,1080d7e46409cd29ca91b13f204997e69c9285da122a10cf8121975deb0eed5d
lse-f-91,tight,13,TBR,200,7,19,19,0,7,242,-3243,79431,-0.04082788835593156,29.00586940572267,7,0,0,0,0,0,0,1,73.75,102.15,4.53,1,b34d16f5f377792faa4fb8685116f0bb7995d598fd7bbfe5c44cc8854d0cf337
lse-f-91,tight,13,TBRPLUS_N20000,200,7,19,19,0,7,242,-3243,79431,-0.04082788835593156,29.00586940572267,7,0,0,0,0,0,0,1,73.66,102.78,4.35,1,b34d16f5f377792faa4fb8685116f0bb7995d598fd7bbfe5c44cc8854d0cf337
lse-f-91,tight,13,TBRPLUS,200,7,19,19,0,7,242,-3243,79431,-0.04082788835593156,29.00586940572267,7,0,0,0,0,0,0,1,94.03,101.42,4.52,1,b34d16f5f377792faa4fb8685116f0bb7995d598fd7bbfe5c44cc8854d0cf337
lse-f-91,tight,13,ONE_BLOCKER,200,7,19,19,0,7,242,-3243,79431,-0.04082788835593156,29.00586940572267,7,0,0,0,0,0,0,1,76.1,98.93,4.42,1,b34d16f5f377792faa4fb8685116f0bb7995d598fd7bbfe5c44cc8854d0cf337
lse-f-91,tight,13,SINGLE,200,7,19,19,0,7,242,-3243,79431,-0.04082788835593156,29.00586940572267,7,0,0,0,0,0,0,1,77.13,97.83,4.45,1,b34d16f5f377792faa4fb8685116f0bb7995d598fd7bbfe5c44cc8854d0cf337
lse-f-91,official,13,RECOMPUTE,200,9,19,19,0,547,11759,-2000,79431,-0.025179086250959954,29.47028613352898,0,0,0,0,0,0,9,142,4740.28,5296.45,3.33,1,1080d7e46409cd29ca91b13f204997e69c9285da122a10cf8121975deb0eed5d
lse-f-91,official,13,TBR,200,7,19,19,0,7,242,-3243,79431,-0.04082788835593156,29.00586940572267,7,0,0,0,0,0,0,1,75.14,125.18,4.36,1,b34d16f5f377792faa4fb8685116f0bb7995d598fd7bbfe5c44cc8854d0cf337
lse-f-91,official,13,TBRPLUS_N20000,200,7,19,19,0,7,242,-3243,79431,-0.04082788835593156,29.00586940572267,7,0,0,0,0,0,0,1,96.64,101.46,4.28,1,b34d16f5f377792faa4fb8685116f0bb7995d598fd7bbfe5c44cc8854d0cf337
lse-f-91,official,13,TBRPLUS,200,7,19,19,0,7,242,-3243,79431,-0.04082788835593156,29.00586940572267,7,0,0,0,0,0,0,1,76.11,103.25,4.28,1,b34d16f5f377792faa4fb8685116f0bb7995d598fd7bbfe5c44cc8854d0cf337
lse-f-91,official,13,ONE_BLOCKER,200,7,19,19,0,7,242,-3243,79431,-0.04082788835593156,29.00586940572267,7,0,0,0,0,0,0,1,94.78,100.4,4.39,1,b34d16f5f377792faa4fb8685116f0bb7995d598fd7bbfe5c44cc8854d0cf337
lse-f-91,official,13,SINGLE,200,7,19,19,0,7,242,-3243,79431,-0.04082788835593156,29.00586940572267,7,0,0,0,0,0,0,1,76.66,108.2,4.44,1,b34d16f5f377792faa4fb8685116f0bb7995d598fd7bbfe5c44cc8854d0cf337
lse-f-91,tight,14,TBRPLUS_N20000,200,5,17,17,0,8,317,-1768,76135,-0.02322190845209168,28.355832721936903,4,0,0,1,0,0,0,4,70.26,12520.56,4.37,1,6903618e7b998fd2619bfbfe8ec8ac17b9fe116c47accc63254e3775b248dfc1
lse-f-91,tight,14,RECOMPUTE,200,6,17,19,2,497,10025,-3014,76135,-0.039587574702830496,27.843360234776227,0,0,0,0,0,0,6,219,4920.55,5652.55,3.43,1,a25b4fb06bf4085af299a94201e1ab0923ee15653f188e7dd85d5a1b35c8171d
lse-f-91,tight,14,TBRPLUS,200,5,17,17,0,8,317,-1768,76135,-0.02322190845209168,28.355832721936903,4,0,0,1,0,0,0,4,71.83,12738.16,4.3,1,6903618e7b998fd2619bfbfe8ec8ac17b9fe116c47accc63254e3775b248dfc1
lse-f-91,tight,14,SINGLE,200,5,17,18,1,5,102,-1551,76135,-0.020371708149996715,28.43727072633896,4,0,0,0,1,0,0,1,67.34,87.47,4.34,1,409bd887aae4dc1afe894af69f802337ef698afe8b6062278c561920d9b5da85
lse-f-91,tight,14,TBR,200,5,17,18,1,5,102,-1551,76135,-0.020371708149996715,28.43727072633896,4,0,0,0,1,0,0,1,74.27,869.95,4.28,1,409bd887aae4dc1afe894af69f802337ef698afe8b6062278c561920d9b5da85
lse-f-91,tight,14,ONE_BLOCKER,200,5,17,18,1,5,102,-1551,76135,-0.020371708149996715,28.43727072633896,4,0,0,0,1,0,0,1,86.29,229.49,4.32,1,409bd887aae4dc1afe894af69f802337ef698afe8b6062278c561920d9b5da85
lse-f-91,official,14,TBRPLUS_N20000,200,5,18,18,0,5,102,-1551,76135,-0.020371708149996715,28.43727072633896,5,0,0,0,0,0,0,1,78.41,185.02,4.21,1,f2133a01b8c880ce9a4665eb37085049271f6b27986157191e60f16779f4f32a
lse-f-91,official,14,RECOMPUTE,200,6,18,19,1,497,10025,-3014,76135,-0.039587574702830496,27.843360234776227,0,0,0,0,0,0,6,219,4852.38,5737.4,3.34,1,36be269cc06051998bb20c136dac5c0e60a764cd2e99960eda7f3838a19b2217
lse-f-91,official,14,TBRPLUS,200,5,18,18,0,5,102,-1551,76135,-0.020371708149996715,28.43727072633896,5,0,0,0,0,0,0,1,70.4,191.6,4.18,1,f2133a01b8c880ce9a4665eb37085049271f6b27986157191e60f16779f4f32a
lse-f-91,official,14,SINGLE,200,5,18,18,0,5,102,-1551,76135,-0.020371708149996715,28.43727072633896,5,0,0,0,0,0,0,1,74.63,182.22,4.47,1,f2133a01b8c880ce9a4665eb37085049271f6b27986157191e60f16779f4f32a
lse-f-91,official,14,TBR,200,5,18,18,0,5,102,-1551,76135,-0.020371708149996715,28.43727072633896,5,0,0,0,0,0,0,1,69.64,180.11,4.25,1,f2133a01b8c880ce9a4665eb37085049271f6b27986157191e60f16779f4f32a
lse-f-91,official,14,ONE_BLOCKER,200,5,18,18,0,5,102,-1551,76135,-0.020371708149996715,28.43727072633896,5,0,0,0,0,0,0,1,72.03,186.65,4.36,1,f2133a01b8c880ce9a4665eb37085049271f6b27986157191e60f16779f4f32a
lse-f-91,tight,15,SINGLE,200,16,18,18,0,16,435,-4074,81327,-0.05009406470175956,29.322450476889216,16,0,0,0,0,0,0,1,76.42,117.33,4.53,1,92360378645f49d30c077a2a57e4beea29739db4fda591bc64ea9e103c21dd52
lse-f-91,tight,15,TBRPLUS,200,16,18,18,0,16,435,-4074,81327,-0.05009406470175956,29.322450476889216,16,0,0,0,0,0,0,1,79.06,124.3,4.49,1,92360378645f49d30c077a2a57e4beea29739db4fda591bc64ea9e103c21dd52
lse-f-91,tight,15,RECOMPUTE,200,19,18,19,1,646,13111,-5284,81327,-0.06497227243104996,28.929200293470288,0,0,0,0,0,0,19,136,4471.53,5075.47,4.08,1,963850d735ecab4f6c220d0a75c96aa0e565ebb88d67b41ea7dc92fb2139a84c
lse-f-91,tight,15,ONE_BLOCKER,200,16,18,18,0,16,435,-4074,81327,-0.05009406470175956,29.322450476889216,16,0,0,0,0,0,0,1,79.78,133.75,4.41,1,92360378645f49d30c077a2a57e4beea29739db4fda591bc64ea9e103c21dd52
lse-f-91,tight,15,TBRPLUS_N20000,200,16,18,18,0,16,435,-4074,81327,-0.05009406470175956,29.322450476889216,16,0,0,0,0,0,0,1,75.66,118.65,4.4,1,92360378645f49d30c077a2a57e4beea29739db4fda591bc64ea9e103c21dd52
lse-f-91,tight,15,TBR,200,16,18,18,0,16,435,-4074,81327,-0.05009406470175956,29.322450476889216,16,0,0,0,0,0,0,1,72.42,115.21,4.61,1,92360378645f49d30c077a2a57e4beea29739db4fda591bc64ea9e103c21dd52
lse-f-91,official,15,SINGLE,200,16,18,18,0,16,435,-4074,81327,-0.05009406470175956,29.322450476889216,16,0,0,0,0,0,0,1,78.67,132.7,4.46,1,92360378645f49d30c077a2a57e4beea29739db4fda591bc64ea9e103c21dd52
lse-f-91,official,15,TBRPLUS,200,16,18,18,0,16,435,-4074,81327,-0.05009406470175956,29.322450476889216,16,0,0,0,0,0,0,1,82.36,115.37,4.48,1,92360378645f49d30c077a2a57e4beea29739db4fda591bc64ea9e103c21dd52
lse-f-91,official,15,RECOMPUTE,200,19,18,19,1,646,13111,-5284,81327,-0.06497227243104996,28.929200293470288,0,0,0,0,0,0,19,136,4554.48,5160.1,4.3,1,963850d735ecab4f6c220d0a75c96aa0e565ebb88d67b41ea7dc92fb2139a84c
lse-f-91,official,15,ONE_BLOCKER,200,16,18,18,0,16,435,-4074,81327,-0.05009406470175956,29.322450476889216,16,0,0,0,0,0,0,1,76.12,115.62,4.39,1,92360378645f49d30c077a2a57e4beea29739db4fda591bc64ea9e103c21dd52
lse-f-91,official,15,TBRPLUS_N20000,200,16,18,18,0,16,435,-4074,81327,-0.05009406470175956,29.322450476889216,16,0,0,0,0,0,0,1,77.51,128.73,4.39,1,92360378645f49d30c077a2a57e4beea29739db4fda591bc64ea9e103c21dd52
lse-f-91,official,15,TBR,200,16,18,18,0,16,435,-4074,81327,-0.05009406470175956,29.322450476889216,16,0,0,0,0,0,0,1,76.6,120.97,4.46,1,92360378645f49d30c077a2a57e4beea29739db4fda591bc64ea9e103c21dd52
lse-f-91,tight,16,TBR,200,10,18,19,1,11,486,-1595,75371,-0.02116198537899192,28.069332355099046,8,1,0,0,1,0,0,2,82.72,717.21,4.52,1,7a564686665aca6d4b3fa528b986d83aedcbda185a7cd16732ba3557b0b030c8
lse-f-91,tight,16,TBRPLUS_N20000,200,10,18,18,0,14,577,786,75371,0.010428414111528306,28.955612619222304,7,2,0,1,0,0,0,3,81.82,3900.51,4.63,1,e37080abd3b864f8bd996c10eb1fb27026e1614cb7fc717e44afd69af4df25da
lse-f-91,tight,16,RECOMPUTE,200,11,18,19,1,419,8064,561,75371,0.0074431810643350894,28.834556126192222,0,0,0,0,0,0,11,160,4486.96,6413.08,3.67,1,225d34254a54095abb6fe8fb21fd2aafab2f402a0e73eb1df683e620be66ce62
lse-f-91,tight,16,TBRPLUS,200,10,18,18,0,14,577,786,75371,0.010428414111528306,28.955612619222304,7,2,0,1,0,0,0,3,83.88,3879.75,4.62,1,e37080abd3b864f8bd996c10eb1fb27026e1614cb7fc717e44afd69af4df25da
lse-f-91,tight,16,SINGLE,200,10,18,20,2,10,335,-4428,75371,-0.05874938636876252,27.03301540719002,8,0,0,0,2,0,0,1,73.9,93.99,4.56,1,20d67a09451500c05cfc755f1f6b413bc05cd7ce25ce91c7383e694bd605b33d
lse-f-91,tight,16,ONE_BLOCKER,200,10,18,19,1,11,486,-1595,75371,-0.02116198537899192,28.069332355099046,8,1,0,0,1,0,0,2,81.78,254.13,4.42,1,7a564686665aca6d4b3fa528b986d83aedcbda185a7cd16732ba3557b0b030c8
lse-f-91,official,16,TBR,200,10,18,19,1,11,486,-1595,75371,-0.02116198537899192,28.069332355099046,8,1,0,0,1,0,0,2,78.29,712.87,4.48,1,7a564686665aca6d4b3fa528b986d83aedcbda185a7cd16732ba3557b0b030c8
lse-f-91,official,16,TBRPLUS_N20000,200,10,18,18,0,14,577,786,75371,0.010428414111528306,28.955612619222304,7,2,0,1,0,0,0,3,81.83,3986.49,4.36,1,e37080abd3b864f8bd996c10eb1fb27026e1614cb7fc717e44afd69af4df25da
lse-f-91,official,16,RECOMPUTE,200,11,18,19,1,419,8064,561,75371,0.0074431810643350894,28.834556126192222,0,0,0,0,0,0,11,160,4726.45,5402.38,3.82,1,225d34254a54095abb6fe8fb21fd2aafab2f402a0e73eb1df683e620be66ce62
lse-f-91,official,16,TBRPLUS,200,10,18,18,0,14,577,786,75371,0.010428414111528306,28.955612619222304,7,2,0,1,0,0,0,3,89.63,3906.37,4.52,1,e37080abd3b864f8bd996c10eb1fb27026e1614cb7fc717e44afd69af4df25da
lse-f-91,official,16,SINGLE,200,10,18,20,2,10,335,-4428,75371,-0.05874938636876252,27.03301540719002,8,0,0,0,2,0,0,1,69.42,96.42,4.46,1,20d67a09451500c05cfc755f1f6b413bc05cd7ce25ce91c7383e694bd605b33d
lse-f-91,official,16,ONE_BLOCKER,200,10,18,19,1,11,486,-1595,75371,-0.02116198537899192,28.069332355099046,8,1,0,0,1,0,0,2,89.0,249.92,4.47,1,7a564686665aca6d4b3fa528b986d83aedcbda185a7cd16732ba3557b0b030c8
lse-f-91,tight,17,TBRPLUS,200,7,19,19,0,7,157,-2207,78837,-0.0279944696018367,29.25641966250917,7,0,0,0,0,0,0,1,98.12,134.38,4.46,1,32cc728581a3bab7939db1414b8b1b74ef4cd1a5c8d996f30028f050c7209bd6
lse-f-91,tight,17,SINGLE,200,7,19,19,0,7,157,-2207,78837,-0.0279944696018367,29.25641966250917,7,0,0,0,0,0,0,1,92.41,122.18,4.46,1,32cc728581a3bab7939db1414b8b1b74ef4cd1a5c8d996f30028f050c7209bd6
lse-f-91,tight,17,TBR,200,7,19,19,0,7,157,-2207,78837,-0.0279944696018367,29.25641966250917,7,0,0,0,0,0,0,1,96.48,128.15,4.36,1,32cc728581a3bab7939db1414b8b1b74ef4cd1a5c8d996f30028f050c7209bd6
lse-f-91,tight,17,ONE_BLOCKER,200,7,19,19,0,7,157,-2207,78837,-0.0279944696018367,29.25641966250917,7,0,0,0,0,0,0,1,96.74,126.49,4.39,1,32cc728581a3bab7939db1414b8b1b74ef4cd1a5c8d996f30028f050c7209bd6
lse-f-91,tight,17,TBRPLUS_N20000,200,7,19,19,0,7,157,-2207,78837,-0.0279944696018367,29.25641966250917,7,0,0,0,0,0,0,1,93.33,118.79,4.3,1,32cc728581a3bab7939db1414b8b1b74ef4cd1a5c8d996f30028f050c7209bd6
lse-f-91,tight,17,RECOMPUTE,200,9,19,19,0,193,3600,154,78837,0.0019533975163945863,30.177916360968453,0,0,0,0,0,0,9,130,4459.54,5023.54,3.38,1,326e4e60e403618e00a21876cc43149176460e5178628e52ad661ff96673c010
lse-f-91,official,17,TBRPLUS,200,7,19,19,0,7,157,-2207,78837,-0.0279944696018367,29.25641966250917,7,0,0,0,0,0,0,1,91.66,123.67,4.18,1,32cc728581a3bab7939db1414b8b1b74ef4cd1a5c8d996f30028f050c7209bd6
lse-f-91,official,17,SINGLE,200,7,19,19,0,7,157,-2207,78837,-0.0279944696018367,29.25641966250917,7,0,0,0,0,0,0,1,95.23,141.18,4.32,1,32cc728581a3bab7939db1414b8b1b74ef4cd1a5c8d996f30028f050c7209bd6
lse-f-91,official,17,TBR,200,7,19,19,0,7,157,-2207,78837,-0.0279944696018367,29.25641966250917,7,0,0,0,0,0,0,1,93.65,124.95,4.46,1,32cc728581a3bab7939db1414b8b1b74ef4cd1a5c8d996f30028f050c7209bd6
lse-f-91,official,17,ONE_BLOCKER,200,7,19,19,0,7,157,-2207,78837,-0.0279944696018367,29.25641966250917,7,0,0,0,0,0,0,1,89.53,122.49,4.25,1,32cc728581a3bab7939db1414b8b1b74ef4cd1a5c8d996f30028f050c7209bd6
lse-f-91,official,17,TBRPLUS_N20000,200,7,19,19,0,7,157,-2207,78837,-0.0279944696018367,29.25641966250917,7,0,0,0,0,0,0,1,95.57,120.58,4.21,1,32cc728581a3bab7939db1414b8b1b74ef4cd1a5c8d996f30028f050c7209bd6
lse-f-91,official,17,RECOMPUTE,200,9,19,19,0,193,3600,154,78837,0.0019533975163945863,30.177916360968453,0,0,0,0,0,0,9,130,4544.82,5079.76,3.52,1,326e4e60e403618e00a21876cc43149176460e5178628e52ad661ff96673c010
lse-f-91,tight,18,SINGLE,200,9,17,17,0,9,211,-2485,74104,-0.03353395228327755,27.312912692589876,9,0,0,0,0,0,0,1,60.68,105.12,4.28,1,fc92502aa6d492e309ca7e180e035225ee535dee2f7cf655929c3a3a01ce4fa6
lse-f-91,tight,18,TBRPLUS,200,9,17,17,0,9,211,-2485,74104,-0.03353395228327755,27.312912692589876,9,0,0,0,0,0,0,1,59.33,109.58,4.21,1,fc92502aa6d492e309ca7e180e035225ee535dee2f7cf655929c3a3a01ce4fa6
lse-f-91,tight,18,ONE_BLOCKER,200,9,17,17,0,9,211,-2485,74104,-0.03353395228327755,27.312912692589876,9,0,0,0,0,0,0,1,61.59,91.51,4.32,1,fc92502aa6d492e309ca7e180e035225ee535dee2f7cf655929c3a3a01ce4fa6
lse-f-91,tight,18,TBRPLUS_N20000,200,9,17,17,0,9,211,-2485,74104,-0.03353395228327755,27.312912692589876,9,0,0,0,0,0,0,1,63.17,102.5,4.37,1,fc92502aa6d492e309ca7e180e035225ee535dee2f7cf655929c3a3a01ce4fa6
lse-f-91,tight,18,TBR,200,9,17,17,0,9,211,-2485,74104,-0.03353395228327755,27.312912692589876,9,0,0,0,0,0,0,1,67.92,100.22,4.3,1,fc92502aa6d492e309ca7e180e035225ee535dee2f7cf655929c3a3a01ce4fa6
lse-f-91,tight,18,RECOMPUTE,200,9,17,19,2,346,7381,1631,74104,0.022009608118320197,28.850696991929567,0,0,0,0,0,0,9,167,4578.0,5598.34,3.38,1,07d455e1023bc51cbbc0f64b85199099935b6f79e48586c3cb14a5c54a24e640
lse-f-91,official,18,SINGLE,200,9,18,18,0,9,211,-2770,74104,-0.03737989852099752,27.2006603081438,9,0,0,0,0,0,0,1,84.01,103.48,4.4,1,cafaa57cd27376c737559ee2905b8747096089939f9dcdb4a10780426c2b1424
lse-f-91,official,18,TBRPLUS,200,9,18,18,0,9,211,-2770,74104,-0.03737989852099752,27.2006603081438,9,0,0,0,0,0,0,1,92.53,107.27,4.24,1,cafaa57cd27376c737559ee2905b8747096089939f9dcdb4a10780426c2b1424
lse-f-91,official,18,ONE_BLOCKER,200,9,18,18,0,9,211,-2770,74104,-0.03737989852099752,27.2006603081438,9,0,0,0,0,0,0,1,87.01,103.43,4.33,1,cafaa57cd27376c737559ee2905b8747096089939f9dcdb4a10780426c2b1424
lse-f-91,official,18,TBRPLUS_N20000,200,9,18,18,0,9,211,-2770,74104,-0.03737989852099752,27.2006603081438,9,0,0,0,0,0,0,1,82.97,98.24,4.22,1,cafaa57cd27376c737559ee2905b8747096089939f9dcdb4a10780426c2b1424
lse-f-91,official,18,TBR,200,9,18,18,0,9,211,-2770,74104,-0.03737989852099752,27.2006603081438,9,0,0,0,0,0,0,1,83.16,114.46,4.35,1,cafaa57cd27376c737559ee2905b8747096089939f9dcdb4a10780426c2b1424
lse-f-91,official,18,RECOMPUTE,200,9,18,19,1,346,7381,1029,74104,0.013885890100399438,28.622523844460748,0,0,0,0,0,0,9,167,4483.83,5174.12,3.58,1,eb2cd6133e98860991d59f8f7521c61c8bf1db1e4dde922d9cc947d78791efa6
lse-f-91,tight,19,TBR,200,10,17,18,1,11,361,-4400,74858,-0.05877795292420316,26.837490829053557,8,1,0,0,1,0,0,2,88.8,681.34,4.74,1,df1bb963fb013d8c0078d9ed209cf791fab8087df02d102b794b09d06cf36d3c
lse-f-91,tight,19,RECOMPUTE,200,12,17,19,2,578,12200,-1711,74858,-0.022856608512116273,27.82538517975055,0,0,0,0,0,0,12,215,4441.57,5478.1,3.65,1,cbbd895fb9ab2ecf2d67fac4dec0d6371b931380431b15bd5db4c459844a19f2
lse-f-91,tight,19,SINGLE,200,10,17,18,1,10,317,-4350,74858,-0.05811002164097358,26.858400586940572,9,0,0,0,1,0,0,1,82.2,126.5,4.52,1,8eebdb2b78f821b11b703dfd3d08b82e1b576a75d795b35d030266fa57a44d55
lse-f-91,tight,19,TBRPLUS,200,10,17,17,0,13,525,-3932,74858,-0.05252611611317427,27.020909757887015,8,1,0,1,0,0,0,3,90.36,2436.69,4.47,1,2916b6b41d231f3b5f8ef0901a1394ce7a68623b23ae3b0c2f80a32321b5239c
lse-f-91,tight,19,TBRPLUS_N20000,200,10,17,17,0,13,525,-3932,74858,-0.05252611611317427,27.020909757887015,8,1,0,1,0,0,0,3,86.23,2474.7,4.61,1,2916b6b41d231f3b5f8ef0901a1394ce7a68623b23ae3b0c2f80a32321b5239c
lse-f-91,tight,19,ONE_BLOCKER,200,10,17,18,1,11,361,-4400,74858,-0.05877795292420316,26.837490829053557,8,1,0,0,1,0,0,2,95.28,313.5,4.58,1,df1bb963fb013d8c0078d9ed209cf791fab8087df02d102b794b09d06cf36d3c
lse-f-91,official,19,TBR,200,10,18,18,0,10,317,-4547,74858,-0.06074167089689813,26.78356566397652,10,0,0,0,0,0,0,1,112.52,130.45,4.75,1,ac05ba90522e4c360f47854947f0dc93dc0c38ea226e1aa6eb3f280e4c4bfe55
lse-f-91,official,19,RECOMPUTE,200,12,18,19,1,578,12200,-1711,74858,-0.022856608512116273,27.82538517975055,0,0,0,0,0,0,12,215,4417.43,6192.18,3.57,1,0dafc4d56a5c6e93985601dc5f29d993799fec1d836c27dc5844e35244e1ae84
lse-f-91,official,19,SINGLE,200,10,18,18,0,10,317,-4547,74858,-0.06074167089689813,26.78356566397652,10,0,0,0,0,0,0,1,112.38,133.4,4.47,1,ac05ba90522e4c360f47854947f0dc93dc0c38ea226e1aa6eb3f280e4c4bfe55
lse-f-91,official,19,TBRPLUS,200,10,18,18,0,10,317,-4547,74858,-0.06074167089689813,26.78356566397652,10,0,0,0,0,0,0,1,111.0,135.37,4.47,1,ac05ba90522e4c360f47854947f0dc93dc0c38ea226e1aa6eb3f280e4c4bfe55
lse-f-91,official,19,TBRPLUS_N20000,200,10,18,18,0,10,317,-4547,74858,-0.06074167089689813,26.78356566397652,10,0,0,0,0,0,0,1,114.94,151.15,4.49,1,ac05ba90522e4c360f47854947f0dc93dc0c38ea226e1aa6eb3f280e4c4bfe55
lse-f-91,official,19,ONE_BLOCKER,200,10,18,18,0,10,317,-4547,74858,-0.06074167089689813,26.78356566397652,10,0,0,0,0,0,0,1,115.48,134.45,4.71,1,ac05ba90522e4c360f47854947f0dc93dc0c38ea226e1aa6eb3f280e4c4bfe55
pur-s-93,tight,10,ONE_BLOCKER,200,11,34,34,0,11,454,-3175,514546,-0.006170488158493118,17.090246095441074,11,0,0,0,0,0,0,1,126.46,253.53,7.65,1,284faf0053070ff16c601ccef89c43f194a58b1bb9bfff26836a680e38d02ea4
pur-s-93,tight,10,TBRPLUS_N20000,200,11,34,34,0,11,454,-3175,514546,-0.006170488158493118,17.090246095441074,11,0,0,0,0,0,0,1,131.58,248.13,7.28,1,284faf0053070ff16c601ccef89c43f194a58b1bb9bfff26836a680e38d02ea4
pur-s-93,tight,10,TBR,200,11,34,34,0,11,454,-3175,514546,-0.006170488158493118,17.090246095441074,11,0,0,0,0,0,0,1,122.64,250.11,7.56,1,284faf0053070ff16c601ccef89c43f194a58b1bb9bfff26836a680e38d02ea4
pur-s-93,tight,10,TBRPLUS,200,11,34,34,0,11,454,-3175,514546,-0.006170488158493118,17.090246095441074,11,0,0,0,0,0,0,1,122.48,250.12,7.19,1,284faf0053070ff16c601ccef89c43f194a58b1bb9bfff26836a680e38d02ea4
pur-s-93,tight,10,SINGLE,200,11,34,34,0,11,454,-3175,514546,-0.006170488158493118,17.090246095441074,11,0,0,0,0,0,0,1,138.56,251.83,7.46,1,284faf0053070ff16c601ccef89c43f194a58b1bb9bfff26836a680e38d02ea4
pur-s-93,tight,10,RECOMPUTE,200,14,34,34,0,3971,126013,-12669,514546,-0.024621705348015534,16.77062173232542,0,0,0,0,0,0,14,1572,141133.96,171252.05,7.33,1,21a0faef7257ba799f9095b94cd97d3fa778f2dcdd83f2ee1ceb4705cd9f002c
pur-s-93,official,10,ONE_BLOCKER,200,11,42,42,0,11,452,-4585,514546,-0.00891076793911526,17.04342468946685,11,0,0,0,0,0,0,1,272.48,703.29,7.49,1,29cc73cc65202ebd9dd227f36df0d895248eabd084705cd39ac8aca100388fa4
pur-s-93,official,10,TBRPLUS_N20000,200,11,42,42,0,11,452,-4585,514546,-0.00891076793911526,17.04342468946685,11,0,0,0,0,0,0,1,258.92,698.98,7.24,1,29cc73cc65202ebd9dd227f36df0d895248eabd084705cd39ac8aca100388fa4
pur-s-93,official,10,TBR,200,11,42,42,0,11,452,-4585,514546,-0.00891076793911526,17.04342468946685,11,0,0,0,0,0,0,1,257.69,696.59,6.99,1,29cc73cc65202ebd9dd227f36df0d895248eabd084705cd39ac8aca100388fa4
pur-s-93,official,10,TBRPLUS,200,11,42,42,0,11,452,-4585,514546,-0.00891076793911526,17.04342468946685,11,0,0,0,0,0,0,1,275.6,704.55,7.19,1,29cc73cc65202ebd9dd227f36df0d895248eabd084705cd39ac8aca100388fa4
pur-s-93,official,10,SINGLE,200,11,42,42,0,11,452,-4585,514546,-0.00891076793911526,17.04342468946685,11,0,0,0,0,0,0,1,325.36,758.89,7.45,1,29cc73cc65202ebd9dd227f36df0d895248eabd084705cd39ac8aca100388fa4
pur-s-93,official,10,RECOMPUTE,200,14,42,42,0,3971,126013,-12669,514546,-0.024621705348015534,16.77062173232542,0,0,0,0,0,0,14,1572,142790.78,181769.86,7.22,1,a932bd964ba9d069af8a1f908146bdc09c58b9d01d150dc785eaca189a7698d7
pur-s-93,tight,11,TBRPLUS,200,14,31,32,1,15,604,-3745,520860,-0.007190031870368237,17.27962969129841,12,1,0,0,1,1,0,2,116.75,33414.32,7.23,1,436a652cd12aa7dc2f10fc60c4d65ecbfb1f3809fdc3f1c0b9bd01f89fb3cec2
pur-s-93,tight,11,TBRPLUS_N20000,200,14,31,32,1,15,604,-3745,520860,-0.007190031870368237,17.27962969129841,12,1,0,0,1,0,0,2,120.7,117923.02,7.89,1,436a652cd12aa7dc2f10fc60c4d65ecbfb1f3809fdc3f1c0b9bd01f89fb3cec2
pur-s-93,tight,11,ONE_BLOCKER,200,14,31,32,1,15,604,-3745,520860,-0.007190031870368237,17.27962969129841,12,1,0,0,1,0,0,2,113.82,593.92,7.77,1,436a652cd12aa7dc2f10fc60c4d65ecbfb1f3809fdc3f1c0b9bd01f89fb3cec2
pur-s-93,tight,11,SINGLE,200,14,31,32,1,14,598,-3626,520860,-0.0069615635679453215,17.2837257317926,13,0,0,0,1,0,0,1,118.01,501.2,7.29,1,9674db968f22d0f8c3f60229b2028069d07a0575b0d1282c2d8050de14d671ba
pur-s-93,tight,11,RECOMPUTE,200,11,31,34,3,3793,109401,-22076,520860,-0.042383749952002454,16.66968597022878,0,0,0,0,0,0,11,1741,143476.55,180061.89,7.58,1,d0110c3750f3cb95e989fe1365080ec377cf77fde666550c8af4b6b54d2e4859
pur-s-93,tight,11,TBR,200,14,31,32,1,15,604,-3745,520860,-0.007190031870368237,17.27962969129841,12,1,0,0,1,0,0,2,121.98,1426.05,7.97,1,436a652cd12aa7dc2f10fc60c4d65ecbfb1f3809fdc3f1c0b9bd01f89fb3cec2
pur-s-93,official,11,TBRPLUS,200,14,42,42,0,14,582,-5024,520860,-0.009645586145989326,17.237037530387294,14,0,0,0,0,0,0,1,333.14,781.42,8.05,1,2848bc737399de409491f79d4eab32a85b75562b0fdc3f7ea248688ac321e8f3
pur-s-93,official,11,TBRPLUS_N20000,200,14,42,42,0,14,582,-5024,520860,-0.009645586145989326,17.237037530387294,14,0,0,0,0,0,0,1,289.5,753.35,7.81,1,2848bc737399de409491f79d4eab32a85b75562b0fdc3f7ea248688ac321e8f3
pur-s-93,official,11,ONE_BLOCKER,200,14,42,42,0,14,582,-5024,520860,-0.009645586145989326,17.237037530387294,14,0,0,0,0,0,0,1,305.54,824.69,8.49,1,2848bc737399de409491f79d4eab32a85b75562b0fdc3f7ea248688ac321e8f3
pur-s-93,official,11,SINGLE,200,14,42,42,0,14,582,-5024,520860,-0.009645586145989326,17.237037530387294,14,0,0,0,0,0,0,1,302.86,749.47,7.49,1,2848bc737399de409491f79d4eab32a85b75562b0fdc3f7ea248688ac321e8f3
pur-s-93,official,11,RECOMPUTE,200,11,42,42,0,3793,109401,-22076,520860,-0.042383749952002454,16.66968597022878,0,0,0,0,0,0,11,1741,145045.31,177434.5,7.4,1,394b491452168c40ff79c6995e64ddfcae2e1fa48481e666f67d4dbdd70d5af3
pur-s-93,official,11,TBR,200,14,42,42,0,14,582,-5024,520860,-0.009645586145989326,17.237037530387294,14,0,0,0,0,0,0,1,280.98,835.05,8.21,1,2848bc737399de409491f79d4eab32a85b75562b0fdc3f7ea248688ac321e8f3
pur-s-93,tight,12,TBR,200,11,34,34,0,11,621,-5034,500649,-0.01005494867661775,16.565186985913616,11,0,0,0,0,0,0,1,111.31,306.45,7.48,1,0b436df464bd67b0ba7174f423a5252c08864a5488910d22bea3852a3b4bceb5
pur-s-93,tight,12,SINGLE,200,11,34,34,0,11,621,-5034,500649,-0.01005494867661775,16.565186985913616,11,0,0,0,0,0,0,1,101.14,315.27,7.12,1,0b436df464bd67b0ba7174f423a5252c08864a5488910d22bea3852a3b4bceb5
pur-s-93,tight,12,RECOMPUTE,200,11,34,34,0,3476,97055,15052,500649,0.030064975661591255,17.22991108595025,0,0,0,0,0,0,11,1535,143281.27,172706.66,7.05,1,7d131da39cbc3566f8d4b168e69f17e94c8ee23b968159e728997caf50fd6ba8
pur-s-93,tight,12,TBRPLUS,200,11,34,34,0,11,621,-5034,500649,-0.01005494867661775,16.565186985913616,11,0,0,0,0,0,0,1,101.14,290.73,7.14,1,0b436df464bd67b0ba7174f423a5252c08864a5488910d22bea3852a3b4bceb5
pur-s-93,tight,12,TBRPLUS_N20000,200,11,34,34,0,11,621,-5034,500649,-0.01005494867661775,16.565186985913616,11,0,0,0,0,0,0,1,106.27,327.21,6.87,1,0b436df464bd67b0ba7174f423a5252c08864a5488910d22bea3852a3b4bceb5
pur-s-93,tight,12,ONE_BLOCKER,200,11,34,34,0,11,621,-5034,500649,-0.01005494867661775,16.565186985913616,11,0,0,0,0,0,0,1,163.63,488.57,10.16,1,0b436df464bd67b0ba7174f423a5252c08864a5488910d22bea3852a3b4bceb5
pur-s-93,official,12,TBR,200,11,42,42,0,11,439,-3521,500649,-0.007032871333009753,16.615838023244198,11,0,0,0,0,0,0,1,487.53,664.13,7.31,1,aedc4700c98dcb0bb889a3dc5628c4a16b3d1777373b97ffd0651206ec7992e1
pur-s-93,official,12,SINGLE,200,11,42,42,0,11,439,-3521,500649,-0.007032871333009753,16.615838023244198,11,0,0,0,0,0,0,1,508.62,675.44,7.44,1,aedc4700c98dcb0bb889a3dc5628c4a16b3d1777373b97ffd0651206ec7992e1
pur-s-93,official,12,RECOMPUTE,200,11,42,42,0,3476,97055,15052,500649,0.030064975661591255,17.22991108595025,0,0,0,0,0,0,11,1535,149726.77,183594.0,7.1,1,c2e85fdb0929b3b8ef4be4635ef54118dd233f1d2310bbeccc25753c3e9ac172
pur-s-93,official,12,TBRPLUS,200,11,42,42,0,11,439,-3521,500649,-0.007032871333009753,16.615838023244198,11,0,0,0,0,0,0,1,475.74,651.34,7.42,1,aedc4700c98dcb0bb889a3dc5628c4a16b3d1777373b97ffd0651206ec7992e1
pur-s-93,official,12,TBRPLUS_N20000,200,11,42,42,0,11,439,-3521,500649,-0.007032871333009753,16.615838023244198,11,0,0,0,0,0,0,1,519.53,689.66,7.46,1,aedc4700c98dcb0bb889a3dc5628c4a16b3d1777373b97ffd0651206ec7992e1
pur-s-93,official,12,ONE_BLOCKER,200,11,42,42,0,11,439,-3521,500649,-0.007032871333009753,16.615838023244198,11,0,0,0,0,0,0,1,519.83,667.66,7.57,1,aedc4700c98dcb0bb889a3dc5628c4a16b3d1777373b97ffd0651206ec7992e1
pur-s-93,tight,13,RECOMPUTE,200,12,34,34,0,3340,78805,6889,501215,0.013744600620492204,16.97479103533251,0,0,0,0,0,0,12,1015,144259.04,179631.94,7.33,1,efff73189c23cce65582ef3d383d9c9af089c51bb28837952fa1636e5e8c9f7f
pur-s-93,tight,13,TBR,200,10,34,34,0,10,302,-2249,501215,-0.004487096355855272,16.671084618202404,10,0,0,0,0,0,0,1,164.09,202.93,7.67,1,9acdbc0a42a2b09e1626ba1b2ff1653e3cd67c66e7e53c753e7af1480465a1f1
pur-s-93,tight,13,TBRPLUS_N20000,200,10,34,34,0,10,302,-2249,501215,-0.004487096355855272,16.671084618202404,10,0,0,0,0,0,0,1,162.83,233.17,7.02,1,9acdbc0a42a2b09e1626ba1b2ff1653e3cd67c66e7e53c753e7af1480465a1f1
pur-s-93,tight,13,TBRPLUS,200,10,34,34,0,10,302,-2249,501215,-0.004487096355855272,16.671084618202404,10,0,0,0,0,0,0,1,150.83,216.94,7.95,1,9acdbc0a42a2b09e1626ba1b2ff1653e3cd67c66e7e53c753e7af1480465a1f1
pur-s-93,tight,13,ONE_BLOCKER,200,10,34,34,0,10,302,-2249,501215,-0.004487096355855272,16.671084618202404,10,0,0,0,0,0,0,1,146.5,215.9,7.55,1,9acdbc0a42a2b09e1626ba1b2ff1653e3cd67c66e7e53c753e7af1480465a1f1
pur-s-93,tight,13,SINGLE,200,10,34,34,0,10,302,-2249,501215,-0.004487096355855272,16.671084618202404,10,0,0,0,0,0,0,1,148.79,207.92,7.68,1,9acdbc0a42a2b09e1626ba1b2ff1653e3cd67c66e7e53c753e7af1480465a1f1
pur-s-93,official,13,RECOMPUTE,200,12,42,42,0,3340,78805,6889,501215,0.013744600620492204,16.97479103533251,0,0,0,0,0,0,12,1015,144362.27,173836.56,7.24,1,9d005a185b632ca36b527e41302f26e1944b10434c950d687ad22d87964669bf
pur-s-93,official,13,TBR,200,10,42,42,0,10,302,-2626,501215,-0.0052392685773570225,16.658530087582005,10,0,0,0,0,0,0,1,410.06,904.88,7.29,1,9adea922e07d17de07e871a46f0611e688ae4ad83339cdf8f47b9530243f65b6
pur-s-93,official,13,TBRPLUS_N20000,200,10,42,42,0,10,302,-2626,501215,-0.0052392685773570225,16.658530087582005,10,0,0,0,0,0,0,1,413.57,889.84,7.36,1,9adea922e07d17de07e871a46f0611e688ae4ad83339cdf8f47b9530243f65b6
pur-s-93,official,13,TBRPLUS,200,10,42,42,0,10,302,-2626,501215,-0.0052392685773570225,16.658530087582005,10,0,0,0,0,0,0,1,400.0,905.13,6.88,1,9adea922e07d17de07e871a46f0611e688ae4ad83339cdf8f47b9530243f65b6
pur-s-93,official,13,ONE_BLOCKER,200,10,42,42,0,10,302,-2626,501215,-0.0052392685773570225,16.658530087582005,10,0,0,0,0,0,0,1,402.36,881.97,7.05,1,9adea922e07d17de07e871a46f0611e688ae4ad83339cdf8f47b9530243f65b6
pur-s-93,official,13,SINGLE,200,10,42,42,0,10,302,-2626,501215,-0.0052392685773570225,16.658530087582005,10,0,0,0,0,0,0,1,403.44,891.93,7.96,1,9adea922e07d17de07e871a46f0611e688ae4ad83339cdf8f47b9530243f65b6
pur-s-93,tight,14,TBRPLUS_N20000,200,10,34,34,0,10,436,-3513,503679,-0.006974680302335416,16.709913750041625,10,0,0,0,0,0,0,1,150.26,297.55,7.3,1,2ef4c7d6401a8b7dfd88dc3cfc15b9b948da408def84dc94251930e452ef4093
pur-s-93,tight,14,RECOMPUTE,200,12,34,34,0,3804,89397,2381,503679,0.004727217136311024,16.904658829797864,0,0,0,0,0,0,12,1088,139851.47,168448.65,6.94,1,9f12d3e252ab62b108d5478fc13f99f19b06140d817fda993207d1e4e04ce439
pur-s-93,tight,14,TBRPLUS,200,10,34,34,0,10,436,-3513,503679,-0.006974680302335416,16.709913750041625,10,0,0,0,0,0,0,1,166.54,343.59,6.95,1,2ef4c7d6401a8b7dfd88dc3cfc15b9b948da408def84dc94251930e452ef4093
pur-s-93,tight,14,SINGLE,200,10,34,34,0,10,436,-3513,503679,-0.006974680302335416,16.709913750041625,10,0,0,0,0,0,0,1,146.48,298.0,6.79,1,2ef4c7d6401a8b7dfd88dc3cfc15b9b948da408def84dc94251930e452ef4093
pur-s-93,tight,14,TBR,200,10,34,34,0,10,436,-3513,503679,-0.006974680302335416,16.709913750041625,10,0,0,0,0,0,0,1,144.51,320.31,6.67,1,2ef4c7d6401a8b7dfd88dc3cfc15b9b948da408def84dc94251930e452ef4093
pur-s-93,tight,14,ONE_BLOCKER,200,10,34,34,0,10,436,-3513,503679,-0.006974680302335416,16.709913750041625,10,0,0,0,0,0,0,1,164.7,297.57,7.04,1,2ef4c7d6401a8b7dfd88dc3cfc15b9b948da408def84dc94251930e452ef4093
pur-s-93,official,14,TBRPLUS_N20000,200,10,42,42,0,10,436,-4578,503679,-0.009089122238568613,16.67444803356755,10,0,0,0,0,0,0,1,411.27,777.54,7.25,1,6551956da07955321bbc0e28f5babf8b4ffe87082e791f2e996911aa32e80dfe
pur-s-93,official,14,RECOMPUTE,200,12,42,42,0,3804,89397,2381,503679,0.004727217136311024,16.904658829797864,0,0,0,0,0,0,12,1088,144928.1,168248.52,7.37,1,126d6011e91dc8fb0945ff6af1c77972af72d48ab0dcce3a2a805d5a2e0c3d6c
pur-s-93,official,14,TBRPLUS,200,10,42,42,0,10,436,-4578,503679,-0.009089122238568613,16.67444803356755,10,0,0,0,0,0,0,1,418.84,746.62,7.66,1,6551956da07955321bbc0e28f5babf8b4ffe87082e791f2e996911aa32e80dfe
pur-s-93,official,14,SINGLE,200,10,42,42,0,10,436,-4578,503679,-0.009089122238568613,16.67444803356755,10,0,0,0,0,0,0,1,422.15,719.97,7.14,1,6551956da07955321bbc0e28f5babf8b4ffe87082e791f2e996911aa32e80dfe
pur-s-93,official,14,TBR,200,10,42,42,0,10,436,-4578,503679,-0.009089122238568613,16.67444803356755,10,0,0,0,0,0,0,1,395.85,715.22,7.42,1,6551956da07955321bbc0e28f5babf8b4ffe87082e791f2e996911aa32e80dfe
pur-s-93,official,14,ONE_BLOCKER,200,10,42,42,0,10,436,-4578,503679,-0.009089122238568613,16.67444803356755,10,0,0,0,0,0,0,1,415.99,727.87,7.36,1,6551956da07955321bbc0e28f5babf8b4ffe87082e791f2e996911aa32e80dfe
pur-s-93,tight,15,SINGLE,200,11,34,34,0,11,255,-2090,506884,-0.004123231350762699,16.867794465350162,11,0,0,0,0,0,0,1,134.38,216.61,7.43,1,76fead5b9dd7b0f002baa4bcb971a4762d84b1c5be62e3c0ad5fba6b621ac2cc
pur-s-93,tight,15,TBRPLUS,200,11,34,34,0,11,255,-2090,506884,-0.004123231350762699,16.867794465350162,11,0,0,0,0,0,0,1,138.7,210.21,7.24,1,76fead5b9dd7b0f002baa4bcb971a4762d84b1c5be62e3c0ad5fba6b621ac2cc
pur-s-93,tight,15,RECOMPUTE,200,11,34,34,0,1045,24987,1134,506884,0.002237198254432967,16.97479103533251,0,0,0,0,0,0,11,667,140643.06,162684.7,7.16,1,bf0493aabdcc33cd5ee1b1bffa8cead33a69fad5f3f6c12f49fab4458a3330b7
pur-s-93,tight,15,ONE_BLOCKER,200,11,34,34,0,11,255,-2090,506884,-0.004123231350762699,16.867794465350162,11,0,0,0,0,0,0,1,131.96,222.07,7.49,1,76fead5b9dd7b0f002baa4bcb971a4762d84b1c5be62e3c0ad5fba6b621ac2cc
pur-s-93,tight,15,TBRPLUS_N20000,200,11,34,34,0,11,255,-2090,506884,-0.004123231350762699,16.867794465350162,11,0,0,0,0,0,0,1,133.89,244.28,7.63,1,76fead5b9dd7b0f002baa4bcb971a4762d84b1c5be62e3c0ad5fba6b621ac2cc
pur-s-93,tight,15,TBR,200,11,34,34,0,11,255,-2090,506884,-0.004123231350762699,16.867794465350162,11,0,0,0,0,0,0,1,137.92,216.14,7.11,1,76fead5b9dd7b0f002baa4bcb971a4762d84b1c5be62e3c0ad5fba6b621ac2cc
pur-s-93,official,15,SINGLE,200,11,42,42,0,11,255,-2378,506884,-0.004691408685221866,16.85820373638816,11,0,0,0,0,0,0,1,210.37,625.72,7.21,1,aa407e7b561ebb3437f363c4852cd33c1e609301ce0a9b2da1055750ece5e942
pur-s-93,official,15,TBRPLUS,200,11,42,42,0,11,255,-2378,506884,-0.004691408685221866,16.85820373638816,11,0,0,0,0,0,0,1,209.22,612.82,7.1,1,aa407e7b561ebb3437f363c4852cd33c1e609301ce0a9b2da1055750ece5e942
pur-s-93,official,15,RECOMPUTE,200,11,42,42,0,1045,24987,1134,506884,0.002237198254432967,16.97479103533251,0,0,0,0,0,0,11,667,141171.75,162306.74,7.1,1,24a9281943fee994f9631865fa40138961bb8c07a1cfed674c595ec4a8fd2d15
pur-s-93,official,15,ONE_BLOCKER,200,11,42,42,0,11,255,-2378,506884,-0.004691408685221866,16.85820373638816,11,0,0,0,0,0,0,1,208.81,619.83,7.42,1,aa407e7b561ebb3437f363c4852cd33c1e609301ce0a9b2da1055750ece5e942
pur-s-93,official,15,TBRPLUS_N20000,200,11,42,42,0,11,255,-2378,506884,-0.004691408685221866,16.85820373638816,11,0,0,0,0,0,0,1,203.62,654.45,7.0,1,aa407e7b561ebb3437f363c4852cd33c1e609301ce0a9b2da1055750ece5e942
pur-s-93,official,15,TBR,200,11,42,42,0,11,255,-2378,506884,-0.004691408685221866,16.85820373638816,11,0,0,0,0,0,0,1,198.09,615.34,7.05,1,aa407e7b561ebb3437f363c4852cd33c1e609301ce0a9b2da1055750ece5e942
pur-s-93,tight,16,TBR,200,22,34,35,1,22,1156,-10404,515099,-0.0201980590138983,16.869359619034935,21,0,0,0,1,0,0,1,148.02,514.77,8.0,1,3a2a80167b30a650258cc07e6313ad7b8c4787e02f7744fc27c8d64859c7dc49
pur-s-93,tight,16,TBRPLUS_N20000,200,22,34,34,0,26,1582,-9281,515099,-0.01801789558900328,16.9067568017583,21,0,0,1,0,0,0,5,141.12,519.92,8.1,1,dc41d5cd82a8e2c7e034bdb79e80cd5c99118e9fbfd374a1160c7b9acec65807
pur-s-93,tight,16,RECOMPUTE,200,10,34,34,0,5382,156566,-7890,515099,-0.01531744383118585,16.956542009390922,0,0,0,0,0,0,10,1375,143135.86,169419.88,6.94,1,1894b40d3801c46a0146573926d058c31898d3692627bc87aa019939b5572fea
pur-s-93,tight,16,TBRPLUS,200,22,34,35,1,22,1156,-10404,515099,-0.0201980590138983,16.869359619034935,21,0,0,0,1,1,0,1,142.71,545.66,7.73,1,3a2a80167b30a650258cc07e6313ad7b8c4787e02f7744fc27c8d64859c7dc49
pur-s-93,tight,16,SINGLE,200,22,34,35,1,22,1156,-10404,515099,-0.0201980590138983,16.869359619034935,21,0,0,0,1,0,0,1,127.18,382.69,8.09,1,3a2a80167b30a650258cc07e6313ad7b8c4787e02f7744fc27c8d64859c7dc49
pur-s-93,tight,16,ONE_BLOCKER,200,22,34,35,1,22,1156,-10404,515099,-0.0201980590138983,16.869359619034935,21,0,0,0,1,0,0,1,141.95,508.63,7.71,1,3a2a80167b30a650258cc07e6313ad7b8c4787e02f7744fc27c8d64859c7dc49
pur-s-93,official,16,TBR,200,22,42,42,0,22,1156,-11752,515099,-0.022815031673522952,16.82446967931,22,0,0,0,0,0,0,1,174.78,765.87,7.95,1,abc6b97ecbc933791f43c1d2b528296123bd1412088be39085233ec77db7060e
pur-s-93,official,16,TBRPLUS_N20000,200,22,42,42,0,22,1156,-11752,515099,-0.022815031673522952,16.82446967931,22,0,0,0,0,0,0,1,185.0,871.57,8.3,1,abc6b97ecbc933791f43c1d2b528296123bd1412088be39085233ec77db7060e
pur-s-93,official,16,RECOMPUTE,200,10,42,42,0,5382,156566,-7890,515099,-0.01531744383118585,16.956542009390922,0,0,0,0,0,0,10,1375,148493.04,173687.59,7.14,1,1dff0b78d3c987112f730fff292a6ed49e11cdf888e0e3007c3b71922699af63
pur-s-93,official,16,TBRPLUS,200,22,42,42,0,22,1156,-11752,515099,-0.022815031673522952,16.82446967931,22,0,0,0,0,0,0,1,170.61,769.95,7.93,1,abc6b97ecbc933791f43c1d2b528296123bd1412088be39085233ec77db7060e
pur-s-93,official,16,SINGLE,200,22,42,42,0,22,1156,-11752,515099,-0.022815031673522952,16.82446967931,22,0,0,0,0,0,0,1,182.69,748.66,7.79,1,abc6b97ecbc933791f43c1d2b528296123bd1412088be39085233ec77db7060e
pur-s-93,official,16,ONE_BLOCKER,200,22,42,42,0,22,1156,-11752,515099,-0.022815031673522952,16.82446967931,22,0,0,0,0,0,0,1,164.77,771.48,8.04,1,abc6b97ecbc933791f43c1d2b528296123bd1412088be39085233ec77db7060e
pur-s-93,tight,17,TBRPLUS,200,4,34,34,0,4,139,-1018,513270,-0.001983361583571999,17.11715341836225,4,0,0,0,0,0,0,1,160.23,239.22,6.96,1,6efe98fbb2d3e90240983a42abd7b5b29768702869d3e46998acfca3c6ece372
pur-s-93,tight,17,SINGLE,200,4,34,34,0,4,139,-1018,513270,-0.001983361583571999,17.11715341836225,4,0,0,0,0,0,0,1,167.92,235.02,6.97,1,6efe98fbb2d3e90240983a42abd7b5b29768702869d3e46998acfca3c6ece372
pur-s-93,tight,17,TBR,200,4,34,34,0,4,139,-1018,513270,-0.001983361583571999,17.11715341836225,4,0,0,0,0,0,0,1,160.3,230.72,7.34,1,6efe98fbb2d3e90240983a42abd7b5b29768702869d3e46998acfca3c6ece372
pur-s-93,tight,17,ONE_BLOCKER,200,4,34,34,0,4,139,-1018,513270,-0.001983361583571999,17.11715341836225,4,0,0,0,0,0,0,1,159.55,221.03,6.88,1,6efe98fbb2d3e90240983a42abd7b5b29768702869d3e46998acfca3c6ece372
pur-s-93,tight,17,TBRPLUS_N20000,200,4,34,34,0,4,139,-1018,513270,-0.001983361583571999,17.11715341836225,4,0,0,0,0,0,0,1,170.57,221.74,6.79,1,6efe98fbb2d3e90240983a42abd7b5b29768702869d3e46998acfca3c6ece372
pur-s-93,tight,17,RECOMPUTE,200,6,34,34,0,1918,44101,-5252,513270,-0.01023243127398835,16.97479103533251,0,0,0,0,0,0,6,710,144731.64,175653.51,6.99,1,c56693b3fcd9033fc0e1c07f66f3611f776c29ed4db78dad33b1dd85b5b4ccce
pur-s-93,official,17,TBRPLUS,200,4,42,42,0,4,139,-1126,513270,-0.002193777154324235,17.113556895001498,4,0,0,0,0,0,0,1,212.78,492.37,7.04,1,5646865170ff3d9dcdc1d53c6579945030e78b134d08918a598ac2fd42508f2a
pur-s-93,official,17,SINGLE,200,4,42,42,0,4,139,-1126,513270,-0.002193777154324235,17.113556895001498,4,0,0,0,0,0,0,1,234.73,457.31,7.19,1,5646865170ff3d9dcdc1d53c6579945030e78b134d08918a598ac2fd42508f2a
pur-s-93,official,17,TBR,200,4,42,42,0,4,139,-1126,513270,-0.002193777154324235,17.113556895001498,4,0,0,0,0,0,0,1,217.93,497.06,7.62,1,5646865170ff3d9dcdc1d53c6579945030e78b134d08918a598ac2fd42508f2a
pur-s-93,official,17,ONE_BLOCKER,200,4,42,42,0,4,139,-1126,513270,-0.002193777154324235,17.113556895001498,4,0,0,0,0,0,0,1,243.0,541.28,7.68,1,5646865170ff3d9dcdc1d53c6579945030e78b134d08918a598ac2fd42508f2a
pur-s-93,official,17,TBRPLUS_N20000,200,4,42,42,0,4,139,-1126,513270,-0.002193777154324235,17.113556895001498,4,0,0,0,0,0,0,1,216.94,473.9,7.38,1,5646865170ff3d9dcdc1d53c6579945030e78b134d08918a598ac2fd42508f2a
pur-s-93,official,17,RECOMPUTE,200,6,42,42,0,1918,44101,-5252,513270,-0.01023243127398835,16.97479103533251,0,0,0,0,0,0,6,710,145411.54,176653.0,6.63,1,52ab30a901dfafc5ea3b321041109311eea7e1eb2e3523b9e141ef1cb50f4234
pur-s-93,tight,18,SINGLE,200,7,34,34,0,7,218,-2372,505026,-0.004696787888148333,16.79563089013953,7,0,0,0,0,0,0,1,130.59,215.07,7.63,1,c9fc8bb3803f9e36f5e722486efda71ab97f36cb4dd3150c0815b596532628e8
pur-s-93,tight,18,TBRPLUS,200,7,34,34,0,7,218,-2372,505026,-0.004696787888148333,16.79563089013953,7,0,0,0,0,0,0,1,143.78,202.51,7.22,1,c9fc8bb3803f9e36f5e722486efda71ab97f36cb4dd3150c0815b596532628e8
pur-s-93,tight,18,ONE_BLOCKER,200,7,34,34,0,7,218,-2372,505026,-0.004696787888148333,16.79563089013953,7,0,0,0,0,0,0,1,124.78,201.88,7.47,1,c9fc8bb3803f9e36f5e722486efda71ab97f36cb4dd3150c0815b596532628e8
pur-s-93,tight,18,TBRPLUS_N20000,200,7,34,34,0,7,218,-2372,505026,-0.004696787888148333,16.79563089013953,7,0,0,0,0,0,0,1,152.33,197.23,7.24,1,c9fc8bb3803f9e36f5e722486efda71ab97f36cb4dd3150c0815b596532628e8
pur-s-93,tight,18,TBR,200,7,34,34,0,7,218,-2372,505026,-0.004696787888148333,16.79563089013953,7,0,0,0,0,0,0,1,141.4,204.14,7.28,1,c9fc8bb3803f9e36f5e722486efda71ab97f36cb4dd3150c0815b596532628e8
pur-s-93,tight,18,RECOMPUTE,200,8,34,34,0,888,18671,1499,505026,0.002968164015318023,16.922907855739453,0,0,0,0,0,0,8,627,144759.91,173159.17,7.01,1,452a05d7f8a651a4278d496935c446a743ebf033f3e8f49a0fcea0dea4ebbde2
pur-s-93,official,18,SINGLE,200,7,42,42,0,7,218,-2610,505026,-0.005168050753822575,16.787705218288988,7,0,0,0,0,0,0,1,212.65,748.95,7.62,1,09cf73f3ff936549c2a06293acb0e7c435732cffe633aab2931b4ecba8f9a539
pur-s-93,official,18,TBRPLUS,200,7,42,42,0,7,218,-2610,505026,-0.005168050753822575,16.787705218288988,7,0,0,0,0,0,0,1,231.67,788.25,7.72,1,09cf73f3ff936549c2a06293acb0e7c435732cffe633aab2931b4ecba8f9a539
pur-s-93,official,18,ONE_BLOCKER,200,7,42,42,0,7,218,-2610,505026,-0.005168050753822575,16.787705218288988,7,0,0,0,0,0,0,1,216.99,828.28,7.61,1,09cf73f3ff936549c2a06293acb0e7c435732cffe633aab2931b4ecba8f9a539
pur-s-93,official,18,TBRPLUS_N20000,200,7,42,42,0,7,218,-2610,505026,-0.005168050753822575,16.787705218288988,7,0,0,0,0,0,0,1,216.47,733.53,7.77,1,09cf73f3ff936549c2a06293acb0e7c435732cffe633aab2931b4ecba8f9a539
pur-s-93,official,18,TBR,200,7,42,42,0,7,218,-2610,505026,-0.005168050753822575,16.787705218288988,7,0,0,0,0,0,0,1,232.63,744.85,7.51,1,09cf73f3ff936549c2a06293acb0e7c435732cffe633aab2931b4ecba8f9a539
pur-s-93,official,18,RECOMPUTE,200,8,42,42,0,888,18671,1499,505026,0.002968164015318023,16.922907855739453,0,0,0,0,0,0,8,627,145064.44,179958.34,7.22,1,e11d67b3b510ae3334697e6117efddcb1ec974daf3f088e406b26a45d71c3a8f
pur-s-93,tight,19,TBR,200,15,35,35,0,15,564,-4670,509139,-0.00917234782642854,16.86223317459789,15,0,0,0,0,0,0,1,143.03,511.42,7.93,1,dbf9db579c3162258798a19e31b777480434a91fff07234b8796a9771726b03c
pur-s-93,tight,19,RECOMPUTE,200,17,35,35,0,13213,419837,-7858,509139,-0.015433899190594317,16.754803689766558,0,0,0,0,0,0,17,1689,149673.99,183501.62,7.84,1,fcda825b5f91ab4317b8ebec2ad8bc63bf9a3eeba8fb55f6520945fd936de589
pur-s-93,tight,19,SINGLE,200,15,35,35,0,15,564,-4670,509139,-0.00917234782642854,16.86223317459789,15,0,0,0,0,0,0,1,157.33,502.41,7.69,1,dbf9db579c3162258798a19e31b777480434a91fff07234b8796a9771726b03c
pur-s-93,tight,19,TBRPLUS,200,15,35,35,0,15,564,-4670,509139,-0.00917234782642854,16.86223317459789,15,0,0,0,0,0,0,1,143.28,510.18,7.0,1,dbf9db579c3162258798a19e31b777480434a91fff07234b8796a9771726b03c
pur-s-93,tight,19,TBRPLUS_N20000,200,15,35,35,0,15,564,-4670,509139,-0.00917234782642854,16.86223317459789,15,0,0,0,0,0,0,1,148.38,488.66,6.75,1,dbf9db579c3162258798a19e31b777480434a91fff07234b8796a9771726b03c
pur-s-93,tight,19,ONE_BLOCKER,200,15,35,35,0,15,564,-4670,509139,-0.00917234782642854,16.86223317459789,15,0,0,0,0,0,0,1,139.67,511.13,7.12,1,dbf9db579c3162258798a19e31b777480434a91fff07234b8796a9771726b03c
pur-s-93,official,19,TBR,200,15,42,42,0,15,564,-5035,509139,-0.009889244391020919,16.85007825768424,15,0,0,0,0,0,0,1,436.21,770.59,7.65,1,6c090ec0380c8de7217e2c6389fcc1cd2e5a4b4b4f2eae77a8f8dcf5ed2e38b8
pur-s-93,official,19,RECOMPUTE,200,17,42,42,0,13213,419837,-7858,509139,-0.015433899190594317,16.754803689766558,0,0,0,0,0,0,17,1689,153002.49,196100.5,7.42,1,c34ba3bf20625f8fa9e22a7bd36f9d53b0318c91375c52213af913f58141f29e
pur-s-93,official,19,SINGLE,200,15,42,42,0,15,564,-5035,509139,-0.009889244391020919,16.85007825768424,15,0,0,0,0,0,0,1,433.36,771.72,7.71,1,6c090ec0380c8de7217e2c6389fcc1cd2e5a4b4b4f2eae77a8f8dcf5ed2e38b8
pur-s-93,official,19,TBRPLUS,200,15,42,42,0,15,564,-5035,509139,-0.009889244391020919,16.85007825768424,15,0,0,0,0,0,0,1,437.34,776.25,7.51,1,6c090ec0380c8de7217e2c6389fcc1cd2e5a4b4b4f2eae77a8f8dcf5ed2e38b8
pur-s-93,official,19,TBRPLUS_N20000,200,15,42,42,0,15,564,-5035,509139,-0.009889244391020919,16.85007825768424,15,0,0,0,0,0,0,1,424.19,815.86,7.07,1,6c090ec0380c8de7217e2c6389fcc1cd2e5a4b4b4f2eae77a8f8dcf5ed2e38b8
pur-s-93,official,19,ONE_BLOCKER,200,15,42,42,0,15,564,-5035,509139,-0.009889244391020919,16.85007825768424,15,0,0,0,0,0,0,1,429.24,796.83,7.79,1,6c090ec0380c8de7217e2c6389fcc1cd2e5a4b4b4f2eae77a8f8dcf5ed2e38b8
rye-s-93,tight,10,ONE_BLOCKER,200,2,22,22,0,2,100,-814,348896,-0.002333073466018527,30.602804145258208,2,0,0,0,0,0,0,1,194.02,279.42,5.22,1,35f878f6eef82102330fc9dc92d3b470616a59f7a15d8fa5965fb34b3804d8de
rye-s-93,tight,10,TBRPLUS_N20000,200,2,22,22,0,2,100,-814,348896,-0.002333073466018527,30.602804145258208,2,0,0,0,0,0,0,1,184.64,272.44,4.82,1,35f878f6eef82102330fc9dc92d3b470616a59f7a15d8fa5965fb34b3804d8de
rye-s-93,tight,10,TBR,200,2,22,22,0,2,100,-814,348896,-0.002333073466018527,30.602804145258208,2,0,0,0,0,0,0,1,188.67,281.98,4.96,1,35f878f6eef82102330fc9dc92d3b470616a59f7a15d8fa5965fb34b3804d8de
rye-s-93,tight,10,TBRPLUS,200,2,22,22,0,2,100,-814,348896,-0.002333073466018527,30.602804145258208,2,0,0,0,0,0,0,1,181.44,268.46,4.85,1,35f878f6eef82102330fc9dc92d3b470616a59f7a15d8fa5965fb34b3804d8de
rye-s-93,tight,10,SINGLE,200,2,22,22,0,2,100,-814,348896,-0.002333073466018527,30.602804145258208,2,0,0,0,0,0,0,1,181.42,266.35,4.91,1,35f878f6eef82102330fc9dc92d3b470616a59f7a15d8fa5965fb34b3804d8de
rye-s-93,tight,10,RECOMPUTE,200,3,22,22,0,271,23827,6806,348896,0.019507245712189307,31.27466689889402,0,0,0,0,0,0,3,249,11947.44,33888.99,3.98,1,c955421d15441ab50dd892fb52661eb9e7240526ecafbbe8c2969c5a176fee16
rye-s-93,official,10,ONE_BLOCKER,200,2,23,23,0,2,100,-821,348896,-0.0023531367513528385,30.602194548462947,2,0,0,0,0,0,0,1,199.29,292.59,5.32,1,1bd4b1725d9752e554185e934a2daf456a2f949e0ffa455ee4cba64c834ac476
rye-s-93,official,10,TBRPLUS_N20000,200,2,23,23,0,2,100,-821,348896,-0.0023531367513528385,30.602194548462947,2,0,0,0,0,0,0,1,200.15,298.04,5.09,1,1bd4b1725d9752e554185e934a2daf456a2f949e0ffa455ee4cba64c834ac476
rye-s-93,official,10,TBR,200,2,23,23,0,2,100,-821,348896,-0.0023531367513528385,30.602194548462947,2,0,0,0,0,0,0,1,196.09,292.06,4.94,1,1bd4b1725d9752e554185e934a2daf456a2f949e0ffa455ee4cba64c834ac476
rye-s-93,official,10,TBRPLUS,200,2,23,23,0,2,100,-821,348896,-0.0023531367513528385,30.602194548462947,2,0,0,0,0,0,0,1,184.54,272.67,4.91,1,1bd4b1725d9752e554185e934a2daf456a2f949e0ffa455ee4cba64c834ac476
rye-s-93,official,10,SINGLE,200,2,23,23,0,2,100,-821,348896,-0.0023531367513528385,30.602194548462947,2,0,0,0,0,0,0,1,174.97,255.9,4.85,1,1bd4b1725d9752e554185e934a2daf456a2f949e0ffa455ee4cba64c834ac476
rye-s-93,official,10,RECOMPUTE,200,3,23,23,0,271,23827,6806,348896,0.019507245712189307,31.27466689889402,0,0,0,0,0,0,3,249,11701.26,12226.8,3.89,1,ae0dc8f52e98f6feebc629d7eccb7434758addd3a8e24218aa7919510d5bee39
rye-s-93,tight,11,TBRPLUS,200,4,22,22,0,4,180,-2008,364866,-0.005503390285748741,31.879125664025082,4,0,0,0,0,0,0,1,82.17,123.41,5.59,1,4a25208300579b7f408650ed86574280bf73d9e43767b6b1b0b966b065607387
rye-s-93,tight,11,TBRPLUS_N20000,200,4,22,22,0,4,180,-2008,364866,-0.005503390285748741,31.879125664025082,4,0,0,0,0,0,0,1,79.07,119.53,5.44,1,4a25208300579b7f408650ed86574280bf73d9e43767b6b1b0b966b065607387
rye-s-93,tight,11,ONE_BLOCKER,200,4,22,22,0,4,180,-2008,364866,-0.005503390285748741,31.879125664025082,4,0,0,0,0,0,0,1,88.13,138.99,5.29,1,4a25208300579b7f408650ed86574280bf73d9e43767b6b1b0b966b065607387
rye-s-93,tight,11,SINGLE,200,4,22,22,0,4,180,-2008,364866,-0.005503390285748741,31.879125664025082,4,0,0,0,0,0,0,1,77.87,114.17,5.29,1,4a25208300579b7f408650ed86574280bf73d9e43767b6b1b0b966b065607387
rye-s-93,tight,11,RECOMPUTE,200,4,22,22,0,77,5898,5053,364866,0.013848919877434456,32.49368631890621,0,0,0,0,0,0,4,69,9760.18,13272.09,4.17,1,4697efb419ddc3f83ea965e1ec3371304d9856e60a2480c917d62ab37635e100
rye-s-93,tight,11,TBR,200,4,22,22,0,4,180,-2008,364866,-0.005503390285748741,31.879125664025082,4,0,0,0,0,0,0,1,78.84,116.76,5.11,1,4a25208300579b7f408650ed86574280bf73d9e43767b6b1b0b966b065607387
rye-s-93,official,11,TBRPLUS,200,4,23,23,0,4,180,-2049,364866,-0.005615760306523491,31.875555168509973,4,0,0,0,0,0,0,1,131.37,279.83,5.45,1,a714f326e5535827a8d433926b12cdd81f5cb8ff65be8bcffd9b444cacddf4a7
rye-s-93,official,11,TBRPLUS_N20000,200,4,23,23,0,4,180,-2049,364866,-0.005615760306523491,31.875555168509973,4,0,0,0,0,0,0,1,126.02,263.69,5.08,1,a714f326e5535827a8d433926b12cdd81f5cb8ff65be8bcffd9b444cacddf4a7
rye-s-93,official,11,ONE_BLOCKER,200,4,23,23,0,4,180,-2049,364866,-0.005615760306523491,31.875555168509973,4,0,0,0,0,0,0,1,116.39,300.05,5.02,1,a714f326e5535827a8d433926b12cdd81f5cb8ff65be8bcffd9b444cacddf4a7
rye-s-93,official,11,SINGLE,200,4,23,23,0,4,180,-2049,364866,-0.005615760306523491,31.875555168509973,4,0,0,0,0,0,0,1,121.26,277.3,5.0,1,a714f326e5535827a8d433926b12cdd81f5cb8ff65be8bcffd9b444cacddf4a7
rye-s-93,official,11,RECOMPUTE,200,4,23,23,0,77,5898,5053,364866,0.013848919877434456,32.49368631890621,0,0,0,0,0,0,4,69,10144.34,10698.84,4.33,1,80d625994469f63a03f42bfb26db4c0695c07793c01c34c7211106e265faa853
rye-s-93,official,11,TBR,200,4,23,23,0,4,180,-2049,364866,-0.005615760306523491,31.875555168509973,4,0,0,0,0,0,0,1,118.13,257.79,5.34,1,a714f326e5535827a8d433926b12cdd81f5cb8ff65be8bcffd9b444cacddf4a7
rye-s-93,tight,12,TBR,200,6,22,22,0,6,237,-4191,372190,-0.011260377764045246,32.36401637202822,6,0,0,0,0,0,0,1,157.88,269.05,5.79,1,e5ed953b38dfd36ef5ade7f2e2e8f2e2cf4496389e602b0c986c4dd83712f089
rye-s-93,tight,12,SINGLE,200,6,22,22,0,6,237,-4191,372190,-0.011260377764045246,32.36401637202822,6,0,0,0,0,0,0,1,155.64,290.45,5.51,1,e5ed953b38dfd36ef5ade7f2e2e8f2e2cf4496389e602b0c986c4dd83712f089
rye-s-93,tight,12,RECOMPUTE,200,6,22,22,0,167,9108,-2352,372190,-0.006319353018619522,32.52320822084821,0,0,0,0,0,0,6,139,9563.02,13156.44,4.56,1,83513a0ab30a9715c414e82ddffbcd423ee8e613dd3396b34f9cc6d08988ac35
rye-s-93,tight,12,TBRPLUS,200,6,22,22,0,6,237,-4191,372190,-0.011260377764045246,32.36401637202822,6,0,0,0,0,0,0,1,167.0,292.9,5.5,1,e5ed953b38dfd36ef5ade7f2e2e8f2e2cf4496389e602b0c986c4dd83712f089
rye-s-93,tight,12,TBRPLUS_N20000,200,6,22,22,0,6,237,-4191,372190,-0.011260377764045246,32.36401637202822,6,0,0,0,0,0,0,1,173.67,259.23,5.41,1,e5ed953b38dfd36ef5ade7f2e2e8f2e2cf4496389e602b0c986c4dd83712f089
rye-s-93,tight,12,ONE_BLOCKER,200,6,22,22,0,6,237,-4191,372190,-0.011260377764045246,32.36401637202822,6,0,0,0,0,0,0,1,228.35,402.6,5.48,1,e5ed953b38dfd36ef5ade7f2e2e8f2e2cf4496389e602b0c986c4dd83712f089
rye-s-93,official,12,TBR,200,6,23,23,0,6,237,-4218,372190,-0.011332921357371234,32.36166507010363,6,0,0,0,0,0,0,1,238.7,326.38,5.45,1,01ac74bab67408acbce17281a0974a39eab011765284747336996cdd8a43235a
rye-s-93,official,12,SINGLE,200,6,23,23,0,6,237,-4218,372190,-0.011332921357371234,32.36166507010363,6,0,0,0,0,0,0,1,231.5,309.27,5.27,1,01ac74bab67408acbce17281a0974a39eab011765284747336996cdd8a43235a
rye-s-93,official,12,RECOMPUTE,200,6,23,23,0,167,9108,-2352,372190,-0.006319353018619522,32.52320822084821,0,0,0,0,0,0,6,139,9934.04,11926.13,4.34,1,70ab0c6b6961378f14cea7c23e71e6b9c7ebd6cf88d6585f50b04f6e3abe9a72
rye-s-93,official,12,TBRPLUS,200,6,23,23,0,6,237,-4218,372190,-0.011332921357371234,32.36166507010363,6,0,0,0,0,0,0,1,222.51,316.65,5.27,1,01ac74bab67408acbce17281a0974a39eab011765284747336996cdd8a43235a
rye-s-93,official,12,TBRPLUS_N20000,200,6,23,23,0,6,237,-4218,372190,-0.011332921357371234,32.36166507010363,6,0,0,0,0,0,0,1,381.11,501.77,7.65,1,01ac74bab67408acbce17281a0974a39eab011765284747336996cdd8a43235a
rye-s-93,official,12,ONE_BLOCKER,200,6,23,23,0,6,237,-4218,372190,-0.011332921357371234,32.36166507010363,6,0,0,0,0,0,0,1,374.18,469.75,7.94,1,01ac74bab67408acbce17281a0974a39eab011765284747336996cdd8a43235a
rye-s-93,tight,13,RECOMPUTE,200,5,22,22,0,324,21069,5618,360294,0.015592821418064137,32.175825132805016,0,0,0,0,0,0,5,199,11101.01,11703.08,4.5,1,12d73bf5b67a288df34da2b42d5735eaf4b6c19ef45e83508804b9bb0b0a5863
rye-s-93,tight,13,TBR,200,5,22,22,0,6,472,-7859,360294,-0.021812741816405492,30.993033179482712,4,1,0,0,0,0,0,2,149.68,363.58,5.19,1,d58550ec2d683ed9141b39a688eb5190d121d727e3d8b2189b92e941e37c23af
rye-s-93,tight,13,TBRPLUS_N20000,200,5,22,22,0,6,472,-7859,360294,-0.021812741816405492,30.993033179482712,4,1,0,0,0,0,0,2,146.08,375.54,5.17,1,d58550ec2d683ed9141b39a688eb5190d121d727e3d8b2189b92e941e37c23af
rye-s-93,tight,13,TBRPLUS,200,5,22,22,0,6,472,-7859,360294,-0.021812741816405492,30.993033179482712,4,1,0,0,0,0,0,2,151.98,381.9,5.04,1,d58550ec2d683ed9141b39a688eb5190d121d727e3d8b2189b92e941e37c23af
rye-s-93,tight,13,ONE_BLOCKER,200,5,22,22,0,6,472,-7859,360294,-0.021812741816405492,30.993033179482712,4,1,0,0,0,0,0,2,147.94,364.28,5.21,1,d58550ec2d683ed9141b39a688eb5190d121d727e3d8b2189b92e941e37c23af
rye-s-93,tight,13,SINGLE,200,5,22,23,1,5,345,-4772,360294,-0.013244739018690293,31.26099451362884,4,0,0,0,1,0,0,1,154.79,276.43,5.11,1,0f4aab31fb5c29267b694be62eef9c248aa8356a262fd4c57688bb537054f648
rye-s-93,official,13,RECOMPUTE,200,5,23,23,0,324,21069,5618,360294,0.015592821418064137,32.175825132805016,0,0,0,0,0,0,5,199,10145.45,13417.29,4.58,1,db87e8b2bc6062825313cf61e62688723d16931b769dfc63b49678c96dc3fb47
rye-s-93,official,13,TBR,200,5,23,23,0,5,345,-4772,360294,-0.013244739018690293,31.26099451362884,5,0,0,0,0,0,0,1,260.41,421.18,5.58,1,0cc2f5f8c24248d5a45214d4cc8df8d72f0358c5a9ca13bd385a2b3f68f7c146
rye-s-93,official,13,TBRPLUS_N20000,200,5,23,23,0,5,345,-4772,360294,-0.013244739018690293,31.26099451362884,5,0,0,0,0,0,0,1,275.69,328.01,5.31,1,0cc2f5f8c24248d5a45214d4cc8df8d72f0358c5a9ca13bd385a2b3f68f7c146
rye-s-93,official,13,TBRPLUS,200,5,23,23,0,5,345,-4772,360294,-0.013244739018690293,31.26099451362884,5,0,0,0,0,0,0,1,283.76,300.9,5.4,1,0cc2f5f8c24248d5a45214d4cc8df8d72f0358c5a9ca13bd385a2b3f68f7c146
rye-s-93,official,13,ONE_BLOCKER,200,5,23,23,0,5,345,-4772,360294,-0.013244739018690293,31.26099451362884,5,0,0,0,0,0,0,1,285.53,318.57,5.38,1,0cc2f5f8c24248d5a45214d4cc8df8d72f0358c5a9ca13bd385a2b3f68f7c146
rye-s-93,official,13,SINGLE,200,5,23,23,0,5,345,-4772,360294,-0.013244739018690293,31.26099451362884,5,0,0,0,0,0,0,1,270.4,298.83,5.36,1,0cc2f5f8c24248d5a45214d4cc8df8d72f0358c5a9ca13bd385a2b3f68f7c146
rye-s-93,tight,14,TBRPLUS_N20000,200,5,23,23,0,5,279,-3100,357337,-0.008675284115554785,31.13045371418619,5,0,0,0,0,0,0,1,191.39,258.75,5.0,1,e290f96f88d4c41baf58e0777c4cfc5bd52003405da8cc5f7e9a12ecb9095d7b
rye-s-93,tight,14,RECOMPUTE,200,6,23,23,0,386,28079,6135,357337,0.017168667112557615,31.932770182008188,0,0,0,0,0,0,6,230,9690.86,12549.11,4.21,1,c92c81d2315c5c83e9ed9367d925be3466389a15e4f8ddf9f0820cc747caebb1
rye-s-93,tight,14,TBRPLUS,200,5,23,23,0,5,279,-3100,357337,-0.008675284115554785,31.13045371418619,5,0,0,0,0,0,0,1,204.0,281.32,5.01,1,e290f96f88d4c41baf58e0777c4cfc5bd52003405da8cc5f7e9a12ecb9095d7b
rye-s-93,tight,14,SINGLE,200,5,23,23,0,5,279,-3100,357337,-0.008675284115554785,31.13045371418619,5,0,0,0,0,0,0,1,217.48,264.83,5.18,1,e290f96f88d4c41baf58e0777c4cfc5bd52003405da8cc5f7e9a12ecb9095d7b
rye-s-93,tight,14,TBR,200,5,23,23,0,5,279,-3100,357337,-0.008675284115554785,31.13045371418619,5,0,0,0,0,0,0,1,184.59,266.57,5.25,1,e290f96f88d4c41baf58e0777c4cfc5bd52003405da8cc5f7e9a12ecb9095d7b
rye-s-93,tight,14,ONE_BLOCKER,200,5,23,23,0,5,279,-3100,357337,-0.008675284115554785,31.13045371418619,5,0,0,0,0,0,0,1,171.3,275.65,5.06,1,e290f96f88d4c41baf58e0777c4cfc5bd52003405da8cc5f7e9a12ecb9095d7b
rye-s-93,official,14,TBRPLUS_N20000,200,5,23,23,0,5,279,-3100,357337,-0.008675284115554785,31.13045371418619,5,0,0,0,0,0,0,1,195.96,300.68,5.12,1,e290f96f88d4c41baf58e0777c4cfc5bd52003405da8cc5f7e9a12ecb9095d7b
rye-s-93,official,14,RECOMPUTE,200,6,23,23,0,386,28079,6135,357337,0.017168667112557615,31.932770182008188,0,0,0,0,0,0,6,230,9836.07,11262.36,4.33,1,c92c81d2315c5c83e9ed9367d925be3466389a15e4f8ddf9f0820cc747caebb1
rye-s-93,official,14,TBRPLUS,200,5,23,23,0,5,279,-3100,357337,-0.008675284115554785,31.13045371418619,5,0,0,0,0,0,0,1,247.41,282.44,4.93,1,e290f96f88d4c41baf58e0777c4cfc5bd52003405da8cc5f7e9a12ecb9095d7b
rye-s-93,official,14,SINGLE,200,5,23,23,0,5,279,-3100,357337,-0.008675284115554785,31.13045371418619,5,0,0,0,0,0,0,1,176.93,272.91,4.95,1,e290f96f88d4c41baf58e0777c4cfc5bd52003405da8cc5f7e9a12ecb9095d7b
rye-s-93,official,14,TBR,200,5,23,23,0,5,279,-3100,357337,-0.008675284115554785,31.13045371418619,5,0,0,0,0,0,0,1,179.74,294.27,5.06,1,e290f96f88d4c41baf58e0777c4cfc5bd52003405da8cc5f7e9a12ecb9095d7b
rye-s-93,official,14,ONE_BLOCKER,200,5,23,23,0,5,279,-3100,357337,-0.008675284115554785,31.13045371418619,5,0,0,0,0,0,0,1,181.57,259.45,4.98,1,e290f96f88d4c41baf58e0777c4cfc5bd52003405da8cc5f7e9a12ecb9095d7b
rye-s-93,tight,15,SINGLE,200,5,22,22,0,5,313,-3828,356144,-0.010748461296554202,30.97666115126709,5,0,0,0,0,0,0,1,93.7,248.11,5.75,1,52a985a4c0258b70af9a256611fdf0ea2fa7310dd390458da91334e9382afef4
rye-s-93,tight,15,TBRPLUS,200,5,22,22,0,5,313,-3828,356144,-0.010748461296554202,30.97666115126709,5,0,0,0,0,0,0,1,113.98,251.04,5.06,1,52a985a4c0258b70af9a256611fdf0ea2fa7310dd390458da91334e9382afef4
rye-s-93,tight,15,RECOMPUTE,200,5,22,22,0,171,12688,5758,356144,0.01616761759288378,31.82852913001829,0,0,0,0,0,0,5,141,9696.6,14201.66,4.21,1,28d0d6bdd0c4f45ecfdbc51f9f2e06ef3e39df6e32c98734a57cc1f7d0c6363c
rye-s-93,tight,15,ONE_BLOCKER,200,5,22,22,0,5,313,-3828,356144,-0.010748461296554202,30.97666115126709,5,0,0,0,0,0,0,1,95.81,235.67,5.21,1,52a985a4c0258b70af9a256611fdf0ea2fa7310dd390458da91334e9382afef4
rye-s-93,tight,15,TBRPLUS_N20000,200,5,22,22,0,5,313,-3828,356144,-0.010748461296554202,30.97666115126709,5,0,0,0,0,0,0,1,107.31,239.41,5.14,1,52a985a4c0258b70af9a256611fdf0ea2fa7310dd390458da91334e9382afef4
rye-s-93,tight,15,TBR,200,5,22,22,0,5,313,-3828,356144,-0.010748461296554202,30.97666115126709,5,0,0,0,0,0,0,1,94.11,233.16,5.24,1,52a985a4c0258b70af9a256611fdf0ea2fa7310dd390458da91334e9382afef4
rye-s-93,official,15,SINGLE,200,5,23,23,0,5,313,-4104,356144,-0.011523428725459365,30.95262562048245,5,0,0,0,0,0,0,1,191.72,234.83,5.42,1,eaeb3265402d5ed8b89c656b10337bc7da7cd8469528cc699cfeb4698bc45ef7
rye-s-93,official,15,TBRPLUS,200,5,23,23,0,5,313,-4104,356144,-0.011523428725459365,30.95262562048245,5,0,0,0,0,0,0,1,161.23,236.69,5.4,1,eaeb3265402d5ed8b89c656b10337bc7da7cd8469528cc699cfeb4698bc45ef7
rye-s-93,official,15,RECOMPUTE,200,5,23,23,0,171,12688,5758,356144,0.01616761759288378,31.82852913001829,0,0,0,0,0,0,5,141,10155.84,11504.83,4.11,1,ea7af7f66402d9799e2ed944aa93c6ad499e388dbb26bc20d1c2219b464ab317
rye-s-93,official,15,ONE_BLOCKER,200,5,23,23,0,5,313,-4104,356144,-0.011523428725459365,30.95262562048245,5,0,0,0,0,0,0,1,161.57,226.4,5.37,1,eaeb3265402d5ed8b89c656b10337bc7da7cd8469528cc699cfeb4698bc45ef7
rye-s-93,official,15,TBRPLUS_N20000,200,5,23,23,0,5,313,-4104,356144,-0.011523428725459365,30.95262562048245,5,0,0,0,0,0,0,1,167.64,244.81,5.09,1,eaeb3265402d5ed8b89c656b10337bc7da7cd8469528cc699cfeb4698bc45ef7
rye-s-93,official,15,TBR,200,5,23,23,0,5,313,-4104,356144,-0.011523428725459365,30.95262562048245,5,0,0,0,0,0,0,1,165.93,254.18,5.04,1,eaeb3265402d5ed8b89c656b10337bc7da7cd8469528cc699cfeb4698bc45ef7
rye-s-93,tight,16,TBR,200,3,22,22,0,3,222,-6429,372842,-0.01724322903535546,32.23347557258556,3,0,0,0,0,0,0,1,69.83,81.75,5.63,1,a8d3669b05c6d3b5568480d29c7a0cb92b3453347748410641f1c804cabf3999
rye-s-93,tight,16,TBRPLUS_N20000,200,3,22,22,0,3,222,-6429,372842,-0.01724322903535546,32.23347557258556,3,0,0,0,0,0,0,1,70.79,71.85,5.62,1,a8d3669b05c6d3b5568480d29c7a0cb92b3453347748410641f1c804cabf3999
rye-s-93,tight,16,RECOMPUTE,200,3,22,22,0,17,1117,-1820,372842,-0.004881424303055986,32.63563528694592,0,0,0,0,0,0,3,7,11332.9,12089.75,4.77,1,f7ab635210a84362c74f92758167b83dd3799c340e516c06807e5b0015c3d016
rye-s-93,tight,16,TBRPLUS,200,3,22,22,0,3,222,-6429,372842,-0.01724322903535546,32.23347557258556,3,0,0,0,0,0,0,1,64.24,73.21,5.04,1,a8d3669b05c6d3b5568480d29c7a0cb92b3453347748410641f1c804cabf3999
rye-s-93,tight,16,SINGLE,200,3,22,22,0,3,222,-6429,372842,-0.01724322903535546,32.23347557258556,3,0,0,0,0,0,0,1,65.82,68.92,5.96,1,a8d3669b05c6d3b5568480d29c7a0cb92b3453347748410641f1c804cabf3999
rye-s-93,tight,16,ONE_BLOCKER,200,3,22,22,0,3,222,-6429,372842,-0.01724322903535546,32.23347557258556,3,0,0,0,0,0,0,1,62.1,68.62,5.16,1,a8d3669b05c6d3b5568480d29c7a0cb92b3453347748410641f1c804cabf3999
rye-s-93,official,16,TBR,200,3,23,23,0,3,207,-3609,372842,-0.009679703466884095,32.47914308107637,3,0,0,0,0,0,0,1,202.65,304.29,6.17,1,ee96b2a9940094e0035b8fbdc286fcdc253a01b54cd386375b9b773b3c05439d
rye-s-93,official,16,TBRPLUS_N20000,200,3,23,23,0,3,207,-3609,372842,-0.009679703466884095,32.47914308107637,3,0,0,0,0,0,0,1,197.58,270.25,5.46,1,ee96b2a9940094e0035b8fbdc286fcdc253a01b54cd386375b9b773b3c05439d
rye-s-93,official,16,RECOMPUTE,200,3,23,23,0,17,1117,-1820,372842,-0.004881424303055986,32.63563528694592,0,0,0,0,0,0,3,7,11584.19,12221.04,5.04,1,b6d9741a27c1a9a8787689c30676b4f0591a0eb2e6a726a3591f949110e9632f
rye-s-93,official,16,TBRPLUS,200,3,23,23,0,3,207,-3609,372842,-0.009679703466884095,32.47914308107637,3,0,0,0,0,0,0,1,205.9,242.18,5.32,1,ee96b2a9940094e0035b8fbdc286fcdc253a01b54cd386375b9b773b3c05439d
rye-s-93,official,16,SINGLE,200,3,23,23,0,3,207,-3609,372842,-0.009679703466884095,32.47914308107637,3,0,0,0,0,0,0,1,248.8,343.38,7.28,1,ee96b2a9940094e0035b8fbdc286fcdc253a01b54cd386375b9b773b3c05439d
rye-s-93,official,16,ONE_BLOCKER,200,3,23,23,0,3,207,-3609,372842,-0.009679703466884095,32.47914308107637,3,0,0,0,0,0,0,1,265.41,409.64,6.13,1,ee96b2a9940094e0035b8fbdc286fcdc253a01b54cd386375b9b773b3c05439d
rye-s-93,tight,17,TBRPLUS,200,6,22,22,0,7,923,-11355,365506,-0.031066521479811548,31.14752242445354,5,1,0,0,0,0,0,2,84.78,425.03,5.3,1,69478efd1feb54299cf8f327982c3c3734ee52f133be5be94377ff2f0ac61915
rye-s-93,tight,17,SINGLE,200,6,22,23,1,6,809,-11517,365506,-0.03150974265812326,31.13332752764957,5,0,0,0,1,0,0,1,68.89,152.17,5.22,1,0a2a96e5b2988156fbe526070d008589e49d5481a01a3928fc098b54b89ba77b
rye-s-93,tight,17,TBR,200,6,22,22,0,7,923,-11355,365506,-0.031066521479811548,31.14752242445354,5,1,0,0,0,0,0,2,76.67,416.89,5.33,1,69478efd1feb54299cf8f327982c3c3734ee52f133be5be94377ff2f0ac61915
rye-s-93,tight,17,ONE_BLOCKER,200,6,22,22,0,7,923,-11355,365506,-0.031066521479811548,31.14752242445354,5,1,0,0,0,0,0,2,76.5,398.53,5.22,1,69478efd1feb54299cf8f327982c3c3734ee52f133be5be94377ff2f0ac61915
rye-s-93,tight,17,TBRPLUS_N20000,200,6,22,22,0,7,923,-11355,365506,-0.031066521479811548,31.14752242445354,5,1,0,0,0,0,0,2,100.33,397.74,5.28,1,69478efd1feb54299cf8f327982c3c3734ee52f133be5be94377ff2f0ac61915
rye-s-93,tight,17,RECOMPUTE,200,7,22,22,0,433,30299,-5683,365506,-0.015548308372502777,31.644169642079596,0,0,0,0,0,0,7,138,10468.15,11995.35,4.34,1,9fea8293cd0c4e2f4090844d399fe20c1706d0dfa58c5c0b36e7279f47df712a
rye-s-93,official,17,TBRPLUS,200,6,23,23,0,6,606,-9818,365506,-0.02686139215224921,31.283810850822956,6,0,0,0,0,0,0,1,135.78,221.33,5.49,1,01a2d0b2665a59db17deebdfc5821bc55cc7efbc5791a6c7c1580b434c61b057
rye-s-93,official,17,SINGLE,200,6,23,23,0,6,606,-9818,365506,-0.02686139215224921,31.283810850822956,6,0,0,0,0,0,0,1,140.34,218.05,5.21,1,01a2d0b2665a59db17deebdfc5821bc55cc7efbc5791a6c7c1580b434c61b057
rye-s-93,official,17,TBR,200,6,23,23,0,6,606,-9818,365506,-0.02686139215224921,31.283810850822956,6,0,0,0,0,0,0,1,146.95,222.86,5.14,1,01a2d0b2665a59db17deebdfc5821bc55cc7efbc5791a6c7c1580b434c61b057
rye-s-93,official,17,ONE_BLOCKER,200,6,23,23,0,6,606,-9818,365506,-0.02686139215224921,31.283810850822956,6,0,0,0,0,0,0,1,121.09,214.14,5.19,1,01a2d0b2665a59db17deebdfc5821bc55cc7efbc5791a6c7c1580b434c61b057
rye-s-93,official,17,TBRPLUS_N20000,200,6,23,23,0,6,606,-9818,365506,-0.02686139215224921,31.283810850822956,6,0,0,0,0,0,0,1,122.63,212.81,5.03,1,01a2d0b2665a59db17deebdfc5821bc55cc7efbc5791a6c7c1580b434c61b057
rye-s-93,official,17,RECOMPUTE,200,7,23,23,0,433,30299,-5683,365506,-0.015548308372502777,31.644169642079596,0,0,0,0,0,0,7,138,9807.28,11457.96,4.33,1,35ee20a6937583d9032733db615e6c6b950f8a04e43bfcb531feedbb50704ddf
rye-s-93,tight,18,SINGLE,200,4,22,22,0,4,191,-3766,365914,-0.010292035833556519,31.810763737699208,4,0,0,0,0,0,0,1,189.0,325.79,5.83,1,7cb1a0fda9d0f167253fb723ea6efae99abb882eae042087346dca5f9c959db3
rye-s-93,tight,18,TBRPLUS,200,4,22,22,0,4,191,-3766,365914,-0.010292035833556519,31.810763737699208,4,0,0,0,0,0,0,1,184.88,265.49,5.31,1,7cb1a0fda9d0f167253fb723ea6efae99abb882eae042087346dca5f9c959db3
rye-s-93,tight,18,ONE_BLOCKER,200,4,22,22,0,4,191,-3766,365914,-0.010292035833556519,31.810763737699208,4,0,0,0,0,0,0,1,173.35,266.94,5.25,1,7cb1a0fda9d0f167253fb723ea6efae99abb882eae042087346dca5f9c959db3
rye-s-93,tight,18,TBRPLUS_N20000,200,4,22,22,0,4,191,-3766,365914,-0.010292035833556519,31.810763737699208,4,0,0,0,0,0,0,1,165.9,263.47,5.0,1,7cb1a0fda9d0f167253fb723ea6efae99abb882eae042087346dca5f9c959db3
rye-s-93,tight,18,TBR,200,4,22,22,0,4,191,-3766,365914,-0.010292035833556519,31.810763737699208,4,0,0,0,0,0,0,1,155.33,249.26,5.13,1,7cb1a0fda9d0f167253fb723ea6efae99abb882eae042087346dca5f9c959db3
rye-s-93,tight,18,RECOMPUTE,200,4,22,22,0,14,658,-960,365914,-0.002623567286302246,32.05643124619002,0,0,0,0,0,0,4,7,9703.21,11097.15,3.98,1,74300f60611660bd89fa606f22904db54a419d0a5ef6721ea2dc490be2ae8656
rye-s-93,official,18,SINGLE,200,4,23,23,0,4,191,-3896,365914,-0.010647310570243282,31.799268483845683,4,0,0,0,0,0,0,1,249.66,315.72,5.42,1,225e9b88c557c8b844286ea15d553d520afde2501499b72edba08eca82fe7a1b
rye-s-93,official,18,TBRPLUS,200,4,23,23,0,4,191,-3896,365914,-0.010647310570243282,31.799268483845683,4,0,0,0,0,0,0,1,253.61,288.42,5.13,1,225e9b88c557c8b844286ea15d553d520afde2501499b72edba08eca82fe7a1b
rye-s-93,official,18,ONE_BLOCKER,200,4,23,23,0,4,191,-3896,365914,-0.010647310570243282,31.799268483845683,4,0,0,0,0,0,0,1,258.19,294.11,5.17,1,225e9b88c557c8b844286ea15d553d520afde2501499b72edba08eca82fe7a1b
rye-s-93,official,18,TBRPLUS_N20000,200,4,23,23,0,4,191,-3896,365914,-0.010647310570243282,31.799268483845683,4,0,0,0,0,0,0,1,250.8,290.97,5.17,1,225e9b88c557c8b844286ea15d553d520afde2501499b72edba08eca82fe7a1b
rye-s-93,official,18,TBR,200,4,23,23,0,4,191,-3896,365914,-0.010647310570243282,31.799268483845683,4,0,0,0,0,0,0,1,260.38,296.77,5.2,1,225e9b88c557c8b844286ea15d553d520afde2501499b72edba08eca82fe7a1b
rye-s-93,official,18,RECOMPUTE,200,4,23,23,0,14,658,-960,365914,-0.002623567286302246,32.05643124619002,0,0,0,0,0,0,4,7,10009.31,12964.42,4.18,1,d98614f6f38eae982f95217a491075ec458f50b1a8b02dc66d1dea489d504eed
rye-s-93,tight,19,TBR,200,3,21,22,1,3,149,-2326,358428,-0.0064894483689890295,31.30479839763128,2,0,0,0,1,0,0,1,85.59,1289.61,5.84,1,d3fa497d86094132c0b7ee6b5e2b7dfe72751046e5ef02182ebd0be4c5ddc4af
rye-s-93,tight,19,RECOMPUTE,200,3,21,22,1,187,11000,6168,358428,0.01720847701630453,32.05643124619002,0,0,0,0,0,0,3,147,11368.54,12654.77,3.96,1,a04328fb8ddde0fdc2d60bd3949436fa439dd9558e94b4b0d4b0523134a10388
rye-s-93,tight,19,SINGLE,200,3,21,22,1,3,149,-2326,358428,-0.0064894483689890295,31.30479839763128,2,0,0,0,1,0,0,1,71.41,77.77,5.17,1,d3fa497d86094132c0b7ee6b5e2b7dfe72751046e5ef02182ebd0be4c5ddc4af
rye-s-93,tight,19,TBRPLUS,200,3,21,22,1,3,149,-2326,358428,-0.0064894483689890295,31.30479839763128,2,0,0,0,1,1,0,1,95.29,32529.94,5.15,1,d3fa497d86094132c0b7ee6b5e2b7dfe72751046e5ef02182ebd0be4c5ddc4af
rye-s-93,tight,19,TBRPLUS_N20000,200,3,21,22,1,3,149,-2326,358428,-0.0064894483689890295,31.30479839763128,2,0,0,0,1,1,0,1,71.81,264742.96,5.63,1,d3fa497d86094132c0b7ee6b5e2b7dfe72751046e5ef02182ebd0be4c5ddc4af
rye-s-93,tight,19,ONE_BLOCKER,200,3,21,22,1,3,149,-2326,358428,-0.0064894483689890295,31.30479839763128,2,0,0,0,1,0,0,1,73.07,255.59,5.51,1,d3fa497d86094132c0b7ee6b5e2b7dfe72751046e5ef02182ebd0be4c5ddc4af
rye-s-93,official,19,TBR,200,3,23,23,0,3,149,-2419,358428,-0.0067489147053243605,31.296699468779934,3,0,0,0,0,0,0,1,275.13,306.78,5.12,1,9b9239052c74065b679aa7dd1b741c943108e05626de2bb6ece74bc096d137f5
rye-s-93,official,19,RECOMPUTE,200,3,23,23,0,187,11000,6168,358428,0.01720847701630453,32.05643124619002,0,0,0,0,0,0,3,147,11193.07,12038.52,4.03,1,fa93ba9e4c363b019506b06280892aa5c8c9192996dc6708297763d94b76c359
rye-s-93,official,19,SINGLE,200,3,23,23,0,3,149,-2419,358428,-0.0067489147053243605,31.296699468779934,3,0,0,0,0,0,0,1,272.64,284.2,4.92,1,9b9239052c74065b679aa7dd1b741c943108e05626de2bb6ece74bc096d137f5
rye-s-93,official,19,TBRPLUS,200,3,23,23,0,3,149,-2419,358428,-0.0067489147053243605,31.296699468779934,3,0,0,0,0,0,0,1,271.97,277.81,4.96,1,9b9239052c74065b679aa7dd1b741c943108e05626de2bb6ece74bc096d137f5
rye-s-93,official,19,TBRPLUS_N20000,200,3,23,23,0,3,149,-2419,358428,-0.0067489147053243605,31.296699468779934,3,0,0,0,0,0,0,1,265.6,292.6,4.95,1,9b9239052c74065b679aa7dd1b741c943108e05626de2bb6ece74bc096d137f5
rye-s-93,official,19,ONE_BLOCKER,200,3,23,23,0,3,149,-2419,358428,-0.0067489147053243605,31.296699468779934,3,0,0,0,0,0,0,1,262.76,279.82,5.02,1,9b9239052c74065b679aa7dd1b741c943108e05626de2bb6ece74bc096d137f5
sta-f-83,tight,10,ONE_BLOCKER,200,2,13,13,0,2,4,-136,113216,-0.0012012436404748444,198.8330605564648,2,0,0,0,0,0,0,1,54.8,75.8,4.89,1,5616143ed62c716f711a34b2b9b72bb0fc056e1c4ee26a4d2ef2c45629f29407
sta-f-83,tight,10,TBRPLUS_N20000,200,2,13,13,0,2,4,-136,113216,-0.0012012436404748444,198.8330605564648,2,0,0,0,0,0,0,1,51.13,68.79,4.74,1,5616143ed62c716f711a34b2b9b72bb0fc056e1c4ee26a4d2ef2c45629f29407
sta-f-83,tight,10,TBR,200,2,13,13,0,2,4,-136,113216,-0.0012012436404748444,198.8330605564648,2,0,0,0,0,0,0,1,53.28,72.72,4.87,1,5616143ed62c716f711a34b2b9b72bb0fc056e1c4ee26a4d2ef2c45629f29407
sta-f-83,tight,10,TBRPLUS,200,2,13,13,0,2,4,-136,113216,-0.0012012436404748444,198.8330605564648,2,0,0,0,0,0,0,1,52.96,72.68,4.74,1,5616143ed62c716f711a34b2b9b72bb0fc056e1c4ee26a4d2ef2c45629f29407
sta-f-83,tight,10,SINGLE,200,2,13,13,0,2,4,-136,113216,-0.0012012436404748444,198.8330605564648,2,0,0,0,0,0,0,1,52.96,70.45,4.84,1,5616143ed62c716f711a34b2b9b72bb0fc056e1c4ee26a4d2ef2c45629f29407
sta-f-83,tight,10,RECOMPUTE,200,2,13,13,0,16,541,-342,113216,-0.003020774448841153,198.46153846153845,0,0,0,0,0,0,2,9,1418.67,1499.36,3.59,1,3151ca273ddb8e8850627d51345786525747a388100612b66606ae2b2644b66a
sta-f-83,official,10,ONE_BLOCKER,200,2,13,13,0,2,4,-136,113216,-0.0012012436404748444,198.8330605564648,2,0,0,0,0,0,0,1,53.0,71.59,4.84,1,5616143ed62c716f711a34b2b9b72bb0fc056e1c4ee26a4d2ef2c45629f29407
sta-f-83,official,10,TBRPLUS_N20000,200,2,13,13,0,2,4,-136,113216,-0.0012012436404748444,198.8330605564648,2,0,0,0,0,0,0,1,54.28,74.17,4.72,1,5616143ed62c716f711a34b2b9b72bb0fc056e1c4ee26a4d2ef2c45629f29407
sta-f-83,official,10,TBR,200,2,13,13,0,2,4,-136,113216,-0.0012012436404748444,198.8330605564648,2,0,0,0,0,0,0,1,49.32,66.4,4.88,1,5616143ed62c716f711a34b2b9b72bb0fc056e1c4ee26a4d2ef2c45629f29407
sta-f-83,official,10,TBRPLUS,200,2,13,13,0,2,4,-136,113216,-0.0012012436404748444,198.8330605564648,2,0,0,0,0,0,0,1,50.93,69.67,4.75,1,5616143ed62c716f711a34b2b9b72bb0fc056e1c4ee26a4d2ef2c45629f29407
sta-f-83,official,10,SINGLE,200,2,13,13,0,2,4,-136,113216,-0.0012012436404748444,198.8330605564648,2,0,0,0,0,0,0,1,53.01,71.92,4.75,1,5616143ed62c716f711a34b2b9b72bb0fc056e1c4ee26a4d2ef2c45629f29407
sta-f-83,official,10,RECOMPUTE,200,2,13,13,0,16,541,-342,113216,-0.003020774448841153,198.46153846153845,0,0,0,0,0,0,2,9,1313.3,1385.05,3.42,1,3151ca273ddb8e8850627d51345786525747a388100612b66606ae2b2644b66a
sta-f-83,tight,11,TBRPLUS,200,0,13,13,0,0,0,0,110593,0.0,194.3960720130933,0,0,0,0,0,0,0,0,,,4.92,1,2c540df91b843560f67f3c0996b1947e4b4d9507860a1dafda8dc75ee98a4a0d
sta-f-83,tight,11,TBRPLUS_N20000,200,0,13,13,0,0,0,0,110593,0.0,194.3960720130933,0,0,0,0,0,0,0,0,,,4.75,1,2c540df91b843560f67f3c0996b1947e4b4d9507860a1dafda8dc75ee98a4a0d
sta-f-83,tight,11,ONE_BLOCKER,200,0,13,13,0,0,0,0,110593,0.0,194.3960720130933,0,0,0,0,0,0,0,0,,,4.62,1,2c540df91b843560f67f3c0996b1947e4b4d9507860a1dafda8dc75ee98a4a0d
sta-f-83,tight,11,SINGLE,200,0,13,13,0,0,0,0,110593,0.0,194.3960720130933,0,0,0,0,0,0,0,0,,,4.74,1,2c540df91b843560f67f3c0996b1947e4b4d9507860a1dafda8dc75ee98a4a0d
sta-f-83,tight,11,RECOMPUTE,200,0,13,13,0,0,0,0,110593,0.0,194.3960720130933,0,0,0,0,0,0,0,0,,,3.53,1,2c540df91b843560f67f3c0996b1947e4b4d9507860a1dafda8dc75ee98a4a0d
sta-f-83,tight,11,TBR,200,0,13,13,0,0,0,0,110593,0.0,194.3960720130933,0,0,0,0,0,0,0,0,,,4.83,1,2c540df91b843560f67f3c0996b1947e4b4d9507860a1dafda8dc75ee98a4a0d
sta-f-83,official,11,TBRPLUS,200,0,13,13,0,0,0,0,110593,0.0,194.3960720130933,0,0,0,0,0,0,0,0,,,4.82,1,2c540df91b843560f67f3c0996b1947e4b4d9507860a1dafda8dc75ee98a4a0d
sta-f-83,official,11,TBRPLUS_N20000,200,0,13,13,0,0,0,0,110593,0.0,194.3960720130933,0,0,0,0,0,0,0,0,,,4.72,1,2c540df91b843560f67f3c0996b1947e4b4d9507860a1dafda8dc75ee98a4a0d
sta-f-83,official,11,ONE_BLOCKER,200,0,13,13,0,0,0,0,110593,0.0,194.3960720130933,0,0,0,0,0,0,0,0,,,4.86,1,2c540df91b843560f67f3c0996b1947e4b4d9507860a1dafda8dc75ee98a4a0d
sta-f-83,official,11,SINGLE,200,0,13,13,0,0,0,0,110593,0.0,194.3960720130933,0,0,0,0,0,0,0,0,,,4.87,1,2c540df91b843560f67f3c0996b1947e4b4d9507860a1dafda8dc75ee98a4a0d
sta-f-83,official,11,RECOMPUTE,200,0,13,13,0,0,0,0,110593,0.0,194.3960720130933,0,0,0,0,0,0,0,0,,,3.51,1,2c540df91b843560f67f3c0996b1947e4b4d9507860a1dafda8dc75ee98a4a0d
sta-f-83,official,11,TBR,200,0,13,13,0,0,0,0,110593,0.0,194.3960720130933,0,0,0,0,0,0,0,0,,,4.82,1,2c540df91b843560f67f3c0996b1947e4b4d9507860a1dafda8dc75ee98a4a0d
sta-f-83,tight,12,TBR,200,0,13,13,0,0,0,0,110741,0.0,194.3960720130933,0,0,0,0,0,0,0,0,,,4.81,1,2c540df91b843560f67f3c0996b1947e4b4d9507860a1dafda8dc75ee98a4a0d
sta-f-83,tight,12,SINGLE,200,0,13,13,0,0,0,0,110741,0.0,194.3960720130933,0,0,0,0,0,0,0,0,,,4.79,1,2c540df91b843560f67f3c0996b1947e4b4d9507860a1dafda8dc75ee98a4a0d
sta-f-83,tight,12,RECOMPUTE,200,0,13,13,0,0,0,0,110741,0.0,194.3960720130933,0,0,0,0,0,0,0,0,,,3.53,1,2c540df91b843560f67f3c0996b1947e4b4d9507860a1dafda8dc75ee98a4a0d
sta-f-83,tight,12,TBRPLUS,200,0,13,13,0,0,0,0,110741,0.0,194.3960720130933,0,0,0,0,0,0,0,0,,,4.63,1,2c540df91b843560f67f3c0996b1947e4b4d9507860a1dafda8dc75ee98a4a0d
sta-f-83,tight,12,TBRPLUS_N20000,200,0,13,13,0,0,0,0,110741,0.0,194.3960720130933,0,0,0,0,0,0,0,0,,,4.65,1,2c540df91b843560f67f3c0996b1947e4b4d9507860a1dafda8dc75ee98a4a0d
sta-f-83,tight,12,ONE_BLOCKER,200,0,13,13,0,0,0,0,110741,0.0,194.3960720130933,0,0,0,0,0,0,0,0,,,4.78,1,2c540df91b843560f67f3c0996b1947e4b4d9507860a1dafda8dc75ee98a4a0d
sta-f-83,official,12,TBR,200,0,13,13,0,0,0,0,110741,0.0,194.3960720130933,0,0,0,0,0,0,0,0,,,4.84,1,2c540df91b843560f67f3c0996b1947e4b4d9507860a1dafda8dc75ee98a4a0d
sta-f-83,official,12,SINGLE,200,0,13,13,0,0,0,0,110741,0.0,194.3960720130933,0,0,0,0,0,0,0,0,,,4.78,1,2c540df91b843560f67f3c0996b1947e4b4d9507860a1dafda8dc75ee98a4a0d
sta-f-83,official,12,RECOMPUTE,200,0,13,13,0,0,0,0,110741,0.0,194.3960720130933,0,0,0,0,0,0,0,0,,,3.62,1,2c540df91b843560f67f3c0996b1947e4b4d9507860a1dafda8dc75ee98a4a0d
sta-f-83,official,12,TBRPLUS,200,0,13,13,0,0,0,0,110741,0.0,194.3960720130933,0,0,0,0,0,0,0,0,,,4.86,1,2c540df91b843560f67f3c0996b1947e4b4d9507860a1dafda8dc75ee98a4a0d
sta-f-83,official,12,TBRPLUS_N20000,200,0,13,13,0,0,0,0,110741,0.0,194.3960720130933,0,0,0,0,0,0,0,0,,,5.15,1,2c540df91b843560f67f3c0996b1947e4b4d9507860a1dafda8dc75ee98a4a0d
sta-f-83,official,12,ONE_BLOCKER,200,0,13,13,0,0,0,0,110741,0.0,194.3960720130933,0,0,0,0,0,0,0,0,,,4.84,1,2c540df91b843560f67f3c0996b1947e4b4d9507860a1dafda8dc75ee98a4a0d
sta-f-83,tight,13,RECOMPUTE,200,3,12,13,1,62,2074,-3836,112222,-0.03418224590543743,190.34860883797054,0,0,0,0,0,0,3,42,1429.36,1461.84,3.66,1,cf3df60c56177758f80562ffb9cea87a9206946c9a7a7f234548c632c9ed39a2
sta-f-83,tight,13,TBR,200,3,12,13,1,3,42,-101,112222,-0.0009000017821817469,196.61047463175123,2,0,0,0,1,0,0,1,41.09,505.57,4.76,1,753a0d567f46698cda3e62c55a483d9aa3f91e1dda6fbbf4e70eef1c7898a4e0
sta-f-83,tight,13,TBRPLUS_N20000,200,3,12,13,1,3,42,-101,112222,-0.0009000017821817469,196.61047463175123,2,0,0,0,1,1,0,1,40.31,207215.94,5.08,1,753a0d567f46698cda3e62c55a483d9aa3f91e1dda6fbbf4e70eef1c7898a4e0
sta-f-83,tight,13,TBRPLUS,200,3,12,13,1,3,42,-101,112222,-0.0009000017821817469,196.61047463175123,2,0,0,0,1,1,0,1,46.1,20647.76,5.29,1,753a0d567f46698cda3e62c55a483d9aa3f91e1dda6fbbf4e70eef1c7898a4e0
sta-f-83,tight,13,ONE_BLOCKER,200,3,12,13,1,3,42,-101,112222,-0.0009000017821817469,196.61047463175123,2,0,0,0,1,0,0,1,61.08,162.04,4.86,1,753a0d567f46698cda3e62c55a483d9aa3f91e1dda6fbbf4e70eef1c7898a4e0
sta-f-83,tight,13,SINGLE,200,3,12,13,1,3,42,-101,112222,-0.0009000017821817469,196.61047463175123,2,0,0,0,1,0,0,1,31.43,38.47,4.75,1,753a0d567f46698cda3e62c55a483d9aa3f91e1dda6fbbf4e70eef1c7898a4e0
sta-f-83,official,13,RECOMPUTE,200,3,13,13,0,62,2074,-3836,112222,-0.03418224590543743,190.34860883797054,0,0,0,0,0,0,3,42,1414.01,1428.52,3.81,1,8958a87636d17413143319be38aeb0606e2c350a73aa6610c44aec42c60ff611
sta-f-83,official,13,TBR,200,3,13,13,0,3,42,-113,112222,-0.0010069326869954198,196.59083469721767,3,0,0,0,0,0,0,1,140.44,148.8,5.55,1,95a97f9b0392b86cf445c9bc768776b3420f2a638d391902268f01506c9e2fe9
sta-f-83,official,13,TBRPLUS_N20000,200,3,13,13,0,3,42,-113,112222,-0.0010069326869954198,196.59083469721767,3,0,0,0,0,0,0,1,120.13,157.27,5.3,1,95a97f9b0392b86cf445c9bc768776b3420f2a638d391902268f01506c9e2fe9
sta-f-83,official,13,TBRPLUS,200,3,13,13,0,3,42,-113,112222,-0.0010069326869954198,196.59083469721767,3,0,0,0,0,0,0,1,102.67,139.03,4.87,1,95a97f9b0392b86cf445c9bc768776b3420f2a638d391902268f01506c9e2fe9
sta-f-83,official,13,ONE_BLOCKER,200,3,13,13,0,3,42,-113,112222,-0.0010069326869954198,196.59083469721767,3,0,0,0,0,0,0,1,150.89,314.82,4.86,1,95a97f9b0392b86cf445c9bc768776b3420f2a638d391902268f01506c9e2fe9
sta-f-83,official,13,SINGLE,200,3,13,13,0,3,42,-113,112222,-0.0010069326869954198,196.59083469721767,3,0,0,0,0,0,0,1,96.95,113.56,4.8,1,95a97f9b0392b86cf445c9bc768776b3420f2a638d391902268f01506c9e2fe9
sta-f-83,tight,14,TBRPLUS_N20000,200,1,13,13,0,1,1,-22,110617,-0.00019888443910068073,194.36497545008183,1,0,0,0,0,0,0,1,68.67,68.67,4.8,1,8d5262f97d2f0c4d64f9c4a47686e95c5ab5f5e84d1329c53f0285c72ce01d29
sta-f-83,tight,14,RECOMPUTE,200,1,13,13,0,1,1,-3,110617,-2.712060533191101e-05,194.3960720130933,0,0,0,0,0,0,1,1,1332.06,1332.06,3.56,1,d7288c97f85ad0b759226d994d8679301780033dad9896902dbfe50852b33d93
sta-f-83,tight,14,TBRPLUS,200,1,13,13,0,1,1,-22,110617,-0.00019888443910068073,194.36497545008183,1,0,0,0,0,0,0,1,104.57,104.57,4.82,1,8d5262f97d2f0c4d64f9c4a47686e95c5ab5f5e84d1329c53f0285c72ce01d29
sta-f-83,tight,14,SINGLE,200,1,13,13,0,1,1,-22,110617,-0.00019888443910068073,194.36497545008183,1,0,0,0,0,0,0,1,76.96,76.96,4.77,1,8d5262f97d2f0c4d64f9c4a47686e95c5ab5f5e84d1329c53f0285c72ce01d29
sta-f-83,tight,14,TBR,200,1,13,13,0,1,1,-22,110617,-0.00019888443910068073,194.36497545008183,1,0,0,0,0,0,0,1,70.9,70.9,5.16,1,8d5262f97d2f0c4d64f9c4a47686e95c5ab5f5e84d1329c53f0285c72ce01d29
sta-f-83,tight,14,ONE_BLOCKER,200,1,13,13,0,1,1,-22,110617,-0.00019888443910068073,194.36497545008183,1,0,0,0,0,0,0,1,71.95,71.95,4.79,1,8d5262f97d2f0c4d64f9c4a47686e95c5ab5f5e84d1329c53f0285c72ce01d29
sta-f-83,official,14,TBRPLUS_N20000,200,1,13,13,0,1,1,-22,110617,-0.00019888443910068073,194.36497545008183,1,0,0,0,0,0,0,1,69.81,69.81,4.73,1,8d5262f97d2f0c4d64f9c4a47686e95c5ab5f5e84d1329c53f0285c72ce01d29
sta-f-83,official,14,RECOMPUTE,200,1,13,13,0,1,1,-3,110617,-2.712060533191101e-05,194.3960720130933,0,0,0,0,0,0,1,1,1343.76,1343.76,3.65,1,d7288c97f85ad0b759226d994d8679301780033dad9896902dbfe50852b33d93
sta-f-83,official,14,TBRPLUS,200,1,13,13,0,1,1,-22,110617,-0.00019888443910068073,194.36497545008183,1,0,0,0,0,0,0,1,71.55,71.55,6.28,1,8d5262f97d2f0c4d64f9c4a47686e95c5ab5f5e84d1329c53f0285c72ce01d29
sta-f-83,official,14,SINGLE,200,1,13,13,0,1,1,-22,110617,-0.00019888443910068073,194.36497545008183,1,0,0,0,0,0,0,1,70.32,70.32,4.83,1,8d5262f97d2f0c4d64f9c4a47686e95c5ab5f5e84d1329c53f0285c72ce01d29
sta-f-83,official,14,TBR,200,1,13,13,0,1,1,-22,110617,-0.00019888443910068073,194.36497545008183,1,0,0,0,0,0,0,1,70.08,70.08,4.83,1,8d5262f97d2f0c4d64f9c4a47686e95c5ab5f5e84d1329c53f0285c72ce01d29
sta-f-83,official,14,ONE_BLOCKER,200,1,13,13,0,1,1,-22,110617,-0.00019888443910068073,194.36497545008183,1,0,0,0,0,0,0,1,108.65,108.65,5.22,1,8d5262f97d2f0c4d64f9c4a47686e95c5ab5f5e84d1329c53f0285c72ce01d29
sta-f-83,tight,15,SINGLE,200,1,12,13,1,1,40,-183,113093,-0.0016181372852431186,197.7381342062193,0,0,0,0,1,0,0,1,52.24,52.24,4.79,1,80ed375b3a7757c7f774214ee3c1fc96af4a40b4866e172117f11eb2a914c9c3
sta-f-83,tight,15,TBRPLUS,200,1,12,13,1,1,40,-183,113093,-0.0016181372852431186,197.7381342062193,0,0,0,0,1,1,0,1,23592.47,23592.47,4.78,1,80ed375b3a7757c7f774214ee3c1fc96af4a40b4866e172117f11eb2a914c9c3
sta-f-83,tight,15,RECOMPUTE,200,1,12,13,1,42,1234,-4602,113093,-0.04069217369775318,190.34860883797054,0,0,0,0,0,0,1,42,1487.91,1487.91,3.54,1,f5b6c5b0e78b8ee441fc45376ac07096b0c7ea5e45a486ad780f5be109db86ac
sta-f-83,tight,15,ONE_BLOCKER,200,1,12,13,1,1,40,-183,113093,-0.0016181372852431186,197.7381342062193,0,0,0,0,1,0,0,1,196.08,196.08,5.29,1,80ed375b3a7757c7f774214ee3c1fc96af4a40b4866e172117f11eb2a914c9c3
sta-f-83,tight,15,TBRPLUS_N20000,200,1,12,13,1,1,40,-183,113093,-0.0016181372852431186,197.7381342062193,0,0,0,0,1,1,0,1,228920.18,228920.18,5.03,1,80ed375b3a7757c7f774214ee3c1fc96af4a40b4866e172117f11eb2a914c9c3
sta-f-83,tight,15,TBR,200,1,12,13,1,1,40,-183,113093,-0.0016181372852431186,197.7381342062193,0,0,0,0,1,0,0,1,578.42,578.42,4.79,1,80ed375b3a7757c7f774214ee3c1fc96af4a40b4866e172117f11eb2a914c9c3
sta-f-83,official,15,SINGLE,200,1,13,13,0,1,40,-183,113093,-0.0016181372852431186,197.7381342062193,1,0,0,0,0,0,0,1,167.68,167.68,5.38,1,1ebf46833ad476f9688594f105a4069ae8bf4e9e9c7eac0df107e5b729ea83d1
sta-f-83,official,15,TBRPLUS,200,1,13,13,0,1,40,-183,113093,-0.0016181372852431186,197.7381342062193,1,0,0,0,0,0,0,1,128.19,128.19,4.99,1,1ebf46833ad476f9688594f105a4069ae8bf4e9e9c7eac0df107e5b729ea83d1
sta-f-83,official,15,RECOMPUTE,200,1,13,13,0,42,1234,-4602,113093,-0.04069217369775318,190.34860883797054,0,0,0,0,0,0,1,42,1480.78,1480.78,3.71,1,e48b863d0b4c94339490d0b3aa6926a6ecb89bd6f23ea17e410ad3331a9be87d
sta-f-83,official,15,ONE_BLOCKER,200,1,13,13,0,1,40,-183,113093,-0.0016181372852431186,197.7381342062193,1,0,0,0,0,0,0,1,135.07,135.07,4.81,1,1ebf46833ad476f9688594f105a4069ae8bf4e9e9c7eac0df107e5b729ea83d1
sta-f-83,official,15,TBRPLUS_N20000,200,1,13,13,0,1,40,-183,113093,-0.0016181372852431186,197.7381342062193,1,0,0,0,0,0,0,1,135.81,135.81,4.96,1,1ebf46833ad476f9688594f105a4069ae8bf4e9e9c7eac0df107e5b729ea83d1
sta-f-83,official,15,TBR,200,1,13,13,0,1,40,-183,113093,-0.0016181372852431186,197.7381342062193,1,0,0,0,0,0,0,1,119.78,119.78,4.85,1,1ebf46833ad476f9688594f105a4069ae8bf4e9e9c7eac0df107e5b729ea83d1
sta-f-83,tight,16,TBR,200,1,13,13,0,1,13,-415,113023,-0.003671819010289941,197.07201309328968,1,0,0,0,0,0,0,1,84.86,84.86,4.86,1,d0146b93ab21fc82f6438cc216a77837831ef36194de737e6f5630fdd1762980
sta-f-83,tight,16,TBRPLUS_N20000,200,1,13,13,0,1,13,-415,113023,-0.003671819010289941,197.07201309328968,1,0,0,0,0,0,0,1,110.19,110.19,4.86,1,d0146b93ab21fc82f6438cc216a77837831ef36194de737e6f5630fdd1762980
sta-f-83,tight,16,RECOMPUTE,200,1,13,13,0,22,949,-1749,113023,-0.015474726383125558,194.82651391162028,0,0,0,0,0,0,1,22,1423.77,1423.77,4.17,1,b3146d7bc562c102af6eca303cdafc48a0d441e337b8b0ef9a1073ad9863de41
sta-f-83,tight,16,TBRPLUS,200,1,13,13,0,1,13,-415,113023,-0.003671819010289941,197.07201309328968,1,0,0,0,0,0,0,1,80.18,80.18,4.76,1,d0146b93ab21fc82f6438cc216a77837831ef36194de737e6f5630fdd1762980
sta-f-83,tight,16,SINGLE,200,1,13,13,0,1,13,-415,113023,-0.003671819010289941,197.07201309328968,1,0,0,0,0,0,0,1,82.65,82.65,4.98,1,d0146b93ab21fc82f6438cc216a77837831ef36194de737e6f5630fdd1762980
sta-f-83,tight,16,ONE_BLOCKER,200,1,13,13,0,1,13,-415,113023,-0.003671819010289941,197.07201309328968,1,0,0,0,0,0,0,1,82.45,82.45,4.89,1,d0146b93ab21fc82f6438cc216a77837831ef36194de737e6f5630fdd1762980
sta-f-83,official,16,TBR,200,1,13,13,0,1,13,-415,113023,-0.003671819010289941,197.07201309328968,1,0,0,0,0,0,0,1,95.61,95.61,4.81,1,d0146b93ab21fc82f6438cc216a77837831ef36194de737e6f5630fdd1762980
sta-f-83,official,16,TBRPLUS_N20000,200,1,13,13,0,1,13,-415,113023,-0.003671819010289941,197.07201309328968,1,0,0,0,0,0,0,1,84.54,84.54,4.72,1,d0146b93ab21fc82f6438cc216a77837831ef36194de737e6f5630fdd1762980
sta-f-83,official,16,RECOMPUTE,200,1,13,13,0,22,949,-1749,113023,-0.015474726383125558,194.82651391162028,0,0,0,0,0,0,1,22,1413.62,1413.62,3.63,1,b3146d7bc562c102af6eca303cdafc48a0d441e337b8b0ef9a1073ad9863de41
sta-f-83,official,16,TBRPLUS,200,1,13,13,0,1,13,-415,113023,-0.003671819010289941,197.07201309328968,1,0,0,0,0,0,0,1,80.22,80.22,4.77,1,d0146b93ab21fc82f6438cc216a77837831ef36194de737e6f5630fdd1762980
sta-f-83,official,16,SINGLE,200,1,13,13,0,1,13,-415,113023,-0.003671819010289941,197.07201309328968,1,0,0,0,0,0,0,1,82.71,82.71,4.9,1,d0146b93ab21fc82f6438cc216a77837831ef36194de737e6f5630fdd1762980
sta-f-83,official,16,ONE_BLOCKER,200,1,13,13,0,1,13,-415,113023,-0.003671819010289941,197.07201309328968,1,0,0,0,0,0,0,1,85.95,85.95,5.09,1,d0146b93ab21fc82f6438cc216a77837831ef36194de737e6f5630fdd1762980
sta-f-83,tight,17,TBRPLUS,200,0,13,13,0,0,0,0,110436,0.0,194.3960720130933,0,0,0,0,0,0,0,0,,,4.71,1,2c540df91b843560f67f3c0996b1947e4b4d9507860a1dafda8dc75ee98a4a0d
sta-f-83,tight,17,SINGLE,200,0,13,13,0,0,0,0,110436,0.0,194.3960720130933,0,0,0,0,0,0,0,0,,,4.71,1,2c540df91b843560f67f3c0996b1947e4b4d9507860a1dafda8dc75ee98a4a0d
sta-f-83,tight,17,TBR,200,0,13,13,0,0,0,0,110436,0.0,194.3960720130933,0,0,0,0,0,0,0,0,,,4.76,1,2c540df91b843560f67f3c0996b1947e4b4d9507860a1dafda8dc75ee98a4a0d
sta-f-83,tight,17,ONE_BLOCKER,200,0,13,13,0,0,0,0,110436,0.0,194.3960720130933,0,0,0,0,0,0,0,0,,,4.81,1,2c540df91b843560f67f3c0996b1947e4b4d9507860a1dafda8dc75ee98a4a0d
sta-f-83,tight,17,TBRPLUS_N20000,200,0,13,13,0,0,0,0,110436,0.0,194.3960720130933,0,0,0,0,0,0,0,0,,,4.7,1,2c540df91b843560f67f3c0996b1947e4b4d9507860a1dafda8dc75ee98a4a0d
sta-f-83,tight,17,RECOMPUTE,200,0,13,13,0,0,0,0,110436,0.0,194.3960720130933,0,0,0,0,0,0,0,0,,,3.48,1,2c540df91b843560f67f3c0996b1947e4b4d9507860a1dafda8dc75ee98a4a0d
sta-f-83,official,17,TBRPLUS,200,0,13,13,0,0,0,0,110436,0.0,194.3960720130933,0,0,0,0,0,0,0,0,,,4.78,1,2c540df91b843560f67f3c0996b1947e4b4d9507860a1dafda8dc75ee98a4a0d
sta-f-83,official,17,SINGLE,200,0,13,13,0,0,0,0,110436,0.0,194.3960720130933,0,0,0,0,0,0,0,0,,,4.79,1,2c540df91b843560f67f3c0996b1947e4b4d9507860a1dafda8dc75ee98a4a0d
sta-f-83,official,17,TBR,200,0,13,13,0,0,0,0,110436,0.0,194.3960720130933,0,0,0,0,0,0,0,0,,,4.76,1,2c540df91b843560f67f3c0996b1947e4b4d9507860a1dafda8dc75ee98a4a0d
sta-f-83,official,17,ONE_BLOCKER,200,0,13,13,0,0,0,0,110436,0.0,194.3960720130933,0,0,0,0,0,0,0,0,,,4.95,1,2c540df91b843560f67f3c0996b1947e4b4d9507860a1dafda8dc75ee98a4a0d
sta-f-83,official,17,TBRPLUS_N20000,200,0,13,13,0,0,0,0,110436,0.0,194.3960720130933,0,0,0,0,0,0,0,0,,,4.67,1,2c540df91b843560f67f3c0996b1947e4b4d9507860a1dafda8dc75ee98a4a0d
sta-f-83,official,17,RECOMPUTE,200,0,13,13,0,0,0,0,110436,0.0,194.3960720130933,0,0,0,0,0,0,0,0,,,3.5,1,2c540df91b843560f67f3c0996b1947e4b4d9507860a1dafda8dc75ee98a4a0d
sta-f-83,tight,18,SINGLE,200,2,12,13,1,2,39,-127,112692,-0.0011269655343768856,197.4369885433715,1,0,0,0,1,0,0,1,40.54,41.55,4.88,1,94278080d5f8f8bb83ed08b4b8000470001e86701ea5f725532c7e566077378d
sta-f-83,tight,18,TBRPLUS,200,2,12,13,1,2,39,-127,112692,-0.0011269655343768856,197.4369885433715,1,0,0,0,1,1,0,1,10882.49,20641.85,4.72,1,94278080d5f8f8bb83ed08b4b8000470001e86701ea5f725532c7e566077378d
sta-f-83,tight,18,ONE_BLOCKER,200,2,12,13,1,2,39,-127,112692,-0.0011269655343768856,197.4369885433715,1,0,0,0,1,0,0,1,110.02,175.87,4.86,1,94278080d5f8f8bb83ed08b4b8000470001e86701ea5f725532c7e566077378d
sta-f-83,tight,18,TBRPLUS_N20000,200,2,12,13,1,2,39,-127,112692,-0.0011269655343768856,197.4369885433715,1,0,0,0,1,1,0,1,106047.33,201447.42,5.14,1,94278080d5f8f8bb83ed08b4b8000470001e86701ea5f725532c7e566077378d
sta-f-83,tight,18,TBR,200,2,12,13,1,2,39,-127,112692,-0.0011269655343768856,197.4369885433715,1,0,0,0,1,0,0,1,304.34,546.1,4.76,1,94278080d5f8f8bb83ed08b4b8000470001e86701ea5f725532c7e566077378d
sta-f-83,tight,18,RECOMPUTE,200,2,12,13,1,52,1695,-3919,112692,-0.03477620416711035,190.80687397708675,0,0,0,0,0,0,2,42,1318.35,1395.72,3.5,1,fdc772decc4372d047bee1dc325a1d1d10d3cc7cb62834f75fb63c9143d65894
sta-f-83,official,18,SINGLE,200,2,13,13,0,2,39,-127,112692,-0.0011269655343768856,197.4369885433715,2,0,0,0,0,0,0,1,83.11,126.31,4.83,1,29ae2f2bd761dd97707734d886d5c0b38c069850d1f7d6c5d6486d5bbbf06f80
sta-f-83,official,18,TBRPLUS,200,2,13,13,0,2,39,-127,112692,-0.0011269655343768856,197.4369885433715,2,0,0,0,0,0,0,1,85.44,131.12,4.69,1,29ae2f2bd761dd97707734d886d5c0b38c069850d1f7d6c5d6486d5bbbf06f80
sta-f-83,official,18,ONE_BLOCKER,200,2,13,13,0,2,39,-127,112692,-0.0011269655343768856,197.4369885433715,2,0,0,0,0,0,0,1,79.67,120.01,4.68,1,29ae2f2bd761dd97707734d886d5c0b38c069850d1f7d6c5d6486d5bbbf06f80
sta-f-83,official,18,TBRPLUS_N20000,200,2,13,13,0,2,39,-127,112692,-0.0011269655343768856,197.4369885433715,2,0,0,0,0,0,0,1,94.09,148.74,4.78,1,29ae2f2bd761dd97707734d886d5c0b38c069850d1f7d6c5d6486d5bbbf06f80
sta-f-83,official,18,TBR,200,2,13,13,0,2,39,-127,112692,-0.0011269655343768856,197.4369885433715,2,0,0,0,0,0,0,1,79.44,120.95,4.85,1,29ae2f2bd761dd97707734d886d5c0b38c069850d1f7d6c5d6486d5bbbf06f80
sta-f-83,official,18,RECOMPUTE,200,2,13,13,0,52,1695,-3919,112692,-0.03477620416711035,190.80687397708675,0,0,0,0,0,0,2,42,1295.72,1348.21,3.56,1,3de071a9911f359640ed08959b3deb088df4dd8da7a7b3aedc1d22ec2679ef30
sta-f-83,tight,19,TBR,200,2,13,13,0,2,25,59,110606,0.0005334249498218903,193.9001636661211,2,0,0,0,0,0,0,1,63.05,89.23,4.76,1,1ec8e8e826615ff5873bc1d16ae07b8533e54a6b9351839b082ae460c4f250c5
sta-f-83,tight,19,RECOMPUTE,200,2,13,13,0,16,659,368,110606,0.003327125110753485,194.3960720130933,0,0,0,0,0,0,2,9,1200.84,1230.47,3.49,1,938690729a15b9e970d755755561882a760f8cf8153535d23f4f7da417a34deb
sta-f-83,tight,19,SINGLE,200,2,13,13,0,2,25,59,110606,0.0005334249498218903,193.9001636661211,2,0,0,0,0,0,0,1,62.54,88.6,4.83,1,1ec8e8e826615ff5873bc1d16ae07b8533e54a6b9351839b082ae460c4f250c5
sta-f-83,tight,19,TBRPLUS,200,2,13,13,0,2,25,59,110606,0.0005334249498218903,193.9001636661211,2,0,0,0,0,0,0,1,60.67,84.98,4.7,1,1ec8e8e826615ff5873bc1d16ae07b8533e54a6b9351839b082ae460c4f250c5
sta-f-83,tight,19,TBRPLUS_N20000,200,2,13,13,0,2,25,59,110606,0.0005334249498218903,193.9001636661211,2,0,0,0,0,0,0,1,60.33,84.54,4.64,1,1ec8e8e826615ff5873bc1d16ae07b8533e54a6b9351839b082ae460c4f250c5
sta-f-83,tight,19,ONE_BLOCKER,200,2,13,13,0,2,25,59,110606,0.0005334249498218903,193.9001636661211,2,0,0,0,0,0,0,1,59.16,83.65,4.81,1,1ec8e8e826615ff5873bc1d16ae07b8533e54a6b9351839b082ae460c4f250c5
sta-f-83,official,19,TBR,200,2,13,13,0,2,25,59,110606,0.0005334249498218903,193.9001636661211,2,0,0,0,0,0,0,1,61.09,85.93,4.76,1,1ec8e8e826615ff5873bc1d16ae07b8533e54a6b9351839b082ae460c4f250c5
sta-f-83,official,19,RECOMPUTE,200,2,13,13,0,16,659,368,110606,0.003327125110753485,194.3960720130933,0,0,0,0,0,0,2,9,1190.88,1216.27,3.55,1,938690729a15b9e970d755755561882a760f8cf8153535d23f4f7da417a34deb
sta-f-83,official,19,SINGLE,200,2,13,13,0,2,25,59,110606,0.0005334249498218903,193.9001636661211,2,0,0,0,0,0,0,1,62.79,89.46,4.83,1,1ec8e8e826615ff5873bc1d16ae07b8533e54a6b9351839b082ae460c4f250c5
sta-f-83,official,19,TBRPLUS,200,2,13,13,0,2,25,59,110606,0.0005334249498218903,193.9001636661211,2,0,0,0,0,0,0,1,59.97,84.89,4.69,1,1ec8e8e826615ff5873bc1d16ae07b8533e54a6b9351839b082ae460c4f250c5
sta-f-83,official,19,TBRPLUS_N20000,200,2,13,13,0,2,25,59,110606,0.0005334249498218903,193.9001636661211,2,0,0,0,0,0,0,1,59.15,83.18,4.65,1,1ec8e8e826615ff5873bc1d16ae07b8533e54a6b9351839b082ae460c4f250c5
sta-f-83,official,19,ONE_BLOCKER,200,2,13,13,0,2,25,59,110606,0.0005334249498218903,193.9001636661211,2,0,0,0,0,0,0,1,60.62,84.85,4.92,1,1ec8e8e826615ff5873bc1d16ae07b8533e54a6b9351839b082ae460c4f250c5
tre-s-92,tight,10,ONE_BLOCKER,200,12,23,23,0,13,679,-4545,65906,-0.06896185476284405,14.497247706422018,11,1,0,0,0,0,0,2,134.36,305.31,4.42,1,3e505c569e9d9a9b2285b23875e12ef47840a4892cda14f5e8ab16e70fa63d19
tre-s-92,tight,10,TBRPLUS_N20000,200,12,23,23,0,13,679,-4545,65906,-0.06896185476284405,14.497247706422018,11,1,0,0,0,0,0,2,129.27,306.03,4.04,1,3e505c569e9d9a9b2285b23875e12ef47840a4892cda14f5e8ab16e70fa63d19
tre-s-92,tight,10,TBR,200,12,23,23,0,13,679,-4545,65906,-0.06896185476284405,14.497247706422018,11,1,0,0,0,0,0,2,129.24,318.26,4.15,1,3e505c569e9d9a9b2285b23875e12ef47840a4892cda14f5e8ab16e70fa63d19
tre-s-92,tight,10,TBRPLUS,200,12,23,23,0,13,679,-4545,65906,-0.06896185476284405,14.497247706422018,11,1,0,0,0,0,0,2,132.0,338.79,4.07,1,3e505c569e9d9a9b2285b23875e12ef47840a4892cda14f5e8ab16e70fa63d19
tre-s-92,tight,10,SINGLE,200,12,23,24,1,12,672,-4616,65906,-0.07003914666342974,14.480963302752293,11,0,0,0,1,0,0,1,108.75,163.12,4.1,1,d30ea2e9d488ead3a402a13a5cb583e0ffff849cb2e0ef18de3eeddeff5961c7
tre-s-92,tight,10,RECOMPUTE,200,15,23,23,0,651,25227,-6708,65906,-0.10178132491730647,14.005504587155963,0,0,0,0,0,0,15,155,5894.51,7154.06,3.51,1,9e3354c65ca2f0d22c617db9a38f08c143376d66b40471d0b2153ac061fb3547
tre-s-92,official,10,ONE_BLOCKER,200,12,23,23,0,13,679,-4545,65906,-0.06896185476284405,14.497247706422018,11,1,0,0,0,0,0,2,137.79,325.72,4.19,1,3e505c569e9d9a9b2285b23875e12ef47840a4892cda14f5e8ab16e70fa63d19
tre-s-92,official,10,TBRPLUS_N20000,200,12,23,23,0,13,679,-4545,65906,-0.06896185476284405,14.497247706422018,11,1,0,0,0,0,0,2,140.24,312.92,4.09,1,3e505c569e9d9a9b2285b23875e12ef47840a4892cda14f5e8ab16e70fa63d19
tre-s-92,official,10,TBR,200,12,23,23,0,13,679,-4545,65906,-0.06896185476284405,14.497247706422018,11,1,0,0,0,0,0,2,130.87,318.33,4.06,1,3e505c569e9d9a9b2285b23875e12ef47840a4892cda14f5e8ab16e70fa63d19
tre-s-92,official,10,TBRPLUS,200,12,23,23,0,13,679,-4545,65906,-0.06896185476284405,14.497247706422018,11,1,0,0,0,0,0,2,128.03,337.66,3.93,1,3e505c569e9d9a9b2285b23875e12ef47840a4892cda14f5e8ab16e70fa63d19
tre-s-92,official,10,SINGLE,200,12,23,24,1,12,672,-4616,65906,-0.07003914666342974,14.480963302752293,11,0,0,0,1,0,0,1,111.88,165.09,3.97,1,d30ea2e9d488ead3a402a13a5cb583e0ffff849cb2e0ef18de3eeddeff5961c7
tre-s-92,official,10,RECOMPUTE,200,15,23,23,0,651,25227,-6708,65906,-0.10178132491730647,14.005504587155963,0,0,0,0,0,0,15,155,6144.84,7147.3,3.52,1,9e3354c65ca2f0d22c617db9a38f08c143376d66b40471d0b2153ac061fb3547
tre-s-92,tight,11,TBRPLUS,200,10,23,24,1,10,334,-2741,68826,-0.039825066108737976,15.626834862385321,9,0,0,0,1,1,0,1,116.71,14277.91,4.5,1,5623864bf62ca7f08c6086cd4fd8eba71344f3f20fcd9218ede1fed74d03b9c3
tre-s-92,tight,11,TBRPLUS_N20000,200,10,23,23,0,14,814,-4633,68826,-0.06731467759277017,15.18256880733945,9,0,0,1,0,1,0,5,101.5,132509.18,4.56,1,40faef81fe395fdf62f09b9e8991ebb5999370d5b0b4d3bae598167de1ccf067
tre-s-92,tight,11,ONE_BLOCKER,200,10,23,24,1,10,334,-2741,68826,-0.039825066108737976,15.626834862385321,9,0,0,0,1,0,0,1,110.23,166.07,4.26,1,5623864bf62ca7f08c6086cd4fd8eba71344f3f20fcd9218ede1fed74d03b9c3
tre-s-92,tight,11,SINGLE,200,10,23,24,1,10,334,-2741,68826,-0.039825066108737976,15.626834862385321,9,0,0,0,1,0,0,1,93.62,123.87,4.13,1,5623864bf62ca7f08c6086cd4fd8eba71344f3f20fcd9218ede1fed74d03b9c3
tre-s-92,tight,11,RECOMPUTE,200,14,23,24,1,432,16981,-2856,68826,-0.04149594629936361,15.568577981651377,0,0,0,0,0,0,14,111,5938.07,7269.6,3.46,1,f3240ced0a232bb3819665172839aec5cd57278a90e70357efadad399ec98acf
tre-s-92,tight,11,TBR,200,10,23,24,1,10,334,-2741,68826,-0.039825066108737976,15.626834862385321,9,0,0,0,1,0,0,1,102.48,978.05,4.21,1,5623864bf62ca7f08c6086cd4fd8eba71344f3f20fcd9218ede1fed74d03b9c3
tre-s-92,official,11,TBRPLUS,200,10,23,24,1,10,334,-2741,68826,-0.039825066108737976,15.626834862385321,9,0,0,0,1,1,0,1,106.15,14317.35,4.18,1,5623864bf62ca7f08c6086cd4fd8eba71344f3f20fcd9218ede1fed74d03b9c3
tre-s-92,official,11,TBRPLUS_N20000,200,10,23,23,0,14,814,-4633,68826,-0.06731467759277017,15.18256880733945,9,0,0,1,0,1,0,5,99.91,131152.27,4.53,1,40faef81fe395fdf62f09b9e8991ebb5999370d5b0b4d3bae598167de1ccf067
tre-s-92,official,11,ONE_BLOCKER,200,10,23,24,1,10,334,-2741,68826,-0.039825066108737976,15.626834862385321,9,0,0,0,1,0,0,1,101.42,168.96,4.31,1,5623864bf62ca7f08c6086cd4fd8eba71344f3f20fcd9218ede1fed74d03b9c3
tre-s-92,official,11,SINGLE,200,10,23,24,1,10,334,-2741,68826,-0.039825066108737976,15.626834862385321,9,0,0,0,1,0,0,1,91.58,126.04,4.08,1,5623864bf62ca7f08c6086cd4fd8eba71344f3f20fcd9218ede1fed74d03b9c3
tre-s-92,official,11,RECOMPUTE,200,14,23,24,1,432,16981,-2856,68826,-0.04149594629936361,15.568577981651377,0,0,0,0,0,0,14,111,5993.64,6969.04,3.74,1,f3240ced0a232bb3819665172839aec5cd57278a90e70357efadad399ec98acf
tre-s-92,official,11,TBR,200,10,23,24,1,10,334,-2741,68826,-0.039825066108737976,15.626834862385321,9,0,0,0,1,0,0,1,103.7,991.25,4.33,1,5623864bf62ca7f08c6086cd4fd8eba71344f3f20fcd9218ede1fed74d03b9c3
tre-s-92,tight,12,TBR,200,11,22,24,2,11,513,-5009,67906,-0.07376373221806615,14.842201834862385,9,0,0,0,2,0,0,1,116.3,1397.69,4.13,1,93b22ea51e3d60d324b9498cc4164315119127f74daa486b305d4aaa9350d1bb
tre-s-92,tight,12,SINGLE,200,11,22,24,2,11,513,-5009,67906,-0.07376373221806615,14.842201834862385,9,0,0,0,2,0,0,1,106.42,135.58,4.02,1,93b22ea51e3d60d324b9498cc4164315119127f74daa486b305d4aaa9350d1bb
tre-s-92,tight,12,RECOMPUTE,200,17,22,23,1,1211,54183,-11131,67906,-0.16391776868023444,13.39334862385321,0,0,0,0,0,0,17,163,6171.74,7412.79,3.29,1,26d1359092d333d23800fc347cd83591ed211bca911be17b9950c9a66008854f
tre-s-92,tight,12,TBRPLUS,200,11,22,23,1,14,646,-4940,67906,-0.0727476217123671,14.862155963302753,8,1,0,1,1,1,0,3,123.13,16991.29,4.17,1,42646ffa701aad93fe57bc984d8e3ea39614bb9e3aea301b354f9dd350826002
tre-s-92,tight,12,TBRPLUS_N20000,200,11,22,23,1,14,646,-4940,67906,-0.0727476217123671,14.862155963302753,8,1,0,1,1,1,0,3,120.27,133492.71,4.49,1,42646ffa701aad93fe57bc984d8e3ea39614bb9e3aea301b354f9dd350826002
tre-s-92,tight,12,ONE_BLOCKER,200,11,22,24,2,11,513,-5009,67906,-0.07376373221806615,14.842201834862385,9,0,0,0,2,0,0,1,116.05,265.64,4.46,1,93b22ea51e3d60d324b9498cc4164315119127f74daa486b305d4aaa9350d1bb
tre-s-92,official,12,TBR,200,11,23,23,0,12,552,-5067,67906,-0.07461785409242187,14.836009174311927,10,1,0,0,0,0,0,2,120.1,218.05,4.21,1,69b9f24c469a5f3991a8de8a9414a937ff7407c667cecd0c6d2ee0a2cc2720c4
tre-s-92,official,12,SINGLE,200,11,23,24,1,11,513,-4997,67906,-0.07358701734750979,14.84908256880734,10,0,0,0,1,0,0,1,117.54,188.42,4.02,1,e221fe02d8b825d971f9bc7bd89f4a448dcc2e3d8f3e939e62a7d0e72b5e52e7
tre-s-92,official,12,RECOMPUTE,200,17,23,23,0,1211,54183,-11131,67906,-0.16391776868023444,13.39334862385321,0,0,0,0,0,0,17,163,6344.52,7278.64,3.37,1,1815f764581942ffea156a642f7339cb1ea1b976d3abcc3d95d31d2582da7f50
tre-s-92,official,12,TBRPLUS,200,11,23,23,0,12,552,-5067,67906,-0.07461785409242187,14.836009174311927,10,1,0,0,0,0,0,2,119.84,217.39,4.09,1,69b9f24c469a5f3991a8de8a9414a937ff7407c667cecd0c6d2ee0a2cc2720c4
tre-s-92,official,12,TBRPLUS_N20000,200,11,23,23,0,12,552,-5067,67906,-0.07461785409242187,14.836009174311927,10,1,0,0,0,0,0,2,116.79,221.61,3.95,1,69b9f24c469a5f3991a8de8a9414a937ff7407c667cecd0c6d2ee0a2cc2720c4
tre-s-92,official,12,ONE_BLOCKER,200,11,23,23,0,12,552,-5067,67906,-0.07461785409242187,14.836009174311927,10,1,0,0,0,0,0,2,123.98,224.36,4.0,1,69b9f24c469a5f3991a8de8a9414a937ff7407c667cecd0c6d2ee0a2cc2720c4
tre-s-92,tight,13,RECOMPUTE,200,8,22,23,1,768,29172,-6245,67324,-0.09276038262729487,14.398853211009174,0,0,0,0,0,0,8,155,6622.45,8338.28,3.09,1,1424e30b9d027cb37893f0e1d6bdbd725c41aec18a500d6ea113dbde5847177e
tre-s-92,tight,13,TBR,200,8,22,22,0,8,491,-3106,67324,-0.04613510783672985,15.159862385321102,8,0,0,0,0,0,0,1,93.13,173.63,4.26,1,1c3a67b8f6d95b4be07c3f6d9ecc09fa3af3b4a2d500882107afbb1b3cadcdc7
tre-s-92,tight,13,TBRPLUS_N20000,200,8,22,22,0,8,491,-3106,67324,-0.04613510783672985,15.159862385321102,8,0,0,0,0,0,0,1,88.06,168.62,3.78,1,1c3a67b8f6d95b4be07c3f6d9ecc09fa3af3b4a2d500882107afbb1b3cadcdc7
tre-s-92,tight,13,TBRPLUS,200,8,22,22,0,8,491,-3106,67324,-0.04613510783672985,15.159862385321102,8,0,0,0,0,0,0,1,84.29,171.52,3.88,1,1c3a67b8f6d95b4be07c3f6d9ecc09fa3af3b4a2d500882107afbb1b3cadcdc7
tre-s-92,tight,13,ONE_BLOCKER,200,8,22,22,0,8,491,-3106,67324,-0.04613510783672985,15.159862385321102,8,0,0,0,0,0,0,1,92.83,170.47,3.96,1,1c3a67b8f6d95b4be07c3f6d9ecc09fa3af3b4a2d500882107afbb1b3cadcdc7
tre-s-92,tight,13,SINGLE,200,8,22,22,0,8,491,-3106,67324,-0.04613510783672985,15.159862385321102,8,0,0,0,0,0,0,1,82.78,176.51,3.96,1,1c3a67b8f6d95b4be07c3f6d9ecc09fa3af3b4a2d500882107afbb1b3cadcdc7
tre-s-92,official,13,RECOMPUTE,200,8,23,23,0,768,29172,-6245,67324,-0.09276038262729487,14.398853211009174,0,0,0,0,0,0,8,155,6601.82,8021.5,3.12,1,a766e8ffcf89df57f19c91e36cf5b07f74ffb870fc7461ce73878f507218cc5a
tre-s-92,official,13,TBR,200,8,23,23,0,8,491,-3309,67324,-0.04915037728001901,15.113302752293578,8,0,0,0,0,0,0,1,144.8,189.15,3.92,1,bc5c4ed20533abaebe9d7725b1b168819584683553859501a24742d8d1cea999
tre-s-92,official,13,TBRPLUS_N20000,200,8,23,23,0,8,491,-3309,67324,-0.04915037728001901,15.113302752293578,8,0,0,0,0,0,0,1,143.52,185.88,4.0,1,bc5c4ed20533abaebe9d7725b1b168819584683553859501a24742d8d1cea999
tre-s-92,official,13,TBRPLUS,200,8,23,23,0,8,491,-3309,67324,-0.04915037728001901,15.113302752293578,8,0,0,0,0,0,0,1,141.86,188.41,3.79,1,bc5c4ed20533abaebe9d7725b1b168819584683553859501a24742d8d1cea999
tre-s-92,official,13,ONE_BLOCKER,200,8,23,23,0,8,491,-3309,67324,-0.04915037728001901,15.113302752293578,8,0,0,0,0,0,0,1,139.71,192.9,3.87,1,bc5c4ed20533abaebe9d7725b1b168819584683553859501a24742d8d1cea999
tre-s-92,official,13,SINGLE,200,8,23,23,0,8,491,-3309,67324,-0.04915037728001901,15.113302752293578,8,0,0,0,0,0,0,1,139.33,191.02,3.79,1,bc5c4ed20533abaebe9d7725b1b168819584683553859501a24742d8d1cea999
tre-s-92,tight,14,TBRPLUS_N20000,200,7,23,23,0,7,244,-1987,65035,-0.030552779272699317,14.883256880733946,7,0,0,0,0,0,0,1,135.71,164.07,3.92,1,37fe6b4ef8cd6dd07b01ce86a3c7debb13c61be50b3d889b367419599b2ff9c4
tre-s-92,tight,14,RECOMPUTE,200,7,23,23,0,709,30677,1624,65035,0.02497116937033905,15.705504587155962,0,0,0,0,0,0,7,153,6671.77,8274.4,2.92,1,dc47108d81276af2b7a057fb9eb0fa6531f267bf8e5acb95f123fd5f464b4937
tre-s-92,tight,14,TBRPLUS,200,7,23,23,0,7,244,-1987,65035,-0.030552779272699317,14.883256880733946,7,0,0,0,0,0,0,1,133.87,174.96,3.96,1,37fe6b4ef8cd6dd07b01ce86a3c7debb13c61be50b3d889b367419599b2ff9c4
tre-s-92,tight,14,SINGLE,200,7,23,23,0,7,244,-1987,65035,-0.030552779272699317,14.883256880733946,7,0,0,0,0,0,0,1,131.52,169.6,4.12,1,37fe6b4ef8cd6dd07b01ce86a3c7debb13c61be50b3d889b367419599b2ff9c4
tre-s-92,tight,14,TBR,200,7,23,23,0,7,244,-1987,65035,-0.030552779272699317,14.883256880733946,7,0,0,0,0,0,0,1,141.38,168.74,4.0,1,37fe6b4ef8cd6dd07b01ce86a3c7debb13c61be50b3d889b367419599b2ff9c4
tre-s-92,tight,14,ONE_BLOCKER,200,7,23,23,0,7,244,-1987,65035,-0.030552779272699317,14.883256880733946,7,0,0,0,0,0,0,1,145.87,175.22,4.01,1,37fe6b4ef8cd6dd07b01ce86a3c7debb13c61be50b3d889b367419599b2ff9c4
tre-s-92,official,14,TBRPLUS_N20000,200,7,23,23,0,7,244,-1987,65035,-0.030552779272699317,14.883256880733946,7,0,0,0,0,0,0,1,130.44,173.77,3.94,1,37fe6b4ef8cd6dd07b01ce86a3c7debb13c61be50b3d889b367419599b2ff9c4
tre-s-92,official,14,RECOMPUTE,200,7,23,23,0,709,30677,1624,65035,0.02497116937033905,15.705504587155962,0,0,0,0,0,0,7,153,6955.78,7255.02,3.2,1,dc47108d81276af2b7a057fb9eb0fa6531f267bf8e5acb95f123fd5f464b4937
tre-s-92,official,14,TBRPLUS,200,7,23,23,0,7,244,-1987,65035,-0.030552779272699317,14.883256880733946,7,0,0,0,0,0,0,1,131.71,166.96,3.94,1,37fe6b4ef8cd6dd07b01ce86a3c7debb13c61be50b3d889b367419599b2ff9c4
tre-s-92,official,14,SINGLE,200,7,23,23,0,7,244,-1987,65035,-0.030552779272699317,14.883256880733946,7,0,0,0,0,0,0,1,142.84,168.49,3.92,1,37fe6b4ef8cd6dd07b01ce86a3c7debb13c61be50b3d889b367419599b2ff9c4
tre-s-92,official,14,TBR,200,7,23,23,0,7,244,-1987,65035,-0.030552779272699317,14.883256880733946,7,0,0,0,0,0,0,1,124.22,169.08,4.03,1,37fe6b4ef8cd6dd07b01ce86a3c7debb13c61be50b3d889b367419599b2ff9c4
tre-s-92,official,14,ONE_BLOCKER,200,7,23,23,0,7,244,-1987,65035,-0.030552779272699317,14.883256880733946,7,0,0,0,0,0,0,1,128.52,165.38,4.04,1,37fe6b4ef8cd6dd07b01ce86a3c7debb13c61be50b3d889b367419599b2ff9c4
tre-s-92,tight,15,SINGLE,200,6,22,23,1,6,181,-1842,65062,-0.028311456764317112,14.916284403669724,5,0,0,0,1,0,0,1,97.83,117.44,3.96,1,e56e0644c763992d834fe8f5623bbdf5f3431af6c6c53e9d12beb4c82f8eea76
tre-s-92,tight,15,TBRPLUS,200,6,22,22,0,7,232,-2058,65062,-0.03163136700378101,14.863990825688074,5,1,0,0,0,0,0,2,99.0,249.23,3.88,1,fba19af70a7816a8c9c049b6ed6b72ac5e5e7bddfe1c0c7aa002c21ed7c0a16f
tre-s-92,tight,15,RECOMPUTE,200,9,22,23,1,732,33256,-4570,65062,-0.07024069349236113,14.28394495412844,0,0,0,0,0,0,9,172,6142.53,7745.82,3.29,1,4f7d63a654c729299232806572bdc836ae6fa8cd01bef8d00bab103ad29b40b2
tre-s-92,tight,15,ONE_BLOCKER,200,6,22,22,0,7,232,-2058,65062,-0.03163136700378101,14.863990825688074,5,1,0,0,0,0,0,2,107.6,237.44,3.99,1,fba19af70a7816a8c9c049b6ed6b72ac5e5e7bddfe1c0c7aa002c21ed7c0a16f
tre-s-92,tight,15,TBRPLUS_N20000,200,6,22,22,0,7,232,-2058,65062,-0.03163136700378101,14.863990825688074,5,1,0,0,0,0,0,2,108.84,235.58,3.9,1,fba19af70a7816a8c9c049b6ed6b72ac5e5e7bddfe1c0c7aa002c21ed7c0a16f
tre-s-92,tight,15,TBR,200,6,22,22,0,7,232,-2058,65062,-0.03163136700378101,14.863990825688074,5,1,0,0,0,0,0,2,103.71,246.06,3.96,1,fba19af70a7816a8c9c049b6ed6b72ac5e5e7bddfe1c0c7aa002c21ed7c0a16f
tre-s-92,official,15,SINGLE,200,6,23,23,0,6,181,-1844,65062,-0.028342196673941777,14.915825688073394,6,0,0,0,0,0,0,1,103.38,131.59,4.04,1,4e29b78a63103c71f6d9f47778ae5cc982b01cedae33499615df5177ddc68546
tre-s-92,official,15,TBRPLUS,200,6,23,23,0,6,181,-1844,65062,-0.028342196673941777,14.915825688073394,6,0,0,0,0,0,0,1,108.3,144.53,3.92,1,4e29b78a63103c71f6d9f47778ae5cc982b01cedae33499615df5177ddc68546
tre-s-92,official,15,RECOMPUTE,200,9,23,23,0,732,33256,-4570,65062,-0.07024069349236113,14.28394495412844,0,0,0,0,0,0,9,172,6298.7,7591.53,3.53,1,be09d78c6aae939dbac93c1095e45baec706d2aae7c6efd1949e09e68a6c9c73
tre-s-92,official,15,ONE_BLOCKER,200,6,23,23,0,6,181,-1844,65062,-0.028342196673941777,14.915825688073394,6,0,0,0,0,0,0,1,105.52,130.15,4.25,1,4e29b78a63103c71f6d9f47778ae5cc982b01cedae33499615df5177ddc68546
tre-s-92,official,15,TBRPLUS_N20000,200,6,23,23,0,6,181,-1844,65062,-0.028342196673941777,14.915825688073394,6,0,0,0,0,0,0,1,115.77,134.0,4.45,1,4e29b78a63103c71f6d9f47778ae5cc982b01cedae33499615df5177ddc68546
tre-s-92,official,15,TBR,200,6,23,23,0,6,181,-1844,65062,-0.028342196673941777,14.915825688073394,6,0,0,0,0,0,0,1,105.99,136.92,4.22,1,4e29b78a63103c71f6d9f47778ae5cc982b01cedae33499615df5177ddc68546
tre-s-92,tight,16,TBR,200,8,23,23,0,9,502,-3056,68485,-0.04462291012630503,15.435321100917431,7,1,0,0,0,0,0,2,124.27,391.13,4.41,1,a25d38674453f117233652b3ffa9d48bf2910a742826b15682e6461c68d0b6d0
tre-s-92,tight,16,TBRPLUS_N20000,200,8,23,23,0,9,502,-3056,68485,-0.04462291012630503,15.435321100917431,7,1,0,0,0,0,0,2,136.19,305.03,4.05,1,a25d38674453f117233652b3ffa9d48bf2910a742826b15682e6461c68d0b6d0
tre-s-92,tight,16,RECOMPUTE,200,7,23,24,1,708,30930,-3271,68485,-0.0477622837117617,15.411467889908257,0,0,0,0,0,0,7,156,6936.0,7058.09,3.04,1,3478641dd6e34dbc73c136276b9177855431b576797fbca260cc3cdf8e3c209a
tre-s-92,tight,16,TBRPLUS,200,8,23,23,0,9,502,-3056,68485,-0.04462291012630503,15.435321100917431,7,1,0,0,0,0,0,2,123.89,306.12,3.81,1,a25d38674453f117233652b3ffa9d48bf2910a742826b15682e6461c68d0b6d0
tre-s-92,tight,16,SINGLE,200,8,23,24,1,8,432,-3177,68485,-0.04638972037672483,15.413990825688073,7,0,0,0,1,0,0,1,112.54,163.84,3.98,1,25ff23d404e9a34d9df8ac4d4723261d68fa7a7de82a17454224741fa8771298
tre-s-92,tight,16,ONE_BLOCKER,200,8,23,23,0,9,502,-3056,68485,-0.04462291012630503,15.435321100917431,7,1,0,0,0,0,0,2,130.39,287.28,4.0,1,a25d38674453f117233652b3ffa9d48bf2910a742826b15682e6461c68d0b6d0
tre-s-92,official,16,TBR,200,8,23,23,0,9,502,-3056,68485,-0.04462291012630503,15.435321100917431,7,1,0,0,0,0,0,2,131.27,341.49,4.01,1,a25d38674453f117233652b3ffa9d48bf2910a742826b15682e6461c68d0b6d0
tre-s-92,official,16,TBRPLUS_N20000,200,8,23,23,0,9,502,-3056,68485,-0.04462291012630503,15.435321100917431,7,1,0,0,0,0,0,2,139.97,298.96,3.87,1,a25d38674453f117233652b3ffa9d48bf2910a742826b15682e6461c68d0b6d0
tre-s-92,official,16,RECOMPUTE,200,7,23,24,1,708,30930,-3271,68485,-0.0477622837117617,15.411467889908257,0,0,0,0,0,0,7,156,6859.31,7133.53,3.03,1,3478641dd6e34dbc73c136276b9177855431b576797fbca260cc3cdf8e3c209a
tre-s-92,official,16,TBRPLUS,200,8,23,23,0,9,502,-3056,68485,-0.04462291012630503,15.435321100917431,7,1,0,0,0,0,0,2,130.72,298.64,3.9,1,a25d38674453f117233652b3ffa9d48bf2910a742826b15682e6461c68d0b6d0
tre-s-92,official,16,SINGLE,200,8,23,24,1,8,432,-3177,68485,-0.04638972037672483,15.413990825688073,7,0,0,0,1,0,0,1,105.58,160.71,4.03,1,25ff23d404e9a34d9df8ac4d4723261d68fa7a7de82a17454224741fa8771298
tre-s-92,official,16,ONE_BLOCKER,200,8,23,23,0,9,502,-3056,68485,-0.04462291012630503,15.435321100917431,7,1,0,0,0,0,0,2,123.98,280.02,4.06,1,a25d38674453f117233652b3ffa9d48bf2910a742826b15682e6461c68d0b6d0
tre-s-92,tight,17,TBRPLUS,200,10,22,22,0,12,655,-4236,64139,-0.06604406055597999,14.155733944954129,8,2,0,0,0,0,0,2,94.13,332.55,4.13,1,7ac675e743305d674e2d4a38f2fb3e6fe62463aa0757b9d81bd74a02ff6993fe
tre-s-92,tight,17,SINGLE,200,10,22,23,1,10,551,-4473,64139,-0.06973916026130747,14.095183486238533,9,0,0,0,1,0,0,1,90.89,123.01,4.04,1,bac024501971fa70d6e7a2e0f6f1a1ac7341b7c64b3a9b2fbea9a07421d09ee7
tre-s-92,tight,17,TBR,200,10,22,22,0,12,655,-4236,64139,-0.06604406055597999,14.155733944954129,8,2,0,0,0,0,0,2,94.79,317.32,4.12,1,7ac675e743305d674e2d4a38f2fb3e6fe62463aa0757b9d81bd74a02ff6993fe
tre-s-92,tight,17,ONE_BLOCKER,200,10,22,22,0,12,655,-4236,64139,-0.06604406055597999,14.155733944954129,8,2,0,0,0,0,0,2,94.28,341.43,4.09,1,7ac675e743305d674e2d4a38f2fb3e6fe62463aa0757b9d81bd74a02ff6993fe
tre-s-92,tight,17,TBRPLUS_N20000,200,10,22,22,0,12,655,-4236,64139,-0.06604406055597999,14.155733944954129,8,2,0,0,0,0,0,2,95.45,336.66,4.13,1,7ac675e743305d674e2d4a38f2fb3e6fe62463aa0757b9d81bd74a02ff6993fe
tre-s-92,tight,17,RECOMPUTE,200,12,22,23,1,754,31821,598,64139,0.009323500522303123,15.278669724770642,0,0,0,0,0,0,12,164,6518.1,7607.1,3.33,1,72757d67a8d62884351d5035fe079bd5ca3adae0ff3728ae2b4ef4432ed47044
tre-s-92,official,17,TBRPLUS,200,10,23,23,0,10,539,-4578,64139,-0.07137622975100953,14.068119266055046,10,0,0,0,0,0,0,1,102.31,202.6,4.09,1,c45c11940b95364dbc543fd892dbaefb922bc4ffe4fbde0fe350d4069f1141b2
tre-s-92,official,17,SINGLE,200,10,23,23,0,10,539,-4578,64139,-0.07137622975100953,14.068119266055046,10,0,0,0,0,0,0,1,100.84,189.8,4.03,1,c45c11940b95364dbc543fd892dbaefb922bc4ffe4fbde0fe350d4069f1141b2
tre-s-92,official,17,TBR,200,10,23,23,0,10,539,-4578,64139,-0.07137622975100953,14.068119266055046,10,0,0,0,0,0,0,1,95.19,205.11,4.04,1,c45c11940b95364dbc543fd892dbaefb922bc4ffe4fbde0fe350d4069f1141b2
tre-s-92,official,17,ONE_BLOCKER,200,10,23,23,0,10,539,-4578,64139,-0.07137622975100953,14.068119266055046,10,0,0,0,0,0,0,1,108.32,199.24,4.03,1,c45c11940b95364dbc543fd892dbaefb922bc4ffe4fbde0fe350d4069f1141b2
tre-s-92,official,17,TBRPLUS_N20000,200,10,23,23,0,10,539,-4578,64139,-0.07137622975100953,14.068119266055046,10,0,0,0,0,0,0,1,103.7,193.18,3.91,1,c45c11940b95364dbc543fd892dbaefb922bc4ffe4fbde0fe350d4069f1141b2
tre-s-92,official,17,RECOMPUTE,200,12,23,23,0,754,31821,598,64139,0.009323500522303123,15.278669724770642,0,0,0,0,0,0,12,164,6284.25,7526.79,3.33,1,5c64bcbe6e3bb4c04701121b517648bf017ea5be89f1277e1963ffa0c03ed6c5
tre-s-92,tight,18,SINGLE,200,6,21,22,1,6,342,-1473,67866,-0.0217045354080099,15.65619266055046,5,0,0,0,1,0,0,1,105.68,199.9,4.01,1,4d4e70a04dfaf80404b5d98d78ecc5dda90e1d8604924314e73405e0550d211d
tre-s-92,tight,18,TBRPLUS,200,6,21,21,0,11,597,-960,67866,-0.01414552205817346,15.784862385321102,2,3,1,0,0,0,0,3,331.23,4434.02,3.88,1,2cd59da3ca782ab60787299e7e221e4112c3e0a40eddeb56d3c46fe2d42edcc7
tre-s-92,tight,18,ONE_BLOCKER,200,6,21,22,1,9,490,-1183,67866,-0.01743140895293667,15.730045871559634,2,3,0,0,1,0,0,2,256.43,424.6,4.21,1,a436ac7c5a34eb374131f5ba812e741feb90dc527fa90d73606559e05bf09686
tre-s-92,tight,18,TBRPLUS_N20000,200,6,21,21,0,11,597,-960,67866,-0.01414552205817346,15.784862385321102,2,3,1,0,0,0,0,3,367.91,4483.29,4.3,1,2cd59da3ca782ab60787299e7e221e4112c3e0a40eddeb56d3c46fe2d42edcc7
tre-s-92,tight,18,TBR,200,6,21,21,0,11,597,-960,67866,-0.01414552205817346,15.784862385321102,2,3,1,0,0,0,0,3,343.25,793.91,4.09,1,2cd59da3ca782ab60787299e7e221e4112c3e0a40eddeb56d3c46fe2d42edcc7
tre-s-92,tight,18,RECOMPUTE,200,12,21,23,2,932,36717,-5753,67866,-0.08476998791736658,14.678899082568808,0,0,0,0,0,0,12,169,6424.03,7228.44,3.33,1,a093e670d0e2d20d6c4ab179b75fae22a3627d47d1f59c2ec8047359ae88bf10
tre-s-92,official,18,SINGLE,200,6,23,23,0,6,342,-1944,67866,-0.028644682167801257,15.545871559633028,6,0,0,0,0,0,0,1,148.48,211.9,4.04,1,84949d33ea9b02e808b51ae5dbe6cca79a3518cde6d49c8469a3a9c8d09f7ef8
tre-s-92,official,18,TBRPLUS,200,6,23,23,0,6,342,-1944,67866,-0.028644682167801257,15.545871559633028,6,0,0,0,0,0,0,1,147.19,207.26,3.88,1,84949d33ea9b02e808b51ae5dbe6cca79a3518cde6d49c8469a3a9c8d09f7ef8
tre-s-92,official,18,ONE_BLOCKER,200,6,23,23,0,6,342,-1944,67866,-0.028644682167801257,15.545871559633028,6,0,0,0,0,0,0,1,144.7,210.8,3.92,1,84949d33ea9b02e808b51ae5dbe6cca79a3518cde6d49c8469a3a9c8d09f7ef8
tre-s-92,official,18,TBRPLUS_N20000,200,6,23,23,0,6,342,-1944,67866,-0.028644682167801257,15.545871559633028,6,0,0,0,0,0,0,1,146.36,214.96,3.83,1,84949d33ea9b02e808b51ae5dbe6cca79a3518cde6d49c8469a3a9c8d09f7ef8
tre-s-92,official,18,TBR,200,6,23,23,0,6,342,-1944,67866,-0.028644682167801257,15.545871559633028,6,0,0,0,0,0,0,1,154.02,209.5,3.96,1,84949d33ea9b02e808b51ae5dbe6cca79a3518cde6d49c8469a3a9c8d09f7ef8
tre-s-92,official,18,RECOMPUTE,200,12,23,23,0,932,36717,-5753,67866,-0.08476998791736658,14.678899082568808,0,0,0,0,0,0,12,169,6695.4,7822.49,3.41,1,254c702a41cd9484e01512f8d3479f0c9d12e8c61102a68e0fdea02b546e59a0
tre-s-92,tight,19,TBR,200,5,22,22,0,5,113,-601,68080,-0.008827849588719154,15.895871559633028,5,0,0,0,0,0,0,1,61.52,119.55,4.07,1,0d91b9b22d5a112dcfea19756ee0e22b2cae07c0d218275a3dbbb3200c4f90e3
tre-s-92,tight,19,RECOMPUTE,200,4,22,22,0,102,2935,840,68080,0.012338425381903642,16.21032110091743,0,0,0,0,0,0,4,80,5937.1,6403.15,2.77,1,5be84fb4ac941c55b8fe8d94667e6a93a10f67cd9aa7f54bd5d5c8d09120dfb8
tre-s-92,tight,19,SINGLE,200,5,22,22,0,5,113,-601,68080,-0.008827849588719154,15.895871559633028,5,0,0,0,0,0,0,1,59.6,125.23,3.98,1,0d91b9b22d5a112dcfea19756ee0e22b2cae07c0d218275a3dbbb3200c4f90e3
tre-s-92,tight,19,TBRPLUS,200,5,22,22,0,5,113,-601,68080,-0.008827849588719154,15.895871559633028,5,0,0,0,0,0,0,1,55.33,125.06,3.83,1,0d91b9b22d5a112dcfea19756ee0e22b2cae07c0d218275a3dbbb3200c4f90e3
tre-s-92,tight,19,TBRPLUS_N20000,200,5,22,22,0,5,113,-601,68080,-0.008827849588719154,15.895871559633028,5,0,0,0,0,0,0,1,54.03,132.71,3.9,1,0d91b9b22d5a112dcfea19756ee0e22b2cae07c0d218275a3dbbb3200c4f90e3
tre-s-92,tight,19,ONE_BLOCKER,200,5,22,22,0,5,113,-601,68080,-0.008827849588719154,15.895871559633028,5,0,0,0,0,0,0,1,54.82,131.77,3.96,1,0d91b9b22d5a112dcfea19756ee0e22b2cae07c0d218275a3dbbb3200c4f90e3
tre-s-92,official,19,TBR,200,5,23,23,0,5,113,-686,68080,-0.010076380728554641,15.87454128440367,5,0,0,0,0,0,0,1,142.02,163.33,4.06,1,21f825a0a99861bf8be9f15a1ab263dcc0fffce167b92e74475060fb9bbae880
tre-s-92,official,19,RECOMPUTE,200,4,23,23,0,102,2935,840,68080,0.012338425381903642,16.21032110091743,0,0,0,0,0,0,4,80,6227.77,7682.07,2.88,1,6729f92678c64852016821d111c770d20d185220df41705caf57a2ac967fa092
tre-s-92,official,19,SINGLE,200,5,23,23,0,5,113,-686,68080,-0.010076380728554641,15.87454128440367,5,0,0,0,0,0,0,1,142.54,157.9,4.0,1,21f825a0a99861bf8be9f15a1ab263dcc0fffce167b92e74475060fb9bbae880
tre-s-92,official,19,TBRPLUS,200,5,23,23,0,5,113,-686,68080,-0.010076380728554641,15.87454128440367,5,0,0,0,0,0,0,1,145.35,168.07,4.04,1,21f825a0a99861bf8be9f15a1ab263dcc0fffce167b92e74475060fb9bbae880
tre-s-92,official,19,TBRPLUS_N20000,200,5,23,23,0,5,113,-686,68080,-0.010076380728554641,15.87454128440367,5,0,0,0,0,0,0,1,145.53,166.13,3.92,1,21f825a0a99861bf8be9f15a1ab263dcc0fffce167b92e74475060fb9bbae880
tre-s-92,official,19,ONE_BLOCKER,200,5,23,23,0,5,113,-686,68080,-0.010076380728554641,15.87454128440367,5,0,0,0,0,0,0,1,149.96,156.43,4.08,1,21f825a0a99861bf8be9f15a1ab263dcc0fffce167b92e74475060fb9bbae880
uta-s-92,tight,10,ONE_BLOCKER,200,5,31,31,0,5,363,-426,164386,-0.00259146155998686,7.769067995861939,5,0,0,0,0,0,0,1,127.16,213.92,5.47,1,043b5ba7fe4d6b8fea272012d2d0a3ccde63dfa7c9e585abaac68ac7157a6f99
uta-s-92,tight,10,TBRPLUS_N20000,200,5,31,31,0,5,363,-426,164386,-0.00259146155998686,7.769067995861939,5,0,0,0,0,0,0,1,126.74,201.36,4.85,1,043b5ba7fe4d6b8fea272012d2d0a3ccde63dfa7c9e585abaac68ac7157a6f99
uta-s-92,tight,10,TBR,200,5,31,31,0,5,363,-426,164386,-0.00259146155998686,7.769067995861939,5,0,0,0,0,0,0,1,114.33,194.15,5.1,1,043b5ba7fe4d6b8fea272012d2d0a3ccde63dfa7c9e585abaac68ac7157a6f99
uta-s-92,tight,10,TBRPLUS,200,5,31,31,0,5,363,-426,164386,-0.00259146155998686,7.769067995861939,5,0,0,0,0,0,0,1,109.83,188.6,4.96,1,043b5ba7fe4d6b8fea272012d2d0a3ccde63dfa7c9e585abaac68ac7157a6f99
uta-s-92,tight,10,SINGLE,200,5,31,31,0,5,363,-426,164386,-0.00259146155998686,7.769067995861939,5,0,0,0,0,0,0,1,112.5,210.06,5.16,1,043b5ba7fe4d6b8fea272012d2d0a3ccde63dfa7c9e585abaac68ac7157a6f99
uta-s-92,tight,10,RECOMPUTE,200,4,31,31,0,227,10974,1752,164386,0.010657841908678354,7.87463556851312,0,0,0,0,0,0,4,223,28573.48,32587.67,4.39,1,62fb8c410c7ce488109de6dec2dac3244e464b4391469b85f6c63bc62570ecec
uta-s-92,official,10,ONE_BLOCKER,200,5,35,35,0,5,334,-2511,164386,-0.01527502342048593,7.670647982695383,5,0,0,0,0,0,0,1,237.42,333.61,5.44,1,48266c1b43744e76a732042b1988382902eafa50665c991e168ae355eb6793c6
uta-s-92,official,10,TBRPLUS_N20000,200,5,35,35,0,5,334,-2511,164386,-0.01527502342048593,7.670647982695383,5,0,0,0,0,0,0,1,217.59,343.86,5.07,1,48266c1b43744e76a732042b1988382902eafa50665c991e168ae355eb6793c6
uta-s-92,official,10,TBR,200,5,35,35,0,5,334,-2511,164386,-0.01527502342048593,7.670647982695383,5,0,0,0,0,0,0,1,221.51,366.39,5.49,1,48266c1b43744e76a732042b1988382902eafa50665c991e168ae355eb6793c6
uta-s-92,official,10,TBRPLUS,200,5,35,35,0,5,334,-2511,164386,-0.01527502342048593,7.670647982695383,5,0,0,0,0,0,0,1,216.8,333.24,4.96,1,48266c1b43744e76a732042b1988382902eafa50665c991e168ae355eb6793c6
uta-s-92,official,10,SINGLE,200,5,35,35,0,5,334,-2511,164386,-0.01527502342048593,7.670647982695383,5,0,0,0,0,0,0,1,226.26,339.28,5.02,1,48266c1b43744e76a732042b1988382902eafa50665c991e168ae355eb6793c6
uta-s-92,official,10,RECOMPUTE,200,4,35,35,0,227,10974,1752,164386,0.010657841908678354,7.87463556851312,0,0,0,0,0,0,4,223,28095.01,32803.26,3.98,1,23a3e7e045294a80b1d38747fcc607c19f0a49f63e7b16d0808bb161023d9ee1
uta-s-92,tight,11,TBRPLUS,200,7,31,32,1,9,1013,-2756,169499,-0.016259682947981993,7.892504467224678,5,0,0,1,1,1,0,3,123.19,49168.74,5.95,1,94e8ff045b2dd22d1e95df30ca85341bc88675c51d97e7f27e1ce32a8d672faf
uta-s-92,tight,11,TBRPLUS_N20000,200,7,31,32,1,9,1013,-2756,169499,-0.016259682947981993,7.892504467224678,5,0,0,1,1,1,0,3,126.16,436140.62,6.01,1,94e8ff045b2dd22d1e95df30ca85341bc88675c51d97e7f27e1ce32a8d672faf
uta-s-92,tight,11,ONE_BLOCKER,200,7,31,33,2,7,788,-2139,169499,-0.012619543478132614,7.921517915922129,5,0,0,0,2,0,0,1,177.73,475.41,5.72,1,61ae36c3c6f7b4ab6dbaad2420066aa9501186d2c576721559fdc82b60b9bdea
uta-s-92,tight,11,SINGLE,200,7,31,33,2,7,788,-2139,169499,-0.012619543478132614,7.921517915922129,5,0,0,0,2,0,0,1,81.58,256.71,5.54,1,61ae36c3c6f7b4ab6dbaad2420066aa9501186d2c576721559fdc82b60b9bdea
uta-s-92,tight,11,RECOMPUTE,200,9,31,31,0,1343,78079,-12057,169499,-0.0711331630275105,7.455515846891752,0,0,0,0,0,0,9,377,30463.14,34314.1,5.19,1,fff79a2e3802b99177334aa7b2fb3bec6af8b1aeb4b2b9a5eb1bbdcd459d84f5
uta-s-92,tight,11,TBR,200,7,31,33,2,7,788,-2139,169499,-0.012619543478132614,7.921517915922129,5,0,0,0,2,0,0,1,182.59,2664.3,5.45,1,61ae36c3c6f7b4ab6dbaad2420066aa9501186d2c576721559fdc82b60b9bdea
uta-s-92,official,11,TBRPLUS,200,7,35,35,0,7,769,-3782,169499,-0.022312816004814186,7.844352487538794,7,0,0,0,0,0,0,1,345.86,392.61,5.66,1,82feca09c1c451832793a53c714ad25416c685c398f2a7d259d9661631219258
uta-s-92,official,11,TBRPLUS_N20000,200,7,35,35,0,7,769,-3782,169499,-0.022312816004814186,7.844352487538794,7,0,0,0,0,0,0,1,331.93,373.31,5.12,1,82feca09c1c451832793a53c714ad25416c685c398f2a7d259d9661631219258
uta-s-92,official,11,ONE_BLOCKER,200,7,35,35,0,7,769,-3782,169499,-0.022312816004814186,7.844352487538794,7,0,0,0,0,0,0,1,339.35,369.69,5.28,1,82feca09c1c451832793a53c714ad25416c685c398f2a7d259d9661631219258
uta-s-92,official,11,SINGLE,200,7,35,35,0,7,769,-3782,169499,-0.022312816004814186,7.844352487538794,7,0,0,0,0,0,0,1,329.3,375.21,5.23,1,82feca09c1c451832793a53c714ad25416c685c398f2a7d259d9661631219258
uta-s-92,official,11,RECOMPUTE,200,9,35,35,0,1343,78079,-12057,169499,-0.0711331630275105,7.455515846891752,0,0,0,0,0,0,9,377,30796.26,55162.19,5.16,1,f119e88b852083bac9835666d2ab96e8217f25e6a4d88a87c23def6b287aa32d
uta-s-92,official,11,TBR,200,7,35,35,0,7,769,-3782,169499,-0.022312816004814186,7.844352487538794,7,0,0,0,0,0,0,1,355.61,417.79,5.59,1,82feca09c1c451832793a53c714ad25416c685c398f2a7d259d9661631219258
uta-s-92,tight,12,TBR,200,10,32,33,1,11,1170,-3532,167814,-0.021047111683173036,7.773112009780871,8,1,0,0,1,0,0,2,150.87,2962.03,6.05,1,8765f883ac66b34df33b03d1540b4ab003be5dbaf76a31142e58d7a49516bc73
uta-s-92,tight,12,SINGLE,200,10,32,34,2,10,1104,-3978,167814,-0.023704816046337018,7.7521395655036205,8,0,0,0,2,0,0,1,138.32,236.87,5.28,1,e4bd65194232cb1c8b9c2be20a73848716cdffdcf76e1233e6d09de84abb44e4
uta-s-92,tight,12,RECOMPUTE,200,6,32,32,0,1228,74503,-5441,167814,-0.032422801434921995,7.687247249130067,0,0,0,0,0,0,6,379,32410.33,35292.14,4.59,1,7986821522e4b41376fd042821476e248fe9305e00e963a2fd6136ebd060d657
uta-s-92,tight,12,TBRPLUS,200,10,32,32,0,13,1501,-2927,167814,-0.017441929755562708,7.801561177466378,8,1,0,1,0,0,0,3,148.02,6147.77,5.21,1,8d617d0e494d7ad58f4ac9faed7e778cdc007f647d7b5bcad69db6c86cb38ab0
uta-s-92,tight,12,TBRPLUS_N20000,200,10,32,32,0,13,1501,-2927,167814,-0.017441929755562708,7.801561177466378,8,1,0,1,0,0,0,3,155.1,4677.98,5.83,1,8d617d0e494d7ad58f4ac9faed7e778cdc007f647d7b5bcad69db6c86cb38ab0
uta-s-92,tight,12,ONE_BLOCKER,200,10,32,33,1,11,1170,-3532,167814,-0.021047111683173036,7.773112009780871,8,1,0,0,1,0,0,2,154.55,613.83,5.36,1,8765f883ac66b34df33b03d1540b4ab003be5dbaf76a31142e58d7a49516bc73
uta-s-92,official,12,TBR,200,10,35,35,0,10,1222,-5575,167814,-0.03322130453954974,7.6777955421800055,10,0,0,0,0,0,0,1,262.17,348.85,5.21,1,b0b73a420c3b3343e8cd56b8d316d04d01b0b334f803327641a35e969aa116ad
uta-s-92,official,12,SINGLE,200,10,35,35,0,10,1222,-5575,167814,-0.03322130453954974,7.6777955421800055,10,0,0,0,0,0,0,1,252.35,365.1,5.14,1,b0b73a420c3b3343e8cd56b8d316d04d01b0b334f803327641a35e969aa116ad
uta-s-92,official,12,RECOMPUTE,200,6,35,35,0,1228,74503,-5441,167814,-0.032422801434921995,7.687247249130067,0,0,0,0,0,0,6,379,33509.25,56238.21,4.88,1,073adae60c4685ca9ecf12225a73abc3dc71ea8401670f757768c4fcefbc90e1
uta-s-92,official,12,TBRPLUS,200,10,35,35,0,10,1222,-5575,167814,-0.03322130453954974,7.6777955421800055,10,0,0,0,0,0,0,1,256.43,345.48,5.11,1,b0b73a420c3b3343e8cd56b8d316d04d01b0b334f803327641a35e969aa116ad
uta-s-92,official,12,TBRPLUS_N20000,200,10,35,35,0,10,1222,-5575,167814,-0.03322130453954974,7.6777955421800055,10,0,0,0,0,0,0,1,252.12,385.02,4.85,1,b0b73a420c3b3343e8cd56b8d316d04d01b0b334f803327641a35e969aa116ad
uta-s-92,official,12,ONE_BLOCKER,200,10,35,35,0,10,1222,-5575,167814,-0.03322130453954974,7.6777955421800055,10,0,0,0,0,0,0,1,269.58,366.57,5.81,1,b0b73a420c3b3343e8cd56b8d316d04d01b0b334f803327641a35e969aa116ad
uta-s-92,tight,13,RECOMPUTE,200,9,31,31,0,751,40974,4450,161278,0.02759210803705403,7.842941785008934,0,0,0,0,0,0,9,332,31400.02,52019.2,4.78,1,e566b53c680ba24c0241ec8c247a244f47dfbc081e0ef46b0dab63493b1b64d0
uta-s-92,tight,13,TBR,200,6,31,32,1,6,395,-1068,161278,-0.006622105928892967,7.586664158751058,5,0,0,0,1,0,0,1,124.16,2403.7,5.55,1,e3c0c5bf4cd922693533c044f12cc1df148cb8c3d555300afdf4f7c14592354a
uta-s-92,tight,13,TBRPLUS_N20000,200,6,31,32,1,6,395,-1068,161278,-0.006622105928892967,7.586664158751058,5,0,0,0,1,1,0,1,115.9,441903.06,5.72,1,e3c0c5bf4cd922693533c044f12cc1df148cb8c3d555300afdf4f7c14592354a
uta-s-92,tight,13,TBRPLUS,200,6,31,32,1,6,395,-1068,161278,-0.006622105928892967,7.586664158751058,5,0,0,0,1,1,0,1,130.71,41623.03,5.8,1,e3c0c5bf4cd922693533c044f12cc1df148cb8c3d555300afdf4f7c14592354a
uta-s-92,tight,13,ONE_BLOCKER,200,6,31,32,1,6,395,-1068,161278,-0.006622105928892967,7.586664158751058,5,0,0,0,1,0,0,1,120.7,346.01,5.68,1,e3c0c5bf4cd922693533c044f12cc1df148cb8c3d555300afdf4f7c14592354a
uta-s-92,tight,13,SINGLE,200,6,31,32,1,6,395,-1068,161278,-0.006622105928892967,7.586664158751058,5,0,0,0,1,0,0,1,106.49,166.82,5.3,1,e3c0c5bf4cd922693533c044f12cc1df148cb8c3d555300afdf4f7c14592354a
uta-s-92,official,13,RECOMPUTE,200,9,35,35,0,751,40974,4450,161278,0.02759210803705403,7.842941785008934,0,0,0,0,0,0,9,332,30846.84,34972.74,5.0,1,eadb828fe40eabb9f4ecf030502ebce3d8a8494f5619deff80a3297b24d078fe
uta-s-92,official,13,TBR,200,6,35,35,0,6,395,-1658,161278,-0.010280385421446199,7.558873318912819,6,0,0,0,0,0,0,1,315.35,371.53,5.12,1,0b55b53e82a108dce3ee04c21bd692d06fc81aea1102c4c5efa9ddcfc8f160a1
uta-s-92,official,13,TBRPLUS_N20000,200,6,35,35,0,6,395,-1658,161278,-0.010280385421446199,7.558873318912819,6,0,0,0,0,0,0,1,322.35,729.94,5.71,1,0b55b53e82a108dce3ee04c21bd692d06fc81aea1102c4c5efa9ddcfc8f160a1
uta-s-92,official,13,TBRPLUS,200,6,35,35,0,6,395,-1658,161278,-0.010280385421446199,7.558873318912819,6,0,0,0,0,0,0,1,311.71,363.0,5.18,1,0b55b53e82a108dce3ee04c21bd692d06fc81aea1102c4c5efa9ddcfc8f160a1
uta-s-92,official,13,ONE_BLOCKER,200,6,35,35,0,6,395,-1658,161278,-0.010280385421446199,7.558873318912819,6,0,0,0,0,0,0,1,311.84,378.02,5.21,1,0b55b53e82a108dce3ee04c21bd692d06fc81aea1102c4c5efa9ddcfc8f160a1
uta-s-92,official,13,SINGLE,200,6,35,35,0,6,395,-1658,161278,-0.010280385421446199,7.558873318912819,6,0,0,0,0,0,0,1,308.34,368.38,5.16,1,0b55b53e82a108dce3ee04c21bd692d06fc81aea1102c4c5efa9ddcfc8f160a1
uta-s-92,tight,14,TBRPLUS_N20000,200,10,31,31,0,10,496,-1813,166547,-0.010885816015899415,7.807392081256466,10,0,0,0,0,0,0,1,106.92,154.65,6.14,1,850d41a22ded10adaf908436d774dba7b3a16308e53e037206714e5a14280254
uta-s-92,tight,14,RECOMPUTE,200,10,31,31,0,449,18984,-364,166547,-0.0021855692387133963,7.87463556851312,0,0,0,0,0,0,10,184,29650.22,33164.38,5.57,1,31f89537d27d5ead7a023353e60b77f8b0bb14e72bac5cd96d2cbaee3c99c063
uta-s-92,tight,14,TBRPLUS,200,10,31,31,0,10,496,-1813,166547,-0.010885816015899415,7.807392081256466,10,0,0,0,0,0,0,1,105.85,143.93,5.45,1,850d41a22ded10adaf908436d774dba7b3a16308e53e037206714e5a14280254
uta-s-92,tight,14,SINGLE,200,10,31,31,0,10,496,-1813,166547,-0.010885816015899415,7.807392081256466,10,0,0,0,0,0,0,1,99.38,134.77,5.41,1,850d41a22ded10adaf908436d774dba7b3a16308e53e037206714e5a14280254
uta-s-92,tight,14,TBR,200,10,31,31,0,10,496,-1813,166547,-0.010885816015899415,7.807392081256466,10,0,0,0,0,0,0,1,101.13,148.57,5.7,1,850d41a22ded10adaf908436d774dba7b3a16308e53e037206714e5a14280254
uta-s-92,tight,14,ONE_BLOCKER,200,10,31,31,0,10,496,-1813,166547,-0.010885816015899415,7.807392081256466,10,0,0,0,0,0,0,1,95.93,137.83,5.21,1,850d41a22ded10adaf908436d774dba7b3a16308e53e037206714e5a14280254
uta-s-92,official,14,TBRPLUS_N20000,200,10,35,35,0,10,496,-2286,166547,-0.013725855164007757,7.785150004702341,10,0,0,0,0,0,0,1,209.68,315.46,5.45,1,240c5bdd8a28408eca29032a290b836fa7919d89ed15cdd26fde828b2e2aa54a
uta-s-92,official,14,RECOMPUTE,200,10,35,35,0,449,18984,-364,166547,-0.0021855692387133963,7.87463556851312,0,0,0,0,0,0,10,184,28905.3,31992.17,4.92,1,e640054e74c7c946d11848f3016d043445c1401a7a74167e4a12f0db30492b94
uta-s-92,official,14,TBRPLUS,200,10,35,35,0,10,496,-2286,166547,-0.013725855164007757,7.785150004702341,10,0,0,0,0,0,0,1,212.81,339.12,5.03,1,240c5bdd8a28408eca29032a290b836fa7919d89ed15cdd26fde828b2e2aa54a
uta-s-92,official,14,SINGLE,200,10,35,35,0,10,496,-2286,166547,-0.013725855164007757,7.785150004702341,10,0,0,0,0,0,0,1,212.05,325.94,5.85,1,240c5bdd8a28408eca29032a290b836fa7919d89ed15cdd26fde828b2e2aa54a
uta-s-92,official,14,TBR,200,10,35,35,0,10,496,-2286,166547,-0.013725855164007757,7.785150004702341,10,0,0,0,0,0,0,1,210.94,325.58,5.35,1,240c5bdd8a28408eca29032a290b836fa7919d89ed15cdd26fde828b2e2aa54a
uta-s-92,official,14,ONE_BLOCKER,200,10,35,35,0,10,496,-2286,166547,-0.013725855164007757,7.785150004702341,10,0,0,0,0,0,0,1,224.09,325.67,5.13,1,240c5bdd8a28408eca29032a290b836fa7919d89ed15cdd26fde828b2e2aa54a
uta-s-92,tight,15,SINGLE,200,7,31,32,1,7,631,-1578,162049,-0.009737795358194126,7.599454528355121,6,0,0,0,1,0,0,1,143.48,259.33,5.97,1,3ddebbeaf805c92a1fcab6775be960c556f942e53de52144612423aa0980b6d8
uta-s-92,tight,15,TBRPLUS,200,7,31,32,1,7,631,-1578,162049,-0.009737795358194126,7.599454528355121,6,0,0,0,1,1,0,1,181.64,40087.04,7.29,1,3ddebbeaf805c92a1fcab6775be960c556f942e53de52144612423aa0980b6d8
uta-s-92,tight,15,RECOMPUTE,200,10,31,32,1,1244,70632,4159,162049,0.02566507661262951,7.87463556851312,0,0,0,0,0,0,10,361,30879.09,50830.9,5.17,1,d80881c4af85d97a158c449e866b70ce97f0be6a9d97e2c032388c9d20e90360
uta-s-92,tight,15,ONE_BLOCKER,200,7,31,32,1,7,631,-1578,162049,-0.009737795358194126,7.599454528355121,6,0,0,0,1,0,0,1,174.6,363.19,5.03,1,3ddebbeaf805c92a1fcab6775be960c556f942e53de52144612423aa0980b6d8
uta-s-92,tight,15,TBRPLUS_N20000,200,7,31,31,0,11,1282,-1170,162049,-0.0072200383834519185,7.618404965672905,6,0,0,1,0,0,0,5,148.94,197820.52,5.79,1,2d235321f6c0299ad40fee2622e79a025564a0fbe09bd276b613077251258bdc
uta-s-92,tight,15,TBR,200,7,31,32,1,7,631,-1578,162049,-0.009737795358194126,7.599454528355121,6,0,0,0,1,0,0,1,187.54,3312.25,5.92,1,3ddebbeaf805c92a1fcab6775be960c556f942e53de52144612423aa0980b6d8
uta-s-92,official,15,SINGLE,200,7,35,35,0,7,631,-2186,162049,-0.0134897469283982,7.570676196745979,7,0,0,0,0,0,0,1,255.27,415.62,5.55,1,cc0f25caec4e176a79d947375b37e5851593423afc6740f8a206b2ac19da1e05
uta-s-92,official,15,TBRPLUS,200,7,35,35,0,7,631,-2186,162049,-0.0134897469283982,7.570676196745979,7,0,0,0,0,0,0,1,251.36,408.67,5.33,1,cc0f25caec4e176a79d947375b37e5851593423afc6740f8a206b2ac19da1e05
uta-s-92,official,15,RECOMPUTE,200,10,35,35,0,1244,70632,4159,162049,0.02566507661262951,7.87463556851312,0,0,0,0,0,0,10,361,31995.77,37727.46,5.64,1,a8c291ec960f6212fba576f2cd412c75c1a9a085c4475e8451e8adf48471eedd
uta-s-92,official,15,ONE_BLOCKER,200,7,35,35,0,7,631,-2186,162049,-0.0134897469283982,7.570676196745979,7,0,0,0,0,0,0,1,258.67,389.13,5.2,1,cc0f25caec4e176a79d947375b37e5851593423afc6740f8a206b2ac19da1e05
uta-s-92,official,15,TBRPLUS_N20000,200,7,35,35,0,7,631,-2186,162049,-0.0134897469283982,7.570676196745979,7,0,0,0,0,0,0,1,249.31,391.22,5.65,1,cc0f25caec4e176a79d947375b37e5851593423afc6740f8a206b2ac19da1e05
uta-s-92,official,15,TBR,200,7,35,35,0,7,631,-2186,162049,-0.0134897469283982,7.570676196745979,7,0,0,0,0,0,0,1,239.95,415.15,5.32,1,cc0f25caec4e176a79d947375b37e5851593423afc6740f8a206b2ac19da1e05
uta-s-92,tight,16,TBR,200,6,31,31,0,6,360,-1550,167942,-0.009229376808660133,7.884604533057463,6,0,0,0,0,0,0,1,125.57,204.28,5.5,1,33ec6ea0adcb60f2cb47e7ee53627937df009b1e6fcf75ea3bfef6140db47028
uta-s-92,tight,16,TBRPLUS_N20000,200,6,31,31,0,6,360,-1550,167942,-0.009229376808660133,7.884604533057463,6,0,0,0,0,0,0,1,169.33,499.71,5.69,1,33ec6ea0adcb60f2cb47e7ee53627937df009b1e6fcf75ea3bfef6140db47028
uta-s-92,tight,16,RECOMPUTE,200,4,31,31,0,287,14896,2,167942,1.1908873301496946e-05,7.955374776638766,0,0,0,0,0,0,4,266,28726.82,31983.03,4.18,1,388522dce88353bd023b322948d4b5be663ecfa2b335eaee88a2cfaf811d66d3
uta-s-92,tight,16,TBRPLUS,200,6,31,31,0,6,360,-1550,167942,-0.009229376808660133,7.884604533057463,6,0,0,0,0,0,0,1,133.49,201.01,4.91,1,33ec6ea0adcb60f2cb47e7ee53627937df009b1e6fcf75ea3bfef6140db47028
uta-s-92,tight,16,SINGLE,200,6,31,31,0,6,360,-1550,167942,-0.009229376808660133,7.884604533057463,6,0,0,0,0,0,0,1,135.82,186.75,4.9,1,33ec6ea0adcb60f2cb47e7ee53627937df009b1e6fcf75ea3bfef6140db47028
uta-s-92,tight,16,ONE_BLOCKER,200,6,31,31,0,6,360,-1550,167942,-0.009229376808660133,7.884604533057463,6,0,0,0,0,0,0,1,147.44,209.63,5.08,1,33ec6ea0adcb60f2cb47e7ee53627937df009b1e6fcf75ea3bfef6140db47028
uta-s-92,official,16,TBR,200,6,35,35,0,6,360,-2066,167942,-0.012301866120446344,7.860340449543873,6,0,0,0,0,0,0,1,238.4,400.3,5.59,1,d9ff158fe0f44cd5e021ac7df7c42cd813505315c2b245444255b9ed2b04d146
uta-s-92,official,16,TBRPLUS_N20000,200,6,35,35,0,6,360,-2066,167942,-0.012301866120446344,7.860340449543873,6,0,0,0,0,0,0,1,218.66,393.27,5.05,1,d9ff158fe0f44cd5e021ac7df7c42cd813505315c2b245444255b9ed2b04d146
uta-s-92,official,16,RECOMPUTE,200,4,35,35,0,287,14896,2,167942,1.1908873301496946e-05,7.955374776638766,0,0,0,0,0,0,4,266,28767.08,34732.75,4.32,1,54bbb12a925b9f3af403dda840b4a2cfac7041ad34b829e75310b63778996b20
uta-s-92,official,16,TBRPLUS,200,6,35,35,0,6,360,-2066,167942,-0.012301866120446344,7.860340449543873,6,0,0,0,0,0,0,1,215.66,382.32,5.14,1,d9ff158fe0f44cd5e021ac7df7c42cd813505315c2b245444255b9ed2b04d146
uta-s-92,official,16,SINGLE,200,6,35,35,0,6,360,-2066,167942,-0.012301866120446344,7.860340449543873,6,0,0,0,0,0,0,1,210.24,368.92,4.87,1,d9ff158fe0f44cd5e021ac7df7c42cd813505315c2b245444255b9ed2b04d146
uta-s-92,official,16,ONE_BLOCKER,200,6,35,35,0,6,360,-2066,167942,-0.012301866120446344,7.860340449543873,6,0,0,0,0,0,0,1,220.0,393.01,5.05,1,d9ff158fe0f44cd5e021ac7df7c42cd813505315c2b245444255b9ed2b04d146
uta-s-92,tight,17,TBRPLUS,200,4,31,31,0,4,292,-650,166357,-0.003907259688501235,7.8489137590520075,4,0,0,0,0,0,0,1,132.91,168.29,5.08,1,884ff4a77ee8b2c881fa8e47f13ed176e0d7fd2252b5a75f8be2c8c44b8a1927
uta-s-92,tight,17,SINGLE,200,4,31,31,0,4,292,-650,166357,-0.003907259688501235,7.8489137590520075,4,0,0,0,0,0,0,1,132.45,155.19,5.5,1,884ff4a77ee8b2c881fa8e47f13ed176e0d7fd2252b5a75f8be2c8c44b8a1927
uta-s-92,tight,17,TBR,200,4,31,31,0,4,292,-650,166357,-0.003907259688501235,7.8489137590520075,4,0,0,0,0,0,0,1,127.68,169.29,5.02,1,884ff4a77ee8b2c881fa8e47f13ed176e0d7fd2252b5a75f8be2c8c44b8a1927
uta-s-92,tight,17,ONE_BLOCKER,200,4,31,31,0,4,292,-650,166357,-0.003907259688501235,7.8489137590520075,4,0,0,0,0,0,0,1,125.73,182.97,5.29,1,884ff4a77ee8b2c881fa8e47f13ed176e0d7fd2252b5a75f8be2c8c44b8a1927
uta-s-92,tight,17,TBRPLUS_N20000,200,4,31,31,0,4,292,-650,166357,-0.003907259688501235,7.8489137590520075,4,0,0,0,0,0,0,1,122.09,162.31,4.7,1,884ff4a77ee8b2c881fa8e47f13ed176e0d7fd2252b5a75f8be2c8c44b8a1927
uta-s-92,tight,17,RECOMPUTE,200,3,31,31,0,279,12784,-251,166357,-0.0015088033566366308,7.866829681181228,0,0,0,0,0,0,3,171,29827.82,33281.11,3.64,1,311167cd591b9c767e53c8ef4a95ae66af1693ae96c0ebbcdb9b27907ca77beb
uta-s-92,official,17,TBRPLUS,200,4,35,35,0,4,234,-930,166357,-0.005590386938932537,7.835747202106649,4,0,0,0,0,0,0,1,253.92,336.86,5.19,1,4e65bbddea3071fc7d0462c22d5741b28437335c0aaff0225363ea3afffe2264
uta-s-92,official,17,SINGLE,200,4,35,35,0,4,234,-930,166357,-0.005590386938932537,7.835747202106649,4,0,0,0,0,0,0,1,233.66,338.71,4.87,1,4e65bbddea3071fc7d0462c22d5741b28437335c0aaff0225363ea3afffe2264
uta-s-92,official,17,TBR,200,4,35,35,0,4,234,-930,166357,-0.005590386938932537,7.835747202106649,4,0,0,0,0,0,0,1,341.05,462.9,5.29,1,4e65bbddea3071fc7d0462c22d5741b28437335c0aaff0225363ea3afffe2264
uta-s-92,official,17,ONE_BLOCKER,200,4,35,35,0,4,234,-930,166357,-0.005590386938932537,7.835747202106649,4,0,0,0,0,0,0,1,234.39,349.18,4.95,1,4e65bbddea3071fc7d0462c22d5741b28437335c0aaff0225363ea3afffe2264
uta-s-92,official,17,TBRPLUS_N20000,200,4,35,35,0,4,234,-930,166357,-0.005590386938932537,7.835747202106649,4,0,0,0,0,0,0,1,355.83,500.45,5.41,1,4e65bbddea3071fc7d0462c22d5741b28437335c0aaff0225363ea3afffe2264
uta-s-92,official,17,RECOMPUTE,200,3,35,35,0,279,12784,-251,166357,-0.0015088033566366308,7.866829681181228,0,0,0,0,0,0,3,171,30807.14,32814.77,4.63,1,e045ba49f9e582d387a6d6e2917e1822616ce968d8697ea9adb4cf44ed5962cf
uta-s-92,tight,18,SINGLE,200,8,31,32,1,8,529,-2339,158719,-0.014736735992540275,7.401297846327471,7,0,0,0,1,0,0,1,110.26,187.36,5.46,1,3cd5d86eacb5521e5ed54a95f726e360db46df0dfc3b587521c9e81cac5d0a9a
uta-s-92,tight,18,TBRPLUS,200,8,31,32,1,8,529,-2339,158719,-0.014736735992540275,7.401297846327471,7,0,0,0,1,1,0,1,120.91,34091.52,5.83,1,3cd5d86eacb5521e5ed54a95f726e360db46df0dfc3b587521c9e81cac5d0a9a
uta-s-92,tight,18,ONE_BLOCKER,200,8,31,32,1,8,529,-2339,158719,-0.014736735992540275,7.401297846327471,7,0,0,0,1,0,0,1,128.09,428.93,5.91,1,3cd5d86eacb5521e5ed54a95f726e360db46df0dfc3b587521c9e81cac5d0a9a
uta-s-92,tight,18,TBRPLUS_N20000,200,8,31,31,0,12,1108,-2591,158719,-0.01632444760866689,7.390153296341578,7,0,0,1,0,0,0,5,116.15,57097.2,5.88,1,10bde7fcef5ec6dd866d12228dc764c03e1c3824631606c7e369923f1e31dd78
uta-s-92,tight,18,TBR,200,8,31,32,1,8,529,-2339,158719,-0.014736735992540275,7.401297846327471,7,0,0,0,1,0,0,1,114.36,1840.19,5.58,1,3cd5d86eacb5521e5ed54a95f726e360db46df0dfc3b587521c9e81cac5d0a9a
uta-s-92,tight,18,RECOMPUTE,200,12,31,31,0,949,54187,2524,158719,0.015902317932950688,7.632041756794884,0,0,0,0,0,0,12,411,33128.62,52996.51,5.78,1,a993691a8879bec55fd50fc57c558256427654867b99cecb55a233ddb9d26de9
uta-s-92,official,18,SINGLE,200,8,35,35,0,8,529,-2588,158719,-0.016305546279903476,7.389212827988338,8,0,0,0,0,0,0,1,290.24,414.34,5.89,1,445f0f133c66e07925b49413b255dd3e2cd27edef6f461df61ac1c8166a052fd
uta-s-92,official,18,TBRPLUS,200,8,35,35,0,8,529,-2588,158719,-0.016305546279903476,7.389212827988338,8,0,0,0,0,0,0,1,286.9,413.82,5.35,1,445f0f133c66e07925b49413b255dd3e2cd27edef6f461df61ac1c8166a052fd
uta-s-92,official,18,ONE_BLOCKER,200,8,35,35,0,8,529,-2588,158719,-0.016305546279903476,7.389212827988338,8,0,0,0,0,0,0,1,322.63,633.7,6.07,1,445f0f133c66e07925b49413b255dd3e2cd27edef6f461df61ac1c8166a052fd
uta-s-92,official,18,TBRPLUS_N20000,200,8,35,35,0,8,529,-2588,158719,-0.016305546279903476,7.389212827988338,8,0,0,0,0,0,0,1,269.84,414.18,5.53,1,445f0f133c66e07925b49413b255dd3e2cd27edef6f461df61ac1c8166a052fd
uta-s-92,official,18,TBR,200,8,35,35,0,8,529,-2588,158719,-0.016305546279903476,7.389212827988338,8,0,0,0,0,0,0,1,269.24,420.39,5.25,1,445f0f133c66e07925b49413b255dd3e2cd27edef6f461df61ac1c8166a052fd
uta-s-92,official,18,RECOMPUTE,200,12,35,35,0,949,54187,2524,158719,0.015902317932950688,7.632041756794884,0,0,0,0,0,0,12,411,30365.56,49059.06,5.17,1,23bab6d79ffce03afa4fdbad0a741d12de0ca000cf76393053450b201a8427cc
uta-s-92,tight,19,TBR,200,8,31,32,1,8,615,-2726,166073,-0.016414468336213593,7.735681369321922,7,0,0,0,1,0,0,1,121.19,1729.35,5.69,1,8f6cd96a2cdd75661e09413c818cf62573644d14a68e41a1c4063b1409601530
uta-s-92,tight,19,RECOMPUTE,200,9,31,31,0,646,30433,244,166073,0.0014692334094042981,7.87463556851312,0,0,0,0,0,0,9,250,30384.33,32537.47,5.23,1,d2d3f11af06aa56c691ee51ad224161863371d978cb488bd5cafff56815a2331
uta-s-92,tight,19,SINGLE,200,8,31,32,1,8,615,-2726,166073,-0.016414468336213593,7.735681369321922,7,0,0,0,1,0,0,1,109.84,142.04,5.12,1,8f6cd96a2cdd75661e09413c818cf62573644d14a68e41a1c4063b1409601530
uta-s-92,tight,19,TBRPLUS,200,8,31,31,0,10,777,-2667,166073,-0.016059202880660914,7.73845575096398,7,0,0,1,0,0,0,3,129.59,9488.87,5.79,1,f11a4ee59833b47b10183732256051492eb8adf56c732fb9441142c8b7ef15e5
uta-s-92,tight,19,TBRPLUS_N20000,200,8,31,31,0,10,777,-2667,166073,-0.016059202880660914,7.73845575096398,7,0,0,1,0,0,0,3,113.89,9664.43,5.47,1,f11a4ee59833b47b10183732256051492eb8adf56c732fb9441142c8b7ef15e5
uta-s-92,tight,19,ONE_BLOCKER,200,8,31,32,1,8,615,-2726,166073,-0.016414468336213593,7.735681369321922,7,0,0,0,1,0,0,1,119.83,403.64,5.43,1,8f6cd96a2cdd75661e09413c818cf62573644d14a68e41a1c4063b1409601530
uta-s-92,official,19,TBR,200,8,35,35,0,8,614,-3309,166073,-0.019924972752945993,7.708266716824979,8,0,0,0,0,0,0,1,302.36,407.26,5.55,1,a5eab5616a36e1c4272c3a821f5729d3d8db4464121640ee43d319ea75cbe865
uta-s-92,official,19,RECOMPUTE,200,9,35,35,0,646,30433,244,166073,0.0014692334094042981,7.87463556851312,0,0,0,0,0,0,9,250,31657.62,53511.22,5.17,1,383f21d1df673e9e617e88c35dea7bc9953d09b95724d1bce05a2c4c516d5eb3
uta-s-92,official,19,SINGLE,200,8,35,35,0,8,614,-3309,166073,-0.019924972752945993,7.708266716824979,8,0,0,0,0,0,0,1,304.21,388.92,5.3,1,a5eab5616a36e1c4272c3a821f5729d3d8db4464121640ee43d319ea75cbe865
uta-s-92,official,19,TBRPLUS,200,8,35,35,0,8,614,-3309,166073,-0.019924972752945993,7.708266716824979,8,0,0,0,0,0,0,1,287.33,399.83,5.56,1,a5eab5616a36e1c4272c3a821f5729d3d8db4464121640ee43d319ea75cbe865
uta-s-92,official,19,TBRPLUS_N20000,200,8,35,35,0,8,614,-3309,166073,-0.019924972752945993,7.708266716824979,8,0,0,0,0,0,0,1,322.18,603.91,6.96,1,a5eab5616a36e1c4272c3a821f5729d3d8db4464121640ee43d319ea75cbe865
uta-s-92,official,19,ONE_BLOCKER,200,8,35,35,0,8,614,-3309,166073,-0.019924972752945993,7.708266716824979,8,0,0,0,0,0,0,1,373.37,429.76,6.12,1,a5eab5616a36e1c4272c3a821f5729d3d8db4464121640ee43d319ea75cbe865
ute-s-92,tight,10,ONE_BLOCKER,200,3,11,11,0,3,76,-2592,156440,-0.01656865251853746,57.86504183339396,3,0,0,0,0,0,0,1,95.03,1498.6,4.03,1,d7c2375fc9533a032880a6977c5f7939446c34338017f8c4f93a3f4f7b58960f
ute-s-92,tight,10,TBRPLUS_N20000,200,3,11,11,0,3,76,-2592,156440,-0.01656865251853746,57.86504183339396,3,0,0,0,0,0,0,1,53.59,103.09,3.71,1,d7c2375fc9533a032880a6977c5f7939446c34338017f8c4f93a3f4f7b58960f
ute-s-92,tight,10,TBR,200,3,11,11,0,3,76,-2592,156440,-0.01656865251853746,57.86504183339396,3,0,0,0,0,0,0,1,87.27,101.71,4.31,1,d7c2375fc9533a032880a6977c5f7939446c34338017f8c4f93a3f4f7b58960f
ute-s-92,tight,10,TBRPLUS,200,3,11,11,0,3,76,-2592,156440,-0.01656865251853746,57.86504183339396,3,0,0,0,0,0,0,1,59.58,88.27,3.72,1,d7c2375fc9533a032880a6977c5f7939446c34338017f8c4f93a3f4f7b58960f
ute-s-92,tight,10,SINGLE,200,3,11,11,0,3,76,-2592,156440,-0.01656865251853746,57.86504183339396,3,0,0,0,0,0,0,1,82.98,117.38,5.46,1,d7c2375fc9533a032880a6977c5f7939446c34338017f8c4f93a3f4f7b58960f
ute-s-92,tight,10,RECOMPUTE,200,3,11,11,0,26,1362,-50,156440,-0.0003196113525952442,58.824663514005096,0,0,0,0,0,0,3,20,1647.48,1849.75,2.65,1,c68d5c5768784144b689fb515a20fc1a5f06a5dcc71b44f6b32bb5e636f148b2
ute-s-92,official,10,ONE_BLOCKER,200,3,11,11,0,3,76,-2592,156440,-0.01656865251853746,57.86504183339396,3,0,0,0,0,0,0,1,56.02,94.09,3.79,1,d7c2375fc9533a032880a6977c5f7939446c34338017f8c4f93a3f4f7b58960f
ute-s-92,official,10,TBRPLUS_N20000,200,3,11,11,0,3,76,-2592,156440,-0.01656865251853746,57.86504183339396,3,0,0,0,0,0,0,1,53.63,84.98,3.62,1,d7c2375fc9533a032880a6977c5f7939446c34338017f8c4f93a3f4f7b58960f
ute-s-92,official,10,TBR,200,3,11,11,0,3,76,-2592,156440,-0.01656865251853746,57.86504183339396,3,0,0,0,0,0,0,1,55.39,85.83,3.8,1,d7c2375fc9533a032880a6977c5f7939446c34338017f8c4f93a3f4f7b58960f
ute-s-92,official,10,TBRPLUS,200,3,11,11,0,3,76,-2592,156440,-0.01656865251853746,57.86504183339396,3,0,0,0,0,0,0,1,55.65,84.78,3.64,1,d7c2375fc9533a032880a6977c5f7939446c34338017f8c4f93a3f4f7b58960f
ute-s-92,official,10,SINGLE,200,3,11,11,0,3,76,-2592,156440,-0.01656865251853746,57.86504183339396,3,0,0,0,0,0,0,1,55.71,85.86,3.84,1,d7c2375fc9533a032880a6977c5f7939446c34338017f8c4f93a3f4f7b58960f
ute-s-92,official,10,RECOMPUTE,200,3,11,11,0,26,1362,-50,156440,-0.0003196113525952442,58.824663514005096,0,0,0,0,0,0,3,20,1380.73,1505.23,2.54,1,c68d5c5768784144b689fb515a20fc1a5f06a5dcc71b44f6b32bb5e636f148b2
ute-s-92,tight,11,TBRPLUS,200,3,10,10,0,5,239,-3866,156618,-0.02468426362231672,57.501273190251,2,0,0,1,0,0,0,3,86.36,3507.52,3.79,1,23d2747f80c9b1bc2c8ab072b0afcafd1df8bd0e4725c12741cc84133a45d939
ute-s-92,tight,11,TBRPLUS_N20000,200,3,10,10,0,5,239,-3866,156618,-0.02468426362231672,57.501273190251,2,0,0,1,0,0,0,3,91.0,2868.65,3.79,1,23d2747f80c9b1bc2c8ab072b0afcafd1df8bd0e4725c12741cc84133a45d939
ute-s-92,tight,11,ONE_BLOCKER,200,4,10,11,1,4,190,-4542,156618,-0.0290004980270467,57.2819206984358,3,0,0,0,1,0,0,1,83.25,91.7,3.87,1,201480fca2d73b58e383b0f9f2f09bf47b70de764e21e3f613dfca057b7bc034
ute-s-92,tight,11,SINGLE,200,4,10,11,1,4,190,-4542,156618,-0.0290004980270467,57.2819206984358,3,0,0,0,1,0,0,1,77.63,90.48,3.92,1,201480fca2d73b58e383b0f9f2f09bf47b70de764e21e3f613dfca057b7bc034
ute-s-92,tight,11,RECOMPUTE,200,4,10,11,1,94,5517,-256,156618,-0.001634550307116679,58.871953437613676,0,0,0,0,0,0,4,85,1393.09,1617.41,2.65,1,7aedf084edca34f545f4639402a69f7187a85b329d82a8103bbc04c15b242351
ute-s-92,tight,11,TBR,200,4,10,11,1,4,190,-4542,156618,-0.0290004980270467,57.2819206984358,3,0,0,0,1,0,0,1,83.1,257.31,3.66,1,201480fca2d73b58e383b0f9f2f09bf47b70de764e21e3f613dfca057b7bc034
ute-s-92,official,11,TBRPLUS,200,3,10,10,0,5,239,-3866,156618,-0.02468426362231672,57.501273190251,2,0,0,1,0,0,0,3,88.14,2690.48,3.77,1,23d2747f80c9b1bc2c8ab072b0afcafd1df8bd0e4725c12741cc84133a45d939
ute-s-92,official,11,TBRPLUS_N20000,200,3,10,10,0,5,239,-3866,156618,-0.02468426362231672,57.501273190251,2,0,0,1,0,0,0,3,84.18,2672.96,3.67,1,23d2747f80c9b1bc2c8ab072b0afcafd1df8bd0e4725c12741cc84133a45d939
ute-s-92,official,11,ONE_BLOCKER,200,4,10,11,1,4,190,-4542,156618,-0.0290004980270467,57.2819206984358,3,0,0,0,1,0,0,1,85.26,86.87,3.7,1,201480fca2d73b58e383b0f9f2f09bf47b70de764e21e3f613dfca057b7bc034
ute-s-92,official,11,SINGLE,200,4,10,11,1,4,190,-4542,156618,-0.0290004980270467,57.2819206984358,3,0,0,0,1,0,0,1,97.89,110.06,4.17,1,201480fca2d73b58e383b0f9f2f09bf47b70de764e21e3f613dfca057b7bc034
ute-s-92,official,11,RECOMPUTE,200,4,10,11,1,94,5517,-256,156618,-0.001634550307116679,58.871953437613676,0,0,0,0,0,0,4,85,1407.55,1647.36,2.58,1,7aedf084edca34f545f4639402a69f7187a85b329d82a8103bbc04c15b242351
ute-s-92,official,11,TBR,200,4,10,11,1,4,190,-4542,156618,-0.0290004980270467,57.2819206984358,3,0,0,0,1,0,0,1,84.82,263.59,3.71,1,201480fca2d73b58e383b0f9f2f09bf47b70de764e21e3f613dfca057b7bc034
ute-s-92,tight,12,TBR,200,3,11,11,0,3,132,-4895,156730,-0.031232055126650927,57.22226264096035,3,0,0,0,0,0,0,1,95.72,98.07,3.8,1,f31b8b6aa37ed0412766977519276d349e84eca1e4f44a65e7fd88abd44314a8
ute-s-92,tight,12,SINGLE,200,3,11,11,0,3,132,-4895,156730,-0.031232055126650927,57.22226264096035,3,0,0,0,0,0,0,1,77.8,96.02,3.82,1,f31b8b6aa37ed0412766977519276d349e84eca1e4f44a65e7fd88abd44314a8
ute-s-92,tight,12,RECOMPUTE,200,3,11,11,0,148,7753,-1255,156730,-0.008007401263319084,58.62640960349218,0,0,0,0,0,0,3,84,1504.79,1716.74,2.67,1,69fb8f4793353ac64b4a923483e46a3701480de140e26561cab4026120e0ebcd
ute-s-92,tight,12,TBRPLUS,200,3,11,11,0,3,132,-4895,156730,-0.031232055126650927,57.22226264096035,3,0,0,0,0,0,0,1,77.37,94.43,3.73,1,f31b8b6aa37ed0412766977519276d349e84eca1e4f44a65e7fd88abd44314a8
ute-s-92,tight,12,TBRPLUS_N20000,200,3,11,11,0,3,132,-4895,156730,-0.031232055126650927,57.22226264096035,3,0,0,0,0,0,0,1,72.92,93.28,3.66,1,f31b8b6aa37ed0412766977519276d349e84eca1e4f44a65e7fd88abd44314a8
ute-s-92,tight,12,ONE_BLOCKER,200,3,11,11,0,3,132,-4895,156730,-0.031232055126650927,57.22226264096035,3,0,0,0,0,0,0,1,75.95,94.79,3.72,1,f31b8b6aa37ed0412766977519276d349e84eca1e4f44a65e7fd88abd44314a8
ute-s-92,official,12,TBR,200,3,11,11,0,3,132,-4895,156730,-0.031232055126650927,57.22226264096035,3,0,0,0,0,0,0,1,75.24,93.89,3.75,1,f31b8b6aa37ed0412766977519276d349e84eca1e4f44a65e7fd88abd44314a8
ute-s-92,official,12,SINGLE,200,3,11,11,0,3,132,-4895,156730,-0.031232055126650927,57.22226264096035,3,0,0,0,0,0,0,1,74.66,99.81,3.87,1,f31b8b6aa37ed0412766977519276d349e84eca1e4f44a65e7fd88abd44314a8
ute-s-92,official,12,RECOMPUTE,200,3,11,11,0,148,7753,-1255,156730,-0.008007401263319084,58.62640960349218,0,0,0,0,0,0,3,84,1477.67,1630.24,2.62,1,69fb8f4793353ac64b4a923483e46a3701480de140e26561cab4026120e0ebcd
ute-s-92,official,12,TBRPLUS,200,3,11,11,0,3,132,-4895,156730,-0.031232055126650927,57.22226264096035,3,0,0,0,0,0,0,1,82.31,96.01,3.8,1,f31b8b6aa37ed0412766977519276d349e84eca1e4f44a65e7fd88abd44314a8
ute-s-92,official,12,TBRPLUS_N20000,200,3,11,11,0,3,132,-4895,156730,-0.031232055126650927,57.22226264096035,3,0,0,0,0,0,0,1,71.38,95.84,3.73,1,f31b8b6aa37ed0412766977519276d349e84eca1e4f44a65e7fd88abd44314a8
ute-s-92,official,12,ONE_BLOCKER,200,3,11,11,0,3,132,-4895,156730,-0.031232055126650927,57.22226264096035,3,0,0,0,0,0,0,1,96.98,97.77,3.76,1,f31b8b6aa37ed0412766977519276d349e84eca1e4f44a65e7fd88abd44314a8
ute-s-92,tight,13,RECOMPUTE,200,1,10,10,0,9,272,517,155909,0.0033160369189719646,58.94361586031284,0,0,0,0,0,0,1,9,2781.51,2781.51,2.59,1,e4f916749d7e037952e5a3944e1c05940940db7ab9b1dd65792007d48656f1a9
ute-s-92,tight,13,TBR,200,1,10,10,0,1,37,-1062,155909,-0.0068116657793969556,58.36376864314296,1,0,0,0,0,0,0,1,112.76,112.76,3.77,1,b7668a84504a269480eab0ce2d3f8bc27b0c1f539deab32df412b75a01ca0173
ute-s-92,tight,13,TBRPLUS_N20000,200,1,10,10,0,1,37,-1062,155909,-0.0068116657793969556,58.36376864314296,1,0,0,0,0,0,0,1,81.82,81.82,3.68,1,b7668a84504a269480eab0ce2d3f8bc27b0c1f539deab32df412b75a01ca0173
ute-s-92,tight,13,TBRPLUS,200,1,10,10,0,1,37,-1062,155909,-0.0068116657793969556,58.36376864314296,1,0,0,0,0,0,0,1,87.41,87.41,3.64,1,b7668a84504a269480eab0ce2d3f8bc27b0c1f539deab32df412b75a01ca0173
ute-s-92,tight,13,ONE_BLOCKER,200,1,10,10,0,1,37,-1062,155909,-0.0068116657793969556,58.36376864314296,1,0,0,0,0,0,0,1,84.23,84.23,3.79,1,b7668a84504a269480eab0ce2d3f8bc27b0c1f539deab32df412b75a01ca0173
ute-s-92,tight,13,SINGLE,200,1,10,10,0,1,37,-1062,155909,-0.0068116657793969556,58.36376864314296,1,0,0,0,0,0,0,1,81.86,81.86,3.8,1,b7668a84504a269480eab0ce2d3f8bc27b0c1f539deab32df412b75a01ca0173
ute-s-92,official,13,RECOMPUTE,200,1,10,10,0,9,272,517,155909,0.0033160369189719646,58.94361586031284,0,0,0,0,0,0,1,9,1705.12,1705.12,2.48,1,e4f916749d7e037952e5a3944e1c05940940db7ab9b1dd65792007d48656f1a9
ute-s-92,official,13,TBR,200,1,10,10,0,1,37,-1062,155909,-0.0068116657793969556,58.36376864314296,1,0,0,0,0,0,0,1,110.99,110.99,3.72,1,b7668a84504a269480eab0ce2d3f8bc27b0c1f539deab32df412b75a01ca0173
ute-s-92,official,13,TBRPLUS_N20000,200,1,10,10,0,1,37,-1062,155909,-0.0068116657793969556,58.36376864314296,1,0,0,0,0,0,0,1,81.94,81.94,3.76,1,b7668a84504a269480eab0ce2d3f8bc27b0c1f539deab32df412b75a01ca0173
ute-s-92,official,13,TBRPLUS,200,1,10,10,0,1,37,-1062,155909,-0.0068116657793969556,58.36376864314296,1,0,0,0,0,0,0,1,87.31,87.31,3.87,1,b7668a84504a269480eab0ce2d3f8bc27b0c1f539deab32df412b75a01ca0173
ute-s-92,official,13,ONE_BLOCKER,200,1,10,10,0,1,37,-1062,155909,-0.0068116657793969556,58.36376864314296,1,0,0,0,0,0,0,1,109.05,109.05,3.75,1,b7668a84504a269480eab0ce2d3f8bc27b0c1f539deab32df412b75a01ca0173
ute-s-92,official,13,SINGLE,200,1,10,10,0,1,37,-1062,155909,-0.0068116657793969556,58.36376864314296,1,0,0,0,0,0,0,1,84.21,84.21,3.72,1,b7668a84504a269480eab0ce2d3f8bc27b0c1f539deab32df412b75a01ca0173
ute-s-92,tight,14,TBRPLUS_N20000,200,3,10,10,0,4,193,-4192,159055,-0.026355663135393417,58.29756275009094,2,1,0,0,0,0,0,2,62.79,87.04,3.68,1,0e00fa931537c13700cdb4950f8ec8961d1e8002729ad34a481dbb80b41fb812
ute-s-92,tight,14,RECOMPUTE,200,2,10,10,0,26,1264,-2667,159055,-0.016767784728553017,58.871953437613676,0,0,0,0,0,0,2,25,1466.59,1564.63,2.54,1,b7feeff29b29fd4eb6d0d2c930c403aa4b06f9b40d7a9972d30143fe538f2142
ute-s-92,tight,14,TBRPLUS,200,3,10,10,0,4,193,-4192,159055,-0.026355663135393417,58.29756275009094,2,1,0,0,0,0,0,2,86.43,88.78,3.66,1,0e00fa931537c13700cdb4950f8ec8961d1e8002729ad34a481dbb80b41fb812
ute-s-92,tight,14,SINGLE,200,3,10,11,1,3,185,-4544,159055,-0.028568734085693628,58.16951618770462,2,0,0,0,1,0,0,1,47.97,64.8,3.77,1,ff017d6289f1aba25313b655795de1df20001550bd7c1115b97c087305a97e46
ute-s-92,tight,14,TBR,200,3,10,10,0,4,193,-4192,159055,-0.026355663135393417,58.29756275009094,2,1,0,0,0,0,0,2,58.7,85.59,4.01,1,0e00fa931537c13700cdb4950f8ec8961d1e8002729ad34a481dbb80b41fb812
ute-s-92,tight,14,ONE_BLOCKER,200,3,10,10,0,4,193,-4192,159055,-0.026355663135393417,58.29756275009094,2,1,0,0,0,0,0,2,64.19,86.72,3.79,1,0e00fa931537c13700cdb4950f8ec8961d1e8002729ad34a481dbb80b41fb812
ute-s-92,official,14,TBRPLUS_N20000,200,3,10,10,0,4,193,-4192,159055,-0.026355663135393417,58.29756275009094,2,1,0,0,0,0,0,2,71.48,98.08,3.79,1,0e00fa931537c13700cdb4950f8ec8961d1e8002729ad34a481dbb80b41fb812
ute-s-92,official,14,RECOMPUTE,200,2,10,10,0,26,1264,-2667,159055,-0.016767784728553017,58.871953437613676,0,0,0,0,0,0,2,25,1642.56,1645.19,3.29,1,b7feeff29b29fd4eb6d0d2c930c403aa4b06f9b40d7a9972d30143fe538f2142
ute-s-92,official,14,TBRPLUS,200,3,10,10,0,4,193,-4192,159055,-0.026355663135393417,58.29756275009094,2,1,0,0,0,0,0,2,61.77,94.11,3.71,1,0e00fa931537c13700cdb4950f8ec8961d1e8002729ad34a481dbb80b41fb812
ute-s-92,official,14,SINGLE,200,3,10,11,1,3,185,-4544,159055,-0.028568734085693628,58.16951618770462,2,0,0,0,1,0,0,1,60.83,76.49,5.14,1,ff017d6289f1aba25313b655795de1df20001550bd7c1115b97c087305a97e46
ute-s-92,official,14,TBR,200,3,10,10,0,4,193,-4192,159055,-0.026355663135393417,58.29756275009094,2,1,0,0,0,0,0,2,62.02,94.59,3.77,1,0e00fa931537c13700cdb4950f8ec8961d1e8002729ad34a481dbb80b41fb812
ute-s-92,official,14,ONE_BLOCKER,200,3,10,10,0,4,193,-4192,159055,-0.026355663135393417,58.29756275009094,2,1,0,0,0,0,0,2,78.2,122.29,5.63,1,0e00fa931537c13700cdb4950f8ec8961d1e8002729ad34a481dbb80b41fb812
ute-s-92,tight,15,SINGLE,200,5,10,10,0,5,280,-6777,160706,-0.04217017410675395,57.98508548563114,5,0,0,0,0,0,0,1,74.08,199.33,3.84,1,ac77def27451636bdbecdbf343d5ab1764100c1e312261a45c390d24af0ee66c
ute-s-92,tight,15,TBRPLUS,200,5,10,10,0,5,280,-6777,160706,-0.04217017410675395,57.98508548563114,5,0,0,0,0,0,0,1,98.67,224.62,4.32,1,ac77def27451636bdbecdbf343d5ab1764100c1e312261a45c390d24af0ee66c
ute-s-92,tight,15,RECOMPUTE,200,7,10,11,1,209,9735,-4656,160706,-0.028972160342488767,58.74099672608221,0,0,0,0,0,0,7,67,1469.26,1570.63,2.78,1,0447e11772fc4cc4ce6c729e6632ec8b742ed6c34864651ccfd24959a79e687c
ute-s-92,tight,15,ONE_BLOCKER,200,5,10,10,0,5,280,-6777,160706,-0.04217017410675395,57.98508548563114,5,0,0,0,0,0,0,1,68.03,211.3,3.88,1,ac77def27451636bdbecdbf343d5ab1764100c1e312261a45c390d24af0ee66c
ute-s-92,tight,15,TBRPLUS_N20000,200,5,10,10,0,5,280,-6777,160706,-0.04217017410675395,57.98508548563114,5,0,0,0,0,0,0,1,69.76,208.57,4.22,1,ac77def27451636bdbecdbf343d5ab1764100c1e312261a45c390d24af0ee66c
ute-s-92,tight,15,TBR,200,5,10,10,0,5,280,-6777,160706,-0.04217017410675395,57.98508548563114,5,0,0,0,0,0,0,1,70.72,260.67,4.33,1,ac77def27451636bdbecdbf343d5ab1764100c1e312261a45c390d24af0ee66c
ute-s-92,official,15,SINGLE,200,5,10,10,0,5,280,-6777,160706,-0.04217017410675395,57.98508548563114,5,0,0,0,0,0,0,1,63.44,227.75,4.08,1,ac77def27451636bdbecdbf343d5ab1764100c1e312261a45c390d24af0ee66c
ute-s-92,official,15,TBRPLUS,200,5,10,10,0,5,280,-6777,160706,-0.04217017410675395,57.98508548563114,5,0,0,0,0,0,0,1,81.18,90.67,4.08,1,ac77def27451636bdbecdbf343d5ab1764100c1e312261a45c390d24af0ee66c
ute-s-92,official,15,RECOMPUTE,200,7,10,11,1,209,9735,-4656,160706,-0.028972160342488767,58.74099672608221,0,0,0,0,0,0,7,67,1459.74,1587.49,2.83,1,0447e11772fc4cc4ce6c729e6632ec8b742ed6c34864651ccfd24959a79e687c
ute-s-92,official,15,ONE_BLOCKER,200,5,10,10,0,5,280,-6777,160706,-0.04217017410675395,57.98508548563114,5,0,0,0,0,0,0,1,82.03,196.89,4.26,1,ac77def27451636bdbecdbf343d5ab1764100c1e312261a45c390d24af0ee66c
ute-s-92,official,15,TBRPLUS_N20000,200,5,10,10,0,5,280,-6777,160706,-0.04217017410675395,57.98508548563114,5,0,0,0,0,0,0,1,101.34,265.31,4.36,1,ac77def27451636bdbecdbf343d5ab1764100c1e312261a45c390d24af0ee66c
ute-s-92,official,15,TBR,200,5,10,10,0,5,280,-6777,160706,-0.04217017410675395,57.98508548563114,5,0,0,0,0,0,0,1,68.14,195.07,3.92,1,ac77def27451636bdbecdbf343d5ab1764100c1e312261a45c390d24af0ee66c
ute-s-92,tight,16,TBR,200,6,10,10,0,6,270,-7066,157408,-0.04488971335637325,56.6020371044016,6,0,0,0,0,0,0,1,56.23,70.45,3.88,1,c15cd9a573b5dcf70e9c8463d2a4c3c6de7f0bb2c0ca73bb75e22d155c883847
ute-s-92,tight,16,TBRPLUS_N20000,200,6,10,10,0,6,270,-7066,157408,-0.04488971335637325,56.6020371044016,6,0,0,0,0,0,0,1,49.41,53.72,3.71,1,c15cd9a573b5dcf70e9c8463d2a4c3c6de7f0bb2c0ca73bb75e22d155c883847
ute-s-92,tight,16,RECOMPUTE,200,7,10,10,0,197,10524,-931,157408,-0.005914565968692824,58.88359403419425,0,0,0,0,0,0,7,63,1454.87,1494.68,2.76,1,545d0d563cc7fae2300441771eb639610c50f7089624b4e399c4b37772285aee
ute-s-92,tight,16,TBRPLUS,200,6,10,10,0,6,270,-7066,157408,-0.04488971335637325,56.6020371044016,6,0,0,0,0,0,0,1,53.85,60.65,3.81,1,c15cd9a573b5dcf70e9c8463d2a4c3c6de7f0bb2c0ca73bb75e22d155c883847
ute-s-92,tight,16,SINGLE,200,6,10,10,0,6,270,-7066,157408,-0.04488971335637325,56.6020371044016,6,0,0,0,0,0,0,1,53.04,58.4,3.9,1,c15cd9a573b5dcf70e9c8463d2a4c3c6de7f0bb2c0ca73bb75e22d155c883847
ute-s-92,tight,16,ONE_BLOCKER,200,6,10,10,0,6,270,-7066,157408,-0.04488971335637325,56.6020371044016,6,0,0,0,0,0,0,1,49.24,67.63,3.76,1,c15cd9a573b5dcf70e9c8463d2a4c3c6de7f0bb2c0ca73bb75e22d155c883847
ute-s-92,official,16,TBR,200,6,10,10,0,6,270,-7066,157408,-0.04488971335637325,56.6020371044016,6,0,0,0,0,0,0,1,50.15,53.2,3.83,1,c15cd9a573b5dcf70e9c8463d2a4c3c6de7f0bb2c0ca73bb75e22d155c883847
ute-s-92,official,16,TBRPLUS_N20000,200,6,10,10,0,6,270,-7066,157408,-0.04488971335637325,56.6020371044016,6,0,0,0,0,0,0,1,54.13,86.83,3.77,1,c15cd9a573b5dcf70e9c8463d2a4c3c6de7f0bb2c0ca73bb75e22d155c883847
ute-s-92,official,16,RECOMPUTE,200,7,10,10,0,197,10524,-931,157408,-0.005914565968692824,58.88359403419425,0,0,0,0,0,0,7,63,1675.3,1990.82,2.88,1,545d0d563cc7fae2300441771eb639610c50f7089624b4e399c4b37772285aee
ute-s-92,official,16,TBRPLUS,200,6,10,10,0,6,270,-7066,157408,-0.04488971335637325,56.6020371044016,6,0,0,0,0,0,0,1,53.51,59.83,4.12,1,c15cd9a573b5dcf70e9c8463d2a4c3c6de7f0bb2c0ca73bb75e22d155c883847
ute-s-92,official,16,SINGLE,200,6,10,10,0,6,270,-7066,157408,-0.04488971335637325,56.6020371044016,6,0,0,0,0,0,0,1,59.93,80.66,3.99,1,c15cd9a573b5dcf70e9c8463d2a4c3c6de7f0bb2c0ca73bb75e22d155c883847
ute-s-92,official,16,ONE_BLOCKER,200,6,10,10,0,6,270,-7066,157408,-0.04488971335637325,56.6020371044016,6,0,0,0,0,0,0,1,60.3,79.06,4.12,1,c15cd9a573b5dcf70e9c8463d2a4c3c6de7f0bb2c0ca73bb75e22d155c883847
ute-s-92,tight,17,TBRPLUS,200,2,10,10,0,2,19,-284,155935,-0.001821271683714368,58.664241542379045,2,0,0,0,0,0,0,1,51.26,70.09,3.74,1,9454fd1ca45400c75d97ed6690852b3f40c73015ff5f2588dd6d2617881a40e1
ute-s-92,tight,17,SINGLE,200,2,10,10,0,2,19,-284,155935,-0.001821271683714368,58.664241542379045,2,0,0,0,0,0,0,1,56.24,76.85,3.86,1,9454fd1ca45400c75d97ed6690852b3f40c73015ff5f2588dd6d2617881a40e1
ute-s-92,tight,17,TBR,200,2,10,10,0,2,19,-284,155935,-0.001821271683714368,58.664241542379045,2,0,0,0,0,0,0,1,51.1,71.45,3.93,1,9454fd1ca45400c75d97ed6690852b3f40c73015ff5f2588dd6d2617881a40e1
ute-s-92,tight,17,ONE_BLOCKER,200,2,10,10,0,2,19,-284,155935,-0.001821271683714368,58.664241542379045,2,0,0,0,0,0,0,1,51.92,72.75,3.81,1,9454fd1ca45400c75d97ed6690852b3f40c73015ff5f2588dd6d2617881a40e1
ute-s-92,tight,17,TBRPLUS_N20000,200,2,10,10,0,2,19,-284,155935,-0.001821271683714368,58.664241542379045,2,0,0,0,0,0,0,1,50.49,70.34,3.67,1,9454fd1ca45400c75d97ed6690852b3f40c73015ff5f2588dd6d2617881a40e1
ute-s-92,tight,17,RECOMPUTE,200,2,10,10,0,5,74,261,155935,0.0016737743290473595,58.867588213895964,0,0,0,0,0,0,2,3,1617.29,1724.84,2.74,1,c382db47edb4cba8fa032994434ce0131fd3aea3478ded6c6668e210dda94974
ute-s-92,official,17,TBRPLUS,200,2,10,10,0,2,19,-284,155935,-0.001821271683714368,58.664241542379045,2,0,0,0,0,0,0,1,65.54,75.39,3.77,1,9454fd1ca45400c75d97ed6690852b3f40c73015ff5f2588dd6d2617881a40e1
ute-s-92,official,17,SINGLE,200,2,10,10,0,2,19,-284,155935,-0.001821271683714368,58.664241542379045,2,0,0,0,0,0,0,1,51.4,73.46,3.79,1,9454fd1ca45400c75d97ed6690852b3f40c73015ff5f2588dd6d2617881a40e1
ute-s-92,official,17,TBR,200,2,10,10,0,2,19,-284,155935,-0.001821271683714368,58.664241542379045,2,0,0,0,0,0,0,1,56.65,72.97,3.84,1,9454fd1ca45400c75d97ed6690852b3f40c73015ff5f2588dd6d2617881a40e1
ute-s-92,official,17,ONE_BLOCKER,200,2,10,10,0,2,19,-284,155935,-0.001821271683714368,58.664241542379045,2,0,0,0,0,0,0,1,50.6,70.52,3.88,1,9454fd1ca45400c75d97ed6690852b3f40c73015ff5f2588dd6d2617881a40e1
ute-s-92,official,17,TBRPLUS_N20000,200,2,10,10,0,2,19,-284,155935,-0.001821271683714368,58.664241542379045,2,0,0,0,0,0,0,1,50.47,71.64,3.77,1,9454fd1ca45400c75d97ed6690852b3f40c73015ff5f2588dd6d2617881a40e1
ute-s-92,official,17,RECOMPUTE,200,2,10,10,0,5,74,261,155935,0.0016737743290473595,58.867588213895964,0,0,0,0,0,0,2,3,1387.95,1519.27,2.53,1,c382db47edb4cba8fa032994434ce0131fd3aea3478ded6c6668e210dda94974
ute-s-92,tight,18,SINGLE,200,3,10,10,0,3,103,-3125,157394,-0.019854632323976773,58.038923244816296,3,0,0,0,0,0,0,1,76.33,194.88,3.7,1,fb0285929702d6dd4da28dcc37d70e17122c0fa6c2ec602d5889b03960d18b06
ute-s-92,tight,18,TBRPLUS,200,3,10,10,0,3,103,-3125,157394,-0.019854632323976773,58.038923244816296,3,0,0,0,0,0,0,1,81.64,212.78,3.67,1,fb0285929702d6dd4da28dcc37d70e17122c0fa6c2ec602d5889b03960d18b06
ute-s-92,tight,18,ONE_BLOCKER,200,3,10,10,0,3,103,-3125,157394,-0.019854632323976773,58.038923244816296,3,0,0,0,0,0,0,1,81.15,246.56,3.76,1,fb0285929702d6dd4da28dcc37d70e17122c0fa6c2ec602d5889b03960d18b06
ute-s-92,tight,18,TBRPLUS_N20000,200,3,10,10,0,3,103,-3125,157394,-0.019854632323976773,58.038923244816296,3,0,0,0,0,0,0,1,78.14,210.89,3.67,1,fb0285929702d6dd4da28dcc37d70e17122c0fa6c2ec602d5889b03960d18b06
ute-s-92,tight,18,TBR,200,3,10,10,0,3,103,-3125,157394,-0.019854632323976773,58.038923244816296,3,0,0,0,0,0,0,1,76.09,203.49,3.78,1,fb0285929702d6dd4da28dcc37d70e17122c0fa6c2ec602d5889b03960d18b06
ute-s-92,tight,18,RECOMPUTE,200,3,10,10,0,37,2207,-773,157394,-0.004911241851658895,58.871953437613676,0,0,0,0,0,0,3,21,1344.1,1659.79,2.55,1,5dfe8d03ba833606c2480e610b9dd4933ac547b1193d46a7bfc2f1829850e191
ute-s-92,official,18,SINGLE,200,3,10,10,0,3,103,-3125,157394,-0.019854632323976773,58.038923244816296,3,0,0,0,0,0,0,1,76.08,205.07,3.79,1,fb0285929702d6dd4da28dcc37d70e17122c0fa6c2ec602d5889b03960d18b06
ute-s-92,official,18,TBRPLUS,200,3,10,10,0,3,103,-3125,157394,-0.019854632323976773,58.038923244816296,3,0,0,0,0,0,0,1,59.74,77.49,3.78,1,fb0285929702d6dd4da28dcc37d70e17122c0fa6c2ec602d5889b03960d18b06
ute-s-92,official,18,ONE_BLOCKER,200,3,10,10,0,3,103,-3125,157394,-0.019854632323976773,58.038923244816296,3,0,0,0,0,0,0,1,76.38,167.98,3.83,1,fb0285929702d6dd4da28dcc37d70e17122c0fa6c2ec602d5889b03960d18b06
ute-s-92,official,18,TBRPLUS_N20000,200,3,10,10,0,3,103,-3125,157394,-0.019854632323976773,58.038923244816296,3,0,0,0,0,0,0,1,144.12,173.07,3.81,1,fb0285929702d6dd4da28dcc37d70e17122c0fa6c2ec602d5889b03960d18b06
ute-s-92,official,18,TBR,200,3,10,10,0,3,103,-3125,157394,-0.019854632323976773,58.038923244816296,3,0,0,0,0,0,0,1,74.27,175.32,3.9,1,fb0285929702d6dd4da28dcc37d70e17122c0fa6c2ec602d5889b03960d18b06
ute-s-92,official,18,RECOMPUTE,200,3,10,10,0,37,2207,-773,157394,-0.004911241851658895,58.871953437613676,0,0,0,0,0,0,3,21,1331.52,1683.73,2.58,1,5dfe8d03ba833606c2480e610b9dd4933ac547b1193d46a7bfc2f1829850e191
ute-s-92,tight,19,TBR,200,3,9,10,1,3,103,-2969,157912,-0.01880161102386139,58.341214987268096,2,0,0,0,1,0,0,1,84.75,235.39,4.04,1,29b3e1eeb6aae96329e85bbcac2d86cfe0af1faf0eceb68b4ee7173e518d84d9
ute-s-92,tight,19,RECOMPUTE,200,3,9,10,1,11,404,-1572,157912,-0.009954911596332135,58.871953437613676,0,0,0,0,0,0,3,5,1389.79,1864.81,2.61,1,6e77744d73a5eb969312222acdad7d6f17e981444f983ae7362ca216ba3ce465
ute-s-92,tight,19,SINGLE,200,3,9,10,1,3,103,-2969,157912,-0.01880161102386139,58.341214987268096,2,0,0,0,1,0,0,1,70.65,78.57,3.76,1,29b3e1eeb6aae96329e85bbcac2d86cfe0af1faf0eceb68b4ee7173e518d84d9
ute-s-92,tight,19,TBRPLUS,200,3,9,10,1,3,103,-2969,157912,-0.01880161102386139,58.341214987268096,2,0,0,0,1,1,0,1,89.31,9489.47,3.85,1,29b3e1eeb6aae96329e85bbcac2d86cfe0af1faf0eceb68b4ee7173e518d84d9
ute-s-92,tight,19,TBRPLUS_N20000,200,3,9,10,1,3,103,-2969,157912,-0.01880161102386139,58.341214987268096,2,0,0,0,1,1,0,1,91.14,96341.56,3.91,1,29b3e1eeb6aae96329e85bbcac2d86cfe0af1faf0eceb68b4ee7173e518d84d9
ute-s-92,tight,19,ONE_BLOCKER,200,3,9,10,1,3,103,-2969,157912,-0.01880161102386139,58.341214987268096,2,0,0,0,1,0,0,1,79.49,80.88,4.09,1,29b3e1eeb6aae96329e85bbcac2d86cfe0af1faf0eceb68b4ee7173e518d84d9
ute-s-92,official,19,TBR,200,3,10,10,0,3,103,-3040,157912,-0.01925122853234713,58.314659876318665,3,0,0,0,0,0,0,1,75.24,76.78,3.84,1,541e0dffd5f06a9b4407c9f1b68053411e2651bf12f608ce77c25dc50c76daee
ute-s-92,official,19,RECOMPUTE,200,3,10,10,0,11,404,-1572,157912,-0.009954911596332135,58.871953437613676,0,0,0,0,0,0,3,5,1371.88,1530.79,2.59,1,fc7f001e3b103525ca853b1e11bff6571766b4a7a7737f933ab356e535ba8ffc
ute-s-92,official,19,SINGLE,200,3,10,10,0,3,103,-3040,157912,-0.01925122853234713,58.314659876318665,3,0,0,0,0,0,0,1,55.3,69.11,3.74,1,541e0dffd5f06a9b4407c9f1b68053411e2651bf12f608ce77c25dc50c76daee
ute-s-92,official,19,TBRPLUS,200,3,10,10,0,3,103,-3040,157912,-0.01925122853234713,58.314659876318665,3,0,0,0,0,0,0,1,59.98,70.73,3.73,1,541e0dffd5f06a9b4407c9f1b68053411e2651bf12f608ce77c25dc50c76daee
ute-s-92,official,19,TBRPLUS_N20000,200,3,10,10,0,3,103,-3040,157912,-0.01925122853234713,58.314659876318665,3,0,0,0,0,0,0,1,54.24,67.97,3.66,1,541e0dffd5f06a9b4407c9f1b68053411e2651bf12f608ce77c25dc50c76daee
ute-s-92,official,19,ONE_BLOCKER,200,3,10,10,0,3,103,-3040,157912,-0.01925122853234713,58.314659876318665,3,0,0,0,0,0,0,1,58.63,69.81,3.94,1,541e0dffd5f06a9b4407c9f1b68053411e2651bf12f608ce77c25dc50c76daee
yor-f-83,tight,10,ONE_BLOCKER,200,11,20,21,1,12,269,-4072,58559,-0.06953670656944279,61.8182784272051,9,1,0,0,1,0,0,2,100.02,261.11,4.95,1,1ba26a0c212008453a8ab5cfd7f47270de515aa1c42fa080e0e3b31b63e06338
yor-f-83,tight,10,TBRPLUS_N20000,200,11,20,21,1,13,292,-4016,58559,-0.0685804060861695,61.913921360255046,9,0,0,1,1,1,0,3,78.66,121692.43,5.01,1,3bc64530427cb5d1d5a6eee5a1ae073ab205f1c30e2a0bc75a6deba962f7d1b8
yor-f-83,tight,10,TBR,200,11,20,21,1,12,269,-4072,58559,-0.06953670656944279,61.8182784272051,9,1,0,0,1,0,0,2,104.35,776.75,4.89,1,1ba26a0c212008453a8ab5cfd7f47270de515aa1c42fa080e0e3b31b63e06338
yor-f-83,tight,10,TBRPLUS,200,11,20,21,1,13,292,-4016,58559,-0.0685804060861695,61.913921360255046,9,0,0,1,1,1,0,3,84.19,16743.1,4.91,1,3bc64530427cb5d1d5a6eee5a1ae073ab205f1c30e2a0bc75a6deba962f7d1b8
yor-f-83,tight,10,SINGLE,200,11,20,22,2,11,228,-3518,58559,-0.06007616250277498,62.40701381509033,9,0,0,0,2,0,0,1,75.93,129.09,4.74,1,6c3253de0c1e6eed4787cf984636ef5a776e5f2d86a1d156087fbf854795453a
yor-f-83,tight,10,RECOMPUTE,200,9,20,21,1,569,16435,-8856,58559,-0.15123209071193155,56.434643995749205,0,0,0,0,0,0,9,116,4853.77,5413.72,3.9,1,36690221a314f74c5f250cc27ff5bf3da6b5163fbdab79ba70038c009e141359
yor-f-83,official,10,ONE_BLOCKER,200,11,21,21,0,13,289,-3951,58559,-0.06747041445379873,61.94792773645059,9,2,0,0,0,0,0,2,98.74,298.08,4.88,1,9c89532b980a50e5b4450e2eb29ee248df9aa031e89c92152cb67802986762eb
yor-f-83,official,10,TBRPLUS_N20000,200,11,21,21,0,13,289,-3951,58559,-0.06747041445379873,61.94792773645059,9,2,0,0,0,0,0,2,98.9,298.9,4.77,1,9c89532b980a50e5b4450e2eb29ee248df9aa031e89c92152cb67802986762eb
yor-f-83,official,10,TBR,200,11,21,21,0,13,289,-3951,58559,-0.06747041445379873,61.94792773645059,9,2,0,0,0,0,0,2,100.4,309.91,5.1,1,9c89532b980a50e5b4450e2eb29ee248df9aa031e89c92152cb67802986762eb
yor-f-83,official,10,TBRPLUS,200,11,21,21,0,13,289,-3951,58559,-0.06747041445379873,61.94792773645059,9,2,0,0,0,0,0,2,109.22,319.56,4.91,1,9c89532b980a50e5b4450e2eb29ee248df9aa031e89c92152cb67802986762eb
yor-f-83,official,10,SINGLE,200,11,21,22,1,11,228,-3675,58559,-0.06275721921480899,62.22848034006376,10,0,0,0,1,0,0,1,118.65,169.04,4.86,1,761db64c991c385ce1f9b3153f062ba80814368d7c9770272c105c6c11e3a596
yor-f-83,official,10,RECOMPUTE,200,9,21,21,0,569,16435,-8856,58559,-0.15123209071193155,56.434643995749205,0,0,0,0,0,0,9,116,4866.72,6218.23,4.25,1,a93bf8461129d67d83e29060821f758ee0472742232fdcf1cd8f63937c45815f
yor-f-83,tight,11,TBRPLUS,200,8,20,20,0,14,313,-2759,55871,-0.049381611211540874,60.11052072263549,5,1,0,2,0,0,0,4,74.59,14321.17,5.22,1,58c647bd6b04c54d6f96cd34131f94555c7f7bb695c54a58f007a08b562cb59f
yor-f-83,tight,11,TBRPLUS_N20000,200,8,20,20,0,14,313,-2759,55871,-0.049381611211540874,60.11052072263549,5,1,0,2,0,0,0,4,106.37,14621.97,5.31,1,58c647bd6b04c54d6f96cd34131f94555c7f7bb695c54a58f007a08b562cb59f
yor-f-83,tight,11,ONE_BLOCKER,200,9,20,21,1,10,279,-3529,55871,-0.06316335845071683,59.28586609989373,7,1,0,0,1,0,0,2,113.54,209.32,4.85,1,8397b22ebca2db7a1aad384d510dae4e4fe9ce25452bac3283e05736f4063b49
yor-f-83,tight,11,SINGLE,200,9,20,22,2,9,235,-4243,55871,-0.0759427967997709,58.51753453772582,7,0,0,0,2,0,0,1,78.46,129.09,4.75,1,c1ac2cb62a979c95e914244b93c22249282ef79904cdb77824f5da0159630a43
yor-f-83,tight,11,RECOMPUTE,200,6,20,21,1,411,11890,-4053,55871,-0.07254210592257164,59.096705632306055,0,0,0,0,0,0,6,102,4741.14,5224.2,3.66,1,91dd92c918bf642dd39dbd72ab9c3b5d8956fddfc58a2a49ebb1258a9b8691f7
yor-f-83,tight,11,TBR,200,9,20,21,1,10,279,-3529,55871,-0.06316335845071683,59.28586609989373,7,1,0,0,1,0,0,2,109.58,745.18,4.71,1,8397b22ebca2db7a1aad384d510dae4e4fe9ce25452bac3283e05736f4063b49
yor-f-83,official,11,TBRPLUS,200,9,21,21,0,10,279,-3529,55871,-0.06316335845071683,59.28586609989373,8,1,0,0,0,0,0,2,111.54,217.82,4.81,1,0120587b9f0542b5a50b7e0a5283e0a1e68d39021edca471595fa4f5512bd00b
yor-f-83,official,11,TBRPLUS_N20000,200,9,21,21,0,10,279,-3529,55871,-0.06316335845071683,59.28586609989373,8,1,0,0,0,0,0,2,130.84,221.27,4.86,1,0120587b9f0542b5a50b7e0a5283e0a1e68d39021edca471595fa4f5512bd00b
yor-f-83,official,11,ONE_BLOCKER,200,9,21,21,0,10,279,-3529,55871,-0.06316335845071683,59.28586609989373,8,1,0,0,0,0,0,2,114.79,215.77,4.9,1,0120587b9f0542b5a50b7e0a5283e0a1e68d39021edca471595fa4f5512bd00b
yor-f-83,official,11,SINGLE,200,9,21,22,1,9,235,-4243,55871,-0.0759427967997709,58.51753453772582,8,0,0,0,1,0,0,1,110.47,138.84,4.76,1,12420d76ba6c83eadbf94ada63065800394564bbe22821763153faf8b0e1cf35
yor-f-83,official,11,RECOMPUTE,200,6,21,21,0,411,11890,-4053,55871,-0.07254210592257164,59.096705632306055,0,0,0,0,0,0,6,102,4659.23,4944.07,3.58,1,64cd3d9c0eef735c4416ebce981e601a323e170866c9d9a9ef069fa2071ca0a5
yor-f-83,official,11,TBR,200,9,21,21,0,10,279,-3529,55871,-0.06316335845071683,59.28586609989373,8,1,0,0,0,0,0,2,110.66,199.81,4.9,1,0120587b9f0542b5a50b7e0a5283e0a1e68d39021edca471595fa4f5512bd00b
yor-f-83,tight,12,TBR,200,17,23,24,1,18,429,-6755,53903,-0.12531770031352615,53.93623804463337,15,1,0,0,1,0,0,2,110.83,625.22,5.1,1,ee377445fbee11b15c600c6791180e3ba568270737331798cc5dc3611a7500b5
yor-f-83,tight,12,SINGLE,200,17,23,25,2,17,410,-7295,53903,-0.135335695601358,53.36238044633369,15,0,0,0,2,0,0,1,105.93,172.61,4.82,1,24a5038abbb564df14abf375a911084cab254104c0d285f207be43a3077a3a1c
yor-f-83,tight,12,RECOMPUTE,200,12,23,23,0,850,24868,-9130,53903,-0.16937832773686065,51.39319872476089,0,0,0,0,0,0,12,122,4761.65,5232.31,3.99,1,2ef30f1c9a403354267fd7383320e722897e62c8a9e1745f2547e5baf23886fe
yor-f-83,tight,12,TBRPLUS,200,17,23,23,0,21,562,-6455,53903,-0.11975214737584179,54.34643995749203,14,2,0,1,0,0,0,3,112.66,2368.66,5.0,1,6cf0d494aef31cc0299d42422dd45d3a5030362ce1dd0b8f42ac07f47a452e3b
yor-f-83,tight,12,TBRPLUS_N20000,200,17,23,23,0,21,562,-6455,53903,-0.11975214737584179,54.34643995749203,14,2,0,1,0,0,0,3,109.55,2464.11,5.11,1,6cf0d494aef31cc0299d42422dd45d3a5030362ce1dd0b8f42ac07f47a452e3b
yor-f-83,tight,12,ONE_BLOCKER,200,17,23,24,1,18,429,-6755,53903,-0.12531770031352615,53.93623804463337,15,1,0,0,1,0,0,2,116.26,242.12,4.99,1,ee377445fbee11b15c600c6791180e3ba568270737331798cc5dc3611a7500b5
yor-f-83,official,12,TBR,200,17,23,24,1,18,429,-6755,53903,-0.12531770031352615,53.93623804463337,15,1,0,0,1,0,0,2,111.78,619.74,5.14,1,ee377445fbee11b15c600c6791180e3ba568270737331798cc5dc3611a7500b5
yor-f-83,official,12,SINGLE,200,17,23,25,2,17,410,-7295,53903,-0.135335695601358,53.36238044633369,15,0,0,0,2,0,0,1,106.56,160.42,5.39,1,24a5038abbb564df14abf375a911084cab254104c0d285f207be43a3077a3a1c
yor-f-83,official,12,RECOMPUTE,200,12,23,23,0,850,24868,-9130,53903,-0.16937832773686065,51.39319872476089,0,0,0,0,0,0,12,122,4529.23,5138.17,3.92,1,2ef30f1c9a403354267fd7383320e722897e62c8a9e1745f2547e5baf23886fe
yor-f-83,official,12,TBRPLUS,200,17,23,23,0,21,562,-6455,53903,-0.11975214737584179,54.34643995749203,14,2,0,1,0,0,0,3,110.45,2385.07,5.03,1,6cf0d494aef31cc0299d42422dd45d3a5030362ce1dd0b8f42ac07f47a452e3b
yor-f-83,official,12,TBRPLUS_N20000,200,17,23,23,0,21,562,-6455,53903,-0.11975214737584179,54.34643995749203,14,2,0,1,0,0,0,3,111.89,2416.42,5.17,1,6cf0d494aef31cc0299d42422dd45d3a5030362ce1dd0b8f42ac07f47a452e3b
yor-f-83,official,12,ONE_BLOCKER,200,17,23,24,1,18,429,-6755,53903,-0.12531770031352615,53.93623804463337,15,1,0,0,1,0,0,2,110.3,230.23,4.99,1,ee377445fbee11b15c600c6791180e3ba568270737331798cc5dc3611a7500b5
yor-f-83,tight,13,RECOMPUTE,200,10,20,22,2,756,20999,-10879,57086,-0.19057211925866238,52.89373007438895,0,0,0,0,0,0,10,106,4533.08,5205.17,4.12,1,3c6c93a61f7782f094fd9a91b9fb6b8b9803f725a00cc14d8afd55dfd9c8e653
yor-f-83,tight,13,TBR,200,4,20,20,0,4,69,-301,57086,-0.0052727463826507375,64.201912858661,4,0,0,0,0,0,0,1,87.19,152.41,4.79,1,fb991a8525f0a2d1ae8b58da48c165e7d03bbcffb5e716ea6194f74784d5a374
yor-f-83,tight,13,TBRPLUS_N20000,200,4,20,20,0,4,69,-301,57086,-0.0052727463826507375,64.201912858661,4,0,0,0,0,0,0,1,87.99,150.84,4.62,1,fb991a8525f0a2d1ae8b58da48c165e7d03bbcffb5e716ea6194f74784d5a374
yor-f-83,tight,13,TBRPLUS,200,4,20,20,0,4,69,-301,57086,-0.0052727463826507375,64.201912858661,4,0,0,0,0,0,0,1,112.7,184.36,4.78,1,fb991a8525f0a2d1ae8b58da48c165e7d03bbcffb5e716ea6194f74784d5a374
yor-f-83,tight,13,ONE_BLOCKER,200,4,20,20,0,4,69,-301,57086,-0.0052727463826507375,64.201912858661,4,0,0,0,0,0,0,1,92.47,147.11,4.58,1,fb991a8525f0a2d1ae8b58da48c165e7d03bbcffb5e716ea6194f74784d5a374
yor-f-83,tight,13,SINGLE,200,4,20,20,0,4,69,-301,57086,-0.0052727463826507375,64.201912858661,4,0,0,0,0,0,0,1,88.12,148.34,4.67,1,fb991a8525f0a2d1ae8b58da48c165e7d03bbcffb5e716ea6194f74784d5a374
yor-f-83,official,13,RECOMPUTE,200,10,21,22,1,756,20999,-10879,57086,-0.19057211925866238,52.89373007438895,0,0,0,0,0,0,10,106,4641.42,5503.21,3.89,1,7a3b38ac21a499cbbf87819c53b0731c1c79f9f1b3581ff92e466d70ab8ad284
yor-f-83,official,13,TBR,200,4,21,21,0,4,69,-425,57086,-0.007444907683144729,64.08395324123273,4,0,0,0,0,0,0,1,105.5,154.48,4.6,1,01ef48325cae27664288d6a843a6eb26741616776b357340c5169b614edda266
yor-f-83,official,13,TBRPLUS_N20000,200,4,21,21,0,4,69,-425,57086,-0.007444907683144729,64.08395324123273,4,0,0,0,0,0,0,1,104.94,182.99,4.62,1,01ef48325cae27664288d6a843a6eb26741616776b357340c5169b614edda266
yor-f-83,official,13,TBRPLUS,200,4,21,21,0,4,69,-425,57086,-0.007444907683144729,64.08395324123273,4,0,0,0,0,0,0,1,89.17,168.31,4.61,1,01ef48325cae27664288d6a843a6eb26741616776b357340c5169b614edda266
yor-f-83,official,13,ONE_BLOCKER,200,4,21,21,0,4,69,-425,57086,-0.007444907683144729,64.08395324123273,4,0,0,0,0,0,0,1,100.31,152.82,4.51,1,01ef48325cae27664288d6a843a6eb26741616776b357340c5169b614edda266
yor-f-83,official,13,SINGLE,200,4,21,21,0,4,69,-425,57086,-0.007444907683144729,64.08395324123273,4,0,0,0,0,0,0,1,94.51,183.36,4.52,1,01ef48325cae27664288d6a843a6eb26741616776b357340c5169b614edda266
yor-f-83,tight,14,TBRPLUS_N20000,200,12,20,20,0,22,623,-2996,56176,-0.05333238393620051,60.60467587672689,6,3,0,3,0,0,0,4,174.15,22593.37,5.08,1,84539144c2369d5d59377f53bde422d369ad5e8c59c212df4c039d0d42875fe1
yor-f-83,tight,14,RECOMPUTE,200,9,20,22,2,546,16029,-5020,56176,-0.08936200512674451,58.26567481402763,0,0,0,0,0,0,9,119,4728.8,5121.1,3.65,1,73dd2d2605e03b16f3b38337988eca216e6abc2b2b3f2cbe20f432cd64e48ce7
yor-f-83,tight,14,TBRPLUS,200,12,20,20,0,22,623,-2996,56176,-0.05333238393620051,60.60467587672689,6,3,0,3,0,1,0,4,150.36,13927.48,5.12,1,84539144c2369d5d59377f53bde422d369ad5e8c59c212df4c039d0d42875fe1
yor-f-83,tight,14,SINGLE,200,12,20,23,3,12,333,-4783,56176,-0.08514312161777271,58.76833156216791,9,0,0,0,3,0,0,1,76.6,159.3,4.87,1,97c5bc89807440c7126a2f00ebd59f4246a7f0086fa050079c0d084f97646b53
yor-f-83,tight,14,TBR,200,12,20,21,1,15,416,-3570,56176,-0.06355027057818285,60.0403825717322,8,3,0,0,1,0,0,2,98.02,855.58,5.17,1,1e20013a3d4c1642c2060ecbd818feb3fcda74f4051519837bf79f864f52d6e3
yor-f-83,tight,14,ONE_BLOCKER,200,12,20,21,1,15,416,-3570,56176,-0.06355027057818285,60.0403825717322,8,3,0,0,1,0,0,2,85.28,344.47,5.11,1,1e20013a3d4c1642c2060ecbd818feb3fcda74f4051519837bf79f864f52d6e3
yor-f-83,official,14,TBRPLUS_N20000,200,12,21,21,0,19,515,-4202,56176,-0.07480062660210766,59.3336875664187,6,5,0,1,0,0,0,3,172.29,3161.21,4.82,1,0431a7ba7ea3baeca88513d558c2ad3208b25992181ad6b838816bf9327fc430
yor-f-83,official,14,RECOMPUTE,200,9,21,22,1,546,16029,-5020,56176,-0.08936200512674451,58.26567481402763,0,0,0,0,0,0,9,119,4634.35,5057.55,3.69,1,7b41a90537a25a54a0ffb11ac1abdd38e38ae0d0020d78e543cbdcf9bcacf14a
yor-f-83,official,14,TBRPLUS,200,12,21,21,0,19,515,-4202,56176,-0.07480062660210766,59.3336875664187,6,5,0,1,0,0,0,3,217.96,3368.05,5.21,1,0431a7ba7ea3baeca88513d558c2ad3208b25992181ad6b838816bf9327fc430
yor-f-83,official,14,SINGLE,200,12,21,23,2,12,333,-4756,56176,-0.08466248931928226,58.79702444208289,10,0,0,0,2,0,0,1,122.61,163.6,4.71,1,b368713cc76b372974eae12d15e16fba4a08d6545a06a2387d9a41854038005c
yor-f-83,official,14,TBR,200,12,21,21,0,19,526,-3620,56176,-0.06444033039020222,60.009564293305,6,5,1,0,0,0,0,3,177.02,693.68,4.76,1,1883dcb6fe53490ab8ad0d139e6f869be3ddca330d592ed50c2e4b1149357dd0
yor-f-83,official,14,ONE_BLOCKER,200,12,21,22,1,16,467,-4462,56176,-0.07942893762460837,59.10520722635494,7,4,0,0,1,0,0,2,134.3,407.74,4.58,1,34233c77f587b832608f1d6d259f9039060548c9a9b4374c6abfa9033de0b73c
yor-f-83,tight,15,SINGLE,200,13,20,22,2,13,266,-3669,53419,-0.06868342724498774,56.67375132837407,11,0,0,0,2,0,0,1,105.06,133.47,4.99,1,9b6905a523e2f5236cf360a2b132a92b3022b9457b095fc24523ded4f02ec9a0
yor-f-83,tight,15,TBRPLUS,200,14,20,21,1,20,420,-2962,53419,-0.0554484359497557,57.493092454835285,9,3,0,1,1,2,0,4,112.84,25399.57,4.86,1,4e9847cfd5972869c2e5a9356b6b6afb22ed7d0ee2e78796a366865ea62d5ddd
yor-f-83,tight,15,RECOMPUTE,200,9,20,22,2,622,17506,-3593,53419,-0.06726071248057808,57.11902231668438,0,0,0,0,0,0,9,107,4508.5,5537.35,4.0,1,b10f85e5178da827727ddfe304f0d87c053dcd937fa46571262e73070cc620ff
yor-f-83,tight,15,ONE_BLOCKER,200,14,20,22,2,16,340,-3174,53419,-0.059417061345214246,57.268862911795964,10,2,0,0,2,0,0,2,95.91,314.59,4.82,1,4dff95745ae42de61c32a224829eea6d5c86696853964a2228aac8ca1ac6c7de
yor-f-83,tight,15,TBRPLUS_N20000,200,14,20,20,0,27,640,-3957,53419,-0.07407476740485595,56.435706695005315,9,3,0,2,0,1,0,8,113.05,104273.18,4.88,1,3a90caad255c11c63c255e9ba362db7f3f59bdad1f3c457b05f722dcc6e68e42
yor-f-83,tight,15,TBR,200,14,20,22,2,16,340,-3174,53419,-0.059417061345214246,57.268862911795964,10,2,0,0,2,0,0,2,95.71,1018.28,5.0,1,4dff95745ae42de61c32a224829eea6d5c86696853964a2228aac8ca1ac6c7de
yor-f-83,official,15,SINGLE,200,13,21,22,1,13,266,-3669,53419,-0.06868342724498774,56.67375132837407,12,0,0,0,1,0,0,1,101.67,152.66,4.72,1,2b61e2714840305bc4919139de4b33e8ad5ecb8f69bc9876ab6e51eba462c1d9
yor-f-83,official,15,TBRPLUS,200,13,21,21,0,18,351,-3215,53419,-0.06018457852075104,57.156216790648244,11,1,0,1,0,0,0,5,116.55,8633.27,4.71,1,013baf4a4131c9281858a7d636ff0c1abe0f20024c460779f1f6ebf7aee9ed7d
yor-f-83,official,15,RECOMPUTE,200,9,21,22,1,622,17506,-3593,53419,-0.06726071248057808,57.11902231668438,0,0,0,0,0,0,9,107,4436.79,4836.65,3.81,1,810e1244005b585d1ee4014be0e512759019483eed1d79a393e9de5180d85cbe
yor-f-83,official,15,ONE_BLOCKER,200,13,21,22,1,14,284,-3606,53419,-0.06750407158501656,56.740701381509034,11,1,0,0,1,0,0,2,115.6,247.18,4.9,1,23ea779526dbc5278246f16224911c38732ae2307d57f5ce6e45f4ff5c0bb85b
yor-f-83,official,15,TBRPLUS_N20000,200,13,21,21,0,18,351,-3215,53419,-0.06018457852075104,57.156216790648244,11,1,0,1,0,0,0,5,118.02,8675.05,4.63,1,013baf4a4131c9281858a7d636ff0c1abe0f20024c460779f1f6ebf7aee9ed7d
yor-f-83,official,15,TBR,200,13,21,22,1,14,284,-3606,53419,-0.06750407158501656,56.740701381509034,11,1,0,0,1,0,0,2,119.29,642.26,4.86,1,23ea779526dbc5278246f16224911c38732ae2307d57f5ce6e45f4ff5c0bb85b
yor-f-83,tight,16,TBR,200,14,22,23,1,16,416,-5004,55311,-0.09047025004067907,57.40488841657811,11,2,0,0,1,0,0,2,119.2,667.66,4.83,1,7a5e1795d3f73f91b03d5e83d5a1782487426f0a7031691add0c7e11ebceed93
yor-f-83,tight,16,TBRPLUS_N20000,200,14,22,22,0,19,508,-4081,55311,-0.07378279184972247,58.381509032943676,10,3,0,1,0,0,0,3,117.47,6443.06,4.8,1,4f4b8e47a1821b58e657f8282b57baedf7c03755c58776fbf64e75f7557e7be3
yor-f-83,tight,16,RECOMPUTE,200,16,22,23,1,802,23551,-3063,55311,-0.05537777295655475,59.39319872476089,0,0,0,0,0,0,16,126,4049.73,4779.28,4.02,1,64033c436b58b3279bdae825ada5d0f18fd1146223ebd2151d99e863b5bf6cb9
yor-f-83,tight,16,TBRPLUS,200,14,22,22,0,19,508,-4081,55311,-0.07378279184972247,58.381509032943676,10,3,0,1,0,0,0,3,120.16,6462.02,4.96,1,4f4b8e47a1821b58e657f8282b57baedf7c03755c58776fbf64e75f7557e7be3
yor-f-83,tight,16,SINGLE,200,14,22,25,3,14,264,-3620,55311,-0.06544810254741372,58.904357066950055,11,0,0,0,3,0,0,1,112.76,162.32,4.87,1,33f29c77059a85b5961bc91829a43ac94a4766d2c46d42a501ce59f868847d0c
yor-f-83,tight,16,ONE_BLOCKER,200,14,22,23,1,16,416,-5004,55311,-0.09047025004067907,57.40488841657811,11,2,0,0,1,0,0,2,121.38,257.08,4.79,1,7a5e1795d3f73f91b03d5e83d5a1782487426f0a7031691add0c7e11ebceed93
yor-f-83,official,16,TBR,200,14,22,23,1,16,416,-5004,55311,-0.09047025004067907,57.40488841657811,11,2,0,0,1,0,0,2,133.61,672.88,4.84,1,7a5e1795d3f73f91b03d5e83d5a1782487426f0a7031691add0c7e11ebceed93
yor-f-83,official,16,TBRPLUS_N20000,200,14,22,22,0,19,508,-4081,55311,-0.07378279184972247,58.381509032943676,10,3,0,1,0,0,0,3,116.14,6437.13,4.71,1,4f4b8e47a1821b58e657f8282b57baedf7c03755c58776fbf64e75f7557e7be3
yor-f-83,official,16,RECOMPUTE,200,16,22,23,1,802,23551,-3063,55311,-0.05537777295655475,59.39319872476089,0,0,0,0,0,0,16,126,4087.96,4774.62,4.04,1,64033c436b58b3279bdae825ada5d0f18fd1146223ebd2151d99e863b5bf6cb9
yor-f-83,official,16,TBRPLUS,200,14,22,22,0,19,508,-4081,55311,-0.07378279184972247,58.381509032943676,10,3,0,1,0,0,0,3,126.26,6886.5,5.07,1,4f4b8e47a1821b58e657f8282b57baedf7c03755c58776fbf64e75f7557e7be3
yor-f-83,official,16,SINGLE,200,14,22,25,3,14,264,-3620,55311,-0.06544810254741372,58.904357066950055,11,0,0,0,3,0,0,1,119.08,188.27,5.13,1,33f29c77059a85b5961bc91829a43ac94a4766d2c46d42a501ce59f868847d0c
yor-f-83,official,16,ONE_BLOCKER,200,14,22,23,1,16,416,-5004,55311,-0.09047025004067907,57.40488841657811,11,2,0,0,1,0,0,2,127.51,266.64,4.78,1,7a5e1795d3f73f91b03d5e83d5a1782487426f0a7031691add0c7e11ebceed93
yor-f-83,tight,17,TBRPLUS,200,11,22,22,0,13,298,-3266,55342,-0.059014853095298324,58.93836344314559,10,0,0,1,0,0,0,3,71.28,6948.28,4.86,1,0efa1a0be07e0ec84a91ec4087fa9f5490924b2dfd37dbe1f2aa475c9ebca6d1
yor-f-83,tight,17,SINGLE,200,11,22,23,1,11,244,-3314,55342,-0.05988218712731741,58.8990435706695,10,0,0,0,1,0,0,1,108.7,145.0,4.8,1,d142bee1da2eebac90e6da3bc4eda93c5d8df22fdadc31ce639f0773b40bb0b3
yor-f-83,tight,17,TBR,200,11,22,22,0,13,298,-3184,55342,-0.05753315745726573,59.026567481402765,10,0,1,0,0,0,0,3,99.93,591.48,4.67,1,a80ffedd279b136e1fa38099a1c3fffd501b9978d9ec7175dea59b68369497fa
yor-f-83,tight,17,ONE_BLOCKER,200,11,22,23,1,11,244,-3314,55342,-0.05988218712731741,58.8990435706695,10,0,0,0,1,0,0,1,102.04,183.01,4.7,1,d142bee1da2eebac90e6da3bc4eda93c5d8df22fdadc31ce639f0773b40bb0b3
yor-f-83,tight,17,TBRPLUS_N20000,200,11,22,22,0,13,298,-3266,55342,-0.059014853095298324,58.93836344314559,10,0,0,1,0,0,0,3,69.49,6959.44,4.78,1,0efa1a0be07e0ec84a91ec4087fa9f5490924b2dfd37dbe1f2aa475c9ebca6d1
yor-f-83,tight,17,RECOMPUTE,200,9,22,22,0,515,14906,-9201,55342,-0.16625709226265767,52.42933049946865,0,0,0,0,0,0,9,108,4454.7,16531.9,4.06,1,ff9d2f83585ba391c5ed3a2e8888bbf31284f9a9b8c4e436375019907cf9a316
yor-f-83,official,17,TBRPLUS,200,11,22,22,0,13,298,-3266,55342,-0.059014853095298324,58.93836344314559,10,0,0,1,0,0,0,3,78.31,6902.04,4.83,1,0efa1a0be07e0ec84a91ec4087fa9f5490924b2dfd37dbe1f2aa475c9ebca6d1
yor-f-83,official,17,SINGLE,200,11,22,23,1,11,244,-3314,55342,-0.05988218712731741,58.8990435706695,10,0,0,0,1,0,0,1,103.61,149.91,4.7,1,d142bee1da2eebac90e6da3bc4eda93c5d8df22fdadc31ce639f0773b40bb0b3
yor-f-83,official,17,TBR,200,11,22,22,0,13,298,-3184,55342,-0.05753315745726573,59.026567481402765,10,0,1,0,0,0,0,3,98.28,596.52,4.72,1,a80ffedd279b136e1fa38099a1c3fffd501b9978d9ec7175dea59b68369497fa
yor-f-83,official,17,ONE_BLOCKER,200,11,22,23,1,11,244,-3314,55342,-0.05988218712731741,58.8990435706695,10,0,0,0,1,0,0,1,129.39,199.51,4.75,1,d142bee1da2eebac90e6da3bc4eda93c5d8df22fdadc31ce639f0773b40bb0b3
yor-f-83,official,17,TBRPLUS_N20000,200,11,22,22,0,13,298,-3266,55342,-0.059014853095298324,58.93836344314559,10,0,0,1,0,0,0,3,83.53,7043.28,4.74,1,0efa1a0be07e0ec84a91ec4087fa9f5490924b2dfd37dbe1f2aa475c9ebca6d1
yor-f-83,official,17,RECOMPUTE,200,9,22,22,0,515,14906,-9201,55342,-0.16625709226265767,52.42933049946865,0,0,0,0,0,0,9,108,4594.91,5428.09,4.02,1,ff9d2f83585ba391c5ed3a2e8888bbf31284f9a9b8c4e436375019907cf9a316
yor-f-83,tight,18,SINGLE,200,11,20,22,2,11,218,-2761,55104,-0.050105255516840884,59.34856535600425,9,0,0,0,2,0,0,1,77.13,117.11,4.79,1,13bf78f9e611cc306168a88d587b540518df143c6254b6d8f6c597085bbda949
yor-f-83,tight,18,TBRPLUS,200,12,20,21,1,23,664,-3580,55104,-0.06496806039488966,58.48671625929862,6,2,1,2,1,2,0,6,179.27,22667.46,5.1,1,946327ce91ce5f1a623a4f10c77e1678719f5f749de3c83d5bb294944b1a7c0a
yor-f-83,tight,18,ONE_BLOCKER,200,11,20,22,2,12,232,-2668,55104,-0.04841753774680604,59.44845908607864,8,1,0,0,2,0,0,2,80.25,327.09,4.96,1,d80824690e0f3ec3ef872dd7243d9b13325252bc606c654a68ed58ae85757910
yor-f-83,tight,18,TBRPLUS_N20000,200,12,20,21,1,21,532,-3761,55104,-0.06825275842044135,58.315621679064826,6,2,0,3,1,1,0,4,146.17,144254.74,5.69,1,e3f583bede686da72aba913eec0723dba16d921bafb79adfd919a45607e892cb
yor-f-83,tight,18,TBR,200,11,20,22,2,16,417,-2467,55104,-0.04476988966318235,59.735387885228484,8,0,1,0,2,0,0,6,102.2,1119.11,4.83,1,f01d78e2d73bb734a1e3cfdbd68b1682d0ffe69078f75ff28273dfdc4d7f2c01
yor-f-83,tight,18,RECOMPUTE,200,9,20,22,2,774,21630,-7850,55104,-0.14245789779326365,53.963868225292245,0,0,0,0,0,0,9,107,4684.97,5167.76,3.84,1,5225d96ea3b2a3518d658537c58477547bf75b5ceebff50cf842474375c96d0f
yor-f-83,official,18,SINGLE,200,11,21,23,2,11,226,-2980,55104,-0.054079558652729384,59.10839532412327,9,0,0,0,2,0,0,1,71.25,141.33,4.88,1,7077c50aea0f2548354206ab54795e659ba585bfe01063a94bdbf1af1dc47bf5
yor-f-83,official,18,TBRPLUS,200,12,21,21,0,19,449,-3156,55104,-0.05727351916376307,58.914984059511156,8,2,0,2,0,1,0,4,108.67,16470.45,4.87,1,6ad15977fe89cd0a68248561181cd8ecb6e2d0fb73ddcf5a3b1c2da530922693
yor-f-83,official,18,ONE_BLOCKER,200,11,21,22,1,12,248,-2777,55104,-0.05039561556329849,59.34112646121148,9,1,0,0,1,0,0,2,77.61,206.96,4.72,1,0f7316215d3d735285c82d51d4fa1254b2080b879eb6bdf629b0a89bd12b9ce6
yor-f-83,official,18,TBRPLUS_N20000,200,12,21,21,0,19,449,-3156,55104,-0.05727351916376307,58.914984059511156,8,2,0,2,0,0,0,4,111.14,30041.88,4.83,1,6ad15977fe89cd0a68248561181cd8ecb6e2d0fb73ddcf5a3b1c2da530922693
yor-f-83,official,18,TBR,200,11,21,22,1,12,248,-2777,55104,-0.05039561556329849,59.34112646121148,9,1,0,0,1,0,0,2,81.84,678.35,4.91,1,0f7316215d3d735285c82d51d4fa1254b2080b879eb6bdf629b0a89bd12b9ce6
yor-f-83,official,18,RECOMPUTE,200,9,21,22,1,774,21630,-7850,55104,-0.14245789779326365,53.963868225292245,0,0,0,0,0,0,9,107,4727.94,5328.68,3.79,1,e35f3d35af70162823570bf96e62ec65995e66c0b4eddf541116ae8ae6f2da69
yor-f-83,tight,19,TBR,200,11,19,21,2,11,268,-4870,56907,-0.08557822412005553,59.10839532412327,9,0,0,0,2,0,0,1,83.55,1238.66,5.0,1,98357506a096fcc476bdc732c1aee2b383a51610bccc8c88a494f2b932149916
yor-f-83,tight,19,RECOMPUTE,200,7,19,21,2,467,14548,-5740,56907,-0.10086632575957263,58.501594048884165,0,0,0,0,0,0,7,119,4480.61,5066.72,3.62,1,b1b98dc58a8d41460704bdaff6853e32a7465b7ad3933ee0999164891d834929
yor-f-83,tight,19,SINGLE,200,11,19,21,2,11,268,-4870,56907,-0.08557822412005553,59.10839532412327,9,0,0,0,2,0,0,1,64.14,112.47,4.59,1,98357506a096fcc476bdc732c1aee2b383a51610bccc8c88a494f2b932149916
yor-f-83,tight,19,TBRPLUS,200,11,19,21,2,11,268,-4870,56907,-0.08557822412005553,59.10839532412327,9,0,0,0,2,2,0,1,77.37,23359.31,4.7,1,98357506a096fcc476bdc732c1aee2b383a51610bccc8c88a494f2b932149916
yor-f-83,tight,19,TBRPLUS_N20000,200,11,19,20,1,18,502,-5768,56907,-0.1013583566169364,58.17428267800213,6,2,0,2,1,1,0,4,77.28,145931.37,5.4,1,9f35fa0f2ca7a8d223b0324f5a102511d7a7bb05eba65811dfe6b7edd88a1e64
yor-f-83,tight,19,ONE_BLOCKER,200,11,19,21,2,11,268,-4870,56907,-0.08557822412005553,59.10839532412327,9,0,0,0,2,0,0,1,79.66,195.55,4.91,1,98357506a096fcc476bdc732c1aee2b383a51610bccc8c88a494f2b932149916
yor-f-83,official,19,TBR,200,10,21,21,0,10,235,-4514,56907,-0.07932240321928762,59.50797024442083,10,0,0,0,0,0,0,1,120.95,172.48,5.04,1,11c85a2cf6ffb1634c9a036b8bb6956c047e465ffac317587501a0ddab61249b
yor-f-83,official,19,RECOMPUTE,200,7,21,21,0,467,14548,-5740,56907,-0.10086632575957263,58.501594048884165,0,0,0,0,0,0,7,119,4808.6,5160.42,3.62,1,fb7d70c10d89f52b138b83def56ab025d2242c87cbb2c0953f537c6fe126b910
yor-f-83,official,19,SINGLE,200,10,21,21,0,10,235,-4514,56907,-0.07932240321928762,59.50797024442083,10,0,0,0,0,0,0,1,121.54,168.98,4.89,1,11c85a2cf6ffb1634c9a036b8bb6956c047e465ffac317587501a0ddab61249b
yor-f-83,official,19,TBRPLUS,200,10,21,21,0,10,235,-4514,56907,-0.07932240321928762,59.50797024442083,10,0,0,0,0,0,0,1,112.73,176.11,4.73,1,11c85a2cf6ffb1634c9a036b8bb6956c047e465ffac317587501a0ddab61249b
yor-f-83,official,19,TBRPLUS_N20000,200,10,21,21,0,10,235,-4514,56907,-0.07932240321928762,59.50797024442083,10,0,0,0,0,0,0,1,110.28,158.54,4.67,1,11c85a2cf6ffb1634c9a036b8bb6956c047e465ffac317587501a0ddab61249b
yor-f-83,official,19,ONE_BLOCKER,200,10,21,21,0,10,235,-4514,56907,-0.07932240321928762,59.50797024442083,10,0,0,0,0,0,0,1,117.61,183.59,4.87,1,11c85a2cf6ffb1634c9a036b8bb6956c047e465ffac317587501a0ddab61249b
